,SubNum,SubName,SubID,Latitude,Longitude,DataMaintainerAssign,GICSubGroundOhms,GICUsedSubGroundOhms
0,10000,NEAH BAY,1,48.24140026276489830000,-124.57777692112900100000,0.150000,0.150000,
1,10001,FORKS,2,47.69555544178339800000,-124.18364499818500200000,0.078000,0.078000,
2,10002,OCEAN SHORES,3,47.04004054788710220000,-124.05696948097900600000,0.350000,0.350000,
3,10003,WESTPORT,4,46.92752759790739960000,-124.17194985878100500000,0.260000,0.260000,
4,10004,LONG BEACH 1,5,46.31648116171270150000,-124.06118985127599800000,0.059000,0.059000,
5,10005,OCEAN PARK,6,46.49825523077930000000,-123.98254609678899400000,0.055000,0.055000,
6,10006,HOQUIAM,7,47.17434857141189750000,-123.84739726222899500000,0.430000,0.430000,
7,10007,PORT ANGELES 1,8,48.00253557806360050000,-123.76200124148799400000,0.059000,0.059000,
8,10008,ABERDEEN 1,9,47.16499586900079780000,-123.66389735384000000000,0.830000,0.830000,
9,10009,MONTESANO,10,47.18892873351669690000,-123.68600680452000500000,0.054000,0.054000,
10,10010,RAYMOND,11,46.65596043574589660000,-123.61478841571299400000,0.240000,0.240000,
11,10011,ELMA 1,12,47.07187211888069810000,-123.29434649390600500000,0.110000,0.110000,
12,10012,PORT ANGELES 2,13,47.98795926201100310000,-123.33198240106999300000,0.630000,0.630000,
13,10013,CATHLAMET,14,46.19035754225929940000,-123.33202849810800200000,0.300000,0.300000,
14,10014,SHELTON 1,15,47.15037096387860060000,-123.13004892085000100000,0.620000,0.620000,
15,10015,SHELTON 2,16,47.14790098940059690000,-123.07173631810999800000,4.500000,4.500000,
16,10016,ROCHESTER,17,46.79179092354179660000,-123.04182479352799400000,3.400000,3.400000,
17,10017,FRIDAY HARBOR,18,48.62675153973710000000,-123.03752490013299300000,0.019000,0.019000,
18,10018,SEQUIM 1,19,48.08740052245489950000,-123.15799254417399300000,0.039000,0.039000,
19,10019,SEQUIM 2,20,48.00237858459050240000,-123.08174251934700300000,0.470000,0.470000,
20,10020,OLYMPIA 1,21,47.02284596095820040000,-123.13244984759499800000,1.700000,1.700000,
21,10021,OLYMPIA 2,22,47.06728145136730040000,-123.14333293926900100000,0.720000,0.720000,
22,10022,LONGVIEW 1,23,46.12766755863499670000,-123.01099856888500000000,0.290000,0.290000,
23,10023,LONGVIEW 2,24,46.14673337003579690000,-122.98938247971699400000,0.350000,0.350000,
24,10024,CHEHALIS 1,25,46.65998503809780120000,-122.96287915251899400000,0.046000,0.046000,
25,10025,OLYMPIA 3,26,47.14330759182229970000,-123.02125380378099400000,0.180000,0.180000,
26,10026,OLYMPIA 4,27,47.17171162790670280000,-122.92279689031700200000,0.660000,0.660000,
27,10027,WINLOCK,28,46.41866622139870200000,-122.89574978433999800000,0.110000,0.110000,
28,10028,CENTRALIA 1,29,46.75479111695590010000,-122.84811090560900500000,0.480000,0.480000,
29,10029,BELFAIR,30,47.45352055917790320000,-122.92640552663300500000,0.690000,0.690000,
30,10030,CASTLE ROCK 1,31,46.33939014874290050000,-122.80911629766100600000,0.580000,0.580000,
31,10031,OLYMPIA 5,32,46.99550904037040060000,-122.85805745592500700000,0.095000,0.095000,
32,10032,OLYMPIA 6,33,46.99040996629120310000,-122.88598547012999500000,0.140000,0.140000,
33,10033,EASTSOUND,34,48.55136865107449750000,-122.94547064601900400000,4.800000,4.800000,
34,10034,OLYMPIA 7,35,47.07450951508960200000,-122.85190858149600500000,1.900000,1.900000,
35,10035,PORT TOWNSEND,36,48.01428478767090270000,-122.89125635320900200000,0.280000,0.280000,
36,10036,TENINO,37,46.92177912459030150000,-122.80705322497800600000,0.340000,0.340000,
37,10037,LACEY 1,38,46.98922352436930080000,-122.72218142249499800000,0.210000,0.210000,
38,10038,LACEY 2,39,47.00304083191500130000,-122.79064884603299400000,0.055000,0.055000,
39,10039,OLYMPIA 8,40,47.18390683886659790000,-122.75195764415100500000,0.380000,0.380000,
40,10040,BREMERTON 1,41,47.52761540572169710000,-122.80873858985600600000,3.200000,3.200000,
41,10041,BREMERTON 2,42,47.52958371547160250000,-122.87815668680299600000,0.380000,0.380000,
42,10042,KELSO,43,46.08536388201019920000,-122.84028716199999600000,0.089000,0.089000,
43,10043,LAKEBAY 1,44,47.36229910225880250000,-122.73856434592299500000,1.900000,1.900000,
44,10044,OLYMPIA 9,45,46.89463553625299850000,-122.71530921098900500000,0.160000,0.160000,
45,10045,OLYMPIA 10,46,47.01422739463980350000,-122.69340920301100100000,0.093000,0.093000,
46,10046,KALAMA,47,46.01916981770359880000,-122.76689593933400600000,0.570000,0.570000,
47,10047,GIG HARBOR 1,48,47.30386934762100280000,-122.78829053498799300000,0.200000,0.200000,
48,10048,VANCOUVER 1,49,45.73788299719630150000,-122.69095113266800500000,0.160000,0.160000,
49,10049,SILVERDALE 1,50,47.70740259961949900000,-122.65777550372099800000,0.110000,0.110000,
50,10050,SILVERDALE 2,51,47.76008203238900050000,-122.71494731455399600000,0.140000,0.140000,
51,10051,BLAINE 1,52,48.90002047578619940000,-122.77190644308299700000,0.035000,0.035000,
52,10052,PORT LUDLOW,53,47.94806446722849810000,-122.68237256146500200000,0.130000,0.130000,
53,10053,PORT ORCHARD 1,54,47.50323916569030300000,-122.61384702018600000000,0.750000,0.750000,
54,10054,PORT ORCHARD 2,55,47.40228669711019900000,-122.62161995071500100000,0.200000,0.200000,
55,10055,RIDGEFIELD,56,45.83630806747819970000,-122.68647420094799800000,0.270000,0.270000,
56,10056,VANCOUVER 2,57,45.71594729451349790000,-122.65165962584200100000,0.053000,0.053000,
57,10057,VANCOUVER 3,58,45.65723924447730300000,-122.77463906587999500000,0.020000,0.020000,
58,10058,STEILACOOM,59,47.30809142996079690000,-122.67037661383700700000,0.190000,0.190000,
59,10059,WOODLAND 1,60,46.03562305596020110000,-122.56786725696899500000,0.660000,0.660000,
60,10060,DUPONT,61,47.10743513734409760000,-122.66504090534999700000,0.190000,0.190000,
61,10061,VANCOUVER 4,62,45.59093165048130200000,-122.65837227450100500000,0.890000,0.890000,
62,10062,VANCOUVER 5,63,45.63768731381640010000,-122.61513502708500300000,0.190000,0.190000,
63,10063,ANACORTES 1,64,48.59188901815470270000,-122.69236901204300200000,0.860000,0.860000,
64,10064,COUPEVILLE,65,48.12057857498940190000,-122.58065623937099500000,0.180000,0.180000,
65,10065,ONALASKA,66,46.65168537013330050000,-122.65110648568500600000,0.830000,0.830000,
66,10066,RAINIER 1,67,46.81756936291740350000,-122.64858668665999600000,0.140000,0.140000,
67,10067,BREMERTON 3,68,47.72071607520629750000,-122.70296659389599400000,0.300000,0.300000,
68,10068,BREMERTON 4,69,47.56619279272929650000,-122.64165868098899600000,0.180000,0.180000,
69,10069,OAK HARBOR 1,70,48.27808577575950010000,-122.62967569647699400000,0.290000,0.290000,
70,10070,OAK HARBOR 2,71,48.23945160766420060000,-122.53517457628800000000,0.150000,0.150000,
71,10071,POULSBO 1,72,47.79841679012329790000,-122.68413540334499600000,0.150000,0.150000,
72,10072,POULSBO 2,73,47.75390470001570260000,-122.65775379699999800000,0.160000,0.160000,
73,10073,BREMERTON 5,74,47.52312209052090000000,-122.62188748114900200000,0.410000,0.410000,
74,10074,VANCOUVER 6,75,45.57529296556469940000,-122.62726237261999500000,2.200000,2.200000,
75,10075,VANCOUVER 7,76,45.66947970085490030000,-122.55427408671700100000,0.270000,0.270000,
76,10076,VANCOUVER 8,77,45.63797237403159810000,-122.60601164551499700000,0.200000,0.200000,
77,10077,GIG HARBOR 2,78,47.24766902731420260000,-122.71924830376400400000,2.600000,2.600000,
78,10078,FERNDALE 1,79,48.89459398093200090000,-122.67004834549099700000,0.430000,0.430000,
79,10079,LA CENTER,80,45.85836572714760000000,-122.66591924499499600000,0.840000,0.840000,
80,10080,GIG HARBOR 3,81,47.44670653791909840000,-122.64532195449299900000,1.900000,1.900000,
81,10081,TACOMA 1,82,47.14957966038549840000,-122.56459836779799800000,0.073000,0.073000,
82,10082,PORT ORCHARD 3,83,47.58677994925999850000,-122.66838592472400600000,0.940000,0.940000,
83,10083,PORT ORCHARD 4,84,47.61452981002530290000,-122.61990273979000700000,0.061000,0.061000,
84,10084,VANCOUVER 9,85,45.74624212032109940000,-122.55182046425500200000,0.170000,0.170000,
85,10085,VANCOUVER 10,86,45.69711026660600340000,-122.58395995174200300000,4.400000,4.400000,
86,10086,VANCOUVER 11,87,45.65664039547999660000,-122.63988418468800000000,0.360000,0.360000,
87,10087,OLALLA,88,47.49801502901269860000,-122.66498961456299800000,0.045000,0.045000,
88,10088,UNIVERSITY PLACE,89,47.11622555725959670000,-122.59614724437099600000,3.800000,3.800000,
89,10089,LAKEWOOD 1,90,47.14918234057240200000,-122.57499275154900400000,0.120000,0.120000,
90,10090,LAKEWOOD 2,91,47.06211654379160340000,-122.60657986491099800000,0.130000,0.130000,
91,10091,TACOMA 2,92,47.24020234744280340000,-122.52965543146700600000,0.035000,0.035000,
92,10092,TACOMA 3,93,47.29044848291329830000,-122.55991058763500200000,0.170000,0.170000,
93,10093,BAINBRIDGE ISLAND,94,47.62832412113289850000,-122.49317190579699900000,0.051000,0.051000,
94,10094,KINGSTON,95,47.80288481612760170000,-122.53654974080200200000,0.058000,0.058000,
95,10095,ROY 1,96,47.09221380456060050000,-122.58435539135200500000,0.071000,0.071000,
96,10096,TACOMA 4,97,47.37894538410009910000,-122.46367642523100000000,0.180000,0.180000,
97,10097,VANCOUVER 12,98,45.57528668399569940000,-122.60408002056300400000,0.160000,0.160000,
98,10098,VANCOUVER 13,99,45.62052377901890310000,-122.53956690271300500000,0.720000,0.720000,
99,10099,LAKEWOOD 3,100,47.07464558772029760000,-122.48592286857299900000,0.410000,0.410000,
100,10100,TACOMA 5,101,47.28116128432539970000,-122.41865133002500000000,0.450000,0.450000,
101,10101,BATTLE GROUND 1,102,45.76301118032179720000,-122.42429164298299300000,0.180000,0.180000,
102,10102,BATTLE GROUND 2,103,45.88240885869679890000,-122.52914746803800500000,0.480000,0.480000,
103,10103,VANCOUVER 14,104,45.57504192135419880000,-122.56650601963299600000,2.600000,2.600000,
104,10104,VANCOUVER 15,105,45.67663925975760010000,-122.57396342897000400000,0.220000,0.220000,
105,10105,BELLINGHAM 1,106,48.82768789392950030000,-122.54364752811800100000,4.600000,4.600000,
106,10106,BELLINGHAM 2,107,48.70841998678719880000,-122.60935483584100300000,0.180000,0.180000,
107,10107,LAKEWOOD 4,108,47.24097241051700280000,-122.41343038723799400000,0.900000,0.900000,
108,10108,LAKEWOOD 5,109,47.21467403638079930000,-122.57736214508500400000,0.180000,0.180000,
109,10109,CAMANO ISLAND,110,48.20902716002220250000,-122.60758813318200600000,0.680000,0.680000,
110,10110,YELM,111,46.84468007276129950000,-122.45103271739900200000,0.240000,0.240000,
111,10111,VANCOUVER 16,112,45.76318918508989950000,-122.51371451992200400000,0.130000,0.130000,
112,10112,VANCOUVER 17,113,45.72183491423240300000,-122.56641947074099600000,0.078000,0.078000,
113,10113,TACOMA 6,114,47.12446534137460220000,-122.55680449918300200000,4.900000,4.900000,
114,10114,VASHON,115,47.42549457831739800000,-122.48008800835600600000,0.490000,0.490000,
115,10115,TACOMA 7,116,47.21259020927700330000,-122.44060920537400200000,0.410000,0.410000,
116,10116,LYNDEN,117,49.02348990456020060000,-122.46545195765199300000,0.210000,0.210000,
117,10117,BRUSH PRAIRIE,118,45.66986615584009710000,-122.37134686852999700000,0.540000,0.540000,
118,10118,LANGLEY,119,48.01203773281790180000,-122.50681758611300200000,0.440000,0.440000,
119,10119,TACOMA 8,120,47.20277690176070000000,-122.35448254822800600000,0.057000,0.057000,
120,10120,TACOMA 9,121,47.20142731998210200000,-122.49064460953600500000,0.290000,0.290000,
121,10121,TACOMA 10,122,47.30668949309870190000,-122.51775049780600600000,3.300000,3.300000,
122,10122,TACOMA 11,123,47.19040184688029880000,-122.42198531441999900000,0.270000,0.270000,
123,10123,BELLINGHAM 3,124,48.80827775934489660000,-122.45195373337500700000,0.370000,0.370000,
124,10124,BELLINGHAM 4,125,48.75897364354970160000,-122.43583698284800200000,0.087000,0.087000,
125,10125,MOSSYROCK,126,46.47222565634869800000,-122.37094075108599600000,0.058000,0.058000,
126,10126,BELLINGHAM 5,127,48.64972826674809880000,-122.47399769294399600000,3.600000,3.600000,
127,10127,BELLINGHAM 6,128,48.70246079523940350000,-122.47879852065399600000,0.012000,0.012000,
128,10128,CLINTON 1,129,47.91738977061889670000,-122.54633260615000300000,0.160000,0.160000,
129,10129,TACOMA 12,130,47.22018640607309690000,-122.49544019730700500000,5.100000,5.100000,
130,10130,TACOMA 13,131,47.13647408023020090000,-122.33052173588200200000,0.530000,0.530000,
131,10131,BOW,132,48.63641555192860010000,-122.35392552595999400000,0.100000,0.100000,
132,10132,TACOMA 14,133,47.10447155694669870000,-122.42858745809699900000,0.033000,0.033000,
133,10133,TACOMA 15,134,47.19029672281349970000,-122.33784554102899700000,0.240000,0.240000,
134,10134,SEATTLE 1,135,47.68757608682739860000,-122.50447136814600000000,0.220000,0.220000,
135,10135,SEATTLE 2,136,47.61459413957229710000,-122.32617993534700000000,1.400000,1.400000,
136,10136,SEATTLE 3,137,47.50307874922049930000,-122.32744697628399400000,0.160000,0.160000,
137,10137,SPANAWAY 1,138,47.10398225991119860000,-122.39771082862400000000,0.140000,0.140000,
138,10138,SPANAWAY 2,139,47.02820891438319960000,-122.41255451511399600000,0.170000,0.170000,
139,10139,TACOMA 16,140,47.30248779027829900000,-122.31144001245900200000,0.480000,0.480000,
140,10140,SEATTLE 4,141,47.69975236241899810000,-122.30921346425499500000,0.180000,0.180000,
141,10141,SEATTLE 5,142,47.78255687925359750000,-122.49065873022300400000,0.770000,0.770000,
142,10142,CAMAS 1,143,45.61236002919760320000,-122.32882810962199500000,0.930000,0.930000,
143,10143,CAMAS 2,144,45.64399809717299660000,-122.34375779732600600000,6.600000,6.600000,
144,10144,SEATTLE 6,145,47.54348346826070330000,-122.32002984796899600000,0.320000,0.320000,
145,10145,SEATTLE 7,146,47.67676210850839880000,-122.28208710280699700000,0.099000,0.099000,
146,10146,SEATTLE 8,147,47.69537738164000020000,-122.38473363845300000000,0.160000,0.160000,
147,10147,MOUNT VERNON 1,148,48.38307608861799740000,-122.40060364480700600000,0.440000,0.440000,
148,10148,MOUNT VERNON 2,149,48.39173292650639980000,-122.40140173805599500000,0.290000,0.290000,
149,10149,TACOMA 17,150,47.20155412246670320000,-122.30845827583300400000,4.200000,4.200000,
150,10150,EDMONDS 1,151,47.87983484559150330000,-122.51391662603200000000,0.260000,0.260000,
151,10151,SEATTLE 9,152,47.70311002656139720000,-122.33652764659200300000,0.450000,0.450000,
152,10152,FEDERAL WAY 1,153,47.29923406748380190000,-122.41493890716100200000,0.540000,0.540000,
153,10153,FEDERAL WAY 2,154,47.22129706180100330000,-122.42611298377599400000,4.500000,4.500000,
154,10154,SEATTLE 10,155,47.40037011348270110000,-122.32835956114300300000,4.700000,4.700000,
155,10155,SEATTLE 11,156,47.44593680552090120000,-122.34075094598900100000,0.360000,0.360000,
156,10156,TACOMA 18,157,47.28605698894460120000,-122.37540237054899700000,0.130000,0.130000,
157,10157,SEATTLE 12,158,47.36274772260360070000,-122.32513109946700100000,0.140000,0.140000,
158,10158,SEATTLE 13,159,47.68885304478649800000,-122.27230319465600400000,0.210000,0.210000,
159,10159,SEATTLE 14,160,47.64037635044770270000,-122.41512925235800000000,4.300000,4.300000,
160,10160,BURLINGTON 1,161,48.45144102993999980000,-122.41638482689499800000,0.360000,0.360000,
161,10161,SEATTLE 15,162,47.66034433590470340000,-122.33660702246200500000,0.240000,0.240000,
162,10162,YACOLT,163,45.79862970096200310000,-122.31093125029400400000,0.370000,0.370000,
163,10163,SEATTLE 16,164,47.82512487184140330000,-122.31296464380599800000,0.019000,0.019000,
164,10164,SEATTLE 17,165,47.72002165668290270000,-122.37552986086200200000,0.840000,0.840000,
165,10165,SEATTLE 18,166,47.63657718167289800000,-122.39851657287199800000,0.330000,0.330000,
166,10166,SEATTLE 19,167,47.72921018517819650000,-122.33054673775599500000,0.100000,0.100000,
167,10167,SEATTLE 20,168,47.66497738197659830000,-122.24131272371499800000,0.170000,0.170000,
168,10168,EDMONDS 2,169,47.88218095892940340000,-122.24595417051699500000,0.050000,0.050000,
169,10169,EDMONDS 3,170,47.92193069472799750000,-122.31340624725700600000,0.480000,0.480000,
170,10170,EVERSON,171,48.90601675760999710000,-122.31417055067299800000,0.460000,0.460000,
171,10171,SEATTLE 21,172,47.53280869425449850000,-122.31975084472300400000,0.090000,0.090000,
172,10172,SEATTLE 22,173,47.49560188933320150000,-122.22935681874399400000,0.400000,0.400000,
173,10173,PUYALLUP 1,174,47.14615388382409830000,-122.34432024744799600000,0.490000,0.490000,
174,10174,PUYALLUP 2,175,47.27032799143209730000,-122.26804730165800100000,0.400000,0.400000,
175,10175,PUYALLUP 3,176,47.05330157377289880000,-122.22376222147799800000,0.180000,0.180000,
176,10176,PUYALLUP 4,177,47.16060555707530000000,-122.39906675957099900000,1.900000,1.900000,
177,10177,SEATTLE 23,178,47.71296897421709820000,-122.34682257532300300000,4.700000,4.700000,
178,10178,FEDERAL WAY 3,179,47.39511062491889960000,-122.27098088238200600000,0.190000,0.190000,
179,10179,FEDERAL WAY 4,180,47.24234798271749720000,-122.34322919589800400000,0.110000,0.110000,
180,10180,SEATTLE 24,181,47.33492938695179930000,-122.26299459410900300000,0.095000,0.095000,
181,10181,SEATTLE 25,182,47.31299576251380050000,-122.34073337057499500000,0.081000,0.081000,
182,10182,STANWOOD,183,48.20452990294659660000,-122.31704173097300300000,0.230000,0.230000,
183,10183,MOUNTLAKE TERRACE,184,47.83134347511010280000,-122.23590007162799500000,0.250000,0.250000,
184,10184,SEATTLE 26,185,47.59359227665480320000,-122.29608050070099500000,0.650000,0.650000,
185,10185,MUKILTEO,186,47.89871485850090240000,-122.22255982646400700000,0.430000,0.430000,
186,10186,SEATTLE 27,187,47.69092661550970290000,-122.29575054384599800000,0.450000,0.450000,
187,10187,SEATTLE 28,188,47.76314413288950080000,-122.31619824702700300000,3.300000,3.300000,
188,10188,SEATTLE 29,189,47.42103203772529700000,-122.34943070645600500000,1.900000,1.900000,
189,10189,SEATTLE 30,190,47.42980446298980010000,-122.29837365520799600000,0.022000,0.022000,
190,10190,SEATTLE 31,191,47.71134826074089830000,-122.30699401917699700000,0.140000,0.140000,
191,10191,SEATTLE 32,192,47.63976282864000210000,-122.26347204510699400000,0.450000,0.450000,
192,10192,SEATTLE 33,193,47.70429712923670000000,-122.26828551658199700000,0.470000,0.470000,
193,10193,SEATTLE 34,194,47.64082878004089850000,-122.33945632973899400000,0.960000,0.960000,
194,10194,SEATTLE 35,195,47.67079673428580120000,-122.36608377729700700000,0.068000,0.068000,
195,10195,SEATTLE 36,196,47.64683836008730110000,-122.28563027058899600000,0.550000,0.550000,
196,10196,SEATTLE 37,197,47.67319789064639930000,-122.33723155544899400000,0.440000,0.440000,
197,10197,LYNNWOOD 1,198,47.92330754336160230000,-122.37680592441699900000,0.079000,0.079000,
198,10198,LYNNWOOD 2,199,47.81501828624679720000,-122.32133844753900600000,3.400000,3.400000,
199,10199,SEATTLE 38,200,47.65297015465149850000,-122.21866459948499500000,3.600000,3.600000,
200,10200,SEATTLE 39,201,47.63454155685730030000,-122.26317748093700300000,0.140000,0.140000,
201,10201,SEATTLE 40,202,47.72920144527449790000,-122.32247707745899800000,2.300000,2.300000,
202,10202,SEATTLE 41,203,47.62502362743050100000,-122.19777935052900400000,0.110000,0.110000,
203,10203,LYNNWOOD 3,204,47.81534986298549940000,-122.36656675971299500000,0.230000,0.230000,
204,10204,LYNNWOOD 4,205,47.85164554128270000000,-122.33642206014999900000,0.160000,0.160000,
205,10205,GRAHAM,206,47.03491262037560010000,-122.18432886306699500000,0.084000,0.084000,
206,10206,SEATTLE 42,207,47.52529438401389680000,-122.24397042322499400000,0.840000,0.840000,
207,10207,SEATTLE 43,208,47.45224781712020250000,-122.20813763443899800000,0.280000,0.280000,
208,10208,SEATTLE 44,209,47.50700156556639800000,-122.20586947681799500000,0.085000,0.085000,
209,10209,LYNNWOOD 5,210,47.84014471715320130000,-122.23031094152099700000,0.190000,0.190000,
210,10210,LYNNWOOD 6,211,47.87194779043640120000,-122.26238885815399700000,3.300000,3.300000,
211,10211,PUYALLUP 5,212,47.15056678750030270000,-122.34657461527000100000,0.220000,0.220000,
212,10212,AUBURN 1,213,47.36801130216569790000,-122.27551750941900400000,0.058000,0.058000,
213,10213,AUBURN 2,214,47.25246470941429780000,-122.33327126739200700000,0.440000,0.440000,
214,10214,PUYALLUP 6,215,47.10960817223620010000,-122.35558981477400700000,0.330000,0.330000,
215,10215,PUYALLUP 7,216,47.22322795739300010000,-122.32165735223699700000,0.110000,0.110000,
216,10216,EVERETT 1,217,47.84427635500740190000,-122.27514236491400400000,0.071000,0.071000,
217,10217,EVERETT 2,218,47.99088256485669750000,-122.17511943300499400000,1.400000,1.400000,
218,10218,KENT 1,219,47.34653558908919990000,-122.28381975783200600000,0.069000,0.069000,
219,10219,KENT 2,220,47.47967469680690300000,-122.33422190732000000000,0.710000,0.710000,
220,10220,KENMORE,221,47.75332165659330030000,-122.28965361966000100000,2.300000,2.300000,
221,10221,SEATTLE 45,222,47.57623702972230010000,-122.15395611667000200000,0.470000,0.470000,
222,10222,WASHOUGAL,223,45.66815959613669660000,-122.21206625871700200000,0.480000,0.480000,
223,10223,MARYSVILLE 1,224,48.15827797893970090000,-122.27554060932199300000,0.097000,0.097000,
224,10224,MARYSVILLE 2,225,48.01281702726429760000,-122.19661241145800500000,0.500000,0.500000,
225,10225,MERCER ISLAND,226,47.62176314511430060000,-122.26899052559500100000,0.180000,0.180000,
226,10226,EVERETT 3,227,47.88925657543219930000,-122.25245017169000000000,0.250000,0.250000,
227,10227,EVERETT 4,228,47.95020178420379860000,-122.29455420155200300000,0.020000,0.020000,
228,10228,SUMNER,229,47.26632425245470160000,-122.16288056989000700000,2.500000,2.500000,
229,10229,RENTON 1,230,47.50719099355119820000,-122.15671382924800500000,0.520000,0.520000,
230,10230,AUBURN 3,231,47.35445041146760300000,-122.26011686252100200000,0.340000,0.340000,
231,10231,AUBURN 4,232,47.31518641887900140000,-122.12944411044100000000,0.150000,0.150000,
232,10232,KIRKLAND 1,233,47.80223733234770120000,-122.21898052585200400000,0.130000,0.130000,
233,10233,KIRKLAND 2,234,47.73875643637420300000,-122.21568690989799700000,0.150000,0.150000,
234,10234,EVERETT 5,235,48.06265189724919650000,-122.28557917668300100000,0.300000,0.300000,
235,10235,EVERETT 6,236,47.95801003312419650000,-122.19084812320799900000,17.900000,17.900000,
236,10236,BOTHELL 1,237,47.81378547562530200000,-122.28698475185299800000,2.800000,2.800000,
237,10237,BOTHELL 2,238,47.86877590908679990000,-122.23004063003399700000,0.052000,0.052000,
238,10238,BELLEVUE 1,239,47.59842505768570220000,-122.19130306953999800000,0.440000,0.440000,
239,10239,BELLEVUE 2,240,47.53697988794740330000,-122.25866845535000500000,0.230000,0.230000,
240,10240,BOTHELL 3,241,47.71087301123120030000,-122.22794725864399400000,0.370000,0.370000,
241,10241,BOTHELL 4,242,47.72424200570070240000,-122.23985622169300300000,0.190000,0.190000,
242,10242,RENTON 2,243,47.48543242806979950000,-122.16960024623999500000,0.990000,0.990000,
243,10243,BOTHELL 5,244,47.82171215786829780000,-122.18836282976600700000,0.490000,0.490000,
244,10244,BOTHELL 6,245,47.78195037652979950000,-122.10366294483100100000,0.250000,0.250000,
245,10245,KENT 3,246,47.35944662802810260000,-122.27143309305900200000,2.200000,2.200000,
246,10246,KENT 4,247,47.34896422839199910000,-122.23809582639300700000,0.015000,0.015000,
247,10247,KENT 5,248,47.32345203241580120000,-122.22334159811200000000,0.075000,0.075000,
248,10248,KENT 6,249,47.37650026268249800000,-122.21945710827600400000,0.470000,0.470000,
249,10249,KIRKLAND 3,250,47.72630624244580130000,-122.15581460524100500000,0.600000,0.600000,
250,10250,KIRKLAND 4,251,47.73581764032230270000,-122.09454445113100000000,0.270000,0.270000,
251,10251,RENTON 3,252,47.47386188885189990000,-122.24591584467299300000,0.300000,0.300000,
252,10252,RENTON 4,253,47.46261720392320170000,-122.11275168326099600000,0.180000,0.180000,
253,10253,EVERETT 7,254,47.83527377259139970000,-122.08937445628599500000,0.780000,0.780000,
254,10254,EVERETT 8,255,47.80767016812030330000,-122.20246199748299900000,0.450000,0.450000,
255,10255,BELLEVUE 3,256,47.60337103686539710000,-122.20569491523899300000,0.300000,0.300000,
256,10256,BONNEY LAKE 1,257,47.14504324059320340000,-122.08393270834399400000,0.220000,0.220000,
257,10257,BONNEY LAKE 2,258,47.11602962929649860000,-122.07779478351399400000,0.470000,0.470000,
258,10258,EATONVILLE,259,46.87993198571759730000,-122.15988614226699800000,0.290000,0.290000,
259,10259,BELLEVUE 4,260,47.52116515880769750000,-122.24229483709599700000,0.110000,0.110000,
260,10260,BELLEVUE 5,261,47.51957037665189890000,-122.23369012058199700000,1.000000,1.000000,
261,10261,EVERETT 9,262,48.01354293776940100000,-122.17235633602699400000,0.420000,0.420000,
262,10262,MARYSVILLE 3,263,48.04087636808380070000,-122.10411591664100700000,0.170000,0.170000,
263,10263,MARYSVILLE 4,264,48.04272907192419950000,-122.16971398021499300000,0.200000,0.200000,
264,10264,MOUNT VERNON 3,265,48.39087432657309760000,-122.13578702663700400000,0.350000,0.350000,
265,10265,BELLEVUE 6,266,47.67336597451620150000,-122.15706719837899600000,0.061000,0.061000,
266,10266,WOODINVILLE 1,267,47.81009377711129820000,-122.19367903406700300000,0.190000,0.190000,
267,10267,AUBURN 5,268,47.33605255329639760000,-122.09509168249799400000,0.130000,0.130000,
268,10268,AUBURN 6,269,47.38259366411679710000,-122.05222842496900200000,0.031000,0.031000,
269,10269,RENTON 5,270,47.48596015740550060000,-122.13986599976600200000,0.120000,0.120000,
270,10270,RENTON 6,271,47.51815519874909910000,-122.21134278936399600000,0.110000,0.110000,
271,10271,SEDRO WOOLLEY,272,48.55909854873139860000,-122.06139695393800100000,0.070000,0.070000,
272,10272,MAPLE FALLS,273,48.86632938225049830000,-122.06279640430800300000,5.000000,5.000000,
273,10273,REDMOND 1,274,47.69870325446559890000,-122.16222223533300400000,3.900000,3.900000,
274,10274,REDMOND 2,275,47.72998314369490200000,-122.17656552592900700000,0.410000,0.410000,
275,10275,KENT 7,276,47.43753184696399930000,-122.16719531043999300000,4.100000,4.100000,
276,10276,KENT 8,277,47.35196836076160310000,-122.05341073697300700000,0.200000,0.200000,
277,10277,RENTON 7,278,47.56539120295259690000,-122.13578865979199900000,0.470000,0.470000,
278,10278,RENTON 8,279,47.58408848283929870000,-122.04414639025800700000,0.690000,0.690000,
279,10279,SNOHOMISH 1,280,47.77527476727450310000,-122.02279699226899400000,0.063000,0.063000,
280,10280,SNOHOMISH 2,281,47.79643183008310100000,-122.17920850332700400000,0.029000,0.029000,
281,10281,BELLEVUE 7,282,47.57216682656380160000,-122.10219168547800400000,0.180000,0.180000,
282,10282,LAKE STEVENS 1,283,48.07160849575200250000,-121.98539716076699300000,0.160000,0.160000,
283,10283,LAKE STEVENS 2,284,47.95461577836810110000,-122.11454913591100500000,0.170000,0.170000,
284,10284,BUCKLEY,285,47.21070904673300110000,-122.15859618556099500000,4.200000,4.200000,
285,10285,CARSON 1,286,45.77047564553620160000,-122.04139497747199500000,4.700000,4.700000,
286,10286,WOODINVILLE 2,287,47.71740277058609790000,-122.02273422461699700000,0.058000,0.058000,
287,10287,SAMMAMISH 1,288,47.65391881276139680000,-122.08276426718400400000,0.880000,0.880000,
288,10288,SAMMAMISH 2,289,47.65331289634289650000,-122.06617351034699900000,0.250000,0.250000,
289,10289,SAMMAMISH 3,290,47.53004016329889940000,-122.10571580511299300000,0.092000,0.092000,
290,10290,REDMOND 3,291,47.69837393515710030000,-122.05317011763399600000,0.180000,0.180000,
291,10291,ISSAQUAH 1,292,47.50884172725390190000,-122.04451725103000100000,0.093000,0.093000,
292,10292,ISSAQUAH 2,293,47.42043940765830000000,-121.99872532243100000000,0.093000,0.093000,
293,10293,ISSAQUAH 3,294,47.54839559292840080000,-122.02128920563899300000,0.420000,0.420000,
294,10294,SNOHOMISH 3,295,47.86174046015469940000,-121.97571399458600200000,0.140000,0.140000,
295,10295,SNOHOMISH 4,296,47.87645954602260190000,-122.08304848084499400000,0.250000,0.250000,
296,10296,MAPLE VALLEY 1,297,47.33218234895900170000,-121.97246889880300100000,0.300000,0.300000,
297,10297,MAPLE VALLEY 2,298,47.51412153212619670000,-122.05249713503199900000,1.600000,1.600000,
298,10298,STEVENSON,299,45.62466095897970320000,-122.02195626379399600000,0.460000,0.460000,
299,10299,ARLINGTON 1,300,48.28708440693480240000,-122.03929405955500400000,0.530000,0.530000,
300,10300,ARLINGTON 2,301,48.16488986889179810000,-121.87712008086799600000,0.082000,0.082000,
301,10301,ENUMCLAW,302,47.15362323602769830000,-121.89100940611200500000,0.280000,0.280000,
302,10302,FALL CITY 1,303,47.61840404519610100000,-121.81645344607200300000,0.130000,0.130000,
303,10303,MONROE 1,304,47.83439317384070220000,-121.80447782719099300000,0.430000,0.430000,
304,10304,MONROE 2,305,47.93526274605029870000,-121.82203312026699400000,4.600000,4.600000,
305,10305,CARNATION,306,47.72671463101620050000,-121.89892714822299500000,0.083000,0.083000,
306,10306,DUVALL,307,47.71998366246580050000,-121.79029011184100300000,0.770000,0.770000,
307,10307,SNOQUALMIE,308,47.67069853445139670000,-121.71307657395399800000,0.380000,0.380000,
308,10308,SULTAN 1,309,47.87188962495240220000,-121.77387451582400500000,0.210000,0.210000,
309,10309,GRANITE FALLS,310,48.00074408367610350000,-121.59805480259099400000,0.160000,0.160000,
310,10310,NORTH BEND 1,311,47.44763877043040170000,-121.62042745263100600000,0.045000,0.045000,
311,10311,GOLD BAR,312,47.83871498010999800000,-121.68703178764600600000,0.150000,0.150000,
312,10312,WHITE SALMON,313,45.85834948603189790000,-121.52028837739300100000,6.200000,6.200000,
313,10313,DARRINGTON,314,48.21909865457799780000,-121.30761280746300200000,0.170000,0.170000,
314,10314,NACHES,315,46.82282877869109680000,-121.28383284414199800000,0.061000,0.061000,
315,10315,LYLE,316,45.65732800748529740000,-121.13425450378099400000,0.130000,0.130000,
316,10316,YAKIMA 1,317,46.51995275601729670000,-121.05229333470700200000,0.750000,0.750000,
317,10317,CLE ELUM 1,318,47.27825809795759680000,-120.85102477505600400000,0.430000,0.430000,
318,10318,LEAVENWORTH,319,47.83165664396319980000,-120.89873955905099500000,0.380000,0.380000,
319,10319,GOLDENDALE 1,320,45.92759815030539980000,-120.71743621335799900000,0.180000,0.180000,
320,10320,WHITE SWAN,321,46.29195059648409940000,-120.78137347533500200000,4.600000,4.600000,
321,10321,YAKIMA 2,322,46.64806982003349840000,-120.67778687442600500000,0.280000,0.280000,
322,10322,YAKIMA 3,323,46.70448459868359950000,-120.68276202560500100000,0.510000,0.510000,
323,10323,SELAH,324,46.87302855068899990000,-120.72664503640899600000,0.410000,0.410000,
324,10324,YAKIMA 4,325,46.58305650017670270000,-120.46859358381600200000,0.150000,0.150000,
325,10325,YAKIMA 5,326,46.67228325907080230000,-120.46987814717199700000,0.065000,0.065000,
326,10326,WAPATO,327,46.54322606968570140000,-120.56900118314800400000,0.150000,0.150000,
327,10327,CASHMERE,328,47.48535569734050200000,-120.48229444954600400000,0.110000,0.110000,
328,10328,ELLENSBURG 1,329,47.03154628160439900000,-120.53223470074999600000,0.780000,0.780000,
329,10329,ELLENSBURG 2,330,46.99451921669010090000,-120.43098739956400300000,0.090000,0.090000,
330,10330,YAKIMA 6,331,46.76564228836399910000,-120.42358870276599700000,0.079000,0.079000,
331,10331,YAKIMA 7,332,46.81684369357780180000,-120.48499451658200600000,4.900000,4.900000,
332,10332,CHELAN,333,48.01691725250960020000,-120.33228174689000400000,0.180000,0.180000,
333,10333,WENATCHEE 1,334,47.34252378810659680000,-120.27724191673000600000,0.150000,0.150000,
334,10334,WENATCHEE 2,335,47.42477371138149780000,-120.32694291480200400000,0.170000,0.170000,
335,10335,WINTHROP,336,48.57754083460589810000,-120.41168153597300300000,4.200000,4.200000,
336,10336,TOPPENISH,337,46.23439027401450120000,-120.29417671203600600000,0.990000,0.990000,
337,10337,TWISP,338,48.33287680218739980000,-120.33796355635699600000,0.440000,0.440000,
338,10338,ZILLAH,339,46.44209278833930200000,-120.18472918504599500000,0.660000,0.660000,
339,10339,EAST WENATCHEE 1,340,47.49082293847099830000,-120.11830884814099800000,0.600000,0.600000,
340,10340,EAST WENATCHEE 2,341,47.47665769346789940000,-120.14695056351999400000,0.110000,0.110000,
341,10341,MALAGA,342,47.25531743450549980000,-120.16452444680599800000,0.032000,0.032000,
342,10342,MANSON,343,47.90794185016410010000,-120.04140294369300100000,0.180000,0.180000,
343,10343,MABTON,344,46.14045111347989800000,-120.09682232894600400000,3.300000,3.300000,
344,10344,GRANDVIEW,345,46.22340290291749910000,-119.97348077486900300000,0.640000,0.640000,
345,10345,QUINCY 1,346,47.11927417428250210000,-119.79418007741300300000,0.100000,0.100000,
346,10346,BREWSTER,347,48.06429799326470230000,-119.69000505107600000000,0.072000,0.072000,
347,10347,MATTAWA 1,348,46.72558470301289900000,-119.62475059361000300000,0.960000,0.960000,
348,10348,PROSSER,349,46.17515853582929710000,-119.67805713327699400000,3.900000,3.900000,
349,10349,ROYAL CITY,350,46.85381903655890310000,-119.69999766542899500000,0.065000,0.065000,
350,10350,SUNNYSIDE 1,351,46.53179950375159990000,-119.56013673738199500000,4.000000,4.000000,
351,10351,EPHRATA,352,47.40612818337429960000,-119.53382383757400500000,0.130000,0.130000,
352,10352,OKANOGAN,353,48.29623178364320070000,-119.66477705965400000000,0.290000,0.290000,
353,10353,BENTON CITY,354,46.32369381699579950000,-119.53027320171000300000,0.430000,0.430000,
354,10354,SOAP LAKE,355,47.47533701544389830000,-119.51872964002500100000,0.760000,0.760000,
355,10355,WEST RICHLAND,356,46.28441587755560250000,-119.29167518160400600000,3.800000,3.800000,
356,10356,MOSES LAKE 1,357,47.15992073123930340000,-119.37403605734600400000,0.600000,0.600000,
357,10357,MOSES LAKE 2,358,47.20581977114009930000,-119.29271215565199800000,0.300000,0.300000,
358,10358,RICHLAND 1,359,46.33204993794039690000,-119.29573626391599800000,0.440000,0.440000,
359,10359,RICHLAND 2,360,46.34981039229869990000,-119.26431220511500400000,0.010000,0.010000,
360,10360,RICHLAND 3,361,46.15962641368229670000,-119.35713461532499500000,0.100000,0.100000,
361,10361,KENNEWICK 1,362,46.17839552127170320000,-119.18735426284899900000,0.670000,0.670000,
362,10362,OMAK,363,48.30251138307099980000,-119.31567299516200400000,0.044000,0.044000,
363,10363,TONASKET,364,48.63362666423800110000,-119.34698068913600400000,0.830000,0.830000,
364,10364,OROVILLE 1,365,48.98325467224859860000,-119.21920930511299700000,0.180000,0.180000,
365,10365,MESA 1,366,46.64753963619450160000,-119.27563731474600700000,0.830000,0.830000,
366,10366,OTHELLO,367,46.90021333606529910000,-119.14784918591900000000,0.190000,0.190000,
367,10367,KENNEWICK 2,368,46.15582229173560340000,-119.14588689802499700000,3.500000,3.500000,
368,10368,KENNEWICK 3,369,46.20585707209360040000,-119.15401051210899600000,0.300000,0.300000,
369,10369,KENNEWICK 4,370,46.11897170567110040000,-119.03425718334600000000,0.076000,0.076000,
370,10370,KENNEWICK 5,371,46.14179106062560010000,-119.03435858276799300000,0.570000,0.570000,
371,10371,WARDEN,372,46.98030349699210010000,-119.06521528172399400000,3.300000,3.300000,
372,10372,PASCO 1,373,46.30672771722009880000,-118.85552595252499900000,0.100000,0.100000,
373,10373,PASCO 2,374,46.45042100188420160000,-119.03279373518400100000,0.120000,0.120000,
374,10374,COULEE DAM,375,48.06419250895650210000,-118.90814383578400300000,0.097000,0.097000,
375,10375,BURBANK 1,376,46.23603027167889930000,-118.97255701065400000000,0.420000,0.420000,
376,10376,CONNELL,377,46.61519353851870310000,-118.83319828101299700000,0.520000,0.520000,
377,10377,REPUBLIC,378,48.52369227181819870000,-118.72526175816899800000,0.850000,0.850000,
378,10378,COLLEGE PLACE,379,46.06082841580860080000,-118.47199182044499800000,2.800000,2.800000,
379,10379,RITZVILLE,380,47.14529152014070230000,-118.43128095723099600000,0.220000,0.220000,
380,10380,DAVENPORT,381,47.60302365608900030000,-118.24522671509899400000,0.430000,0.430000,
381,10381,KETTLE FALLS 1,382,48.63805546012729760000,-118.05586403368100400000,0.160000,0.160000,
382,10382,DAYTON 1,383,46.24733331077290190000,-117.76756591991899400000,0.120000,0.120000,
383,10383,SPRINGDALE,384,48.04075092912540160000,-117.93726622976799900000,0.280000,0.280000,
384,10384,COLVILLE,385,48.59043244218339910000,-117.78230965965799700000,0.190000,0.190000,
385,10385,MEDICAL LAKE,386,47.52232326586729980000,-117.69476728786899900000,0.510000,0.510000,
386,10386,CHEWELAH,387,48.32642177043670270000,-117.61432769536399700000,0.096000,0.096000,
387,10387,CHENEY,388,47.44800939535449660000,-117.59487988546200600000,0.520000,0.520000,
388,10388,NINE MILE FALLS 1,389,47.81759213083090290000,-117.62570148423199600000,0.310000,0.310000,
389,10389,SPOKANE 1,390,47.69855845223079880000,-117.56646099865300000000,0.073000,0.073000,
390,10390,DEER PARK,391,48.03362576644239820000,-117.54997841860399900000,0.640000,0.640000,
391,10391,SPOKANE 2,392,47.79762274705299770000,-117.43110653265600300000,0.150000,0.150000,
392,10392,SPOKANE 3,393,47.75755684698420110000,-117.42353622085299500000,0.094000,0.094000,
393,10393,SPOKANE 4,394,47.60041720812260020000,-117.41363640004199400000,0.380000,0.380000,
394,10394,SPOKANE 5,395,47.70454226263110090000,-117.48832092945599500000,0.380000,0.380000,
395,10395,SPOKANE 6,396,47.72987617457769720000,-117.37494824880400300000,2.500000,2.500000,
396,10396,SPOKANE 7,397,47.60108345731669740000,-117.46071464616299800000,0.270000,0.270000,
397,10397,COLFAX 1,398,46.87931619225859950000,-117.43543637251799800000,0.190000,0.190000,
398,10398,SPOKANE 8,399,47.83525082806639970000,-117.42805328807099800000,0.440000,0.440000,
399,10399,SPOKANE 9,400,47.58650580999449890000,-117.34193613349100400000,0.450000,0.450000,
400,10400,SPOKANE 10,401,47.68505952807900170000,-117.36146275795199800000,0.068000,0.068000,
401,10401,SPOKANE 11,402,47.76011571862329670000,-117.38557317372699600000,0.400000,0.400000,
402,10402,SPOKANE 12,403,47.66394359041729700000,-117.36669953072899400000,0.049000,0.049000,
403,10403,COLBERT,404,47.88094139773439650000,-117.30966460285999600000,0.470000,0.470000,
404,10404,SPOKANE 13,405,47.59568208596810020000,-117.26307444816599500000,2.900000,2.900000,
405,10405,SPOKANE 14,406,47.50370626567450220000,-117.32148278379000300000,0.600000,0.600000,
406,10406,SPOKANE 15,407,47.68709310617590090000,-117.29075206548000700000,0.450000,0.450000,
407,10407,CHATTAROY,408,48.01732936987630040000,-117.29665124328700200000,0.990000,0.990000,
408,10408,CLARKSTON 1,409,46.35464108445079740000,-117.28372165866899500000,4.000000,4.000000,
409,10409,SPOKANE 16,410,47.76364624372769900000,-117.29306532870299400000,0.056000,0.056000,
410,10410,SPOKANE 17,411,47.58935256032830100000,-117.30297467824900100000,0.160000,0.160000,
411,10411,SPOKANE 18,412,47.70829360900950180000,-117.30959301055600000000,0.330000,0.330000,
412,10412,ELK,413,48.11354912008589930000,-117.32464731371699400000,0.640000,0.640000,
413,10413,SPOKANE 19,414,47.73625443357060050000,-117.25833024071299400000,0.740000,0.740000,
414,10414,PULLMAN 1,415,46.65326471587199820000,-117.31458418374799600000,0.200000,0.200000,
415,10415,PULLMAN 2,416,46.63351625731709760000,-117.17113187786900100000,0.085000,0.085000,
416,10416,VERADALE,417,47.63689921300910160000,-117.19520392946900200000,13.100000,13.100000,
417,10417,NEWPORT 1,418,48.16733412722989980000,-117.14758218016099500000,0.430000,0.430000,
418,10418,MEAD,419,47.92556918590109660000,-117.13882701430199500000,0.077000,0.077000,
419,10419,OTIS ORCHARDS,420,47.71077222194880110000,-117.21794144778000700000,0.440000,0.440000,
420,10420,GREENACRES,421,47.51489752647410110000,-117.03014226585800400000,0.130000,0.130000,
421,10421,LIBERTY LAKE,422,47.68624203142029930000,-117.08840754356900500000,0.087000,0.087000,
422,10422,NEWMAN LAKE,423,47.75014059570330000000,-117.13300353704599400000,0.160000,0.160000,
423,10423,MATTAWA 2,424,46.64509999999999930000,-119.90800000000000100000,0.150000,0.150000,
424,10424,ROOSEVELT 1,425,45.81309999999999860000,-120.34749999999999700000,0.039000,0.039000,
425,10425,RANDLE,426,46.46609999999999730000,-122.10970000000000400000,0.130000,0.130000,
426,10426,CLE ELUM 2,427,47.13559999999999660000,-120.68720000000000400000,0.360000,0.360000,
427,10427,GOLDENDALE 2,428,45.87969999999999970000,-120.80719999999999500000,0.470000,0.470000,
428,10428,WENATCHEE 3,429,47.53361100000000050000,-120.29527799999999600000,0.500000,0.500000,
429,10429,WENATCHEE 4,430,47.34611100000000050000,-120.09170000000000300000,0.045000,0.045000,
430,10430,SULTAN 2,431,47.90840000000000030000,-121.81440000000000600000,0.250000,0.250000,
431,10431,SHELTON 3,432,47.36979999999999790000,-123.16030000000000700000,0.110000,0.110000,
432,10432,TACOMA 19,433,47.08611100000000250000,-122.36567399999999800000,0.340000,0.340000,
433,10433,COUGAR 1,434,46.06083300000000240000,-122.20166700000000000000,4.500000,4.500000,
434,10434,ELLENSBURG 3,435,46.95470000000000250000,-120.18189999999999900000,0.190000,0.190000,
435,10435,BRIDGEPORT,436,47.99510000000000080000,-119.64040000000000000000,0.059000,0.059000,
436,10436,SILVER CREEK 1,437,46.50350000000000250000,-122.58849999999999600000,0.470000,0.470000,
437,10437,CONCRETE 1,438,48.54780000000000230000,-121.74070000000000400000,0.280000,0.280000,
438,10438,CAMAS 3,439,45.58472199999999930000,-122.40560000000000700000,0.320000,0.320000,
439,10439,DAYTON 2,440,46.42111100000000330000,-118.02694400000000000000,0.390000,0.390000,
440,10440,ROCKPORT 1,441,48.69805600000000110000,-121.20861100000000500000,0.340000,0.340000,
441,10441,MOUNT VERNON 4,442,48.44809999999999660000,-122.43309999999999600000,0.750000,0.750000,
442,10442,SPOKANE 20,443,47.65361099999999790000,-117.42055600000000500000,0.330000,0.330000,
443,10443,LONGVIEW 3,444,46.10388700000000030000,-122.91842900000000300000,0.200000,0.200000,
444,10444,BELLINGHAM 7,445,48.74600000000000220000,-122.48600000000000400000,1.100000,1.100000,
445,10445,ROSALIA,446,47.15583300000000120000,-117.36444400000000600000,0.099000,0.099000,
446,10446,ANACORTES 2,447,48.47079999999999700000,-122.56000000000000200000,0.670000,0.670000,
447,10447,GOLDENDALE 3,448,45.78182499999999780000,-120.52115100000000300000,0.013000,0.013000,
448,10448,KIRKLAND 5,449,47.44455399999999660000,-121.68781199999999400000,0.360000,0.360000,
449,10449,ROCKPORT 2,450,48.71385300000000030000,-121.13173600000000400000,0.560000,0.560000,
450,10450,RICHLAND 4,451,46.47109999999999990000,-119.33390000000000000000,0.089000,0.089000,
451,10451,AMBOY,452,45.96276999999999900000,-122.33546699999999400000,0.078000,0.078000,
452,10452,KETTLE FALLS 2,453,48.62033600000000180000,-118.11105899999999700000,4.700000,4.700000,
453,10453,BICKLETON 1,454,45.92150000000000180000,-120.23550000000000200000,0.250000,0.250000,
454,10454,POMEROY 1,455,46.65950300000000080000,-117.42938499999999600000,0.890000,0.890000,
455,10455,TACOMA 20,456,47.07972199999999670000,-122.36499999999999500000,0.450000,0.450000,
456,10456,TACOMA 21,457,47.26606900000000170000,-122.42828799999999500000,0.071000,0.071000,
457,10457,LAKEBAY 2,458,46.83279999999999890000,-122.31959999999999400000,0.430000,0.430000,
458,10458,BURBANK 2,459,46.24980099999999790000,-118.87983800000000700000,0.870000,0.870000,
459,10459,CENTRALIA 2,460,46.75593800000000040000,-122.85976399999999800000,0.230000,0.230000,
460,10460,SILVER CREEK 2,461,46.53470000000000080000,-122.42470000000000100000,0.074000,0.074000,
461,10461,NORTH BEND 2,462,47.41929999999999980000,-121.78185800000000000000,0.019000,0.019000,
462,10462,NINE MILE FALLS 2,463,47.76972200000000160000,-117.53722200000000000000,0.370000,0.370000,
463,10463,SPOKANE 21,464,47.73510999999999880000,-117.37053799999999600000,0.960000,0.960000,
464,10464,WENATCHEE 5,465,47.83469999999999800000,-120.01330000000000100000,0.550000,0.550000,
465,10465,DAYTON 3,466,46.58379999999999650000,-118.02729999999999700000,0.180000,0.180000,
466,10466,SUMAS,467,48.99049999999999730000,-122.27330000000000600000,0.097000,0.097000,
467,10467,BURLINGTON 2,468,48.45580000000000350000,-122.43580000000000000000,0.450000,0.450000,
468,10468,COULEE CITY 1,469,47.50249999999999770000,-119.29170000000000600000,0.690000,0.690000,
469,10469,BICKLETON 2,470,45.91919999999999650000,-120.30389999999999900000,0.690000,0.690000,
470,10470,BEVERLY,471,46.87310000000000090000,-119.97029999999999500000,0.760000,0.760000,
471,10471,ROCKPORT 3,472,48.73257699999999910000,-121.06788000000000200000,1.900000,1.900000,
472,10472,BLAINE 2,473,48.82878399999999890000,-122.68608999999999300000,0.310000,0.310000,
473,10473,NORTH BEND 3,474,47.69916700000000280000,-121.78333299999999900000,0.490000,0.490000,
474,10474,CHEHALIS 2,475,46.62250000000000230000,-122.91310000000000000000,0.850000,0.850000,
475,10475,GOLDENDALE 4,476,45.74417100000000150000,-120.78356800000000200000,2.400000,2.400000,
476,10476,COUGAR 2,477,46.05939999999999660000,-122.25939999999999900000,0.480000,0.480000,
477,10477,ABERDEEN 2,478,46.97279999999999940000,-123.77389999999999800000,2.200000,2.200000,
478,10478,KAHLOTUS,479,46.56349999999999770000,-118.53969999999999600000,3.200000,3.200000,
479,10479,FALL CITY 2,480,47.54449999999999930000,-121.84139999999999300000,1.000000,1.000000,
480,10480,ARIEL,481,45.95669999999999790000,-122.55444400000000400000,0.026000,0.026000,
481,10481,CENTERVILLE 1,482,45.72690000000000050000,-120.83390000000000000000,0.090000,0.090000,
482,10482,POMEROY 2,483,46.52416699999999850000,-117.82166599999999300000,0.130000,0.130000,
483,10483,PACKWOOD,484,46.59583299999999890000,-121.56944400000000400000,4.000000,4.000000,
484,10484,SPOKANE 22,485,47.62632700000000340000,-117.50423999999999600000,0.240000,0.240000,
485,10485,FORD 1,486,47.83444399999999770000,-117.83611100000000200000,0.290000,0.290000,
486,10486,KENNEWICK 6,487,46.09579999999999700000,-119.09640000000000300000,0.220000,0.220000,
487,10487,ELLENSBURG 4,488,47.03626899999999720000,-120.20649400000000600000,0.250000,0.250000,
488,10488,BICKLETON 3,489,45.88770000000000240000,-120.28959999999999300000,0.380000,0.380000,
489,10489,ELMA 2,490,46.96920000000000070000,-123.48000000000000400000,0.970000,0.970000,
490,10490,IONE 1,491,48.78085600000000000000,-117.41833699999999400000,0.560000,0.560000,
491,10491,LAKEBAY 3,492,46.80160000000000050000,-122.31019999999999500000,0.120000,0.120000,
492,10492,GOLDENDALE 5,493,45.81139999999999900000,-120.83299999999999800000,0.120000,0.120000,
493,10493,SHELTON 4,494,47.41810000000000260000,-123.22520000000000100000,0.100000,0.100000,
494,10494,GRAND COULEE,495,47.95751099999999670000,-118.97732299999999800000,3.600000,3.600000,
495,10495,FERNDALE 2,496,48.82881299999999670000,-122.68666700000000000000,0.320000,0.320000,
496,10496,LONGVIEW 4,497,46.12360000000000330000,-122.97280000000000700000,0.097000,0.097000,
497,10497,CONCRETE 2,498,48.64900000000000090000,-121.69070000000000700000,0.040000,0.040000,
498,10498,METALINE FALLS,499,48.98711099999999870000,-117.34784700000000200000,0.190000,0.190000,
499,10499,COULEE CITY 2,500,47.61639999999999870000,-119.29919999999999900000,1.900000,1.900000,
500,10500,VANCOUVER 18,501,45.64970000000000280000,-122.72560000000000000000,0.260000,0.260000,
501,10501,DAYTON 4,502,46.42110000000000270000,-117.83310000000000200000,0.740000,0.740000,
502,10502,FORD 2,503,47.82166699999999790000,-117.91666700000000400000,0.810000,0.810000,
503,10503,DAYTON 5,504,46.37469999999999710000,-117.77719999999999300000,0.650000,0.650000,
504,10504,PASCO 3,505,46.30689999999999880000,-119.11390000000000100000,0.130000,0.130000,
505,10505,TOUCHET,506,46.06000000000000230000,-118.91700000000000200000,0.110000,0.110000,
506,10506,ROOSEVELT 2,507,45.81546699999999820000,-120.34188299999999600000,1.200000,1.200000,
507,10507,LONGVIEW 5,508,46.13882399999999960000,-122.98550600000000100000,0.100000,0.100000,
508,10508,PATEROS,509,47.94689999999999940000,-119.86530000000000500000,3.400000,3.400000,
509,13000,BANDON,510,43.11414804101860200000,-124.30918772944799900000,0.440000,0.440000,
510,13001,PORT ORFORD,511,42.79578471239729960000,-124.24495964009500400000,0.470000,0.470000,
511,13002,GOLD BEACH,512,42.53518552547330240000,-124.27734939460299300000,2.400000,2.400000,
512,13003,NORTH BEND 4,513,43.56545803349690260000,-124.11914013114500200000,0.170000,0.170000,
513,13004,BROOKINGS,514,42.14405790422100040000,-124.12524719980599700000,0.720000,0.720000,
514,13005,COQUILLE,515,43.26666668219070290000,-124.11993411834100700000,0.070000,0.070000,
515,13006,COOS BAY 1,516,43.36031963880120090000,-124.09331421029800400000,0.091000,0.091000,
516,13007,COOS BAY 2,517,43.43291270139219760000,-124.14884008075900100000,0.066000,0.066000,
517,13008,FLORENCE 1,518,44.15823609880129650000,-124.05478388574400100000,0.059000,0.059000,
518,13009,NEWPORT 2,519,44.75679301776300180000,-123.97591020708999600000,0.012000,0.012000,
519,13010,MYRTLE POINT,520,43.12120848760469730000,-123.91212287028599800000,0.200000,0.200000,
520,13011,LINCOLN CITY,521,44.87209597002539850000,-124.04163188892400200000,1.300000,1.300000,
521,13012,WARRENTON,522,46.20555545428670290000,-123.96167166516100600000,0.140000,0.140000,
522,13013,WALDPORT,523,44.44940092519019710000,-123.87910504500999300000,1.400000,1.400000,
523,13014,OTIS,524,45.11420971761599930000,-123.88295994470199400000,0.170000,0.170000,
524,13015,TOLEDO 1,525,44.70093097860510060000,-123.97665318709999800000,0.046000,0.046000,
525,13016,CLOVERDALE 1,526,45.36086088186309700000,-123.78721449224499900000,0.300000,0.300000,
526,13017,REEDSPORT,527,43.90442602015500030000,-123.82487446719599700000,0.860000,0.860000,
527,13018,NEHALEM,528,45.65784076977659820000,-123.91401297935300400000,0.230000,0.230000,
528,13019,TILLAMOOK,529,45.59913226111569880000,-123.72792483831800300000,0.240000,0.240000,
529,13020,ASTORIA,530,46.21021869450299850000,-123.67519524642899800000,0.034000,0.034000,
530,13021,SEASIDE 1,531,45.91242467558500100000,-123.49649755735200100000,0.150000,0.150000,
531,13022,CAVE JUNCTION,532,42.06754244836579910000,-123.56015897678200600000,0.630000,0.630000,
532,13023,WILLAMINA,533,45.08007339274799820000,-123.58159189950899300000,0.690000,0.690000,
533,13024,MERLIN,534,42.62701554506200100000,-123.60912827986699400000,0.120000,0.120000,
534,13025,ROSEBURG 1,535,43.20850549720979930000,-123.42238322551999400000,0.950000,0.950000,
535,13026,ROSEBURG 2,536,43.23848508941299680000,-123.43548878757600600000,0.011000,0.011000,
536,13027,WINSTON,537,43.11900404307770170000,-123.57095116443299800000,0.085000,0.085000,
537,13028,PHILOMATH,538,44.60938543091150170000,-123.53465003707600500000,0.700000,0.700000,
538,13029,RIDDLE,539,42.82031089887789930000,-123.44497710444299800000,0.160000,0.160000,
539,13030,SHERIDAN 1,540,45.07864885066359760000,-123.37319887906799900000,0.087000,0.087000,
540,13031,GRANTS PASS 1,541,42.41660075114639740000,-123.31438243407200200000,0.140000,0.140000,
541,13032,GRANTS PASS 2,542,42.45726574951419960000,-123.44899439789500700000,0.440000,0.440000,
542,13033,VENETA,543,43.98685193819790130000,-123.33802426437199500000,0.480000,0.480000,
543,13034,MONROE 3,544,44.24513361622700100000,-123.45097173159800300000,0.470000,0.470000,
544,13035,DALLAS,545,44.87670525668959700000,-123.27420854677100700000,0.320000,0.320000,
545,13036,MONMOUTH,546,44.73780075028869870000,-123.37783132167500400000,0.130000,0.130000,
546,13037,GRANTS PASS 3,547,42.55502362889480140000,-123.29705843872099500000,0.960000,0.960000,
547,13038,GRANTS PASS 4,548,42.58092206322169910000,-123.37895826582600000000,0.600000,0.600000,
548,13039,DRAIN,549,43.59033576449989770000,-123.26390021341799800000,0.270000,0.270000,
549,13040,CORVALLIS 1,550,44.55881585560590000000,-123.38371171495299400000,0.140000,0.140000,
550,13041,MCMINNVILLE 1,551,45.26688144174789840000,-123.21230944239799500000,0.920000,0.920000,
551,13042,MCMINNVILLE 2,552,45.11639767240630050000,-123.21864994925999800000,0.770000,0.770000,
552,13043,JUNCTION CITY,553,44.20085744437230350000,-123.30270273704400100000,0.054000,0.054000,
553,13044,CLATSKANIE 1,554,46.11397877978029670000,-123.18819977526500500000,0.190000,0.190000,
554,13045,CORVALLIS 2,555,44.70142556339450120000,-123.32437971248600700000,0.430000,0.430000,
555,13046,CORVALLIS 3,556,44.61894714478229670000,-123.24587778301300000000,0.800000,0.800000,
556,13047,ROSEBURG 3,557,43.33989224997019820000,-123.26224928315799900000,0.180000,0.180000,
557,13048,VERNONIA,558,45.84094207370250020000,-123.18384334938899400000,0.580000,0.580000,
558,13049,EUGENE 1,559,44.08601906014399670000,-123.30015824698500600000,0.190000,0.190000,
559,13050,EUGENE 2,560,43.96126229676919910000,-123.21974250847999600000,0.130000,0.130000,
560,13051,MYRTLE CREEK,561,42.98449680463819790000,-123.27810748559200200000,2.400000,2.400000,
561,13052,SUTHERLIN,562,43.40326010785520340000,-123.24516996202700600000,1.200000,1.200000,
562,13053,GASTON,563,45.48031837407670250000,-123.24657242333700000000,0.290000,0.290000,
563,13054,EUGENE 3,564,43.85130265665969770000,-123.24776503493100700000,0.380000,0.380000,
564,13055,EUGENE 4,565,44.02160923576259680000,-123.26287990970300300000,0.500000,0.500000,
565,13056,FOREST GROVE,566,45.49918799074490040000,-123.07829258054999900000,4.300000,4.300000,
566,13057,ALBANY 1,567,44.74053449815730230000,-123.13158170858500300000,0.110000,0.110000,
567,13058,ROGUE RIVER,568,42.56529523257879790000,-123.22296063711499400000,0.250000,0.250000,
568,13059,INDEPENDENCE,569,44.89004404048360190000,-123.23461751991999300000,0.260000,0.260000,
569,13060,EUGENE 5,570,44.15540050431039990000,-123.15621130479300400000,0.170000,0.170000,
570,13061,EUGENE 6,571,44.10492383485990330000,-123.13982190492500000000,0.760000,0.760000,
571,13062,BANKS,572,45.62704512943120250000,-123.19014576749999900000,0.690000,0.690000,
572,13063,SALEM 1,573,45.07283488694039870000,-123.10736159404000000000,0.460000,0.460000,
573,13064,SALEM 2,574,44.97070100093549880000,-123.02169891891000500000,0.065000,0.065000,
574,13065,SALEM 3,575,44.75145680617649900000,-123.13299033477399300000,0.069000,0.069000,
575,13066,SALEM 4,576,44.75986012641840260000,-123.09876842248999600000,0.410000,0.410000,
576,13067,EUGENE 7,577,44.10493888500950280000,-122.98644976689800500000,0.780000,0.780000,
577,13068,EUGENE 8,578,44.05196117178729760000,-123.10080370488600500000,0.120000,0.120000,
578,13069,DAYTON 6,579,45.25755948054830210000,-123.14185921572699600000,0.079000,0.079000,
579,13070,SALEM 5,580,44.88747428889819700000,-123.07402016091499800000,0.190000,0.190000,
580,13071,SALEM 6,581,44.96942908005379990000,-123.15871874264999500000,0.170000,0.170000,
581,13072,GOLD HILL,582,42.42636301595899800000,-123.06528863033000200000,2.600000,2.600000,
582,13073,EUGENE 9,583,44.12428131518809950000,-123.09132610367099400000,0.042000,0.042000,
583,13074,JACKSONVILLE,584,42.07250423417249860000,-123.08340075537699900000,0.081000,0.081000,
584,13075,HARRISBURG,585,44.27889459962499790000,-123.04879420692600400000,0.056000,0.056000,
585,13076,EUGENE 10,586,44.00019946890849810000,-123.10584023526000400000,0.230000,0.230000,
586,13077,CORNELIUS,587,45.51667444756419910000,-123.00331346954999400000,0.087000,0.087000,
587,13078,CRESWELL,588,43.81046419175479660000,-123.04507631663000200000,0.840000,0.840000,
588,13079,JEFFERSON,589,44.78116673842259840000,-123.05246288912100300000,0.045000,0.045000,
589,13080,SALEM 7,590,45.01858532374620130000,-123.03549770521100000000,0.160000,0.160000,
590,13081,SALEM 8,591,44.93383534967569660000,-123.06209363616500200000,0.075000,0.075000,
591,13082,NORTH PLAINS,592,45.69895955278050080000,-122.95427700753600700000,0.041000,0.041000,
592,13083,ALBANY 2,593,44.69316920308349950000,-123.06832855615900300000,0.076000,0.076000,
593,13084,ALBANY 3,594,44.67569844876479830000,-123.03387437193100600000,0.110000,0.110000,
594,13085,GLIDE,595,43.29089791046769880000,-122.94079741741599300000,0.840000,0.840000,
595,13086,COTTAGE GROVE,596,43.74813242665629790000,-122.95810987688399500000,0.320000,0.320000,
596,13087,SPRINGFIELD 1,597,44.11481632852770220000,-122.97950312473500400000,0.120000,0.120000,
597,13088,SPRINGFIELD 2,598,43.99630008885549870000,-122.96011395720499600000,0.170000,0.170000,
598,13089,SALEM 9,599,44.90054020397420230000,-123.08987134654100300000,0.081000,0.081000,
599,13090,SALEM 10,600,44.86890524475349910000,-123.05814925669099600000,3.100000,3.100000,
600,13091,NEWBERG 1,601,45.33823235695479780000,-122.99992795721300400000,0.180000,0.180000,
601,13092,NEWBERG 2,602,45.41730717982350280000,-122.93633454489899800000,0.200000,0.200000,
602,13093,RAINIER 2,603,46.05288251923410310000,-123.05120786206299500000,0.029000,0.029000,
603,13094,HILLSBORO 1,604,45.44088205546349710000,-123.05151910522499800000,0.990000,0.990000,
604,13095,HILLSBORO 2,605,45.35497110798880270000,-122.96349724966199800000,0.890000,0.890000,
605,13096,SCAPPOOSE,606,45.81410010895370280000,-122.88640288443200200000,0.400000,0.400000,
606,13097,GERVAIS,607,45.19225016990149870000,-122.99116493596599800000,0.210000,0.210000,
607,13098,CENTRAL POINT 1,608,42.35804323744270050000,-122.88361202555300600000,4.000000,4.000000,
608,13099,CENTRAL POINT 2,609,42.35306226680059890000,-123.02974652405700300000,0.250000,0.250000,
609,13100,SAINT HELENS,610,45.94904527111400230000,-122.97178683970399500000,0.250000,0.250000,
610,13101,HILLSBORO 3,611,45.51824060388199910000,-122.93786522746900400000,0.140000,0.140000,
611,13102,HILLSBORO 4,612,45.50118481980130270000,-122.95962846811900700000,0.059000,0.059000,
612,13103,BROWNSVILLE,613,44.38531668243830100000,-123.01620126826499300000,0.720000,0.720000,
613,13104,TURNER,614,44.73949296803569810000,-122.90453288421099400000,0.078000,0.078000,
614,13105,SALEM 11,615,45.07007338313839990000,-122.97187709845700000000,0.062000,0.062000,
615,13106,SALEM 12,616,44.98771251289520020000,-122.89838491898399300000,0.063000,0.063000,
616,13107,WHITE CITY 1,617,42.51797084445419730000,-122.90769286860299300000,0.250000,0.250000,
617,13108,SALEM 13,618,44.94145719589410250000,-122.92753813652099400000,2.300000,2.300000,
618,13109,MEDFORD 1,619,42.34273444217159720000,-122.86959395514099900000,0.320000,0.320000,
619,13110,MEDFORD 2,620,42.23301080449490290000,-122.94344371302899800000,0.037000,0.037000,
620,13111,BEAVERTON 1,621,45.35938144737529850000,-122.91359825280299800000,0.430000,0.430000,
621,13112,BEAVERTON 2,622,45.46573409342180130000,-122.83720394738999500000,0.150000,0.150000,
622,13113,SHERWOOD,623,45.42125967311790190000,-122.88387220040499400000,0.460000,0.460000,
623,13114,BEAVERTON 3,624,45.59717277961360080000,-122.80027862872499600000,0.190000,0.190000,
624,13115,BEAVERTON 4,625,45.61637039113330160000,-122.81312761578900000000,0.470000,0.470000,
625,13116,AUMSVILLE,626,44.87851377530199670000,-122.89389463024099300000,0.110000,0.110000,
626,13117,SPRINGFIELD 3,627,44.12559524660080260000,-122.88341410190399500000,0.360000,0.360000,
627,13118,SPRINGFIELD 4,628,44.06487773604740000000,-122.76520972537500100000,2.500000,2.500000,
628,13119,DEXTER 1,629,43.83883108771070170000,-122.83380720523800300000,0.090000,0.090000,
629,13120,WOODBURN 1,630,45.22286597882200000000,-122.73382094126300500000,0.085000,0.085000,
630,13121,WOODBURN 2,631,45.19288375609819750000,-122.87843716157000500000,0.530000,0.530000,
631,13122,LEBANON 1,632,44.50341780900129860000,-122.86076334965099500000,0.170000,0.170000,
632,13123,LEBANON 2,633,44.50936792788480290000,-122.91277385466999300000,3.300000,3.300000,
633,13124,TALENT,634,42.14405478509559800000,-122.73467524931899700000,0.058000,0.058000,
634,13125,PHOENIX 1,635,42.18379515836210200000,-122.72165246732899400000,0.030000,0.030000,
635,13126,PORTLAND 1,636,45.56390210546270230000,-122.84354284860600600000,0.030000,0.030000,
636,13127,PORTLAND 2,637,45.62705319384910040000,-122.89845323004999500000,0.940000,0.940000,
637,13128,BEAVERTON 5,638,45.37331524462729960000,-122.75287744729699600000,0.260000,0.260000,
638,13129,BEAVERTON 6,639,45.51933642985869710000,-122.83936250419499500000,0.180000,0.180000,
639,13130,BEAVERTON 7,640,45.58639990908660170000,-122.87228277766399700000,2.000000,2.000000,
640,13131,MEDFORD 3,641,42.27597688208369680000,-122.70896279765200600000,0.690000,0.690000,
641,13132,MEDFORD 4,642,42.41467539111130240000,-122.77523812272799800000,0.400000,0.400000,
642,13133,PORTLAND 3,643,45.48215683778950340000,-122.88563156263799700000,0.210000,0.210000,
643,13134,PORTLAND 4,644,45.46348733925520240000,-122.82305635765899900000,3.100000,3.100000,
644,13135,SHADY COVE,645,42.48702717669100080000,-122.76344197062100200000,0.920000,0.920000,
645,13136,HUBBARD,646,45.12241191248970300000,-122.83819329445100300000,0.140000,0.140000,
646,13137,PORTLAND 5,647,45.47014762987740260000,-122.76700199560500000000,2.500000,2.500000,
647,13138,PORTLAND 6,648,45.42936631360419850000,-122.81635060924800500000,0.130000,0.130000,
648,13139,WILSONVILLE,649,45.27585250669699950000,-122.70931773644899500000,0.440000,0.440000,
649,13140,MOUNT ANGEL,650,45.05165985286450340000,-122.68838142517699900000,0.550000,0.550000,
650,13141,PORTLAND 7,651,45.53229584550820160000,-122.73076490597699700000,0.870000,0.870000,
651,13142,TUALATIN 1,652,45.36456897727629920000,-122.71745950500999800000,0.350000,0.350000,
652,13143,TUALATIN 2,653,45.43196003163990330000,-122.85692857822900200000,0.470000,0.470000,
653,13144,PORTLAND 8,654,45.51788502711850270000,-122.66014948668899400000,0.044000,0.044000,
654,13145,PORTLAND 9,655,45.60114535911210250000,-122.71342579189399700000,0.250000,0.250000,
655,13146,PORTLAND 10,656,45.46123862369969970000,-122.74133893532500400000,0.064000,0.064000,
656,13147,SWEET HOME,657,44.35954487043770200000,-122.68068256247599400000,0.016000,0.016000,
657,13148,PORTLAND 11,658,45.56371861956549910000,-122.78096710586700600000,0.110000,0.110000,
658,13149,LAKE OSWEGO 1,659,45.39695451099620270000,-122.78865802216699900000,0.500000,0.500000,
659,13150,STAYTON,660,44.70203665668709900000,-122.78841389430600400000,0.900000,0.900000,
660,13151,SILVERTON,661,44.91636108319600140000,-122.74604841503000300000,0.950000,0.950000,
661,13152,PORTLAND 12,662,45.57813015500899920000,-122.70727072947499900000,0.480000,0.480000,
662,13153,PORTLAND 13,663,45.58211538209649660000,-122.78338521455100400000,0.460000,0.460000,
663,13154,PORTLAND 14,664,45.43888807091830270000,-122.78056853035700200000,0.280000,0.280000,
664,13155,PORTLAND 15,665,45.49416604109789830000,-122.60520169777299800000,0.028000,0.028000,
665,13156,PORTLAND 16,666,45.41568122240499860000,-122.74347916161400500000,0.140000,0.140000,
666,13157,PORTLAND 17,667,45.48037448523589890000,-122.72445270225300400000,0.049000,0.049000,
667,13158,LAKE OSWEGO 2,668,45.37641471992729690000,-122.61017698261800000000,0.290000,0.290000,
668,13159,WEST LINN 1,669,45.44511997601109950000,-122.74677390693000200000,0.350000,0.350000,
669,13160,WEST LINN 2,670,45.42771354097150290000,-122.71071377911100300000,0.990000,0.990000,
670,13161,CANBY,671,45.28318175740930230000,-122.73695745629000000000,0.470000,0.470000,
671,13162,EAGLE POINT,672,42.37700057819230180000,-122.63526173125599400000,0.200000,0.200000,
672,13163,PORTLAND 18,673,45.50401541015150290000,-122.69601345460499400000,3.500000,3.500000,
673,13164,PORTLAND 19,674,45.46686475677569920000,-122.60393579092800600000,0.320000,0.320000,
674,13165,PORTLAND 20,675,45.43986225997279860000,-122.72600205847399500000,0.210000,0.210000,
675,13166,PORTLAND 21,676,45.58685507401619930000,-122.62377394386200500000,0.400000,0.400000,
676,13167,PORTLAND 22,677,45.45181359281789920000,-122.62625648012300400000,0.120000,0.120000,
677,13168,PORTLAND 23,678,45.57636631290650090000,-122.57227237574899400000,0.084000,0.084000,
678,13169,PORTLAND 24,679,45.67883751808069800000,-122.72201539476999700000,0.036000,0.036000,
679,13170,PORTLAND 25,680,45.35614305724509880000,-122.62594680190700600000,0.190000,0.190000,
680,13171,PORTLAND 26,681,45.36941309720079830000,-122.62579044746800600000,0.880000,0.880000,
681,13172,PORTLAND 27,682,45.49625472095309680000,-122.61954800076999600000,0.110000,0.110000,
682,13173,PORTLAND 28,683,45.32125210515899740000,-122.54238789841899400000,3.800000,3.800000,
683,13174,PORTLAND 29,684,45.57492870524909990000,-122.53240358670200300000,0.380000,0.380000,
684,13175,PORTLAND 30,685,45.48989894497960050000,-122.62949327927799500000,0.140000,0.140000,
685,13176,PORTLAND 31,686,45.62617478260759900000,-122.56463888494100400000,0.170000,0.170000,
686,13177,PORTLAND 32,687,45.57258007777210200000,-122.66505356875100600000,0.130000,0.130000,
687,13178,PORTLAND 33,688,45.56610728592580270000,-122.57729399101299400000,0.090000,0.090000,
688,13179,PORTLAND 34,689,45.51511960434179830000,-122.64590351398000200000,0.110000,0.110000,
689,13180,GLADSTONE,690,45.28919307256799700000,-122.51492566448399700000,0.460000,0.460000,
690,13181,ASHLAND,691,42.22760424820739900000,-122.58423077824799900000,0.360000,0.360000,
691,13182,PORTLAND 35,692,45.54979709624650040000,-122.58032836085000400000,18.000000,18.000000,
692,13183,PORTLAND 36,693,45.64944252549059910000,-122.54412672229099700000,0.260000,0.260000,
693,13184,MOLALLA,694,45.16964712551420290000,-122.60179753952100200000,0.170000,0.170000,
694,13185,PORTLAND 37,695,45.59923864715040050000,-122.64766087535899400000,0.080000,0.080000,
695,13186,PORTLAND 38,696,45.51147088171710210000,-122.59654919221999600000,0.024000,0.024000,
696,13187,PORTLAND 39,697,45.44991199711989790000,-122.54405735389700300000,1.600000,1.600000,
697,13188,CLACKAMAS,698,45.44652167520879970000,-122.48547025051999500000,0.250000,0.250000,
698,13189,OREGON CITY 1,699,45.25367556445480230000,-122.56940118266500400000,0.060000,0.060000,
699,13190,OREGON CITY 2,700,45.37685135606999860000,-122.62175075671500200000,0.160000,0.160000,
700,13191,HAPPY VALLEY 1,701,45.51980089078330140000,-122.62348642348300100000,0.180000,0.180000,
701,13192,HAPPY VALLEY 2,702,45.54048589598090050000,-122.53874330515799300000,0.130000,0.130000,
702,13193,PORTLAND 40,703,45.39119300663389820000,-122.50545590025899400000,0.200000,0.200000,
703,13194,PORTLAND 41,704,45.53914490449530210000,-122.52518570609899500000,0.470000,0.470000,
704,13195,PORTLAND 42,705,45.49545621140639900000,-122.51337197738000400000,0.034000,0.034000,
705,13196,PORTLAND 43,706,45.62027398879639860000,-122.52421655057800400000,2.000000,2.000000,
706,13197,PORTLAND 44,707,45.52728962400119880000,-122.60003678314599500000,0.130000,0.130000,
707,13198,PORTLAND 45,708,45.48288468050689910000,-122.47602524342100600000,0.130000,0.130000,
708,13199,BEAVERCREEK,709,45.25555508311929740000,-122.46692222114900500000,1.200000,1.200000,
709,13200,DAMASCUS,710,45.48816041656100140000,-122.35075087114799400000,0.410000,0.410000,
710,13201,FAIRVIEW 1,711,45.64151060802319650000,-122.48432769402100500000,1.100000,1.100000,
711,13202,GRESHAM 1,712,45.56708029463369770000,-122.37115369312600400000,0.260000,0.260000,
712,13203,GRESHAM 2,713,45.46732767900879680000,-122.46709575782500700000,0.840000,0.840000,
713,13204,LYONS 1,714,44.82813949775640340000,-122.44709232635399600000,0.077000,0.077000,
714,13205,GRESHAM 3,715,45.50134888483790260000,-122.47338327454200200000,0.330000,0.330000,
715,13206,GRESHAM 4,716,45.42322517729100180000,-122.39967223454300400000,0.210000,0.210000,
716,13207,OAKRIDGE,717,43.71297752231200210000,-122.30781553944800100000,0.100000,0.100000,
717,13208,TROUTDALE,718,45.56884587406109690000,-122.27225600930100300000,0.100000,0.100000,
718,13209,BORING,719,45.51930826352840140000,-122.27229448407200600000,0.055000,0.055000,
719,13210,ESTACADA 1,720,45.25037304713970340000,-122.28030123230399800000,0.480000,0.480000,
720,13211,SANDY 1,721,45.38239294059209780000,-122.17488507000500400000,0.660000,0.660000,
721,13212,KLAMATH FALLS 1,722,42.40354341944109960000,-122.14799471037099500000,0.890000,0.890000,
722,13213,SISTERS,723,44.44727899021459900000,-121.98001941592299600000,0.067000,0.067000,
723,13214,KLAMATH FALLS 2,724,42.20546495121160290000,-121.62795902502300300000,0.220000,0.220000,
724,13215,KLAMATH FALLS 3,725,42.09837204574459690000,-121.73430237544600600000,0.039000,0.039000,
725,13216,CHILOQUIN,726,43.01937197454900290000,-121.63075892179800500000,4.900000,4.900000,
726,13217,MOUNT HOOD PARKDALE,727,45.46364462445580300000,-121.69521042691600600000,0.740000,0.740000,
727,13218,HOOD RIVER,728,45.72226307270919680000,-121.54924257786400700000,0.036000,0.036000,
728,13219,BEND 1,729,43.88597115418050260000,-121.49451048814600500000,0.280000,0.280000,
729,13220,LA PINE,730,43.63702132403609820000,-121.37112539451300100000,0.430000,0.430000,
730,13221,MALIN,731,42.01325582313020140000,-121.52383888001399700000,0.320000,0.320000,
731,13222,BONANZA,732,42.18965618083429800000,-121.34750988597899400000,1.300000,1.300000,
732,13223,WARM SPRINGS,733,44.80211105993320330000,-121.21440219541899800000,0.120000,0.120000,
733,13224,BEND 2,734,44.00668162837140330000,-121.30168132000099500000,0.082000,0.082000,
734,13225,BEND 3,735,44.07492389508429650000,-121.19050510073900300000,0.660000,0.660000,
735,13226,TERREBONNE,736,44.38352351237350040000,-121.25649537995400400000,0.025000,0.025000,
736,13227,REDMOND 4,737,44.20709067251389970000,-121.15344117440599800000,0.120000,0.120000,
737,13228,REDMOND 5,738,44.22917844359719910000,-121.22105939892699700000,2.500000,2.500000,
738,13229,BEND 4,739,44.19830716831379650000,-121.26738600818900700000,0.070000,0.070000,
739,13230,BEND 5,740,44.15998145155450060000,-121.22822935937399800000,0.460000,0.460000,
740,13231,THE DALLES 1,741,45.63109452721270290000,-121.18342528520800300000,0.440000,0.440000,
741,13232,MADRAS 1,742,44.57416249242609750000,-120.98934151619299400000,0.850000,0.850000,
742,13233,PRINEVILLE,743,44.19670564914429890000,-120.66109782394200100000,0.820000,0.820000,
743,13234,CHRISTMAS VALLEY,744,43.17838903681769840000,-120.44911446015899500000,0.260000,0.260000,
744,13235,LAKEVIEW,745,42.28390454730259760000,-120.40874043059000100000,0.096000,0.096000,
745,13236,BOARDMAN 1,746,45.82810431985259920000,-119.97496472522999500000,0.950000,0.950000,
746,13237,IRRIGON,747,45.89282573223479740000,-119.58549204616400600000,3.400000,3.400000,
747,13238,HEPPNER,748,45.36447474039489690000,-119.45371839317999700000,0.720000,0.720000,
748,13239,UMATILLA 1,749,45.91445108712250090000,-119.45145556462199500000,4.800000,4.800000,
749,13240,HERMISTON 1,750,45.76478639604319910000,-119.19714763381399800000,0.150000,0.150000,
750,13241,HERMISTON 2,751,45.82005742330610330000,-119.22506796898599600000,0.240000,0.240000,
751,13242,JOHN DAY,752,44.47510788037779860000,-118.99022234424499800000,0.200000,0.200000,
752,13243,BURNS 1,753,43.65525654769469810000,-118.87812571971400600000,0.760000,0.760000,
753,13244,PILOT ROCK,754,45.37532139395560190000,-118.78347623815000100000,0.200000,0.200000,
754,13245,PENDLETON,755,45.65702489922330190000,-118.88937175759700400000,4.900000,4.900000,
755,13246,MILTON FREEWATER 1,756,45.87265503386799990000,-118.27733069690799500000,0.830000,0.830000,
756,13247,WALLA WALLA 1,757,46.17804282520329910000,-118.32905578142100500000,2.300000,2.300000,
757,13248,WALLA WALLA 2,758,46.15177840382860100000,-118.29642168304299300000,0.060000,0.060000,
758,13249,LA GRANDE,759,45.33534570041970110000,-118.20016552818199800000,0.130000,0.130000,
759,13250,ELGIN,760,45.64362362485140070000,-117.84594291966099900000,0.270000,0.270000,
760,13251,BAKER CITY,761,44.87382714560570210000,-117.70511457193900600000,0.990000,0.990000,
761,13252,UNION 1,762,45.22826397195819940000,-117.68298413720900400000,0.024000,0.024000,
762,13253,VALE 1,763,44.10125523251129920000,-117.29677181542200500000,0.310000,0.310000,
763,13254,ENTERPRISE 1,764,45.66479681056139840000,-117.29295375697499500000,0.340000,0.340000,
764,13255,ONTARIO 1,765,44.03554540706060290000,-117.03178131283800700000,0.450000,0.450000,
765,13256,JOSEPH,766,45.49448379714870330000,-116.94554501096500600000,0.400000,0.400000,
766,13257,BLUE RIVER,767,44.28597700000000260000,-122.04135200000000300000,4.800000,4.800000,
767,13258,ARLINGTON 3,768,45.71190000000000000000,-120.12500000000000000000,0.780000,0.780000,
768,13259,KENO,769,42.09361100000000280000,-122.07030000000000300000,0.500000,0.500000,
769,13260,CLATSKANIE 2,770,46.17888899999999810000,-123.17194399999999600000,3.500000,3.500000,
770,13261,HELIX 1,771,46.01279000000000250000,-118.81624600000000700000,0.170000,0.170000,
771,13262,ARLINGTON 4,772,45.65245699999999830000,-120.20978300000000200000,0.290000,0.290000,
772,13263,UMATILLA 2,773,45.94019999999999730000,-119.29880000000000000000,0.650000,0.650000,
773,13264,UNION 2,774,45.08522099999999710000,-117.81627299999999500000,0.340000,0.340000,
774,13265,WASCO 1,775,45.58359999999999700000,-120.50419999999999700000,0.350000,0.350000,
775,13266,LOWELL 1,776,44.72240000000000040000,-122.25109999999999400000,0.360000,0.360000,
776,13267,NEWBERG 3,777,45.28790000000000050000,-122.96269999999999800000,4.200000,4.200000,
777,13268,THE DALLES 2,778,45.71643999999999860000,-120.69408000000000000000,0.015000,0.015000,
778,13269,HERMISTON 3,779,45.79404600000000160000,-119.31332299999999700000,0.130000,0.130000,
779,13270,CLATSKANIE 3,780,46.15395500000000340000,-123.40658000000000500000,0.280000,0.280000,
780,13271,LOWELL 2,781,43.71070000000000280000,-122.42380000000000000000,0.300000,0.300000,
781,13272,CONDON,782,45.27660000000000200000,-120.27939999999999500000,0.200000,0.200000,
782,13273,WASCO 2,783,45.65374500000000070000,-120.60341400000000100000,4.700000,4.700000,
783,13274,KLAMATH FALLS 4,784,42.17271800000000330000,-121.81439299999999600000,0.110000,0.110000,
784,13275,MADRAS 2,785,44.60583700000000110000,-121.27733399999999600000,0.390000,0.390000,
785,13276,MORO,786,45.52000000000000310000,-120.57439999999999700000,0.490000,0.490000,
786,13277,LOWELL 3,787,44.13069999999999740000,-122.24389999999999600000,0.940000,0.940000,
787,13278,HERMISTON 4,788,45.80420000000000160000,-119.37000000000000500000,0.310000,0.310000,
788,13279,OXBOW 1,789,44.97164300000000030000,-116.83504200000000100000,0.066000,0.066000,
789,13280,DEXTER 2,790,43.08950000000000100000,-123.41559999999999800000,0.390000,0.390000,
790,13281,BOARDMAN 2,791,45.84799799999999690000,-119.67391999999999500000,0.260000,0.260000,
791,13282,KLAMATH FALLS 5,792,42.17388900000000260000,-121.81055600000000500000,0.150000,0.150000,
792,13283,SPRINGFIELD 5,793,44.05689999999999880000,-122.95550000000000100000,0.890000,0.890000,
793,13284,ARLINGTON 5,794,45.67580399999999940000,-120.31832000000000000000,0.960000,0.960000,
794,13285,TOLEDO 2,795,44.61194400000000120000,-123.93194400000000100000,0.140000,0.140000,
795,13286,HELIX 2,796,45.93615700000000150000,-118.65998999999999300000,0.710000,0.710000,
796,13287,IONE 2,797,45.65330000000000150000,-119.99139999999999900000,0.460000,0.460000,
797,13288,ESTACADA 2,798,45.12200899999999850000,-122.06986999999999500000,0.025000,0.025000,
798,13289,LOWELL 4,799,43.91530000000000200000,-122.75310000000000300000,0.030000,0.030000,
799,13290,ARLINGTON 6,800,45.71670000000000300000,-120.20080000000000100000,5.000000,5.000000,
800,13291,ESTACADA 3,801,45.24328700000000220000,-122.27995000000000000000,1.800000,1.800000,
801,13292,OXBOW 2,802,45.24389999999999650000,-116.70080000000000100000,0.051000,0.051000,
802,13293,IDLEYLD PARK 1,803,43.29390000000000070000,-122.47280000000000700000,0.150000,0.150000,
803,13294,IDLEYLD PARK 2,804,43.26689400000000060000,-122.40980700000000100000,0.130000,0.130000,
804,13295,ATHENA,805,45.89916699999999850000,-118.59138900000000700000,0.460000,0.460000,
805,13296,PROSPECT,806,42.73123700000000010000,-122.51397400000000500000,0.950000,0.950000,
806,13297,ECHO,807,45.72860000000000010000,-119.41809999999999600000,2.500000,2.500000,
807,13298,ARLINGTON 7,808,45.65100000000000340000,-120.25979999999999800000,0.700000,0.700000,
808,13299,THE DALLES 3,809,45.61399999999999720000,-121.13460000000000600000,0.480000,0.480000,
809,13300,WHITE CITY 2,810,42.43611099999999680000,-122.84995800000000100000,0.970000,0.970000,
810,13301,IDLEYLD PARK 3,811,43.35580000000000210000,-122.24939999999999400000,0.110000,0.110000,
811,13302,WASCO 3,812,45.50999999999999800000,-120.48000000000000400000,0.061000,0.061000,
812,13303,MILTON FREEWATER 2,813,45.94299999999999780000,-118.59099999999999400000,0.180000,0.180000,
813,13304,CLATSKANIE 4,814,46.17240100000000070000,-123.17391999999999500000,0.072000,0.072000,
814,13305,LOWELL 5,815,44.44939999999999710000,-122.54940000000000600000,0.091000,0.091000,
815,13306,TRAIL,816,42.67170000000000130000,-122.67719999999999900000,0.770000,0.770000,
816,13307,IDLEYLD PARK 4,817,43.27272899999999820000,-122.44749799999999600000,0.660000,0.660000,
817,13308,WASCO 4,818,45.57099999999999800000,-120.59300000000000400000,0.350000,0.350000,
818,13309,MADRAS 3,819,44.69437400000000340000,-121.23137900000000400000,0.410000,0.410000,
819,13310,SANDY 2,820,45.48170799999999760000,-122.08318800000000700000,0.027000,0.027000,
820,13311,CASCADE LOCKS,821,45.64410000000000170000,-121.94100899999999400000,0.260000,0.260000,
821,13312,BOARDMAN 3,822,45.84803900000000000000,-119.67396499999999600000,0.040000,0.040000,
822,13313,IDLEYLD PARK 5,823,43.28061100000000040000,-122.40247999999999700000,0.120000,0.120000,
823,13314,ARLINGTON 8,824,45.28805599999999740000,-120.17388800000000500000,0.750000,0.750000,
824,13315,VALE 2,825,44.02305599999999690000,-117.46805999999999400000,0.280000,0.280000,
825,13316,CLATSKANIE 5,826,46.17893999999999720000,-123.17203899999999800000,0.500000,0.500000,
826,13317,BOARDMAN 4,827,45.69318200000000020000,-119.80881900000000000000,0.200000,0.200000,
827,20000,EUREKA 1,828,40.81735575632580290000,-124.09358625916999600000,0.310000,0.310000,
828,20001,FORTUNA,829,40.61006419292449720000,-124.20472952294400700000,0.910000,0.910000,
829,20002,EUREKA 2,830,40.67987469810559990000,-124.20290036080899600000,0.053000,0.053000,
830,20003,ARCATA,831,40.81056006155269960000,-124.09383999571299700000,1.600000,1.600000,
831,20004,CRESCENT CITY,832,41.91516942505540300000,-124.13406713366599400000,0.910000,0.910000,
832,20005,MCKINLEYVILLE,833,41.04888569396170080000,-124.04188158441300500000,0.430000,0.430000,
833,20006,GARBERVILLE,834,40.09468661501620090000,-123.74869166200400600000,0.180000,0.180000,
834,20007,MENDOCINO,835,39.28825960346350140000,-123.80251907800699500000,2.300000,2.300000,
835,20008,FORT BRAGG,836,39.49020455522539660000,-123.66108601035800500000,0.360000,0.360000,
836,20009,HOOPA,837,41.10904069340700320000,-123.69573765079199700000,0.350000,0.350000,
837,20010,LAYTONVILLE,838,39.84530045068390080000,-123.56436975391200400000,1.800000,1.800000,
838,20011,WILLITS,839,39.44285018830449730000,-123.43638007785399700000,0.170000,0.170000,
839,20012,REDWOOD VALLEY,840,39.30302630889720210000,-123.20959906070599700000,0.470000,0.470000,
840,20013,UKIAH 1,841,39.18281886807790220000,-123.21898690274400700000,2.500000,2.500000,
841,20014,UKIAH 2,842,39.19501693097659970000,-123.24381012776599700000,0.380000,0.380000,
842,20015,HAYFORK,843,40.50657724870460190000,-123.28896262150499300000,2.900000,2.900000,
843,20016,CLOVERDALE 2,844,38.76691429047910020000,-123.14310609168900600000,0.810000,0.810000,
844,20017,FORT JONES,845,41.62863844166889750000,-122.99212052558900200000,0.390000,0.390000,
845,20018,LAKEPORT,846,39.01649254450570230000,-122.89899151752099700000,0.150000,0.150000,
846,20019,WEAVERVILLE,847,40.76536335898730100000,-122.95290585694900200000,0.057000,0.057000,
847,20020,UPPER LAKE,848,39.30701065816229800000,-122.87800988470999600000,0.140000,0.140000,
848,20021,KELSEYVILLE,849,39.00757047524640340000,-122.82825026296500000000,0.260000,0.260000,
849,20022,YREKA,850,41.65727931959259680000,-122.58283583546300100000,0.470000,0.470000,
850,20023,CLEARLAKE,851,38.95836330777530070000,-122.62046640132200500000,0.280000,0.280000,
851,20024,HIDDEN VALLEY LAKE,852,38.71997085994649980000,-122.63557981639800700000,0.160000,0.160000,
852,20025,WEED,853,41.37563340772840090000,-122.50577132038199600000,0.210000,0.210000,
853,20026,REDDING 1,854,40.51169489762700240000,-122.44621506010599900000,0.074000,0.074000,
854,20027,REDDING 2,855,40.59183015502019740000,-122.40953160013700100000,0.610000,0.610000,
855,20028,COTTONWOOD 1,856,40.35998243207190230000,-122.46523578129900000000,0.220000,0.220000,
856,20029,RED BLUFF 1,857,40.14282882209820260000,-122.48237389125800700000,0.330000,0.330000,
857,20030,RED BLUFF 2,858,40.22264803862140070000,-122.36946409604800600000,0.600000,0.600000,
858,20031,MOUNT SHASTA,859,41.27737412060489670000,-122.30569677028700000000,0.400000,0.400000,
859,20032,MONTAGUE,860,41.66148065423089970000,-122.34423336806600000000,0.260000,0.260000,
860,20033,REDDING 3,861,40.57440711995820240000,-122.39782023769599600000,0.200000,0.200000,
861,20034,REDDING 4,862,40.46460590460110040000,-122.37798226171899800000,0.460000,0.460000,
862,20035,WILLIAMS 1,863,39.07475207259290070000,-122.35530930829300200000,0.150000,0.150000,
863,20036,ANDERSON 1,864,40.50643809017709880000,-122.32307882787199600000,1.600000,1.600000,
864,20037,CORNING,865,39.88482865852879660000,-122.36553044774299800000,1.100000,1.100000,
865,20038,WILLOWS,866,39.50293306437559690000,-122.18799394112700400000,0.620000,0.620000,
866,20039,ORLAND,867,39.70274230821139840000,-122.19634194305300000000,0.500000,0.500000,
867,20040,REDDING 5,868,40.68022123000329770000,-122.29059442296299700000,0.095000,0.095000,
868,20041,REDDING 6,869,40.71332563091419840000,-122.25608118431600200000,0.069000,0.069000,
869,20042,PALO CEDRO,870,40.54481321747289970000,-122.11274759505100500000,0.100000,0.100000,
870,20043,LOS MOLINOS,871,40.14901347422539860000,-122.04766476270999900000,0.220000,0.220000,
871,20044,ESPARTO,872,38.63775064234930310000,-122.01106977762100300000,0.450000,0.450000,
872,20045,COLUSA,873,39.17508948957900120000,-122.06859285256699400000,0.092000,0.092000,
873,20046,SHINGLETOWN,874,40.55956186534820060000,-121.92064369389800000000,0.410000,0.410000,
874,20047,WOODLAND 2,875,38.73026610333459980000,-121.77630545657500200000,0.910000,0.910000,
875,20048,WOODLAND 3,876,38.70128333800040110000,-121.79038184837500600000,0.250000,0.250000,
876,20049,CHICO 1,877,39.72037235796670270000,-121.93932331788100500000,0.330000,0.330000,
877,20050,CHICO 2,878,39.68379515715319880000,-121.77943403952500000000,0.079000,0.079000,
878,20051,CHICO 3,879,39.71626144217400170000,-121.84639157798599700000,3.200000,3.200000,
879,20052,CHICO 4,880,39.68843474915890110000,-121.92573311422400200000,0.620000,0.620000,
880,20053,CHICO 5,881,39.83122912664150310000,-121.87616113389100300000,0.410000,0.410000,
881,20054,CHICO 6,882,39.80479507929530310000,-121.77748249180000100000,0.120000,0.120000,
882,20055,DAVIS 1,883,38.54817136878160260000,-121.69931875464300200000,0.730000,0.730000,
883,20056,DAVIS 2,884,38.48523735352669920000,-121.72319916503499800000,0.270000,0.270000,
884,20057,LIVE OAK,885,39.27330267583020170000,-121.70006465418700300000,4.300000,4.300000,
885,20058,GRIDLEY,886,39.38561290199930200000,-121.75893470361400300000,0.470000,0.470000,
886,20059,RIO VISTA 1,887,38.12813161513199840000,-121.73540305797600100000,0.390000,0.390000,
887,20060,WOODLAND 4,888,38.71753246570509790000,-121.70947058251100300000,0.170000,0.170000,
888,20061,YUBA CITY 1,889,39.05174358039079860000,-121.68624110737900400000,0.390000,0.390000,
889,20062,YUBA CITY 2,890,39.17266413713770130000,-121.62053547623399600000,3.500000,3.500000,
890,20063,PARADISE 1,891,39.77329724323499960000,-121.68677591421000300000,0.930000,0.930000,
891,20064,PARADISE 2,892,39.80793657467020100000,-121.71805965157099600000,0.410000,0.410000,
892,20065,YUBA CITY 3,893,39.04714783282690150000,-121.65964294719100300000,0.310000,0.310000,
893,20066,YUBA CITY 4,894,38.92504992322629680000,-121.50729353588900500000,0.680000,0.680000,
894,20067,WEST SACRAMENTO 1,895,38.64929762760480260000,-121.53321467587299800000,0.280000,0.280000,
895,20068,WEST SACRAMENTO 2,896,38.62590452811829780000,-121.62123701507199800000,4.500000,4.500000,
896,20069,MAGALIA,897,39.82174065302260150000,-121.56599366151799300000,0.057000,0.057000,
897,20070,OROVILLE 2,898,39.55863981096820230000,-121.48285466891400100000,0.110000,0.110000,
898,20071,OLIVEHURST,899,38.96235388804740300000,-121.51511711488500100000,0.066000,0.066000,
899,20072,WEST SACRAMENTO 3,900,38.64931470844909710000,-121.49739068600000300000,0.360000,0.360000,
900,20073,SACRAMENTO 1,901,38.54209307434710040000,-121.45477253543600700000,0.480000,0.480000,
901,20074,SACRAMENTO 2,902,38.45799769254880120000,-121.51298795690100000000,0.076000,0.076000,
902,20075,SACRAMENTO 3,903,38.69559033828439710000,-121.47592108020400300000,0.110000,0.110000,
903,20076,SACRAMENTO 4,904,38.62771951933609670000,-121.53108917797500500000,0.220000,0.220000,
904,20077,SACRAMENTO 5,905,38.63102445043509900000,-121.57181719197700400000,0.061000,0.061000,
905,20078,SACRAMENTO 6,906,38.60914460471870060000,-121.51112730153100500000,0.420000,0.420000,
906,20079,SACRAMENTO 7,907,38.68662856583409850000,-121.52148807788900300000,0.290000,0.290000,
907,20080,SACRAMENTO 8,908,38.65259281076799880000,-121.45851671284499700000,0.720000,0.720000,
908,20081,SACRAMENTO 9,909,38.41040381821890290000,-121.49052315505099400000,5.000000,5.000000,
909,20082,MARYSVILLE 5,910,39.22972999473810060000,-121.43609485008599300000,4.000000,4.000000,
910,20083,MARYSVILLE 6,911,39.16809990280010110000,-121.45801505677299300000,0.100000,0.100000,
911,20084,SACRAMENTO 10,912,38.55527165622890350000,-121.52390735544699400000,0.180000,0.180000,
912,20085,SACRAMENTO 11,913,38.50035003791310120000,-121.44715430914099800000,0.069000,0.069000,
913,20086,SACRAMENTO 12,914,38.60687341913960320000,-121.54614850619999800000,0.380000,0.380000,
914,20087,RIO LINDA,915,38.76206918684950150000,-121.44508491656199600000,0.330000,0.330000,
915,20088,SACRAMENTO 13,916,38.64081992737280300000,-121.42423254519499700000,0.850000,0.850000,
916,20089,SACRAMENTO 14,917,38.57171268516729870000,-121.53158543605499600000,0.140000,0.140000,
917,20090,SACRAMENTO 15,918,38.61952402726819860000,-121.52049100252300200000,0.055000,0.055000,
918,20091,SACRAMENTO 16,919,38.67962888784779810000,-121.41431512392300400000,0.420000,0.420000,
919,20092,ELK GROVE 1,920,38.39812022595300080000,-121.45014795122500600000,0.035000,0.035000,
920,20093,ELK GROVE 2,921,38.47215164128979840000,-121.43279247042700300000,0.450000,0.450000,
921,20094,SACRAMENTO 17,922,38.56632538842499970000,-121.43467499041899800000,0.880000,0.880000,
922,20095,SACRAMENTO 18,923,38.50972901034789690000,-121.53006387474700000000,0.170000,0.170000,
923,20096,SACRAMENTO 19,924,38.38141533436279930000,-121.53447553293399600000,0.075000,0.075000,
924,20097,SACRAMENTO 20,925,38.40975361804890300000,-121.44482596877099900000,0.160000,0.160000,
925,20098,SACRAMENTO 21,926,38.52271575595030130000,-121.35841918715900100000,0.690000,0.690000,
926,20099,TULELAKE,927,41.67849027171990170000,-121.41837783757100100000,0.140000,0.140000,
927,20100,SACRAMENTO 22,928,38.51825951459859710000,-121.42966935039200400000,0.200000,0.200000,
928,20101,ELK GROVE 3,929,38.43295766598519950000,-121.51649772934399600000,0.016000,0.016000,
929,20102,ELK GROVE 4,930,38.40650245312279760000,-121.45958330470099900000,0.560000,0.560000,
930,20103,OROVILLE 3,931,39.41961499988020280000,-121.49032759044099800000,0.330000,0.330000,
931,20104,OROVILLE 4,932,39.48882659513849800000,-121.48174212799800400000,0.180000,0.180000,
932,20105,SACRAMENTO 23,933,38.59850974907489980000,-121.47508214302999400000,1.100000,1.100000,
933,20106,SACRAMENTO 24,934,38.58838283675569870000,-121.43426684437899600000,0.270000,0.270000,
934,20107,SACRAMENTO 25,935,38.58467966881170240000,-121.34014654798400600000,0.072000,0.072000,
935,20108,SACRAMENTO 26,936,38.53862192576990250000,-121.33994688769800500000,1.600000,1.600000,
936,20109,SACRAMENTO 27,937,38.70025629007380270000,-121.44072503773900000000,0.053000,0.053000,
937,20110,SACRAMENTO 28,938,38.71647894883469830000,-121.45223003943499400000,0.067000,0.067000,
938,20111,NORTH HIGHLANDS 1,939,38.63297295355540230000,-121.46572235740400500000,0.480000,0.480000,
939,20112,NORTH HIGHLANDS 2,940,38.68292537091139850000,-121.45431992347400300000,0.032000,0.032000,
940,20113,SACRAMENTO 29,941,38.53591035251820070000,-121.47535133249000700000,0.290000,0.290000,
941,20114,SACRAMENTO 30,942,38.62484608102389670000,-121.28069088812100100000,0.390000,0.390000,
942,20115,SACRAMENTO 31,943,38.58790346266110300000,-121.34833347370799600000,0.180000,0.180000,
943,20116,ROSEVILLE 1,944,38.79112829430980010000,-121.27449692453799900000,0.026000,0.026000,
944,20117,ROSEVILLE 2,945,38.85095635166400290000,-121.33837093074599500000,0.630000,0.630000,
945,20118,ANTELOPE 1,946,38.64519174074700200000,-121.34314059950600000000,0.360000,0.360000,
946,20119,ANTELOPE 2,947,38.69983494623259900000,-121.37359911242199900000,3.900000,3.900000,
947,20120,SACRAMENTO 32,948,38.74174273505529700000,-121.43928096124699300000,3.000000,3.000000,
948,20121,SACRAMENTO 33,949,38.62391009949769940000,-121.41437196106700500000,0.420000,0.420000,
949,20122,CARMICHAEL 1,950,38.53732302063720280000,-121.22529690189099900000,0.480000,0.480000,
950,20123,CARMICHAEL 2,951,38.58930408999530220000,-121.29147473909999600000,0.290000,0.290000,
951,20124,SACRAMENTO 34,952,38.51086817306160270000,-121.38439552197699800000,0.260000,0.260000,
952,20125,SACRAMENTO 35,953,38.57085980193590300000,-121.40413415351000000000,0.250000,0.250000,
953,20126,ELK GROVE 5,954,38.35276268365600320000,-121.37472742457200100000,0.160000,0.160000,
954,20127,ELK GROVE 6,955,38.50493702298410170000,-121.25660568708900700000,0.340000,0.340000,
955,20128,LINCOLN 1,956,38.92136557841519820000,-121.34993345324500100000,0.330000,0.330000,
956,20129,LINCOLN 2,957,38.91624144048969920000,-121.37650560194599300000,0.310000,0.310000,
957,20130,CITRUS HEIGHTS 1,958,38.61898566674040010000,-121.32067246643900700000,0.270000,0.270000,
958,20131,CITRUS HEIGHTS 2,959,38.66779074218140270000,-121.23626469660399600000,0.180000,0.180000,
959,20132,ROSEVILLE 3,960,38.72390990585000030000,-121.26253506240000500000,0.240000,0.240000,
960,20133,ROSEVILLE 4,961,38.76513351969389730000,-121.31971185039100200000,0.420000,0.420000,
961,20134,RANCHO CORDOVA 1,962,38.62561522085729850000,-121.22807054493600300000,0.110000,0.110000,
962,20135,RANCHO CORDOVA 2,963,38.52642038484650300000,-121.28664173162499600000,0.140000,0.140000,
963,20136,ROCKLIN 1,964,38.87364336376519700000,-121.20560537296900400000,0.120000,0.120000,
964,20137,ROCKLIN 2,965,38.81811755290900120000,-121.20259361825399900000,0.200000,0.200000,
965,20138,CITRUS HEIGHTS 3,966,38.61599494921299680000,-121.21223732848899600000,0.062000,0.062000,
966,20139,CITRUS HEIGHTS 4,967,38.59941567064679900000,-121.18404464702899800000,4.000000,4.000000,
967,20140,GALT 1,968,38.26312484059759810000,-121.21190167083300100000,4.500000,4.500000,
968,20141,GALT 2,969,38.26359619980979690000,-121.30215589962399800000,0.110000,0.110000,
969,20142,FAIR OAKS 1,970,38.74368253961429790000,-121.29339322663200600000,0.084000,0.084000,
970,20143,FAIR OAKS 2,971,38.69451400119599780000,-121.25479585900299600000,0.046000,0.046000,
971,20144,ROSEVILLE 5,972,38.67549946596489720000,-121.22220138101799600000,2.700000,2.700000,
972,20145,ROSEVILLE 6,973,38.67932513765809690000,-121.31158807109500200000,0.190000,0.190000,
973,20146,ROCKLIN 3,974,38.80444832181319730000,-121.32381944081599600000,0.470000,0.470000,
974,20147,ORANGEVALE,975,38.72718107009529830000,-121.23757625323300200000,0.120000,0.120000,
975,20148,WILTON,976,38.49562783844510250000,-121.12272028975100100000,0.120000,0.120000,
976,20149,PENN VALLEY,977,39.30914451262510310000,-121.14375714038500600000,0.610000,0.610000,
977,20150,RANCHO CORDOVA 3,978,38.62897672389799910000,-121.10264989806499600000,0.410000,0.410000,
978,20151,GRANITE BAY,979,38.75314289226140120000,-121.28004683400000400000,2.300000,2.300000,
979,20152,LOOMIS,980,38.82797589245679860000,-121.08470381516500000000,0.440000,0.440000,
980,20153,FOLSOM 1,981,38.59517350994720180000,-121.19044257981400400000,0.210000,0.210000,
981,20154,FOLSOM 2,982,38.69383821312020190000,-121.18814672931600300000,0.055000,0.055000,
982,20155,GRASS VALLEY 1,983,39.15036185212969850000,-121.04129204466400400000,0.180000,0.180000,
983,20156,AUBURN 7,984,38.95423997970929970000,-121.06022786621299800000,0.160000,0.160000,
984,20157,AUBURN 8,985,39.01399252750360350000,-121.05193299700900400000,0.690000,0.690000,
985,20158,EL DORADO HILLS 1,986,38.68817728811539780000,-120.98433060035800700000,0.940000,0.940000,
986,20159,EL DORADO HILLS 2,987,38.70593786266189800000,-121.00952226050199600000,0.059000,0.059000,
987,20160,WESTWOOD,988,40.30774863531990350000,-120.94667978605299600000,0.280000,0.280000,
988,20161,GRASS VALLEY 2,989,39.22329041767250150000,-120.97281695228599600000,0.031000,0.031000,
989,20162,SHINGLE SPRINGS 1,990,38.59319047194330210000,-120.97903972894499700000,0.140000,0.140000,
990,20163,SHINGLE SPRINGS 2,991,38.62523817023249960000,-120.95150085139199800000,0.150000,0.150000,
991,20164,NEVADA CITY,992,39.27036838667329730000,-120.91377449997500600000,1.600000,1.600000,
992,20165,QUINCY 2,993,40.02028401617649680000,-120.93268486832700200000,0.190000,0.190000,
993,20166,COLFAX 2,994,39.03319999364150310000,-120.88074850523899800000,0.140000,0.140000,
994,20167,FORESTHILL 1,995,38.95890711849140330000,-120.87477329680899600000,0.057000,0.057000,
995,20168,PLACERVILLE 1,996,38.82705098846859930000,-120.82010463133200100000,0.160000,0.160000,
996,20169,PLACERVILLE 2,997,38.63776532207109680000,-120.76771585241999700000,0.097000,0.097000,
997,20170,SUSANVILLE,998,40.59893483115209990000,-120.59613230774000700000,0.300000,0.300000,
998,20171,ALTURAS,999,41.53810962548249820000,-120.58294443415799400000,0.300000,0.300000,
999,20172,POLLOCK PINES 1,1000,38.76566210624690000000,-120.44492867376800400000,0.160000,0.160000,
1000,20173,JANESVILLE,1001,40.37168826614539800000,-120.57506900821999800000,0.110000,0.110000,
1001,20174,PORTOLA,1002,39.91659828578909950000,-120.39691377764400200000,1.000000,1.000000,
1002,20175,TRUCKEE,1003,39.28829260950160320000,-120.18794764620800200000,0.840000,0.840000,
1003,20176,SOUTH LAKE TAHOE 1,1004,38.85328590975859700000,-119.93143138861600500000,0.180000,0.180000,
1004,20177,SOUTH LAKE TAHOE 2,1005,38.86747855538950350000,-119.95979244472199800000,0.440000,0.440000,
1005,20178,POLLOCK PINES 2,1006,38.98269700000000170000,-120.32450300000000700000,0.650000,0.650000,
1006,20179,MCCLELLAN,1007,38.65273100000000280000,-121.39333600000000500000,0.980000,0.980000,
1007,20180,BURNEY 1,1008,40.89809999999999950000,-121.80360000000000300000,3.700000,3.700000,
1008,20181,BELDEN,1009,40.00744499999999700000,-121.24943799999999800000,0.130000,0.130000,
1009,20182,MAXWELL,1010,39.36610000000000300000,-122.26999999999999600000,0.190000,0.190000,
1010,20183,MIDDLETOWN 1,1011,38.75200000000000240000,-122.71949999999999600000,0.390000,0.390000,
1011,20184,COBB,1012,38.83480000000000130000,-122.76770000000000500000,0.480000,0.480000,
1012,20185,CAMINO,1013,38.76533599999999780000,-120.78736600000000600000,1.100000,1.100000,
1013,20186,MONTGOMERY CREEK 1,1014,40.99229499999999860000,-121.97518200000000400000,0.710000,0.710000,
1014,20187,BURNEY 2,1015,40.99744799999999860000,-121.74813899999999500000,0.130000,0.130000,
1015,20188,STRAWBERRY VALLEY 1,1016,39.90520999999999670000,-121.34522599999999700000,0.140000,0.140000,
1016,20189,STRAWBERRY VALLEY 2,1017,39.82590700000000080000,-121.40968700000000500000,0.250000,0.250000,
1017,20190,YUBA CITY 5,1018,39.05292200000000240000,-121.69607200000000100000,0.440000,0.440000,
1018,20191,POLLOCK PINES 3,1019,38.82880999999999720000,-120.53708899999999500000,0.380000,0.380000,
1019,20192,ROSEVILLE 7,1020,38.79279999999999970000,-121.38110000000000400000,0.310000,0.310000,
1020,20193,AUBURN 9,1021,38.88986200000000080000,-121.09852499999999500000,0.690000,0.690000,
1021,20194,POLLOCK PINES 4,1022,38.86428999999999690000,-120.44433499999999500000,0.083000,0.083000,
1022,20195,ANDERSON 2,1023,40.42832899999999800000,-122.27924799999999600000,0.630000,0.630000,
1023,20196,REDDING 7,1024,40.79729600000000290000,-122.76255299999999700000,0.190000,0.190000,
1024,20197,BIG BEND 1,1025,40.98636100000000230000,-121.84944000000000100000,0.160000,0.160000,
1025,20198,ELK GROVE 7,1026,38.44568100000000040000,-121.46238700000000700000,0.850000,0.850000,
1026,20199,STRAWBERRY VALLEY 3,1027,39.91062000000000150000,-121.32769199999999900000,0.930000,0.930000,
1027,20200,WENDEL,1028,40.36833800000000140000,-120.26484800000000100000,1.900000,1.900000,
1028,20201,RIO VISTA 2,1029,38.11999999999999740000,-121.84999999999999400000,0.160000,0.160000,
1029,20202,MONTGOMERY CREEK 2,1030,40.84746200000000020000,-121.99079799999999800000,2.200000,2.200000,
1030,20203,BROWNS VALLEY,1031,39.23899600000000020000,-121.27040900000000100000,0.170000,0.170000,
1031,20204,MEADOW VALLEY 1,1032,40.08599699999999900000,-121.14937299999999700000,0.190000,0.190000,
1032,20205,STRAWBERRY VALLEY 4,1033,39.72289200000000160000,-121.46981400000000000000,0.590000,0.590000,
1033,20206,FORBESTOWN 1,1034,39.55381100000000320000,-121.20407699999999800000,0.060000,0.060000,
1034,20207,MEADOW VALLEY 2,1035,40.08547599999999990000,-121.14824099999999900000,0.047000,0.047000,
1035,20208,REDDING 8,1036,40.71745500000000110000,-122.42227400000000200000,0.011000,0.011000,
1036,20209,FOLSOM 3,1037,38.70674999999999950000,-121.15844300000000500000,0.280000,0.280000,
1037,20210,WOODLAND 5,1038,38.69050000000000010000,-121.73709999999999800000,0.150000,0.150000,
1038,20211,POLLOCK PINES 5,1039,38.89651099999999670000,-120.37829200000000200000,0.340000,0.340000,
1039,20212,ALTA 1,1040,39.25738799999999880000,-120.76704599999999300000,0.110000,0.110000,
1040,20213,HORNBROOK,1041,41.97571599999999850000,-122.35812699999999600000,0.160000,0.160000,
1041,20214,FORESTHILL 2,1042,39.02480099999999650000,-120.59638300000000300000,0.130000,0.130000,
1042,20215,YUBA CITY 6,1043,39.05313900000000160000,-121.69587300000000600000,0.490000,0.490000,
1043,20216,SAMOA,1044,40.80539999999999880000,-124.19490000000000400000,0.065000,0.065000,
1044,20217,DUTCH FLAT,1045,39.21840000000000260000,-120.83520000000000000000,0.060000,0.060000,
1045,20218,OROVILLE 5,1046,39.54298500000000160000,-121.49218799999999900000,0.110000,0.110000,
1046,20219,MIDDLETOWN 2,1047,38.74920000000000190000,-122.71169999999999300000,0.170000,0.170000,
1047,20220,MIDDLETOWN 3,1048,38.78810000000000000000,-122.72190000000000500000,0.098000,0.098000,
1048,20221,YUBA CITY 7,1049,39.13649999999999810000,-121.63970000000000500000,0.380000,0.380000,
1049,20222,FORESTHILL 3,1050,39.00099900000000020000,-120.72505300000000300000,0.100000,0.100000,
1050,20223,YUBA CITY 8,1051,39.10934400000000010000,-121.60930999999999400000,0.650000,0.650000,
1051,20224,YUBA CITY 9,1052,39.13920000000000240000,-121.63870000000000000000,0.950000,0.950000,
1052,20225,REDDING 9,1053,40.61185799999999800000,-122.44644099999999300000,0.810000,0.810000,
1053,20226,MIDDLETOWN 4,1054,38.78790000000000050000,-122.74339999999999400000,0.160000,0.160000,
1054,20227,HERALD,1055,38.33847500000000250000,-121.12397799999999400000,0.150000,0.150000,
1055,20228,YUBA CITY 10,1056,39.13667000000000230000,-121.63984600000000600000,0.180000,0.180000,
1056,20229,MEADOW VALLEY 3,1057,40.17565599999999650000,-121.19066300000000100000,0.091000,0.091000,
1057,20230,MIDDLETOWN 5,1058,38.79030000000000200000,-122.75589999999999700000,0.120000,0.120000,
1058,20231,BURNEY 3,1059,40.87971900000000150000,-121.72034200000000200000,0.140000,0.140000,
1059,20232,REDDING 10,1060,40.62811500000000110000,-122.46750900000000700000,2.800000,2.800000,
1060,20233,REDDING 11,1061,40.64693400000000170000,-122.62697300000000700000,0.990000,0.990000,
1061,20234,MIDDLETOWN 6,1062,38.77700000000000100000,-122.74500000000000500000,3.200000,3.200000,
1062,20235,MONTGOMERY CREEK 3,1063,40.92256799999999830000,-121.99290600000000500000,2.600000,2.600000,
1063,20236,QUINCY 3,1064,39.94116499999999800000,-120.90921099999999900000,0.110000,0.110000,
1064,20237,REDDING 12,1065,40.50729199999999960000,-122.42328100000000300000,0.130000,0.130000,
1065,20238,COLFAX 3,1066,39.17790300000000060000,-120.89085599999999900000,0.820000,0.820000,
1066,20239,SACRAMENTO 36,1067,38.53094300000000060000,-121.40012799999999500000,3.500000,3.500000,
1067,20240,LINCOLN 3,1068,38.90319999999999820000,-121.30970000000000600000,0.057000,0.057000,
1068,20241,OROVILLE 6,1069,39.51489300000000070000,-121.63007700000000000000,0.130000,0.130000,
1069,20242,FORBESTOWN 2,1070,39.55101200000000010000,-121.27878400000000200000,0.080000,0.080000,
1070,20243,SACRAMENTO 37,1071,38.51100000000000280000,-121.47350000000000100000,2.600000,2.600000,
1071,20244,BURNEY 4,1072,40.99083999999999860000,-121.49824300000000200000,0.400000,0.400000,
1072,20245,RED BLUFF 3,1073,40.15189999999999770000,-122.20140000000000700000,0.094000,0.094000,
1073,20246,EUREKA 3,1074,40.74150000000000200000,-124.21030000000000400000,0.460000,0.460000,
1074,20247,ALTA 2,1075,39.25687299999999880000,-120.76743700000000100000,0.940000,0.940000,
1075,20248,BIG BEND 2,1076,40.98619699999999710000,-121.97759399999999600000,0.330000,0.330000,
1076,20249,POLLOCK PINES 6,1077,38.83404999999999770000,-120.53176000000000600000,0.430000,0.430000,
1077,20250,DOBBINS,1078,39.33083299999999840000,-121.19166599999999800000,0.370000,0.370000,
1078,21000,GUERNEVILLE,1079,38.55353259804689970000,-123.00337002586799400000,4.200000,4.200000,
1079,21001,HEALDSBURG,1080,38.69343906529459790000,-122.89055626121499600000,0.095000,0.095000,
1080,21002,SEBASTOPOL 1,1081,38.41763425655469890000,-122.87020010559000100000,4.000000,4.000000,
1081,21003,SEBASTOPOL 2,1082,38.41224379818449820000,-122.82292508417600600000,1.800000,1.800000,
1082,21004,WINDSOR 1,1083,38.50020950698490200000,-122.81446986277299500000,0.029000,0.029000,
1083,21005,WINDSOR 2,1084,38.53792275025600130000,-122.75988733090399300000,0.190000,0.190000,
1084,21006,SANTA ROSA 1,1085,38.54422098910760040000,-122.84437501892399800000,0.380000,0.380000,
1085,21007,SANTA ROSA 2,1086,38.44646539460359950000,-122.78435759276999300000,0.260000,0.260000,
1086,21008,PETALUMA 1,1087,38.15781792686910020000,-122.68994147540699700000,0.021000,0.021000,
1087,21009,PETALUMA 2,1088,38.23107444335980180000,-122.74808236629300500000,0.370000,0.370000,
1088,21010,SANTA ROSA 3,1089,38.48655470438570350000,-122.66633160979100100000,0.060000,0.060000,
1089,21011,SANTA ROSA 4,1090,38.42338147445700260000,-122.81152804126800500000,0.200000,0.200000,
1090,21012,SANTA ROSA 5,1091,38.40500487781599760000,-122.64606430715700500000,0.290000,0.290000,
1091,21013,SANTA ROSA 6,1092,38.43251616465749980000,-122.78197466233399400000,0.400000,0.400000,
1092,21014,ROHNERT PARK 1,1093,38.30533540397839690000,-122.69037771105399800000,0.055000,0.055000,
1093,21015,ROHNERT PARK 2,1094,38.25133327066200200000,-122.78687476726599900000,0.810000,0.810000,
1094,21016,SANTA ROSA 7,1095,38.48597579609359800000,-122.59775873908300500000,4.000000,4.000000,
1095,21017,SANTA ROSA 8,1096,38.45989941368279830000,-122.74761104592100500000,0.050000,0.050000,
1096,21018,SANTA ROSA 9,1097,38.45525925319179810000,-122.61721909522700000000,0.930000,0.930000,
1097,21019,NOVATO 1,1098,38.12251617357689780000,-122.65885997334399400000,0.170000,0.170000,
1098,21020,FAIRFAX,1099,37.86460683412740020000,-122.59004172407100000000,0.110000,0.110000,
1099,21021,CALISTOGA,1100,38.65023490521409850000,-122.68839389009400500000,0.280000,0.280000,
1100,21022,SANTA ROSA 10,1101,38.48334987772449980000,-122.52313597191499600000,0.540000,0.540000,
1101,21023,SANTA ROSA 11,1102,38.56466762496039990000,-122.56629679380499400000,0.220000,0.220000,
1102,21024,SAN ANSELMO,1103,38.00333338628490050000,-122.50204738881899400000,2.300000,2.300000,
1103,21025,MILL VALLEY 1,1104,37.92063299195319810000,-122.55924862840099400000,0.240000,0.240000,
1104,21026,MILL VALLEY 2,1105,37.80438313126219900000,-122.48053982901500100000,0.780000,0.780000,
1105,21027,GREENBRAE,1106,37.88248877060819810000,-122.61864702258699800000,3.800000,3.800000,
1106,21028,PETALUMA 3,1107,38.28215901552869840000,-122.61564997176900200000,0.250000,0.250000,
1107,21029,PETALUMA 4,1108,38.17331656677409770000,-122.61038242041100000000,0.470000,0.470000,
1108,21030,SAN RAFAEL 1,1109,38.11997751801680320000,-122.58080450742100700000,0.160000,0.160000,
1109,21031,SAN RAFAEL 2,1110,38.00019079677250030000,-122.56638360766599800000,0.110000,0.110000,
1110,21032,SAUSALITO,1111,37.83993691699620140000,-122.47803810449599400000,0.460000,0.460000,
1111,21033,NOVATO 2,1112,38.07543198352750120000,-122.48434676871599400000,0.400000,0.400000,
1112,21034,NOVATO 3,1113,38.06122663234089740000,-122.58964561682799400000,0.520000,0.520000,
1113,21035,CORTE MADERA,1114,37.90870359304430080000,-122.58114849850099400000,0.110000,0.110000,
1114,21036,SAN RAFAEL 3,1115,38.01732005808310080000,-122.49622665680500700000,0.130000,0.130000,
1115,21037,SAN RAFAEL 4,1116,37.98023583752969760000,-122.58831488703400200000,0.032000,0.032000,
1116,21038,SAN FRANCISCO 1,1117,37.85317727138740200000,-122.43659754946099800000,0.920000,0.920000,
1117,21039,SAN FRANCISCO 2,1118,37.68984213657039820000,-122.49767051444000300000,0.160000,0.160000,
1118,21040,GLEN ELLEN,1119,38.34271856984950230000,-122.40039075406500000000,2.800000,2.800000,
1119,21041,SAN FRANCISCO 3,1120,37.73562453464870000000,-122.50786308060399700000,0.470000,0.470000,
1120,21042,SAN FRANCISCO 4,1121,37.80082547287040030000,-122.41593495709599900000,0.530000,0.530000,
1121,21043,SAN FRANCISCO 5,1122,37.69535941923410150000,-122.49910523277800700000,0.520000,0.520000,
1122,21044,SAN FRANCISCO 6,1123,37.84848113387879920000,-122.55880580305199600000,0.170000,0.170000,
1123,21045,SAN FRANCISCO 7,1124,37.78734044275630310000,-122.50650097883199400000,0.022000,0.022000,
1124,21046,SAN FRANCISCO 8,1125,37.70955144341589720000,-122.44239774997200200000,4.800000,4.800000,
1125,21047,DALY CITY 1,1126,37.71994334410909740000,-122.42133944878200700000,0.200000,0.200000,
1126,21048,DALY CITY 2,1127,37.60824668381779650000,-122.41019065860000100000,3.100000,3.100000,
1127,21049,PACIFICA 1,1128,37.69873705957240160000,-122.44946652065999600000,0.073000,0.073000,
1128,21050,PACIFICA 2,1129,37.56458230193199910000,-122.51596050213400700000,0.029000,0.029000,
1129,21051,SONOMA 1,1130,38.25611706874519770000,-122.50537830446799600000,0.300000,0.300000,
1130,21052,SONOMA 2,1131,38.19770585654570280000,-122.39779168581199500000,0.480000,0.480000,
1131,21053,BELVEDERE TIBURON,1132,37.96202883984469880000,-122.37067916904699400000,0.310000,0.310000,
1132,21054,SAN FRANCISCO 9,1133,37.74083624091679920000,-122.41797949021599800000,0.420000,0.420000,
1133,21055,SAN FRANCISCO 10,1134,37.70768781666709660000,-122.42914838364799800000,0.025000,0.025000,
1134,21056,SAN FRANCISCO 11,1135,37.66907834809430260000,-122.42777785024300400000,0.160000,0.160000,
1135,21057,SAN FRANCISCO 12,1136,37.76648956354689800000,-122.50706497281299800000,1.900000,1.900000,
1136,21058,SAN FRANCISCO 13,1137,37.80963314348959870000,-122.40455463849899300000,0.210000,0.210000,
1137,21059,DALY CITY 3,1138,37.78486850155540110000,-122.40666148684400100000,2.500000,2.500000,
1138,21060,DALY CITY 4,1139,37.66620672158980200000,-122.47894313891500000000,0.140000,0.140000,
1139,21061,SAN FRANCISCO 14,1140,37.79248252459809980000,-122.44566354331800500000,2.100000,2.100000,
1140,21062,SAN FRANCISCO 15,1141,37.73946909813540170000,-122.37661670049800500000,0.049000,0.049000,
1141,21063,SAN FRANCISCO 16,1142,37.67826773961350280000,-122.44900493900600200000,0.260000,0.260000,
1142,21064,SAN FRANCISCO 17,1143,37.83098629636999990000,-122.53859076806699600000,0.170000,0.170000,
1143,21065,SAN FRANCISCO 18,1144,37.89171083994119730000,-122.45482369063199700000,0.270000,0.270000,
1144,21066,SAN FRANCISCO 19,1145,37.87699462991479750000,-122.44657481436100000000,0.370000,0.370000,
1145,21067,SAN FRANCISCO 20,1146,37.82008090676460200000,-122.37157565216199400000,1.800000,1.800000,
1146,21068,SAN FRANCISCO 21,1147,37.81213556700669900000,-122.36845453056000100000,0.130000,0.130000,
1147,21069,SAN BRUNO 1,1148,37.69787701950640010000,-122.39130335227200400000,0.062000,0.062000,
1148,21070,SAN BRUNO 2,1149,37.65907480822230010000,-122.37470851350100500000,0.410000,0.410000,
1149,21071,SAN FRANCISCO 22,1150,37.87259651412839640000,-122.31000742870399700000,0.700000,0.700000,
1150,21072,SAN FRANCISCO 23,1151,37.71706941502029760000,-122.36104358464500300000,0.044000,0.044000,
1151,21073,SOUTH SAN FRANCISCO 1,1152,37.56609112147150140000,-122.42201955943799900000,0.360000,0.360000,
1152,21074,SOUTH SAN FRANCISCO 2,1153,37.60811894176529790000,-122.49826439570199500000,0.072000,0.072000,
1153,21075,SAINT HELENA,1154,38.58191038921000170000,-122.33901535735400000000,0.330000,0.330000,
1154,21076,SAN FRANCISCO 24,1155,37.78528354991779990000,-122.31747693127700000000,0.610000,0.610000,
1155,21077,SAN FRANCISCO 25,1156,37.66791542683470340000,-122.49560519604800400000,0.190000,0.190000,
1156,21078,SAN FRANCISCO 26,1157,37.70724791895779760000,-122.39497194580499700000,0.120000,0.120000,
1157,21079,HALF MOON BAY,1158,37.53048317328359930000,-122.42087081064700300000,0.190000,0.190000,
1158,21080,SAN FRANCISCO 27,1159,37.87682139267280230000,-122.50632256592800200000,1.800000,1.800000,
1159,21081,MILLBRAE,1160,37.62240861522310100000,-122.41878265070700100000,0.940000,0.940000,
1160,21082,SAN FRANCISCO 28,1161,37.75299807165310280000,-122.24313528556500300000,0.410000,0.410000,
1161,21083,SAN FRANCISCO 29,1162,37.78243089139579780000,-122.38391430961699800000,0.320000,0.320000,
1162,21084,RICHMOND 1,1163,37.93068207510410160000,-122.40446425463899500000,0.180000,0.180000,
1163,21085,RICHMOND 2,1164,37.86880243490959690000,-122.30112715493000000000,0.160000,0.160000,
1164,21086,BURLINGAME 1,1165,37.59907367011079770000,-122.46056173815999600000,0.010000,0.010000,
1165,21087,BURLINGAME 2,1166,37.63367302564199690000,-122.37889191580799800000,0.200000,0.200000,
1166,21088,SAN MATEO 1,1167,37.48163302313150070000,-122.42207976768200700000,0.053000,0.053000,
1167,21089,RICHMOND 3,1168,37.87530848861270270000,-122.26307413646900100000,1.000000,1.000000,
1168,21090,RICHMOND 4,1169,37.88283785994109820000,-122.31024477216199400000,0.083000,0.083000,
1169,21091,SAN PABLO 1,1170,38.03162742046300340000,-122.49939604930600000000,0.097000,0.097000,
1170,21092,SAN PABLO 2,1171,38.02827358714740310000,-122.25251177970200400000,0.340000,0.340000,
1171,21093,RICHMOND 5,1172,38.02730116255860080000,-122.27912708280300100000,0.370000,0.370000,
1172,21094,SAN MATEO 2,1173,37.64153748699970240000,-122.38654172337800200000,0.570000,0.570000,
1173,21095,NAPA 1,1174,38.26086278234350150000,-122.36997678141200600000,0.490000,0.490000,
1174,21096,NAPA 2,1175,38.19331474219769970000,-122.27122381959199500000,0.025000,0.025000,
1175,21097,SAN MATEO 3,1176,37.58290884938389810000,-122.14481313975400700000,0.950000,0.950000,
1176,21098,SAN MATEO 4,1177,37.55062153474150220000,-122.23284330369199300000,0.110000,0.110000,
1177,21099,OAKLAND 1,1178,37.74183729152210280000,-122.37701896838099500000,0.180000,0.180000,
1178,21100,BELMONT,1179,37.53998495593749850000,-122.29574109863000300000,0.410000,0.410000,
1179,21101,EL CERRITO,1180,37.93561543044440040000,-122.30374627580600600000,2.600000,2.600000,
1180,21102,REDWOOD CITY 1,1181,37.41271738515980160000,-122.21899455113100400000,0.098000,0.098000,
1181,21103,REDWOOD CITY 2,1182,37.41675861667840050000,-122.20676898432100200000,0.290000,0.290000,
1182,21104,ALBANY 4,1183,37.93052730769900190000,-122.21812430703100500000,0.630000,0.630000,
1183,21105,EMERYVILLE,1184,37.85752883878959810000,-122.24670971395700300000,0.100000,0.100000,
1184,21106,BERKELEY 1,1185,37.95778106911669880000,-122.34776686968200500000,0.720000,0.720000,
1185,21107,EL SOBRANTE 1,1186,38.00162105054779720000,-122.19018912232300500000,0.940000,0.940000,
1186,21108,PINOLE,1187,37.97551462751449950000,-122.28031966337100300000,4.500000,4.500000,
1187,21109,BERKELEY 2,1188,37.98524483530810160000,-122.33171451511700000000,0.430000,0.430000,
1188,21110,ALAMEDA 1,1189,37.73123261007889800000,-122.20691885559900000000,4.200000,4.200000,
1189,21111,ALAMEDA 2,1190,37.71995300064679670000,-122.19534282072000000000,0.190000,0.190000,
1190,21112,BERKELEY 3,1191,37.90474694005680330000,-122.26338228733399700000,0.200000,0.200000,
1191,21113,SAN CARLOS 1,1192,37.52976006805109680000,-122.20908562047399900000,0.059000,0.059000,
1192,21114,SAN CARLOS 2,1193,37.42864217255350210000,-122.30917978477700100000,1.200000,1.200000,
1193,21115,SAN MATEO 5,1194,37.54262705375020200000,-122.31720305735400700000,2.200000,2.200000,
1194,21116,AMERICAN CANYON,1195,38.24844445085229690000,-122.27876007987499900000,0.430000,0.430000,
1195,21117,OAKLAND 2,1196,37.93414398345080230000,-122.25421794934500500000,0.330000,0.330000,
1196,21118,HERCULES,1197,38.01975848587230190000,-122.18007071694900400000,0.370000,0.370000,
1197,21119,BERKELEY 4,1198,37.80980541867509710000,-122.16595930616900000000,0.390000,0.390000,
1198,21120,VALLEJO 1,1199,38.10631861408270280000,-122.17666483205300700000,0.210000,0.210000,
1199,21121,VALLEJO 2,1200,38.12067265614639670000,-122.20437497200299500000,0.086000,0.086000,
1200,21122,REDWOOD CITY 3,1201,37.49043398525329710000,-122.26455481904099500000,0.140000,0.140000,
1201,21123,ALAMEDA 3,1202,37.66295799410350040000,-122.16119101974000200000,0.320000,0.320000,
1202,21124,OAKLAND 3,1203,37.88665265597339980000,-122.25004056589800400000,0.071000,0.071000,
1203,21125,OAKLAND 4,1204,37.79535455669609690000,-122.23229290339399700000,2.800000,2.800000,
1204,21126,OAKLAND 5,1205,37.73291518237000020000,-122.14273860609499400000,0.031000,0.031000,
1205,21127,OAKLAND 6,1206,37.71697407369249790000,-122.23406337556400600000,0.500000,0.500000,
1206,21128,NAPA 3,1207,38.39654395095570290000,-122.28076192044399300000,0.069000,0.069000,
1207,21129,NAPA 4,1208,38.39316436396320140000,-122.15658883043100500000,0.330000,0.330000,
1208,21130,BERKELEY 5,1209,37.90359118164710140000,-122.27726143600699500000,0.740000,0.740000,
1209,21131,OAKLAND 7,1210,37.83671307974780260000,-122.20071968207500400000,0.097000,0.097000,
1210,21132,REDWOOD CITY 4,1211,37.55493969247579860000,-122.12571504871699800000,0.120000,0.120000,
1211,21133,REDWOOD CITY 5,1212,37.53993688747429760000,-122.22386033596200200000,0.210000,0.210000,
1212,21134,VALLEJO 3,1213,38.10764001685799940000,-122.26669866195200600000,0.660000,0.660000,
1213,21135,VALLEJO 4,1214,38.10893490439020330000,-122.28274683398200300000,0.390000,0.390000,
1214,21136,OAKLAND 8,1215,37.79014693196059940000,-122.28182094488200000000,0.380000,0.380000,
1215,21137,OAKLAND 9,1216,37.73554794036230220000,-122.22622459034600700000,0.027000,0.027000,
1216,21138,OAKLAND 10,1217,37.78632754357270330000,-122.30463789634700300000,0.046000,0.046000,
1217,21139,OAKLAND 11,1218,37.73180728116390270000,-122.10775968307800100000,2.800000,2.800000,
1218,21140,OAKLAND 12,1219,37.81279571394799890000,-122.11868402563699500000,0.610000,0.610000,
1219,21141,OAKLAND 13,1220,37.83151103346420290000,-122.21089731944999800000,0.470000,0.470000,
1220,21142,OAKLAND 14,1221,37.85791540421659820000,-122.13180390747500300000,0.870000,0.870000,
1221,21143,VALLEJO 5,1222,38.18274960839470110000,-122.15048390545399600000,0.450000,0.450000,
1222,21144,VALLEJO 6,1223,38.20916076019980070000,-122.17882355548400100000,4.400000,4.400000,
1223,21145,REDWOOD CITY 6,1224,37.59083658545510080000,-122.14057779680899800000,0.075000,0.075000,
1224,21146,REDWOOD CITY 7,1225,37.51573378985280270000,-122.18521472396699300000,0.130000,0.130000,
1225,21147,ORINDA,1226,37.87106786413259840000,-122.24242414014300100000,0.820000,0.820000,
1226,21148,OAKLAND 15,1227,37.74078689434070100000,-122.08097739618699500000,0.230000,0.230000,
1227,21149,OAKLAND 16,1228,37.69743049107769650000,-122.20352374551299600000,3.200000,3.200000,
1228,21150,MENLO PARK 1,1229,37.40997537896969760000,-122.09303877512100200000,0.075000,0.075000,
1229,21151,MENLO PARK 2,1230,37.54579338038149670000,-122.27169094932300200000,0.140000,0.140000,
1230,21152,STANFORD 1,1231,37.32258258259380310000,-122.17567864685599900000,0.330000,0.330000,
1231,21153,SAN LEANDRO 1,1232,37.71331953328439820000,-122.17545892084099500000,0.440000,0.440000,
1232,21154,SAN LEANDRO 2,1233,37.69831920569399840000,-122.20979569375600700000,1.700000,1.700000,
1233,21155,SAN LEANDRO 3,1234,37.71883966723989800000,-122.22188615096399600000,0.470000,0.470000,
1234,21156,OAKLAND 17,1235,37.84484066424879960000,-122.13238719759699800000,0.300000,0.300000,
1235,21157,PALO ALTO 1,1236,37.35362216333229670000,-122.20467584675400000000,0.350000,0.350000,
1236,21158,BOULDER CREEK,1237,37.15130641992300300000,-122.11182058055200600000,0.440000,0.440000,
1237,21159,LOS ALTOS 1,1238,37.32902132612159820000,-122.11266015869499300000,0.170000,0.170000,
1238,21160,MARTINEZ 1,1239,38.06549311431570000000,-122.06547613555800100000,0.110000,0.110000,
1239,21161,MARTINEZ 2,1240,37.96335323916159860000,-122.07357136665599700000,0.960000,0.960000,
1240,21162,BENICIA 1,1241,38.07057338343719980000,-122.21880347006600700000,0.440000,0.440000,
1241,21163,BENICIA 2,1242,38.00025741255149820000,-122.12795954961400500000,0.300000,0.300000,
1242,21164,FAIRFIELD 1,1243,38.34445392595350200000,-122.03992958031099600000,0.210000,0.210000,
1243,21165,FAIRFIELD 2,1244,38.24666082103590270000,-122.16433884255299400000,0.420000,0.420000,
1244,21166,SAN LORENZO 1,1245,37.77284442463140120000,-122.10864597413800000000,0.170000,0.170000,
1245,21167,SAN LORENZO 2,1246,37.62840840881659690000,-122.05078326911800000000,0.300000,0.300000,
1246,21168,OAKLAND 18,1247,37.86048905315369950000,-122.20966991265299800000,0.083000,0.083000,
1247,21169,PALO ALTO 2,1248,37.36897860997599710000,-122.12953279015100400000,0.130000,0.130000,
1248,21170,HAYWARD 1,1249,37.65211468808710290000,-122.10306020991400500000,0.920000,0.920000,
1249,21171,HAYWARD 2,1250,37.51427542481099660000,-122.20630996909599700000,0.086000,0.086000,
1250,21172,SAN LEANDRO 4,1251,37.77887376980879710000,-122.11764259216499800000,0.053000,0.053000,
1251,21173,SAN LEANDRO 5,1252,37.74165400689619790000,-122.12403128705399500000,0.400000,0.400000,
1252,21174,SANTA CRUZ 1,1253,37.01087748741920080000,-122.13195343774499700000,3.900000,3.900000,
1253,21175,SANTA CRUZ 2,1254,37.04473674846720140000,-122.17291076122600700000,4.700000,4.700000,
1254,21176,PALO ALTO 3,1255,37.48384760415090260000,-122.14761539154899600000,0.930000,0.930000,
1255,21177,PALO ALTO 4,1256,37.49015436174550330000,-122.06790268055900100000,0.097000,0.097000,
1256,21178,MORAGA,1257,37.77669304279449850000,-122.14163536545500200000,0.190000,0.190000,
1257,21179,LAFAYETTE 1,1258,37.84698231753839790000,-122.06486105394900200000,0.050000,0.050000,
1258,21180,FREMONT 1,1259,37.45422253562080070000,-122.05239589747400000000,0.380000,0.380000,
1259,21181,FREMONT 2,1260,37.51969288720950150000,-122.09639078598399900000,0.530000,0.530000,
1260,21182,LOS ALTOS 2,1261,37.29233265501230220000,-122.01857584841799600000,0.490000,0.490000,
1261,21183,MOUNTAIN VIEW 1,1262,37.36743860648559940000,-122.10984545104599900000,0.140000,0.140000,
1262,21184,MOUNTAIN VIEW 2,1263,37.31013668431639730000,-122.13699404725599600000,0.049000,0.049000,
1263,21185,HAYWARD 3,1264,37.69779155289700160000,-122.14555408581399800000,0.280000,0.280000,
1264,21186,HAYWARD 4,1265,37.66490044534479860000,-122.01457499566200200000,0.760000,0.760000,
1265,21187,CUPERTINO 1,1266,37.40547592123599680000,-122.05564245863199400000,1.700000,1.700000,
1266,21188,CUPERTINO 2,1267,37.29920356171479770000,-122.14985459173999500000,0.340000,0.340000,
1267,21189,WINTERS,1268,38.52804399123169790000,-122.03164135527700300000,0.011000,0.011000,
1268,21190,CASTRO VALLEY 1,1269,37.78568450604569760000,-122.03179513531800600000,0.150000,0.150000,
1269,21191,CASTRO VALLEY 2,1270,37.75424054441440090000,-122.09938797822600500000,0.640000,0.640000,
1270,21192,PLEASANT HILL 1,1271,37.92134209892410010000,-121.97805753770400400000,0.067000,0.067000,
1271,21193,PLEASANT HILL 2,1272,38.01468549070270340000,-122.04234417122199800000,0.034000,0.034000,
1272,21194,MOUNTAIN VIEW 3,1273,37.39787829103860160000,-122.15265303467100500000,0.500000,0.500000,
1273,21195,WALNUT CREEK 1,1274,37.87266545483370100000,-122.10083976904100200000,0.290000,0.290000,
1274,21196,MOUNTAIN VIEW 4,1275,37.45281505132769700000,-122.10493123706399400000,0.051000,0.051000,
1275,21197,MOUNTAIN VIEW 5,1276,37.41992539328600030000,-122.03851471128500400000,0.160000,0.160000,
1276,21198,WALNUT CREEK 2,1277,37.81335733773460110000,-122.13378958169600700000,0.130000,0.130000,
1277,21199,SANTA CRUZ 3,1278,37.06317181526240030000,-122.12751777798000300000,0.400000,0.400000,
1278,21200,HAYWARD 5,1279,37.54945525032979960000,-122.08932651998399900000,0.096000,0.096000,
1279,21201,HAYWARD 6,1280,37.61881593403420250000,-122.08540431605399600000,0.160000,0.160000,
1280,21202,SARATOGA 1,1281,37.27933797504059750000,-121.98713030839300600000,3.900000,3.900000,
1281,21203,SARATOGA 2,1282,37.29429538439959660000,-122.07626868654500600000,0.840000,0.840000,
1282,21204,CONCORD 1,1283,37.98637160599390230000,-122.13095379197299900000,0.300000,0.300000,
1283,21205,CONCORD 2,1284,37.91377831979230000000,-122.10390253182500000000,0.500000,0.500000,
1284,21206,WALNUT CREEK 3,1285,37.93840621096529730000,-122.13202855252400500000,0.860000,0.860000,
1285,21207,HAYWARD 7,1286,37.58548928113599880000,-122.08080964432899400000,0.170000,0.170000,
1286,21208,SUNNYVALE 1,1287,37.35029941569680290000,-122.01036317528699700000,0.900000,0.900000,
1287,21209,SUNNYVALE 2,1288,37.30779124930050020000,-122.07255726928499900000,2.800000,2.800000,
1288,21210,NEWARK 1,1289,37.52088603838490140000,-122.06928242868899300000,4.500000,4.500000,
1289,21211,NEWARK 2,1290,37.55474148426989700000,-122.10609429065999600000,0.240000,0.240000,
1290,21212,SUNNYVALE 3,1291,37.27781896262170140000,-121.94010848469800100000,0.440000,0.440000,
1291,21213,SUNNYVALE 4,1292,37.39891742051369760000,-121.93616471906699400000,0.040000,0.040000,
1292,21214,VACAVILLE 1,1293,38.38341309745879930000,-121.96039946783399400000,0.400000,0.400000,
1293,21215,VACAVILLE 2,1294,38.40754811812470140000,-121.96038039276399400000,0.930000,0.930000,
1294,21216,CONCORD 3,1295,37.89973716022399940000,-121.94905495454000300000,0.095000,0.095000,
1295,21217,CONCORD 4,1296,37.97825598249099950000,-122.05582240747000400000,0.097000,0.097000,
1296,21218,CASTRO VALLEY 3,1297,37.77216989166660000000,-122.04208751344199900000,0.260000,0.260000,
1297,21219,ALAMO 1,1298,37.85703189404780030000,-121.97353352043400300000,0.750000,0.750000,
1298,21220,UNION CITY 1,1299,37.63558341047050250000,-121.94159716351599300000,1.200000,1.200000,
1299,21221,UNION CITY 2,1300,37.67327989775839820000,-121.92318584967199500000,0.021000,0.021000,
1300,21222,SUNNYVALE 5,1301,37.29373848351529830000,-122.04513634631500400000,0.960000,0.960000,
1301,21223,SUNNYVALE 6,1302,37.45867363780210010000,-121.91662655944399800000,0.110000,0.110000,
1302,21224,SCOTTS VALLEY,1303,37.07947099960159680000,-121.94204663413700000000,3.300000,3.300000,
1303,21225,CONCORD 5,1304,37.89075380512719700000,-122.08341752092400200000,0.440000,0.440000,
1304,21226,FAIRFIELD 3,1305,38.34629061259030180000,-121.97030419153900000000,1.800000,1.800000,
1305,21227,FAIRFIELD 4,1306,38.19456141108739900000,-122.02339679616000000000,0.380000,0.380000,
1306,21228,SAN JOSE 1,1307,37.39121727138989830000,-121.97026126312100300000,0.320000,0.320000,
1307,21229,SAN JOSE 2,1308,37.31986454345919670000,-121.98750400611099600000,0.400000,0.400000,
1308,21230,WALNUT CREEK 4,1309,37.82563182966419650000,-121.96137227882799400000,0.098000,0.098000,
1309,21231,DANVILLE 1,1310,37.79178368143060140000,-121.99227749658500400000,0.440000,0.440000,
1310,21232,DANVILLE 2,1311,37.83664424730010010000,-121.90738580399700200000,0.140000,0.140000,
1311,21233,SANTA CRUZ 4,1312,36.97770104109419980000,-122.05374091070299900000,4.100000,4.100000,
1312,21234,SANTA CRUZ 5,1313,36.92512683036260060000,-121.85800684331499600000,0.420000,0.420000,
1313,21235,SAN JOSE 3,1314,37.19062216916630350000,-122.08534574529700500000,0.490000,0.490000,
1314,21236,LOS GATOS 1,1315,37.11913882240340000000,-122.05205335608700100000,0.087000,0.087000,
1315,21237,SANTA CLARA 1,1316,37.43707366387700120000,-122.01271618353800400000,0.960000,0.960000,
1316,21238,SANTA CLARA 2,1317,37.27991605270189980000,-121.99669948890600300000,0.460000,0.460000,
1317,21239,SANTA CRUZ 6,1318,37.10688673367040020000,-121.97704229835299800000,0.240000,0.240000,
1318,21240,LOS GATOS 2,1319,37.22820919280690080000,-121.89232448074599800000,4.300000,4.300000,
1319,21241,FREMONT 3,1320,37.52708479618180350000,-122.01582106497799900000,0.190000,0.190000,
1320,21242,FREMONT 4,1321,37.56637785292650020000,-121.94498638327399900000,0.980000,0.980000,
1321,21243,SAN RAMON 1,1322,37.72093409256270040000,-121.93720374029200600000,0.095000,0.095000,
1322,21244,SAN RAMON 2,1323,37.75423208479639920000,-122.02808111804199600000,0.067000,0.067000,
1323,21245,SANTA CLARA 3,1324,37.37675989080909740000,-122.00870924788900100000,0.150000,0.150000,
1324,21246,FREMONT 5,1325,37.42239377335570080000,-121.94753417574899900000,0.150000,0.150000,
1325,21247,FREMONT 6,1326,37.44571766197760350000,-121.97807950385500000000,0.350000,0.350000,
1326,21248,SAN JOSE 4,1327,37.29767850840219980000,-122.03170163904900400000,0.430000,0.430000,
1327,21249,SAN JOSE 5,1328,37.23079697195809960000,-121.86802523625499400000,0.310000,0.310000,
1328,21250,CONCORD 6,1329,37.94978992783040180000,-121.91451380031999500000,0.120000,0.120000,
1329,21251,CONCORD 7,1330,37.98433389649049730000,-121.90344909617999800000,0.150000,0.150000,
1330,21252,CAMPBELL 1,1331,37.24388448349350260000,-122.01335389392799900000,2.700000,2.700000,
1331,21253,CAMPBELL 2,1332,37.19345115248709990000,-121.93676278636300500000,0.810000,0.810000,
1332,21254,CAPITOLA,1333,36.88563320287310180000,-121.83182706020799900000,0.200000,0.200000,
1333,21255,SANTA CLARA 4,1334,37.44332476512369820000,-122.04144860140999600000,0.780000,0.780000,
1334,21256,SANTA CLARA 5,1335,37.41859055135019930000,-121.97459909054200000000,2.300000,2.300000,
1335,21257,SAN JOSE 6,1336,37.41732192829110200000,-121.92908877154900400000,0.190000,0.190000,
1336,21258,SAN JOSE 7,1337,37.23124361530680200000,-121.84785854868700000000,0.470000,0.470000,
1337,21259,SOQUEL,1338,37.13289526861780130000,-121.84834015850199800000,0.150000,0.150000,
1338,21260,SUISUN CITY 1,1339,38.19254767176359880000,-121.86259732282799500000,0.390000,0.390000,
1339,21261,SUISUN CITY 2,1340,38.16743229327150290000,-122.01694846336499700000,0.730000,0.730000,
1340,21262,LOS GATOS 3,1341,37.15482359582779990000,-121.99744473661199600000,0.480000,0.480000,
1341,21263,LOS GATOS 4,1342,37.14323421239529920000,-122.01774640105600200000,0.470000,0.470000,
1342,21264,SAN JOSE 8,1343,37.20877527138890170000,-121.92068426947200500000,0.095000,0.095000,
1343,21265,SAN JOSE 9,1344,37.15851204654389760000,-122.02000430969499700000,0.880000,0.880000,
1344,21266,VACAVILLE 3,1345,38.29594867945279900000,-121.96707793536499800000,0.085000,0.085000,
1345,21267,VACAVILLE 4,1346,38.23482356886889730000,-122.01756154894299300000,0.150000,0.150000,
1346,21268,SAN JOSE 10,1347,37.42238178328280180000,-121.99576124844000400000,0.410000,0.410000,
1347,21269,SAN JOSE 11,1348,37.38710060872959670000,-121.99886398824899900000,0.280000,0.280000,
1348,21270,SAN RAMON 3,1349,37.72391898631700260000,-121.97210434153299700000,0.210000,0.210000,
1349,21271,SAN RAMON 4,1350,37.85515958029949960000,-121.99137377404200300000,0.420000,0.420000,
1350,21272,DUBLIN 1,1351,37.75921764314799840000,-121.94655697260600400000,0.120000,0.120000,
1351,21273,DUBLIN 2,1352,37.63367655668770340000,-121.97357305688800000000,0.100000,0.100000,
1352,21274,DANVILLE 3,1353,37.72550594425430150000,-121.93383760834400700000,0.100000,0.100000,
1353,21275,FREMONT 7,1354,37.45322982004100250000,-121.84163317232500400000,4.900000,4.900000,
1354,21276,FREMONT 8,1355,37.51209805746700000000,-121.90184038674499300000,1.600000,1.600000,
1355,21277,SAN JOSE 12,1356,37.31834762149379970000,-121.99455242979999500000,0.370000,0.370000,
1356,21278,PITTSBURG 1,1357,38.03347116204540160000,-121.87724872580200500000,0.440000,0.440000,
1357,21279,PITTSBURG 2,1358,38.07781710830349910000,-121.81820318243900700000,0.420000,0.420000,
1358,21280,PITTSBURG 3,1359,38.10640017438920070000,-121.91076272899400100000,0.470000,0.470000,
1359,21281,SAN JOSE 13,1360,37.33185884952720100000,-121.90668653169599600000,0.940000,0.940000,
1360,21282,SAN JOSE 14,1361,37.40756997721250340000,-121.90659703131700600000,0.770000,0.770000,
1361,21283,SAN JOSE 15,1362,37.30446634329069870000,-121.89966204438600500000,0.059000,0.059000,
1362,21284,SAN JOSE 16,1363,37.38495529632260170000,-121.92222308240199900000,0.190000,0.190000,
1363,21285,SAN JOSE 17,1364,37.32746303697359740000,-121.84500296147000100000,1.900000,1.900000,
1364,21286,SAN JOSE 18,1365,37.23569709152609870000,-121.87662327750599900000,0.120000,0.120000,
1365,21287,SAN JOSE 19,1366,37.32074083480880230000,-121.82977017441300000000,0.140000,0.140000,
1366,21288,SAN JOSE 20,1367,37.33177421726699660000,-121.86275171431799400000,0.800000,0.800000,
1367,21289,APTOS,1368,36.99952611378309800000,-121.81948859745800500000,0.950000,0.950000,
1368,21290,CLAYTON,1369,37.89501659512099960000,-121.97389941083700600000,0.280000,0.280000,
1369,21291,MILPITAS 1,1370,37.47315439635929830000,-121.82110853535799300000,0.016000,0.016000,
1370,21292,MILPITAS 2,1371,37.50535251777299810000,-121.87613125823899900000,0.150000,0.150000,
1371,21293,SAN JOSE 21,1372,37.41816220977690220000,-121.76983430823099800000,0.240000,0.240000,
1372,21294,PLEASANTON 1,1373,37.70346651695420090000,-121.85706504831499300000,0.440000,0.440000,
1373,21295,SAN JOSE 22,1374,37.42152601431639880000,-121.75393082334400700000,0.017000,0.017000,
1374,21296,SAN JOSE 23,1375,37.37729138755560140000,-121.83992363509699400000,0.960000,0.960000,
1375,21297,SAN JOSE 24,1376,37.18013377060260180000,-121.90180219023200400000,0.100000,0.100000,
1376,21298,SAN JOSE 25,1377,37.18552064217019650000,-121.83159409034199400000,0.092000,0.092000,
1377,21299,PLEASANTON 2,1378,37.69976220472069880000,-121.87683570478699800000,0.820000,0.820000,
1378,21300,PLEASANTON 3,1379,37.69891286051139900000,-121.93416659025099600000,0.073000,0.073000,
1379,21301,SAN JOSE 26,1380,37.28005021238529790000,-121.81023275464400500000,3.300000,3.300000,
1380,21302,SAN JOSE 27,1381,37.28324638321969790000,-121.81953294830400100000,0.087000,0.087000,
1381,21303,SAN JOSE 28,1382,37.38690593431510220000,-121.85411482641299600000,0.120000,0.120000,
1382,21304,SAN JOSE 29,1383,37.40955392116610060000,-121.92078656437900000000,0.560000,0.560000,
1383,21305,SAN JOSE 30,1384,37.17421768291399790000,-121.73684503297199900000,0.580000,0.580000,
1384,21306,SAN JOSE 31,1385,37.17895151258210260000,-121.90976845174499500000,0.210000,0.210000,
1385,21307,SAN JOSE 32,1386,37.31114873448250080000,-121.83221008314200200000,5.000000,5.000000,
1386,21308,SAN JOSE 33,1387,37.25298261574410220000,-121.77328587146000400000,0.340000,0.340000,
1387,21309,ANTIOCH 1,1388,37.97663478301640080000,-121.76804609550599400000,0.420000,0.420000,
1388,21310,ANTIOCH 2,1389,37.95645221591720290000,-121.86133786602999900000,0.290000,0.290000,
1389,21311,SAN JOSE 34,1390,37.27038825912819680000,-121.87357940842200300000,0.290000,0.290000,
1390,21312,SAN JOSE 35,1391,37.26426391698559830000,-121.88698018259799500000,0.150000,0.150000,
1391,21313,SAN JOSE 36,1392,37.40111757626119980000,-121.85685085794500500000,0.190000,0.190000,
1392,21314,SAN JOSE 37,1393,37.32442312737440200000,-121.79556147258300300000,4.600000,4.600000,
1393,21315,SAN JOSE 38,1394,37.27670351710259670000,-121.84850098332799500000,0.074000,0.074000,
1394,21316,SAN JOSE 39,1395,37.39158528912629720000,-121.68390490866400500000,0.093000,0.093000,
1395,21317,SAN JOSE 40,1396,37.28535273889539780000,-121.86577030482000300000,0.190000,0.190000,
1396,21318,ANTIOCH 3,1397,37.88870255227929820000,-121.79164740757299500000,0.370000,0.370000,
1397,21319,ANTIOCH 4,1398,38.00594201482500270000,-121.71110291167299500000,4.800000,4.800000,
1398,21320,DIXON,1399,38.43404271245979940000,-121.76759363737400600000,0.580000,0.580000,
1399,21321,LIVERMORE 1,1400,37.67793552159270120000,-121.75611559928400100000,0.820000,0.820000,
1400,21322,LIVERMORE 2,1401,37.79777534517390340000,-121.66124396015200700000,0.049000,0.049000,
1401,21323,SAN JOSE 41,1402,37.34432654583879700000,-121.74806672255499500000,0.470000,0.470000,
1402,21324,SAN JOSE 42,1403,37.40541573186509790000,-121.82913534165399500000,0.450000,0.450000,
1403,21325,SAN JOSE 43,1404,37.31808776153479810000,-121.77547766454100000000,0.100000,0.100000,
1404,21326,OAKLEY 1,1405,38.01421701958349790000,-121.59450179515299300000,2.100000,2.100000,
1405,21327,OAKLEY 2,1406,37.95579604498129810000,-121.68120883278800200000,0.100000,0.100000,
1406,21328,SAN JOSE 44,1407,37.30791175236259960000,-121.76243168679600600000,1.000000,1.000000,
1407,21329,DAVIS 3,1408,38.63018296747500100000,-121.68404306816600500000,0.260000,0.260000,
1408,21330,DAVIS 4,1409,38.58050456673419860000,-121.65151884843699300000,0.660000,0.660000,
1409,21331,BRENTWOOD 1,1410,37.98480763076349830000,-121.73257148054300100000,0.230000,0.230000,
1410,21332,BRENTWOOD 2,1411,37.90700547658489940000,-121.62084588489800300000,0.460000,0.460000,
1411,21333,TRACY 1,1412,37.80915591336300000000,-121.62469554260799500000,0.470000,0.470000,
1412,21334,SAN MARTIN,1413,37.03150014055319870000,-121.64063144743900600000,0.092000,0.092000,
1413,21335,MORGAN HILL 1,1414,37.24724579564990280000,-121.57178755461299600000,0.031000,0.031000,
1414,21336,MORGAN HILL 2,1415,37.27180332430619810000,-121.68679111468499300000,0.270000,0.270000,
1415,21337,DISCOVERY BAY,1416,37.90582145717049660000,-121.59707853065799600000,0.940000,0.940000,
1416,21338,LIVERMORE 3,1417,37.46256775566150310000,-121.49477848117300000000,0.055000,0.055000,
1417,21339,LIVERMORE 4,1418,37.55345725513350170000,-121.48527832557100200000,0.820000,0.820000,
1418,21340,GILROY 1,1419,37.08947740825060180000,-121.52772948923200200000,0.095000,0.095000,
1419,21341,GILROY 2,1420,37.02643606971039960000,-121.52476694280800000000,4.700000,4.700000,
1420,21342,TRACY 2,1421,37.65975420849819950000,-121.45381761116800600000,0.190000,0.190000,
1421,21343,TRACY 3,1422,37.74516068833619900000,-121.60849065860399800000,0.011000,0.011000,
1422,21344,STOCKTON 1,1423,38.07664820342390040000,-121.48163874246799300000,0.870000,0.870000,
1423,21345,STOCKTON 2,1424,38.07250864407850340000,-121.53366699001999500000,0.043000,0.043000,
1424,21346,ANTIOCH 5,1425,38.01694400000000230000,-121.76500000000000100000,0.200000,0.200000,
1425,21347,BIRDS LANDING 1,1426,38.11641500000000350000,-121.76903099999999800000,4.600000,4.600000,
1426,21348,PITTSBURG 4,1427,38.01689999999999970000,-121.84390000000000500000,0.450000,0.450000,
1427,21349,LIVERMORE 5,1428,37.73409999999999800000,-121.65160000000000200000,0.014000,0.014000,
1428,21350,ANTIOCH 6,1429,38.01749999999999830000,-121.75870000000000500000,0.170000,0.170000,
1429,21351,SANTA CLARA 6,1430,37.37669999999999960000,-121.95080000000000100000,0.110000,0.110000,
1430,21352,SAN JOSE 45,1431,37.24439999999999880000,-121.79630000000000200000,0.200000,0.200000,
1431,21353,STANFORD 2,1432,37.42984799999999980000,-122.17628399999999500000,0.900000,0.900000,
1432,21354,GILROY 3,1433,37.00010000000000330000,-121.53669999999999600000,0.018000,0.018000,
1433,21355,PITTSBURG 5,1434,38.03916799999999650000,-121.89446900000000100000,15.100000,15.100000,
1434,21356,PITTSBURG 6,1435,38.03007099999999950000,-121.87300399999999500000,0.330000,0.330000,
1435,21357,RODEO 1,1436,38.01805600000000140000,-122.23439999999999400000,0.130000,0.130000,
1436,21358,SUISUN CITY 3,1437,38.22675199999999760000,-121.84327100000000100000,0.910000,0.910000,
1437,21359,BYRON,1438,37.78916699999999910000,-121.60194400000000300000,0.180000,0.180000,
1438,21360,OAKLAND 19,1439,37.79675000000000300000,-122.28185000000000600000,0.170000,0.170000,
1439,21361,VACAVILLE 5,1440,38.39886700000000270000,-121.92397300000000400000,0.160000,0.160000,
1440,21362,ANTIOCH 7,1441,38.01442300000000070000,-121.79067899999999700000,0.066000,0.066000,
1441,21363,BIRDS LANDING 2,1442,38.13810000000000140000,-121.80530000000000300000,0.058000,0.058000,
1442,21364,BIRDS LANDING 3,1443,38.17110000000000270000,-121.84610000000000700000,0.140000,0.140000,
1443,21365,COYOTE,1444,37.22070000000000080000,-121.74569999999999900000,4.900000,4.900000,
1444,21366,BIRDS LANDING 4,1445,38.16944399999999860000,-121.84694399999999400000,0.130000,0.130000,
1445,21367,BENICIA 3,1446,38.07359999999999900000,-122.14109999999999400000,0.070000,0.070000,
1446,21368,MARTINEZ 3,1447,38.02440000000000000000,-122.05889999999999400000,0.150000,0.150000,
1447,21369,TRACY 4,1448,37.71070000000000280000,-121.49060000000000100000,0.200000,0.200000,
1448,21370,ALAMEDA 4,1449,37.78860000000000240000,-122.28889999999999800000,2.300000,2.300000,
1449,21371,BIRDS LANDING 5,1450,38.11666699999999960000,-121.82194400000000200000,0.430000,0.430000,
1450,21372,MARTINEZ 4,1451,38.01689999999999970000,-122.11169999999999900000,0.089000,0.089000,
1451,21373,SANTA CLARA 7,1452,37.36166699999999710000,-121.94361100000000400000,0.050000,0.050000,
1452,21374,CROCKETT,1453,38.05689999999999880000,-122.21609999999999700000,4.000000,4.000000,
1453,21375,HAYWARD 8,1454,37.63465999999999670000,-122.13380999999999700000,0.066000,0.066000,
1454,21376,SAN JOSE 46,1455,37.42499999999999720000,-121.93189999999999900000,0.170000,0.170000,
1455,21377,LIVERMORE 6,1456,37.79083299999999920000,-121.71805500000000700000,0.064000,0.064000,
1456,21378,GILROY 4,1457,36.99900000000000230000,-121.53629999999999700000,4.400000,4.400000,
1457,21379,EL SOBRANTE 2,1458,37.94180000000000060000,-122.39090000000000200000,0.054000,0.054000,
1458,21380,RODEO 2,1459,38.04169999999999870000,-122.25830000000000600000,0.180000,0.180000,
1459,21381,SANTA CLARA 8,1460,37.40100000000000340000,-121.96867000000000300000,0.021000,0.021000,
1460,21382,BIRDS LANDING 6,1461,38.13748799999999760000,-121.85534199999999300000,0.220000,0.220000,
1461,23000,PACIFIC GROVE,1462,36.63632369426240130000,-121.93674561327300400000,0.680000,0.680000,
1462,23001,CARMEL,1463,36.48065663904299780000,-121.82811544492000200000,3.000000,3.000000,
1463,23002,MONTEREY,1464,36.52999929595179650000,-121.82621373106600500000,0.570000,0.570000,
1464,23003,SEASIDE 2,1465,36.55364220589719790000,-121.78471083258899900000,0.470000,0.470000,
1465,23004,SEASIDE 3,1466,36.68462263184500220000,-121.73575737706599400000,0.061000,0.061000,
1466,23005,MARINA,1467,36.74896100907250230000,-121.76907133646599800000,0.240000,0.240000,
1467,23006,WATSONVILLE 1,1468,36.89606205712620120000,-121.69247135919999900000,1.900000,1.900000,
1468,23007,WATSONVILLE 2,1469,37.02990461150439930000,-121.69243190828299800000,0.160000,0.160000,
1469,23008,WATSONVILLE 3,1470,36.92949255253429900000,-121.74750970594900000000,2.500000,2.500000,
1470,23009,SALINAS 1,1471,36.76737468594180310000,-121.65838850606600400000,0.094000,0.094000,
1471,23010,CARMEL VALLEY,1472,36.36050777072559730000,-121.58602661172899700000,0.170000,0.170000,
1472,23011,SALINAS 2,1473,36.75992455083609660000,-121.58436153643100400000,3.600000,3.600000,
1473,23012,SALINAS 3,1474,36.71649838424789890000,-121.67501536686700100000,0.800000,0.800000,
1474,23013,SALINAS 4,1475,36.64829372082449770000,-121.52580908089200300000,0.990000,0.990000,
1475,23014,SALINAS 5,1476,36.68513331795080030000,-121.67654030268499800000,0.095000,0.095000,
1476,23015,SALINAS 6,1477,36.67835868484920070000,-121.57702170663000600000,0.190000,0.190000,
1477,23016,TRACY 5,1478,37.75101734076930170000,-121.34474181072600600000,0.360000,0.360000,
1478,23017,TRACY 6,1479,37.70168619948309900000,-121.35783372387699300000,0.230000,0.230000,
1479,23018,STOCKTON 3,1480,38.01038786400619780000,-121.51302653305700100000,0.720000,0.720000,
1480,23019,STOCKTON 4,1481,37.89483185251030050000,-121.46475064096999600000,0.560000,0.560000,
1481,23020,TRACY 7,1482,37.76556119509889700000,-121.38973377110899300000,0.230000,0.230000,
1482,23021,GREENFIELD,1483,36.28572157810619810000,-121.35094836093600200000,0.710000,0.710000,
1483,23022,LODI 1,1484,38.08325830991859820000,-121.43209160307900200000,0.740000,0.740000,
1484,23023,STOCKTON 5,1485,38.09386072435619750000,-121.28934976546600000000,0.580000,0.580000,
1485,23024,HOLLISTER 1,1486,36.89999221281990320000,-121.39236058892599600000,0.190000,0.190000,
1486,23025,HOLLISTER 2,1487,36.90032272793280300000,-121.42285713640400500000,0.480000,0.480000,
1487,23026,SOLEDAD 1,1488,36.46442203127840290000,-121.24427644306699400000,0.110000,0.110000,
1488,23027,SOLEDAD 2,1489,36.44587827703109890000,-121.42084560052200000000,0.690000,0.690000,
1489,23028,STOCKTON 6,1490,37.88759274433370190000,-121.37108880920500600000,3.400000,3.400000,
1490,23029,STOCKTON 7,1491,38.05796412141430100000,-121.29907009057599500000,0.044000,0.044000,
1491,23030,STOCKTON 8,1492,38.03199969636359870000,-121.25012323785000500000,0.470000,0.470000,
1492,23031,STOCKTON 9,1493,38.01972093042680000000,-121.37381194841300700000,0.047000,0.047000,
1493,23032,STOCKTON 10,1494,37.97411634752960200000,-121.38901789405299800000,0.012000,0.012000,
1494,23033,LATHROP 1,1495,37.76621830099669810000,-121.23082438634699500000,0.300000,0.300000,
1495,23034,STOCKTON 11,1496,37.97116159754190080000,-121.24242781521199700000,4.900000,4.900000,
1496,23035,STOCKTON 12,1497,37.96116872740760330000,-121.28708577455600400000,0.660000,0.660000,
1497,23036,MANTECA 1,1498,37.70748027422960290000,-121.23860984254200400000,1.400000,1.400000,
1498,23037,MANTECA 2,1499,37.73037390262520320000,-121.21022710878500600000,0.140000,0.140000,
1499,23038,ACAMPO,1500,38.17130693206269850000,-121.28531415121399600000,0.360000,0.360000,
1500,23039,STOCKTON 13,1501,38.07533670758029840000,-121.23811512886500400000,1.600000,1.600000,
1501,23040,PATTERSON 1,1502,37.50989167710500280000,-121.18248742973000300000,0.390000,0.390000,
1502,23041,PATTERSON 2,1503,37.38420557440660020000,-121.23011085361099500000,0.930000,0.930000,
1503,23042,MANTECA 3,1504,37.83428859937839660000,-121.18147126493700200000,0.460000,0.460000,
1504,23043,MANTECA 4,1505,37.90517152675840150000,-121.15762173347700100000,0.180000,0.180000,
1505,23044,NEWMAN,1506,37.24023465434930100000,-121.12045441965000200000,0.460000,0.460000,
1506,23045,STOCKTON 14,1507,38.00161669483409810000,-121.17839596352099800000,0.340000,0.340000,
1507,23046,LODI 2,1508,38.20276629883600350000,-121.07919859960100000000,0.600000,0.600000,
1508,23047,LODI 3,1509,38.09577294672320140000,-121.19382190783599600000,0.063000,0.063000,
1509,23048,RIPON 1,1510,37.66368484260620160000,-121.06109146093700700000,3.000000,3.000000,
1510,23049,MODESTO 1,1511,37.56604425414560210000,-121.05058877008900700000,0.620000,0.620000,
1511,23050,MODESTO 2,1512,37.59420970717920340000,-121.01193813173999600000,0.076000,0.076000,
1512,23051,MODESTO 3,1513,37.67218440475040350000,-120.93913506319100300000,0.110000,0.110000,
1513,23052,KING CITY 1,1514,36.17086321000230240000,-120.98153820955900500000,0.140000,0.140000,
1514,23053,MODESTO 4,1515,37.69334831151049770000,-121.10560373235999500000,0.610000,0.610000,
1515,23054,MODESTO 5,1516,37.76331136767149840000,-121.06427547296999600000,0.092000,0.092000,
1516,23055,ESCALON,1517,37.87223308336370310000,-121.04315421372200500000,0.480000,0.480000,
1517,23056,MODESTO 6,1518,37.68091463713619760000,-120.96918707414700100000,0.130000,0.130000,
1518,23057,MODESTO 7,1519,37.56013168572120260000,-120.97076667229799800000,0.790000,0.790000,
1519,23058,IONE 3,1520,38.26988218342390270000,-120.93333471163599300000,0.560000,0.560000,
1520,23059,CERES 1,1521,37.56707802815650150000,-120.90274592025500100000,0.300000,0.300000,
1521,23060,CERES 2,1522,37.52940696346040280000,-120.90120757168399700000,0.710000,0.710000,
1522,23061,MODESTO 8,1523,37.61030252560900070000,-120.91637570157900000000,0.910000,0.910000,
1523,23062,MODESTO 9,1524,37.63349715047589680000,-121.02910095540700300000,0.790000,0.790000,
1524,23063,RIVERBANK,1525,37.63107805064999670000,-120.88979975300100000000,0.380000,0.380000,
1525,23064,HILMAR,1526,37.34526318237099930000,-120.96251448019299400000,0.150000,0.150000,
1526,23065,TURLOCK 1,1527,37.55642956861230180000,-120.87945361771099300000,0.140000,0.140000,
1527,23066,HUGHSON,1528,37.58391340631430210000,-120.78628567373900200000,0.120000,0.120000,
1528,23067,TURLOCK 2,1529,37.45135349062429950000,-120.84082541717799600000,0.160000,0.160000,
1529,23068,TURLOCK 3,1530,37.52334065942810070000,-120.79441710708999800000,0.110000,0.110000,
1530,23069,VALLEY SPRINGS,1531,38.17859477155730020000,-120.86210045580199300000,4.300000,4.300000,
1531,23070,LOS BANOS 1,1532,37.06894150629219810000,-120.83141980005500200000,0.350000,0.350000,
1532,23071,LOS BANOS 2,1533,37.13341219699729830000,-120.84632615393799400000,2.500000,2.500000,
1533,23072,DELHI,1534,37.43299045320709690000,-120.75567077379099600000,1.600000,1.600000,
1534,23073,JACKSON 1,1535,38.39294679769049880000,-120.79792320470200200000,0.180000,0.180000,
1535,23074,OAKDALE 1,1536,37.71014789357150220000,-120.67168777127200500000,0.110000,0.110000,
1536,23075,OAKDALE 2,1537,37.87098308916539940000,-120.76980929377799600000,0.250000,0.250000,
1537,23076,LIVINGSTON 1,1538,37.35051739040719810000,-120.69290272477699900000,0.900000,0.900000,
1538,23077,ATWATER 1,1539,37.41532714324259960000,-120.58339587222700100000,0.390000,0.390000,
1539,23078,ATWATER 2,1540,37.33179313009620160000,-120.57465170515199300000,1.300000,1.300000,
1540,23079,ANGELS CAMP,1541,38.12564584608900020000,-120.68239829389999300000,0.078000,0.078000,
1541,23080,DOS PALOS,1542,37.10203996275630090000,-120.64439161300799700000,4.000000,4.000000,
1542,23081,WINTON,1543,37.47897528572030270000,-120.48840861830899500000,0.150000,0.150000,
1543,23082,FIREBAUGH 1,1544,36.86919690785070000000,-120.57484904358899800000,0.120000,0.120000,
1544,23083,MERCED 1,1545,37.21597819949359830000,-120.48777564268399900000,0.440000,0.440000,
1545,23084,MERCED 2,1546,37.14701269253539810000,-120.52047429857300600000,0.550000,0.550000,
1546,23085,MERCED 3,1547,37.42139349279560180000,-120.54182902633100100000,1.500000,1.500000,
1547,23086,JAMESTOWN,1548,37.93102343640170200000,-120.38127413046299800000,0.150000,0.150000,
1548,23087,MENDOTA 1,1549,36.65990739291289910000,-120.34925807164600500000,0.089000,0.089000,
1549,23088,COALINGA 1,1550,36.15136865972770150000,-120.44605512455299800000,0.150000,0.150000,
1550,23089,MERCED 4,1551,37.36270935821369930000,-120.44178418257099800000,0.120000,0.120000,
1551,23090,MERCED 5,1552,37.34929382685910330000,-120.51763450181700000000,0.210000,0.210000,
1552,23091,PIONEER 1,1553,38.58125369394309700000,-120.32772994102600700000,0.830000,0.830000,
1553,23092,SONORA 1,1554,38.02679159552649680000,-120.29025322081300000000,0.120000,0.120000,
1554,23093,SONORA 2,1555,38.06077933429320130000,-120.34810441189199500000,0.040000,0.040000,
1555,23094,PLANADA,1556,37.31716534077479960000,-120.21064677018100000000,0.750000,0.750000,
1556,23095,CHOWCHILLA 1,1557,37.00819129685839930000,-120.30436902684699900000,0.920000,0.920000,
1557,23096,MADERA 1,1558,36.94755080640390330000,-120.18389275503399500000,0.150000,0.150000,
1558,23097,MADERA 2,1559,36.87423963571360020000,-120.25922576500900600000,0.240000,0.240000,
1559,23098,KERMAN,1560,36.77353763291939970000,-120.10123282362700100000,3.900000,3.900000,
1560,23099,AVENAL 1,1561,35.87274726070160110000,-119.97761414508599400000,0.058000,0.058000,
1561,23100,MADERA 3,1562,36.95534506289280330000,-120.01751167551700000000,0.910000,0.910000,
1562,23101,MADERA 4,1563,36.99946540137929670000,-120.01390064638900400000,0.520000,0.520000,
1563,23102,MARIPOSA,1564,37.50825173997979790000,-119.92592082818400500000,0.660000,0.660000,
1564,23103,RIVERDALE,1565,36.39514967485600040000,-119.85304562851500500000,0.086000,0.086000,
1565,23104,FRESNO 1,1566,36.66000864199990160000,-119.93881841281300600000,0.760000,0.760000,
1566,23105,FRESNO 2,1567,36.63006587140429820000,-119.95975946540899300000,0.260000,0.260000,
1567,23106,FRESNO 3,1568,36.73424934911719930000,-119.85862286177099600000,0.057000,0.057000,
1568,23107,FRESNO 4,1569,36.88786016457589770000,-119.92183177262299400000,0.370000,0.370000,
1569,23108,FRESNO 5,1570,36.71280671822020030000,-119.81330876238999400000,2.300000,2.300000,
1570,23109,MADERA 5,1571,37.00040578245000230000,-119.85514178901900100000,0.011000,0.011000,
1571,23110,FRESNO 6,1572,36.92297108098630080000,-119.90828735597200700000,4.600000,4.600000,
1572,23111,FRESNO 7,1573,36.89287888173240050000,-119.74656587609699400000,0.120000,0.120000,
1573,23112,LEMOORE 1,1574,36.20388635220589890000,-119.92441337495900200000,0.940000,0.940000,
1574,23113,LEMOORE 2,1575,36.20915640220879790000,-119.74837555156099700000,0.190000,0.190000,
1575,23114,FRESNO 8,1576,36.76585957255910130000,-119.89488294624399600000,0.340000,0.340000,
1576,23115,FRESNO 9,1577,36.82088859341610030000,-119.83719385026100200000,0.580000,0.580000,
1577,23116,FRESNO 10,1578,36.75724508179799700000,-119.83386376883000000000,0.430000,0.430000,
1578,23117,FRESNO 11,1579,36.71224028411040050000,-119.74899355786699600000,0.250000,0.250000,
1579,23118,FRESNO 12,1580,36.73828747710209800000,-119.78842575839600200000,0.490000,0.490000,
1580,23119,FRESNO 13,1581,36.80760255619129850000,-119.74926900058099500000,0.180000,0.180000,
1581,23120,FRESNO 14,1582,36.82498428743389950000,-119.75882193823899500000,0.100000,0.100000,
1582,23121,FRESNO 15,1583,36.77746685213440260000,-119.72437619385499400000,0.380000,0.380000,
1583,23122,FRESNO 16,1584,36.99364908606050050000,-119.67149897812400600000,0.072000,0.072000,
1584,23123,FRESNO 17,1585,36.75321582971609760000,-119.70437281511499400000,0.200000,0.200000,
1585,23124,FRESNO 18,1586,36.78164962714470220000,-119.67750979295399800000,0.120000,0.120000,
1586,23125,COARSEGOLD,1587,37.26007557338679990000,-119.84138058191699400000,0.500000,0.500000,
1587,23126,FRESNO 19,1588,36.56201387773290180000,-119.77491934025199800000,0.550000,0.550000,
1588,23127,CLOVIS 1,1589,36.74159258906119870000,-119.62714086932500400000,0.170000,0.170000,
1589,23128,CLOVIS 2,1590,36.75013014510999910000,-119.72670888787399700000,0.400000,0.400000,
1590,23129,FRESNO 20,1591,36.69052303941000300000,-119.58301623528800000000,0.300000,0.300000,
1591,23130,FRESNO 21,1592,36.71173629198290200000,-119.66192699693000600000,4.400000,4.400000,
1592,23131,CLOVIS 3,1593,36.83943465914300220000,-119.61212472997800700000,0.460000,0.460000,
1593,23132,CLOVIS 4,1594,36.83341971983570320000,-119.67501762659699700000,0.340000,0.340000,
1594,23133,SELMA 1,1595,36.46064258976019800000,-119.63967728120300600000,0.120000,0.120000,
1595,23134,SELMA 2,1596,36.50380235608920290000,-119.54557463605199500000,0.280000,0.280000,
1596,23135,OAKHURST,1597,37.44329055766220190000,-119.55848624453300000000,0.092000,0.092000,
1597,23136,HANFORD 1,1598,36.30784111440679850000,-119.64150907505299400000,0.200000,0.200000,
1598,23137,HANFORD 2,1599,36.19597720758000040000,-119.59634756700900500000,0.450000,0.450000,
1599,23138,CLOVIS 5,1600,36.85760278794280250000,-119.65926672390899900000,0.019000,0.019000,
1600,23139,CLOVIS 6,1601,36.87954222979409740000,-119.53627609738200000000,0.170000,0.170000,
1601,23140,CORCORAN 1,1602,36.06658943005430020000,-119.47280969857000300000,0.059000,0.059000,
1602,23141,KINGSBURG,1603,36.40807944832639720000,-119.48899485358299400000,0.320000,0.320000,
1603,23142,SANGER 1,1604,36.82756684603700140000,-119.42686684614099600000,0.310000,0.310000,
1604,23143,SANGER 2,1605,36.78163034899409920000,-119.43994817443899600000,0.200000,0.200000,
1605,23144,REEDLEY 1,1606,36.62797568578260150000,-119.48698427386300100000,2.500000,2.500000,
1606,23145,REEDLEY 2,1607,36.75484904147990050000,-119.46711230852299900000,0.071000,0.071000,
1607,23146,DINUBA,1608,36.46712982005340110000,-119.37293645248900000000,0.130000,0.130000,
1608,23147,VISALIA 1,1609,36.21340154115409860000,-119.29707705055300000000,0.410000,0.410000,
1609,23148,VISALIA 2,1610,36.31712525179040090000,-119.34987661958000200000,0.240000,0.240000,
1610,23149,VISALIA 3,1611,36.45971900696419960000,-119.27741278768199600000,0.430000,0.430000,
1611,23150,TULARE 1,1612,36.25502779806630120000,-119.35307001692500200000,0.180000,0.180000,
1612,23151,TULARE 2,1613,36.19737915521270110000,-119.39851675340500500000,0.210000,0.210000,
1613,23152,PIXLEY,1614,36.03543453992109850000,-119.31193672896100100000,0.073000,0.073000,
1614,23153,ORANGE COVE,1615,36.60196189341029790000,-119.23759629729200100000,1.900000,1.900000,
1615,23154,EARLIMART,1616,35.92183284049929880000,-119.36739748277000200000,0.058000,0.058000,
1616,23155,VISALIA 4,1617,36.31112239453379690000,-119.24722048411899800000,2.500000,2.500000,
1617,23156,VISALIA 5,1618,36.41546634011540110000,-119.22540057928999600000,0.310000,0.310000,
1618,23157,FARMERSVILLE,1619,36.29535985000850220000,-119.18050882612199400000,0.130000,0.130000,
1619,23158,OROSI,1620,36.68945302067380250000,-119.13646040169099600000,0.150000,0.150000,
1620,23159,WOODLAKE,1621,36.47044188934110310000,-119.12855611478700300000,0.980000,0.980000,
1621,23160,LINDSAY,1622,36.18226647827089690000,-119.15796106982399800000,0.300000,0.300000,
1622,23161,EXETER,1623,36.35513675701390210000,-119.03980603504699300000,0.140000,0.140000,
1623,23162,PORTERVILLE 1,1624,35.90177844265249970000,-118.90671585095699900000,0.099000,0.099000,
1624,23163,PORTERVILLE 2,1625,36.07464610062910280000,-118.92176917117400600000,0.068000,0.068000,
1625,23164,PORTERVILLE 3,1626,36.04397899501829980000,-118.91095491234099800000,0.890000,0.890000,
1626,23165,MAMMOTH LAKES,1627,37.58268300459280200000,-118.78134565387100000000,0.560000,0.560000,
1627,23166,BISHOP 1,1628,37.57708079762689830000,-118.31963481903099500000,0.480000,0.480000,
1628,23167,PAHRUMP 1,1629,36.34614172983059890000,-115.96884310949199900000,0.970000,0.970000,
1629,23168,PAHRUMP 2,1630,36.01569264103000020000,-115.87756975469500300000,0.330000,0.330000,
1630,23169,LEMOORE 3,1631,36.23969999999999910000,-119.90439999999999500000,0.140000,0.140000,
1631,23170,LODI 4,1632,38.08813800000000070000,-121.38694400000000000000,0.190000,0.190000,
1632,23171,PINECREST,1633,38.24665600000000150000,-120.03407199999999500000,0.600000,0.600000,
1633,23172,JACKSON 2,1634,38.33098499999999830000,-120.66990099999999600000,0.073000,0.073000,
1634,23173,MERCED 6,1635,37.80938799999999840000,-120.29925400000000500000,0.130000,0.130000,
1635,23174,LEMOORE 4,1636,36.24777799999999670000,-119.83388899999999900000,3.500000,3.500000,
1636,23175,SAN JOAQUIN 1,1637,36.65140000000000240000,-120.58329999999999400000,0.026000,0.026000,
1637,23176,AUBERRY 1,1638,37.07184600000000070000,-119.55800800000000100000,0.330000,0.330000,
1638,23177,INYOKERN 1,1639,36.01919999999999790000,-117.79170000000000600000,0.083000,0.083000,
1639,23178,ALPAUGH,1640,35.89833300000000090000,-119.43527799999999700000,0.093000,0.093000,
1640,23179,NORTH FORK 1,1641,37.13900000000000290000,-119.48980000000000200000,0.520000,0.520000,
1641,23180,FRESNO 22,1642,36.88816599999999820000,-119.15877700000000100000,0.140000,0.140000,
1642,23181,MODESTO 10,1643,37.57439999999999710000,-120.98499999999999900000,3.400000,3.400000,
1643,23182,AUBERRY 2,1644,37.14851699999999820000,-119.38662300000000000000,0.140000,0.140000,
1644,23183,AVENAL 2,1645,35.98305599999999770000,-120.11027699999999600000,0.160000,0.160000,
1645,23184,SAN ARDO 1,1646,35.93589999999999660000,-120.84080000000000200000,0.081000,0.081000,
1646,23185,LODI 5,1647,38.81067699999999830000,-121.32380700000000200000,0.750000,0.750000,
1647,23186,FRESNO 23,1648,36.92742400000000200000,-119.02025000000000400000,0.420000,0.420000,
1648,23187,BIG CREEK 1,1649,37.20420000000000020000,-119.23959999999999600000,0.310000,0.310000,
1649,23188,KING CITY 2,1650,36.22500000000000140000,-121.12779999999999400000,0.120000,0.120000,
1650,23189,INYOKERN 2,1651,36.03719999999999860000,-117.79810000000000500000,0.061000,0.061000,
1651,23190,BISHOP 2,1652,37.50999999999999800000,-118.56916699999999300000,0.370000,0.370000,
1652,23191,GROVELAND 1,1653,37.89664899999999650000,-119.96750000000000100000,0.750000,0.750000,
1653,23192,RIPON 2,1654,37.73149999999999690000,-121.11600000000000000000,2.800000,2.800000,
1654,23193,SANGER 3,1655,36.68419999999999700000,-119.55219999999999900000,0.014000,0.014000,
1655,23194,GROVELAND 2,1656,37.87766700000000240000,-119.95323299999999700000,4.500000,4.500000,
1656,23195,MODESTO 11,1657,37.62935999999999840000,-120.93138999999999300000,0.024000,0.024000,
1657,23196,TURLOCK 4,1658,37.49029999999999770000,-120.90439999999999500000,3.500000,3.500000,
1658,23197,BIG CREEK 2,1659,37.20960000000000180000,-119.32890000000000400000,0.410000,0.410000,
1659,23198,GUSTINE,1660,37.06920000000000220000,-121.07720000000000500000,0.880000,0.880000,
1660,23199,CORCORAN 2,1661,36.13833300000000290000,-119.57333300000000500000,0.110000,0.110000,
1661,23200,BISHOP 3,1662,37.43792100000000290000,-118.55698800000000400000,0.640000,0.640000,
1662,23201,TRANQUILLITY,1663,36.61749999999999970000,-120.29083300000000600000,0.230000,0.230000,
1663,23202,PIONEER 2,1664,38.44929100000000230000,-120.49264499999999600000,0.220000,0.220000,
1664,23203,BIG CREEK 3,1665,37.20006200000000260000,-119.30680999999999900000,4.400000,4.400000,
1665,23204,MOSS LANDING,1666,36.80483699999999910000,-121.78224099999999900000,3.000000,3.000000,
1666,23205,INYOKERN 3,1667,36.00189999999999910000,-117.78860000000000200000,0.320000,0.320000,
1667,23206,FIREBAUGH 2,1668,36.65350000000000110000,-120.57829999999999900000,0.400000,0.400000,
1668,23207,STOCKTON 15,1669,37.94363299999999840000,-121.33043299999999900000,0.250000,0.250000,
1669,23208,BISHOP 4,1670,37.54603600000000090000,-118.59000100000000100000,0.160000,0.160000,
1670,23209,JEAN 1,1671,35.79305600000000000000,-115.35027999999999800000,1.000000,1.000000,
1671,23210,SAN JOAQUIN 2,1672,36.61702199999999860000,-120.09984599999999900000,2.300000,2.300000,
1672,23211,LATHROP 2,1673,37.80619999999999690000,-121.27710000000000400000,0.120000,0.120000,
1673,23212,KING CITY 3,1674,36.22475800000000130000,-121.12463300000000300000,0.220000,0.220000,
1674,23213,FRESNO 24,1675,36.66969999999999890000,-119.74039999999999400000,0.120000,0.120000,
1675,23214,SHAVER LAKE 1,1676,37.14792599999999820000,-119.25669999999999500000,0.670000,0.670000,
1676,23215,SHAVER LAKE 2,1677,37.02930400000000330000,-118.96825200000000700000,0.660000,0.660000,
1677,23216,RIPON 3,1678,37.73253299999999650000,-121.11600599999999900000,0.470000,0.470000,
1678,23217,COALINGA 2,1679,36.18070000000000160000,-120.38849999999999300000,0.290000,0.290000,
1679,23218,VALLECITO,1680,38.13904800000000250000,-120.37032499999999400000,0.120000,0.120000,
1680,23219,HANFORD 3,1681,36.27007199999999900000,-119.64805499999999900000,2.200000,2.200000,
1681,23220,LODI 6,1682,38.08805600000000170000,-121.38750000000000300000,0.850000,0.850000,
1682,23221,FRESNO 25,1683,36.83259999999999930000,-119.32699999999999800000,0.096000,0.096000,
1683,23222,HURON,1684,36.13805599999999880000,-120.07583300000000300000,0.170000,0.170000,
1684,23223,MENDOTA 2,1685,36.75589599999999990000,-120.36542199999999500000,0.110000,0.110000,
1685,23224,TURLOCK 5,1686,37.48780000000000000000,-120.89560000000000200000,0.210000,0.210000,
1686,23225,FIREBAUGH 3,1687,36.65290499999999700000,-120.58060899999999600000,0.290000,0.290000,
1687,23226,TRACY 8,1688,37.94692700000000230000,-120.52821099999999900000,0.190000,0.190000,
1688,23227,BIG CREEK 4,1689,37.20000000000000280000,-119.30689999999999900000,0.910000,0.910000,
1689,23228,SNELLING,1690,37.58434499999999900000,-120.26859000000000300000,0.890000,0.890000,
1690,23229,SAN ARDO 2,1691,35.95150000000000290000,-120.86790000000000600000,2.200000,2.200000,
1691,23230,MODESTO 12,1692,37.65260200000000170000,-121.02039700000000300000,0.910000,0.910000,
1692,23231,FRESNO 26,1693,36.90890699999999920000,-119.08755600000000600000,0.390000,0.390000,
1693,23232,PIONEER 3,1694,38.49791400000000150000,-120.21810999999999600000,0.800000,0.800000,
1694,23233,NORTH FORK 2,1695,37.22030199999999670000,-119.33798299999999400000,0.074000,0.074000,
1695,23234,CHOWCHILLA 2,1696,37.10730000000000220000,-120.24850000000000700000,0.940000,0.940000,
1696,23235,FIREBAUGH 4,1697,36.65411399999999990000,-120.57972700000000500000,4.200000,4.200000,
1697,23236,LA GRANGE,1698,37.69599399999999890000,-120.42015200000000200000,0.480000,0.480000,
1698,23237,JEAN 2,1699,35.61390000000000100000,-115.35609999999999800000,0.770000,0.770000,
1699,25000,CAMBRIA,1700,35.64091208222200180000,-121.01429418706399600000,0.170000,0.170000,
1700,25001,LOS OSOS,1701,35.37143754202060110000,-120.78477820797900200000,0.360000,0.360000,
1701,25002,MORRO BAY,1702,35.33503056551629840000,-120.86538720977100100000,0.150000,0.150000,
1702,25003,TEMPLETON,1703,35.45250856937330040000,-120.69455319597599900000,0.065000,0.065000,
1703,25004,SAN LUIS OBISPO 1,1704,35.33875083550179850000,-120.70158723905299800000,4.800000,4.800000,
1704,25005,SAN LUIS OBISPO 2,1705,35.28416274643129920000,-120.82841277925300000000,0.310000,0.310000,
1705,25006,PASO ROBLES 1,1706,35.67620482595369680000,-120.73924283892800700000,0.150000,0.150000,
1706,25007,PASO ROBLES 2,1707,35.73293889560319770000,-120.79706475937599900000,0.830000,0.830000,
1707,25008,ATASCADERO 1,1708,35.48433335058290080000,-120.67828238415100400000,0.070000,0.070000,
1708,25009,ATASCADERO 2,1709,35.38318217268989940000,-120.63844948655500400000,0.360000,0.360000,
1709,25010,PISMO BEACH,1710,35.21588666251179940000,-120.73435892029699800000,0.097000,0.097000,
1710,25011,GROVER BEACH,1711,35.11807931770410110000,-120.63452213330199900000,0.460000,0.460000,
1711,25012,SAN LUIS OBISPO 3,1712,35.30367450229079650000,-120.52507409710399600000,0.021000,0.021000,
1712,25013,SAN LUIS OBISPO 4,1713,35.25681733709620150000,-120.70446424460900000000,0.041000,0.041000,
1713,25014,GUADALUPE,1714,34.93033908766440020000,-120.66265191097400600000,0.330000,0.330000,
1714,25015,NIPOMO,1715,34.97340299504549680000,-120.40779263870699400000,0.160000,0.160000,
1715,25016,SANTA MARIA 1,1716,34.89231179743320150000,-120.45384607098999600000,0.370000,0.370000,
1716,25017,SANTA MARIA 2,1717,35.01671842393920290000,-120.56922089153700000000,0.022000,0.022000,
1717,25018,ARROYO GRANDE 1,1718,35.23962270572310020000,-120.46225782837700500000,0.410000,0.410000,
1718,25019,ARROYO GRANDE 2,1719,35.10732541843199780000,-120.55988040878300200000,0.180000,0.180000,
1719,25020,SANTA MARIA 3,1720,34.85399607152650250000,-120.44824911610899700000,4.700000,4.700000,
1720,25021,SANTA MARIA 4,1721,34.84877199570379960000,-120.36305997212899400000,0.079000,0.079000,
1721,25022,LOMPOC 1,1722,34.68605022282969940000,-120.45827134401399400000,0.036000,0.036000,
1722,25023,LOMPOC 2,1723,34.50655452890980260000,-120.45082560228600200000,0.180000,0.180000,
1723,25024,SANTA MARIA 5,1724,34.87842680646419780000,-120.17563145006400300000,0.280000,0.280000,
1724,25025,SANTA MARIA 6,1725,35.00947944269420020000,-120.15872738932699800000,0.310000,0.310000,
1725,25026,BUELLTON,1726,34.55685666277859980000,-120.28505663705300300000,0.180000,0.180000,
1726,25027,SOLVANG,1727,34.61483849492759650000,-120.12480799763200400000,0.200000,0.200000,
1727,25028,GOLETA 1,1728,34.51908988904809660000,-120.15496172069100600000,0.300000,0.300000,
1728,25029,GOLETA 2,1729,34.47928395342690070000,-120.10277323070799600000,0.310000,0.310000,
1729,25030,SANTA BARBARA 1,1730,34.37865761880959780000,-119.48346414732699800000,0.470000,0.470000,
1730,25031,SANTA BARBARA 2,1731,34.61281603542330030000,-119.77914648385200300000,0.710000,0.710000,
1731,25032,SANTA BARBARA 3,1732,34.52986591635519890000,-119.70319994119499500000,0.120000,0.120000,
1732,25033,SANTA BARBARA 4,1733,34.36372722908860310000,-119.44677267408100400000,0.390000,0.390000,
1733,25034,SANTA BARBARA 5,1734,34.48898981498810200000,-119.80537829069099600000,0.077000,0.077000,
1734,25035,SANTA BARBARA 6,1735,34.47823575404969890000,-119.77146371604399600000,0.089000,0.089000,
1735,25036,SANTA BARBARA 7,1736,34.47998588562180090000,-119.71374261149900100000,0.025000,0.025000,
1736,25037,CARPINTERIA,1737,34.34531153536580210000,-119.41951167601199300000,0.089000,0.089000,
1737,25038,WASCO 5,1738,35.59960325713559830000,-119.41680591662300500000,0.980000,0.980000,
1738,25039,WASCO 6,1739,35.56980681855060310000,-119.50515074153699400000,0.120000,0.120000,
1739,25040,TAFT 1,1740,35.19186798631169920000,-119.51137943858699900000,0.110000,0.110000,
1740,25041,OJAI,1741,34.49509469104670240000,-119.37090648536100400000,1.300000,1.300000,
1741,25042,OAK VIEW,1742,34.38259860000400180000,-119.29151299787399400000,0.250000,0.250000,
1742,25043,SHAFTER,1743,35.50815090000070030000,-119.25706285304299600000,0.051000,0.051000,
1743,25044,BAKERSFIELD 1,1744,35.30187190860100090000,-119.26754131373100200000,0.160000,0.160000,
1744,25045,MARICOPA 1,1745,34.67335877218749830000,-119.31179558779099600000,0.085000,0.085000,
1745,25046,OXNARD 1,1746,34.18580487874059770000,-119.20378057790199500000,0.084000,0.084000,
1746,25047,VENTURA 1,1747,34.28690060608280280000,-119.24838167513900100000,0.920000,0.920000,
1747,25048,VENTURA 2,1748,34.34852451934749950000,-119.21053743100999600000,0.580000,0.580000,
1748,25049,DELANO 1,1749,35.85147172043730280000,-119.10963191856599500000,0.210000,0.210000,
1749,25050,DELANO 2,1750,35.87527774833019830000,-119.17837028591300400000,0.180000,0.180000,
1750,25051,MC FARLAND,1751,35.63146837476899980000,-119.26256198890300200000,0.990000,0.990000,
1751,25052,OXNARD 2,1752,34.17743330324660180000,-119.23800666037099900000,0.140000,0.140000,
1752,25053,OXNARD 3,1753,34.24731863848990090000,-119.13413408054799400000,1.700000,1.700000,
1753,25054,BAKERSFIELD 2,1754,35.10051836651650350000,-119.09387006892700400000,0.430000,0.430000,
1754,25055,BAKERSFIELD 3,1755,35.26284186392099680000,-119.07775642370900500000,0.180000,0.180000,
1755,25056,OXNARD 4,1756,34.10526837525009820000,-119.13793403424500600000,0.140000,0.140000,
1756,25057,OXNARD 5,1757,34.26476314256930070000,-119.23034136574899800000,0.180000,0.180000,
1757,25058,VENTURA 3,1758,34.25772257653070340000,-119.15587961312999700000,0.020000,0.020000,
1758,25059,VENTURA 4,1759,34.33718344657660280000,-119.09688610369100600000,0.085000,0.085000,
1759,25060,OXNARD 6,1760,34.23329071491789930000,-119.04803665154399500000,0.088000,0.088000,
1760,25061,OXNARD 7,1761,34.20222885016600140000,-119.05387385585399300000,0.570000,0.570000,
1761,25062,OXNARD 8,1762,34.14294341803810080000,-119.16179935364499400000,4.300000,4.300000,
1762,25063,BAKERSFIELD 4,1763,35.34061700864459960000,-119.09309822353999700000,1.800000,1.800000,
1763,25064,BAKERSFIELD 5,1764,35.30295548171609710000,-119.13850740983899400000,0.210000,0.210000,
1764,25065,PORT HUENEME,1765,34.03959525044510310000,-118.89802359615100600000,1.400000,1.400000,
1765,25066,SANTA PAULA 1,1766,34.37050472155929980000,-119.14414017218500400000,0.400000,0.400000,
1766,25067,SANTA PAULA 2,1767,34.33115226785469790000,-119.14879154851300300000,0.099000,0.099000,
1767,25068,CAMARILLO 1,1768,34.23952593231889810000,-119.15836413030500300000,0.180000,0.180000,
1768,25069,CAMARILLO 2,1769,34.25741708238820140000,-119.00004520588700500000,0.130000,0.130000,
1769,25070,BAKERSFIELD 6,1770,35.42876256924689930000,-119.03873518794600300000,0.230000,0.230000,
1770,25071,BAKERSFIELD 7,1771,35.35783390638479770000,-118.97833056694599900000,0.460000,0.460000,
1771,25072,BAKERSFIELD 8,1772,35.16591640441669850000,-118.96803205896399900000,0.870000,0.870000,
1772,25073,BAKERSFIELD 9,1773,35.12161403371739960000,-119.02006071164099400000,3.900000,3.900000,
1773,25074,FRAZIER PARK,1774,34.81358287629110040000,-118.99324673656900600000,0.640000,0.640000,
1774,25075,BAKERSFIELD 10,1775,35.35567771639159670000,-119.02990435843200600000,0.480000,0.480000,
1775,25076,BAKERSFIELD 11,1776,35.32471473667669670000,-118.93547838797900300000,0.490000,0.490000,
1776,25077,CAMARILLO 3,1777,34.16074111845389890000,-119.00970665429700600000,0.260000,0.260000,
1777,25078,CAMARILLO 4,1778,34.15247601281510010000,-118.92070423536499400000,2.500000,2.500000,
1778,25079,BAKERSFIELD 12,1779,35.30443773164370210000,-118.98204793936399400000,0.190000,0.190000,
1779,25080,BAKERSFIELD 13,1780,35.35804216721680150000,-119.05491094179799900000,0.530000,0.530000,
1780,25081,NEWBURY PARK 1,1781,34.18614218224080050000,-118.96145828456900500000,0.780000,0.780000,
1781,25082,NEWBURY PARK 2,1782,34.11575357573789800000,-118.97719455536599800000,0.360000,0.360000,
1782,25083,BAKERSFIELD 14,1783,35.30301678895749970000,-118.94623865598700300000,0.055000,0.055000,
1783,25084,BAKERSFIELD 15,1784,35.16170361554920020000,-118.87991641739900200000,0.220000,0.220000,
1784,25085,BAKERSFIELD 16,1785,35.15107671832839740000,-119.01125866160900600000,2.300000,2.300000,
1785,25086,LAMONT,1786,35.35307930820980000000,-118.89619105643299700000,0.055000,0.055000,
1786,25087,MOORPARK 1,1787,34.33963881555219900000,-118.94380832152499800000,0.047000,0.047000,
1787,25088,MOORPARK 2,1788,34.37898154541090180000,-118.92294506016199300000,0.200000,0.200000,
1788,25089,FILLMORE 1,1789,34.41467551654299940000,-118.98279285913000100000,0.530000,0.530000,
1789,25090,WESTLAKE VILLAGE,1790,34.09006757128520350000,-118.92276078890699900000,0.120000,0.120000,
1790,25091,THOUSAND OAKS 1,1791,34.17008358239399970000,-118.80391459697699500000,3.500000,3.500000,
1791,25092,THOUSAND OAKS 2,1792,34.11532019652869960000,-118.79644343181900000000,0.150000,0.150000,
1792,25093,MALIBU,1793,33.98913495660659830000,-118.47713554281199300000,2.200000,2.200000,
1793,25094,ARVIN,1794,35.15366689987850180000,-118.84469187151300700000,0.094000,0.094000,
1794,25095,THOUSAND OAKS 3,1795,34.27761882746990100000,-118.89387656513299900000,0.190000,0.190000,
1795,25096,THOUSAND OAKS 4,1796,34.24825991035400110000,-118.72597435833199600000,0.047000,0.047000,
1796,25097,BAKERSFIELD 17,1797,35.58303058182229960000,-118.79360892009300700000,0.500000,0.500000,
1797,25098,BAKERSFIELD 18,1798,35.63505174703870180000,-118.74185605922400600000,0.670000,0.670000,
1798,25099,BAKERSFIELD 19,1799,35.40922923582260040000,-118.75987026866499700000,0.450000,0.450000,
1799,25100,BAKERSFIELD 20,1800,35.45722483920889800000,-118.77549101327299800000,0.650000,0.650000,
1800,25101,SIMI VALLEY 1,1801,34.21736314585219670000,-118.74197454224800200000,0.050000,0.050000,
1801,25102,SIMI VALLEY 2,1802,34.25804475333359990000,-118.73541424530699800000,0.130000,0.130000,
1802,25103,OAK PARK,1803,34.08601167257400280000,-118.78081604674000000000,0.310000,0.310000,
1803,25104,AGOURA HILLS 1,1804,34.15280149865750300000,-118.84698579843400500000,0.170000,0.170000,
1804,25105,AGOURA HILLS 2,1805,34.06049650314479750000,-118.81002258974500300000,0.140000,0.140000,
1805,25106,CASTAIC 1,1806,34.46483413716480020000,-118.62969568595200100000,0.890000,0.890000,
1806,25107,CASTAIC 2,1807,34.60385402661400180000,-118.68175740225700600000,0.510000,0.510000,
1807,25108,SIMI VALLEY 3,1808,34.35426040319379840000,-118.75033008684799500000,0.310000,0.310000,
1808,25109,SIMI VALLEY 4,1809,34.37444028901529690000,-118.63393755852800400000,3.700000,3.700000,
1809,25110,CALABASAS 1,1810,34.11624088833470130000,-118.72598492722299600000,0.250000,0.250000,
1810,25111,CALABASAS 2,1811,34.17270873188240190000,-118.70219904290600300000,0.220000,0.220000,
1811,25112,WEST HILLS,1812,34.15969057676269930000,-118.66787053768399600000,0.050000,0.050000,
1812,25113,STEVENSON RANCH,1813,34.40146014910990150000,-118.54827082337800400000,0.670000,0.670000,
1813,25114,VALENCIA 1,1814,34.46035823951280010000,-118.67308731406299700000,8.600000,8.600000,
1814,25115,VALENCIA 2,1815,34.34170551759059720000,-118.61943377459999700000,0.380000,0.380000,
1815,25116,CANOGA PARK 1,1816,34.18398374167590250000,-118.56168191090100100000,0.120000,0.120000,
1816,25117,CANOGA PARK 2,1817,34.23823430631360050000,-118.70291071840499300000,0.750000,0.750000,
1817,25118,WOODLAND HILLS 1,1818,34.18856273728540170000,-118.58696657303499900000,0.200000,0.200000,
1818,25119,WOODLAND HILLS 2,1819,34.14729832592480110000,-118.69673710466599900000,0.180000,0.180000,
1819,25120,CHATSWORTH 1,1820,34.38707078061199950000,-118.52800379201299600000,0.140000,0.140000,
1820,25121,CHATSWORTH 2,1821,34.38949698814440130000,-118.63511930496299800000,0.200000,0.200000,
1821,25122,CANOGA PARK 3,1822,34.13466129236179820000,-118.55412877342800500000,0.220000,0.220000,
1822,25123,WOODLAND HILLS 3,1823,34.09466714099929870000,-118.53089755095099600000,0.240000,0.240000,
1823,25124,WOODLAND HILLS 4,1824,34.14115319845519990000,-118.62775534294900100000,0.110000,0.110000,
1824,25125,WINNETKA 1,1825,34.20459694472499730000,-118.67028665057499400000,0.300000,0.300000,
1825,25126,WINNETKA 2,1826,34.27157930503359750000,-118.61902401323000300000,0.340000,0.340000,
1826,25127,PORTER RANCH 1,1827,34.29952462839850110000,-118.64407716723799500000,0.320000,0.320000,
1827,25128,PORTER RANCH 2,1828,34.35579987760409890000,-118.53292158207999300000,0.770000,0.770000,
1828,25129,NORTHRIDGE 1,1829,34.14317160184860000000,-118.51708917744700500000,0.130000,0.130000,
1829,25130,TARZANA 1,1830,34.16520393512399780000,-118.51715428977399800000,1.400000,1.400000,
1830,25131,TARZANA 2,1831,34.09449788173350270000,-118.64587959205300600000,0.220000,0.220000,
1831,25132,PACIFIC PALISADES,1832,34.17627114059539650000,-118.54713570737300200000,0.130000,0.130000,
1832,25133,RESEDA 1,1833,34.24236389379039740000,-118.59275335073799300000,0.210000,0.210000,
1833,25134,RESEDA 2,1834,34.19268439325080070000,-118.50810988020199900000,0.600000,0.600000,
1834,25135,NORTHRIDGE 2,1835,34.16542859817310070000,-118.43416084461699700000,0.140000,0.140000,
1835,25136,NORTHRIDGE 3,1836,34.17270618709530080000,-118.50430212555799900000,2.300000,2.300000,
1836,25137,ENCINO 1,1837,34.20282074704930150000,-118.46862123108199700000,0.880000,0.880000,
1837,25138,ENCINO 2,1838,34.11137290814519930000,-118.58345577976200500000,1.000000,1.000000,
1838,25139,GRANADA HILLS 1,1839,34.24819038492120170000,-118.44513687782800600000,0.230000,0.230000,
1839,25140,GRANADA HILLS 2,1840,34.38609210920849790000,-118.57535240519200700000,0.068000,0.068000,
1840,25141,SANTA CLARITA 1,1841,34.41062993897129730000,-118.58601875794900600000,0.095000,0.095000,
1841,25142,SANTA CLARITA 2,1842,34.37146502466919880000,-118.41655649139900700000,0.100000,0.100000,
1842,25143,TEHACHAPI 1,1843,35.16981195620790150000,-118.59328011968300100000,0.410000,0.410000,
1843,25144,TEHACHAPI 2,1844,35.17076033046109980000,-118.42584104851600600000,0.160000,0.160000,
1844,25145,SANTA MONICA 1,1845,33.95506583592789700000,-118.40507720768299300000,0.450000,0.450000,
1845,25146,LOS ANGELES 1,1846,34.12019901882879940000,-118.47026012477300600000,0.200000,0.200000,
1846,25147,LOS ANGELES 2,1847,34.09348211205279710000,-118.56970755353400200000,0.140000,0.140000,
1847,25148,VAN NUYS 1,1848,34.25019654557730320000,-118.49820188718399600000,1.400000,1.400000,
1848,25149,VAN NUYS 2,1849,34.29275274111699900000,-118.43395707964299400000,0.810000,0.810000,
1849,25150,NEWHALL 1,1850,34.27193489655339680000,-118.44965957488300000000,1.400000,1.400000,
1850,25151,NEWHALL 2,1851,34.35707009264930180000,-118.45311191316299900000,0.300000,0.300000,
1851,25152,NORTH HILLS 1,1852,34.31408117238390080000,-118.55702500450699700000,0.290000,0.290000,
1852,25153,NORTH HILLS 2,1853,34.19804522670950320000,-118.56811657628000500000,0.100000,0.100000,
1853,25154,SANTA MONICA 2,1854,34.12542949910500310000,-118.41157152416499800000,0.520000,0.520000,
1854,25155,SANTA MONICA 3,1855,33.99119488977699890000,-118.39501520443499800000,0.700000,0.700000,
1855,25156,VENICE 1,1856,33.92689010334299840000,-118.40135397058900000000,0.290000,0.290000,
1856,25157,VENICE 2,1857,34.02339148275490290000,-118.51378344537400300000,0.380000,0.380000,
1857,25158,SHERMAN OAKS 1,1858,34.20405888393359820000,-118.36870895147400500000,0.020000,0.020000,
1858,25159,VAN NUYS 3,1859,34.08236617418570090000,-118.48010492666000500000,0.140000,0.140000,
1859,25160,MARINA DEL REY,1860,34.06037261204740220000,-118.42749048614599900000,4.900000,4.900000,
1860,25161,LAKE ISABELLA,1861,35.63968037612170290000,-118.48975163990699900000,0.290000,0.290000,
1861,25162,CANYON COUNTRY 1,1862,34.44927523005450350000,-118.40882054284500700000,0.074000,0.074000,
1862,25163,CANYON COUNTRY 2,1863,34.45553621090940060000,-118.48998997751900200000,0.160000,0.160000,
1863,25164,VAN NUYS 4,1864,34.19656330010609930000,-118.41745108592699900000,0.130000,0.130000,
1864,25165,VAN NUYS 5,1865,34.17659103058029760000,-118.36771224998800300000,0.670000,0.670000,
1865,25166,LOS ANGELES 3,1866,34.02978515772039710000,-118.35301769971400200000,0.240000,0.240000,
1866,25167,PANORAMA CITY 1,1867,34.21779151273759820000,-118.37834757286100300000,1.500000,1.500000,
1867,25168,PANORAMA CITY 2,1868,34.17978553978689860000,-118.36317587614199400000,0.220000,0.220000,
1868,25169,SAN FERNANDO,1869,34.31061051910990040000,-118.34701508805899600000,0.250000,0.250000,
1869,25170,LOS ANGELES 4,1870,34.09929614590149780000,-118.38167844519199400000,0.350000,0.350000,
1870,25171,LOS ANGELES 5,1871,33.98083786532029650000,-118.41371651015900600000,0.990000,0.990000,
1871,25172,SHERMAN OAKS 2,1872,34.09029365328910190000,-118.46326388960800100000,0.110000,0.110000,
1872,25173,VAN NUYS 6,1873,34.15902983761699830000,-118.45989353972599600000,3.100000,3.100000,
1873,25174,VAN NUYS 7,1874,34.26087277323399860000,-118.50503903013999700000,0.086000,0.086000,
1874,25175,LOS ANGELES 6,1875,34.07111411951819950000,-118.50670857582700500000,0.470000,0.470000,
1875,25176,LOS ANGELES 7,1876,33.94796435613380230000,-118.44724629757900000000,0.120000,0.120000,
1876,25177,LOS ANGELES 8,1877,33.97814833941519910000,-118.33712327557100200000,0.350000,0.350000,
1877,25178,PACOIMA 1,1878,34.23183223776929650000,-118.43212682892800600000,0.470000,0.470000,
1878,25179,PACOIMA 2,1879,34.25945405844429810000,-118.37542758776200500000,0.390000,0.390000,
1879,25180,PACOIMA 3,1880,34.32426739641520190000,-118.35211997288500600000,0.350000,0.350000,
1880,25181,SANTA CLARITA 3,1881,34.64149554495570270000,-118.39557347250300300000,0.170000,0.170000,
1881,25182,LOS ANGELES 9,1882,33.84834439496329850000,-118.39144170103099900000,0.014000,0.014000,
1882,25183,LOS ANGELES 10,1883,34.01697954033730300000,-118.33733791646399400000,0.170000,0.170000,
1883,25184,BEVERLY HILLS,1884,34.04934660030569660000,-118.35282933211999500000,0.130000,0.130000,
1884,25185,MANHATTAN BEACH,1885,33.97303322948830130000,-118.36784712252399700000,0.630000,0.630000,
1885,25186,NORTH HOLLYWOOD 1,1886,34.22919373257740010000,-118.49824494907599600000,0.350000,0.350000,
1886,25187,VALLEY VILLAGE,1887,34.11067525207120350000,-118.45541502517100700000,0.430000,0.430000,
1887,25188,LOS ANGELES 11,1888,34.05597924977259790000,-118.42713037382600300000,0.081000,0.081000,
1888,25189,LOS ANGELES 12,1889,34.00656691531860080000,-118.29994381909699500000,0.014000,0.014000,
1889,25190,HERMOSA BEACH,1890,33.78477457489690040000,-118.34480246135200300000,0.210000,0.210000,
1890,25191,CULVER CITY 1,1891,34.06484004626410210000,-118.44841935625400700000,0.054000,0.054000,
1891,25192,STUDIO CITY,1892,34.20017944001229890000,-118.39595027112200400000,0.210000,0.210000,
1892,25193,CULVER CITY 2,1893,34.10754388483169920000,-118.48386823023200500000,2.500000,2.500000,
1893,25194,NORTH HOLLYWOOD 2,1894,34.27289818107389860000,-118.46407946367699500000,0.068000,0.068000,
1894,25195,NORTH HOLLYWOOD 3,1895,34.11474770850829690000,-118.43506378614800700000,0.380000,0.380000,
1895,25196,REDONDO BEACH 1,1896,33.83446420638190230000,-118.39195521662100000000,0.190000,0.190000,
1896,25197,LOS ANGELES 13,1897,33.97050536076439900000,-118.46176168038699900000,0.620000,0.620000,
1897,25198,SYLMAR 1,1898,34.23668599502960320000,-118.33579625240800200000,0.220000,0.220000,
1898,25199,SYLMAR 2,1899,34.31187799363949860000,-118.28588730956200000000,0.110000,0.110000,
1899,25200,SYLMAR 3,1900,34.40462881382769920000,-118.34401941425800000000,0.250000,0.250000,
1900,25201,LOS ANGELES 14,1901,34.00739048020039950000,-118.33302422506099600000,0.140000,0.140000,
1901,25202,NORTH HOLLYWOOD 4,1902,34.12535908999750230000,-118.35863303719000300000,0.035000,0.035000,
1902,25203,CANYON COUNTRY 3,1903,34.31502599982950130000,-118.37129428655100600000,0.290000,0.290000,
1903,25204,CANYON COUNTRY 4,1904,34.42800783014010340000,-118.44972229853399900000,0.460000,0.460000,
1904,25205,REDONDO BEACH 2,1905,33.81730590055170180000,-118.39155149177800300000,0.150000,0.150000,
1905,25206,REDONDO BEACH 3,1906,33.93775727244519660000,-118.31858513329099500000,0.310000,0.310000,
1906,25207,LANCASTER 1,1907,34.83717436151039950000,-118.37391960110700500000,1.800000,1.800000,
1907,25208,LANCASTER 2,1908,34.72549336811380270000,-118.37720546929600100000,0.820000,0.820000,
1908,25209,NORTH HOLLYWOOD 5,1909,34.11145263262309870000,-118.34954309782300200000,0.140000,0.140000,
1909,25210,RANCHO PALOS VERDES,1910,33.73767418732919760000,-118.31656165833599900000,0.011000,0.011000,
1910,25211,SUN VALLEY 1,1911,34.31428742886470220000,-118.33332147709600700000,0.320000,0.320000,
1911,25212,LOS ANGELES 15,1912,34.14086987850080140000,-118.33651494189399500000,0.069000,0.069000,
1912,25213,LOS ANGELES 16,1913,34.16714908955739820000,-118.37439821961500300000,0.170000,0.170000,
1913,25214,INGLEWOOD 1,1914,33.91206972624289760000,-118.33943216842000400000,0.200000,0.200000,
1914,25215,INGLEWOOD 2,1915,33.85883291745219740000,-118.33388956432200700000,0.190000,0.190000,
1915,25216,INGLEWOOD 3,1916,33.97392520712210030000,-118.39699097958400400000,0.790000,0.790000,
1916,25217,INGLEWOOD 4,1917,33.96948268519030020000,-118.44602940078399900000,0.430000,0.430000,
1917,25218,LOS ANGELES 17,1918,34.01838438572430330000,-118.42815705288100500000,0.091000,0.091000,
1918,25219,LOS ANGELES 18,1919,34.07823241342860140000,-118.27984161390500600000,2.400000,2.400000,
1919,25220,TORRANCE 1,1920,33.84118778016249960000,-118.31129105050399600000,0.100000,0.100000,
1920,25221,TORRANCE 2,1921,33.79362933018649780000,-118.33165029126500700000,0.410000,0.410000,
1921,25222,LAWNDALE 1,1922,33.95173891141549660000,-118.43740904724199900000,0.067000,0.067000,
1922,25223,LAWNDALE 2,1923,33.90032168365019770000,-118.28075992068400500000,0.630000,0.630000,
1923,25224,LOS ANGELES 19,1924,34.00970627260159770000,-118.37040752307500200000,0.860000,0.860000,
1924,25225,LOS ANGELES 20,1925,34.08786285453160050000,-118.41418610342900300000,0.190000,0.190000,
1925,25226,HAWTHORNE 1,1926,33.95834151592229940000,-118.27586757478999900000,0.170000,0.170000,
1926,25227,HAWTHORNE 2,1927,34.00785477715179890000,-118.29167387983299900000,0.320000,0.320000,
1927,25228,HAWTHORNE 3,1928,33.85456067264959760000,-118.39864485065000100000,0.120000,0.120000,
1928,25229,TORRANCE 3,1929,33.87613457547580250000,-118.40898123774100300000,0.700000,0.700000,
1929,25230,TORRANCE 4,1930,33.79655436417189660000,-118.28739227920100100000,0.250000,0.250000,
1930,25231,BURBANK 3,1931,34.09469421978730000000,-118.31097180305499700000,0.530000,0.530000,
1931,25232,BURBANK 4,1932,34.12618913454230100000,-118.26934734760300200000,0.920000,0.920000,
1932,25233,LOS ANGELES 21,1933,34.06247052669459660000,-118.37141841188700600000,2.500000,2.500000,
1933,25234,ROSAMOND 1,1934,34.79167127794310230000,-118.34795682941299300000,0.140000,0.140000,
1934,25235,LOS ANGELES 22,1935,33.98429345019830090000,-118.42810883023399500000,0.200000,0.200000,
1935,25236,LOS ANGELES 23,1936,34.10588292016460340000,-118.29416986320100600000,0.600000,0.600000,
1936,25237,LOS ANGELES 24,1937,33.95117465636180040000,-118.35266866143300000000,0.160000,0.160000,
1937,25238,SUNLAND,1938,34.24733516307679790000,-118.28613793892000700000,0.290000,0.290000,
1938,25239,INGLEWOOD 5,1939,33.90542208329399900000,-118.30470721808799800000,0.057000,0.057000,
1939,25240,LOS ANGELES 25,1940,34.06287316996670000000,-118.29324743497700500000,0.060000,0.060000,
1940,25241,TORRANCE 5,1941,33.90196771344550090000,-118.38606305514099400000,3.700000,3.700000,
1941,25242,TORRANCE 6,1942,33.94142737402010110000,-118.29937136505000700000,0.410000,0.410000,
1942,25243,BURBANK 5,1943,34.14209033974520220000,-118.39160378442400700000,0.380000,0.380000,
1943,25244,LOS ANGELES 26,1944,34.08530637642999750000,-118.39516777016800100000,0.160000,0.160000,
1944,25245,BURBANK 6,1945,34.19166266996850110000,-118.29033265384400400000,0.550000,0.550000,
1945,25246,LOS ANGELES 27,1946,34.01816752070050140000,-118.36839335964700100000,0.310000,0.310000,
1946,25247,LOS ANGELES 28,1947,34.08782187909760350000,-118.26188797427700200000,0.094000,0.094000,
1947,25248,TORRANCE 7,1948,33.80797032932390070000,-118.21627180767899300000,0.065000,0.065000,
1948,25249,SAN PEDRO 1,1949,33.80786170215319690000,-118.24242533885299600000,0.100000,0.100000,
1949,25250,LOS ANGELES 29,1950,34.08861572133500320000,-118.38281355921499500000,0.400000,0.400000,
1950,25251,LOS ANGELES 30,1951,34.06408764445139780000,-118.35570806675500000000,0.240000,0.240000,
1951,25252,LOS ANGELES 31,1952,34.07612575585199720000,-118.22939031227700500000,0.110000,0.110000,
1952,25253,LOS ANGELES 32,1953,33.92029009937380120000,-118.31376895852899600000,0.081000,0.081000,
1953,25254,LOS ANGELES 33,1954,34.00242477250449720000,-118.25092146593499400000,0.330000,0.330000,
1954,25255,LOS ANGELES 34,1955,33.98596959071859660000,-118.21406940785699600000,0.072000,0.072000,
1955,25256,HARBOR CITY,1956,33.80777688737850180000,-118.30980050876100000000,0.490000,0.490000,
1956,25257,GARDENA 1,1957,33.88894723652389730000,-118.39319764698800000000,0.072000,0.072000,
1957,25258,GARDENA 2,1958,33.98040632356949690000,-118.27913914044600600000,0.380000,0.380000,
1958,25259,LOS ANGELES 35,1959,34.17539255445449700000,-118.20006889937700100000,4.000000,4.000000,
1959,25260,LOS ANGELES 36,1960,34.17418071798550020000,-118.27409599542599500000,0.440000,0.440000,
1960,25261,LOS ANGELES 37,1961,34.18924006661629990000,-118.31745223231899900000,0.690000,0.690000,
1961,25262,LOS ANGELES 38,1962,34.03214776816209760000,-118.39196592420400100000,0.990000,0.990000,
1962,25263,LOS ANGELES 39,1963,33.98352412933900270000,-118.29936635839899800000,0.390000,0.390000,
1963,25264,LOS ANGELES 40,1964,33.99026522365200260000,-118.36607934054400500000,0.780000,0.780000,
1964,25265,BURBANK 7,1965,34.15150621758279930000,-118.31047221626799600000,0.160000,0.160000,
1965,25266,LOS ANGELES 41,1966,34.04900521312529800000,-118.21898488998999700000,3.400000,3.400000,
1966,25267,LOS ANGELES 42,1967,34.03287783061959710000,-118.26740387969700000000,0.700000,0.700000,
1967,25268,LOS ANGELES 43,1968,33.95160503273650220000,-118.31925842608899300000,6.000000,6.000000,
1968,25269,GLENDALE 1,1969,34.07786759456050160000,-118.19043384678799700000,0.026000,0.026000,
1969,25270,LOS ANGELES 44,1970,34.07890821618480000000,-118.27143229404299500000,0.310000,0.310000,
1970,25271,LOS ANGELES 45,1971,33.98894029309030170000,-118.37647145795699500000,0.140000,0.140000,
1971,25272,LOS ANGELES 46,1972,33.92968314880069870000,-118.34818731940200100000,0.110000,0.110000,
1972,25273,LOS ANGELES 47,1973,33.99647745971449810000,-118.21248562872399600000,0.220000,0.220000,
1973,25274,SAN PEDRO 2,1974,33.70405606167999930000,-118.25785062139600300000,4.300000,4.300000,
1974,25275,SAN PEDRO 3,1975,33.82891437926230080000,-118.33380946562999700000,0.071000,0.071000,
1975,25276,LOS ANGELES 48,1976,34.11599013542920030000,-118.30280226277899700000,0.052000,0.052000,
1976,25277,LOS ANGELES 49,1977,33.95396379303169710000,-118.20922613199300600000,0.440000,0.440000,
1977,25278,LOS ANGELES 50,1978,33.96082806788690080000,-118.21911399215400700000,0.200000,0.200000,
1978,25279,GLENDALE 2,1979,34.16894955149619760000,-118.33660698797099500000,0.088000,0.088000,
1979,25280,LOS ANGELES 51,1980,34.05585578270599710000,-118.17792247542699600000,0.440000,0.440000,
1980,25281,LOS ANGELES 52,1981,34.05786127744779890000,-118.35866279644299900000,0.500000,0.500000,
1981,25282,CARSON 2,1982,33.74815251065489720000,-118.18737557840700000000,0.099000,0.099000,
1982,25283,CARSON 3,1983,33.73556132401760270000,-118.29423014762400600000,0.470000,0.470000,
1983,25284,LOS ANGELES 53,1984,34.05519019464829710000,-118.22754870375000300000,0.500000,0.500000,
1984,25285,LOS ANGELES 54,1985,34.12566879131259870000,-118.32508422617100000000,0.450000,0.450000,
1985,25286,WILMINGTON 1,1986,33.77467800092109940000,-118.23414063336200300000,0.025000,0.025000,
1986,25287,WILMINGTON 2,1987,33.73604440661370060000,-118.25949252103599500000,0.140000,0.140000,
1987,25288,GLENDALE 3,1988,34.17563359369300000000,-118.17962207367000400000,0.460000,0.460000,
1988,25289,LOS ANGELES 55,1989,34.10859981847009690000,-118.18732384940599900000,0.110000,0.110000,
1989,25290,LOS ANGELES 56,1990,34.08148793086350280000,-118.24400554813100000000,0.110000,0.110000,
1990,25291,LOS ANGELES 57,1991,34.02015335791620030000,-118.29854242163200700000,3.200000,3.200000,
1991,25292,LOS ANGELES 58,1992,33.95566427154140140000,-118.34377713787100100000,0.410000,0.410000,
1992,25293,CARSON 4,1993,33.88019547660690020000,-118.17743608340299500000,0.027000,0.027000,
1993,25294,LOS ANGELES 59,1994,33.82977960992940320000,-118.29074470594200400000,0.740000,0.740000,
1994,25295,LOS ANGELES 60,1995,34.00564311795969980000,-118.15071592746799900000,0.043000,0.043000,
1995,25296,LA CRESCENTA,1996,34.32367427413220180000,-118.16063077013899400000,0.660000,0.660000,
1996,25297,LOS ANGELES 61,1997,33.85412028796889670000,-118.24745612785099500000,0.270000,0.270000,
1997,25298,LOS ANGELES 62,1998,33.93042376279569790000,-118.22299468821499600000,0.079000,0.079000,
1998,25299,GLENDALE 4,1999,34.23468911854639880000,-118.23365962627700300000,0.910000,0.910000,
1999,25300,GLENDALE 5,2000,34.04309254458659950000,-118.17819047848399800000,0.540000,0.540000,
2000,25301,PALMDALE 1,2001,34.58778717288610240000,-118.30236025650700100000,0.053000,0.053000,
2001,25302,PALMDALE 2,2002,34.63043247140929990000,-118.33481265356999800000,0.100000,0.100000,
2002,25303,LOS ANGELES 63,2003,34.02249596843900290000,-118.22346836319400200000,0.120000,0.120000,
2003,25304,TUJUNGA 1,2004,34.30158585102199710000,-118.21146468546000100000,0.400000,0.400000,
2004,25305,TUJUNGA 2,2005,34.37484141914689670000,-118.28813580099100000000,0.240000,0.240000,
2005,25306,COMPTON 1,2006,33.96501328288869810000,-118.31211914539500200000,0.200000,0.200000,
2006,25307,COMPTON 2,2007,33.95132462862800080000,-118.17373345894600300000,0.150000,0.150000,
2007,25308,COMPTON 3,2008,33.80298008740410150000,-118.13716883517800200000,0.170000,0.170000,
2008,25309,LOS ANGELES 64,2009,34.19022550168740080000,-118.13037820574599800000,0.089000,0.089000,
2009,25310,LOS ANGELES 65,2010,34.12452839400639700000,-118.21309526822399500000,0.230000,0.230000,
2010,25311,LONG BEACH 2,2011,33.79469240665270040000,-118.27272437205699900000,0.360000,0.360000,
2011,25312,LONG BEACH 3,2012,33.76785695396809930000,-118.29282313362900000000,0.094000,0.094000,
2012,25313,ACTON,2013,34.42332175845209720000,-118.22327871615900100000,0.061000,0.061000,
2013,25314,HUNTINGTON PARK 1,2014,33.94113123347820250000,-118.25753980733000500000,0.180000,0.180000,
2014,25315,HUNTINGTON PARK 2,2015,33.94515134334589850000,-118.22737934883700500000,0.170000,0.170000,
2015,25316,HUNTINGTON PARK 3,2016,33.91084352270060260000,-118.16226855174400600000,2.900000,2.900000,
2016,25317,GLENDALE 6,2017,34.21817945310260000000,-118.30067235070100600000,0.950000,0.950000,
2017,25318,GLENDALE 7,2018,34.19870859526469790000,-118.25723806223500400000,0.043000,0.043000,
2018,25319,LOS ANGELES 66,2019,34.13158856973399940000,-118.30230983803700400000,0.480000,0.480000,
2019,25320,LOS ANGELES 67,2020,34.06248986138879790000,-118.23047647529399700000,0.200000,0.200000,
2020,25321,LONG BEACH 4,2021,33.75518099293540080000,-118.20173643109899300000,0.250000,0.250000,
2021,25322,LONG BEACH 5,2022,33.82530712926730130000,-118.12574181645899800000,0.270000,0.270000,
2022,25323,LOS ANGELES 68,2023,34.07902719223739750000,-118.21817401182400400000,0.160000,0.160000,
2023,25324,LOS ANGELES 69,2024,34.10434448863500020000,-118.20368720879599800000,4.600000,4.600000,
2024,25325,COMPTON 4,2025,33.96223490063700010000,-118.20995330053099800000,0.770000,0.770000,
2025,25326,COMPTON 5,2026,33.78806572895440040000,-118.25072600095200000000,0.210000,0.210000,
2026,25327,LA CANADA FLINTRIDGE,2027,34.21987730757599880000,-118.20156361414200300000,0.470000,0.470000,
2027,25328,LYNWOOD 1,2028,33.96809108128439900000,-118.23410736085199400000,0.430000,0.430000,
2028,25329,LYNWOOD 2,2029,33.95252818549860050000,-118.15425956604299500000,0.067000,0.067000,
2029,25330,LOS ANGELES 70,2030,33.95979934115180040000,-118.16448369710400400000,0.150000,0.150000,
2030,25331,LOS ANGELES 71,2031,34.09655313651140320000,-118.17819043607799800000,0.330000,0.330000,
2031,25332,LONG BEACH 6,2032,33.69197329311190000000,-118.04551948765400500000,0.390000,0.390000,
2032,25333,LONG BEACH 7,2033,33.81984076655400170000,-118.22174651793500300000,0.540000,0.540000,
2033,25334,SOUTH GATE 1,2034,33.85857721028219910000,-118.28088787824900400000,0.600000,0.600000,
2034,25335,SOUTH GATE 2,2035,34.03231529090560060000,-118.15102361493299600000,0.610000,0.610000,
2035,25336,SOUTH GATE 3,2036,33.92421506340249950000,-118.21282942508899800000,0.047000,0.047000,
2036,25337,LOS ANGELES 72,2037,34.15538452772209870000,-118.16919689331699300000,0.027000,0.027000,
2037,25338,LOS ANGELES 73,2038,34.06981572730000350000,-118.14772746547500000000,0.780000,0.780000,
2038,25339,LONG BEACH 8,2039,33.78556003712800050000,-118.22674024636700100000,0.400000,0.400000,
2039,25340,LONG BEACH 9,2040,33.71287943300880130000,-118.23442765547099500000,0.110000,0.110000,
2040,25341,MAYWOOD,2041,34.02057346342520110000,-118.25454011607600100000,0.024000,0.024000,
2041,25342,LOS ANGELES 74,2042,34.10685248761659950000,-118.13733698305900100000,0.079000,0.079000,
2042,25343,LOS ANGELES 75,2043,33.99840999804270320000,-118.12294044102100100000,3.400000,3.400000,
2043,25344,LOS ANGELES 76,2044,33.98195950326469730000,-118.24108117362899900000,3.500000,3.500000,
2044,25345,LOS ANGELES 77,2045,34.14836410015149680000,-118.26961342880400700000,0.930000,0.930000,
2045,25346,LONG BEACH 10,2046,33.92996502465020110000,-118.26239328982799800000,0.096000,0.096000,
2046,25347,LONG BEACH 11,2047,33.84616348918729760000,-118.17390263311600000000,0.870000,0.870000,
2047,25348,LONG BEACH 12,2048,33.83165270814200200000,-118.24569348443000600000,0.012000,0.012000,
2048,25349,LONG BEACH 13,2049,33.85533746142090190000,-118.19924308148600300000,0.390000,0.390000,
2049,25350,LONG BEACH 14,2050,33.85366111142629820000,-118.26756028520699700000,0.280000,0.280000,
2050,25351,BELL GARDENS 1,2051,33.91091314223209710000,-118.25447012566699800000,0.620000,0.620000,
2051,25352,BELL GARDENS 2,2052,33.91184552679430200000,-118.09592641248100600000,0.390000,0.390000,
2052,25353,BELL GARDENS 3,2053,33.96567879903440000000,-118.18047445970600500000,2.900000,2.900000,
2053,25354,PARAMOUNT 1,2054,33.97887289745040110000,-118.20078780665799900000,0.620000,0.620000,
2054,25355,PARAMOUNT 2,2055,33.82550957686819970000,-118.24144626807300500000,0.470000,0.470000,
2055,25356,PASADENA 1,2056,34.22227000653160190000,-118.12836905515200700000,0.730000,0.730000,
2056,25357,SOUTH PASADENA,2057,34.15570628651499870000,-118.21968098287200600000,4.500000,4.500000,
2057,25358,LOS ANGELES 78,2058,34.10403726444580030000,-118.06838020621999900000,0.470000,0.470000,
2058,25359,LOS ANGELES 79,2059,33.93984988807510210000,-118.21122847844199600000,0.081000,0.081000,
2059,25360,LANCASTER 3,2060,34.71775142250290000000,-118.14459870138399800000,0.380000,0.380000,
2060,25361,LANCASTER 4,2061,34.63594790551429980000,-118.12733525136799500000,0.200000,0.200000,
2061,25362,LONG BEACH 15,2062,33.68553168413900070000,-118.03896598830600300000,0.200000,0.200000,
2062,25363,LONG BEACH 16,2063,33.85606704440200330000,-118.22004208425400400000,3.100000,3.100000,
2063,25364,LAKEWOOD 6,2064,33.76531888945599750000,-118.16862644014300100000,4.100000,4.100000,
2064,25365,LAKEWOOD 7,2065,33.87605944523730270000,-118.10148441417099700000,0.180000,0.180000,
2065,25366,ALHAMBRA 1,2066,34.00237170855729830000,-118.18613585798000500000,0.140000,0.140000,
2066,25367,LONG BEACH 17,2067,33.72614370826150320000,-118.05260548342700100000,0.100000,0.100000,
2067,25368,MONTEREY PARK,2068,34.08746770729960220000,-118.14659972780499700000,0.910000,0.910000,
2068,25369,DOWNEY 1,2069,34.01692532307279750000,-118.18791265154800400000,1.000000,1.000000,
2069,25370,DOWNEY 2,2070,33.89656465221919750000,-118.04413199476400100000,0.710000,0.710000,
2070,25371,PASADENA 2,2071,34.12532824781470000000,-118.22884947993100000000,0.810000,0.810000,
2071,25372,ALTADENA 1,2072,34.13846028782730000000,-118.08378309030600000000,0.062000,0.062000,
2072,25373,ALTADENA 2,2073,34.24882187960520240000,-118.21879704340599900000,0.030000,0.030000,
2073,25374,LONG BEACH 18,2074,33.81847990044600040000,-118.04068402994900600000,2.000000,2.000000,
2074,25375,LONG BEACH 19,2075,33.66905994977570060000,-118.02000457425299400000,0.120000,0.120000,
2075,25376,PASADENA 3,2076,34.14931057189050280000,-118.10943374636799800000,0.230000,0.230000,
2076,25377,DOWNEY 3,2077,34.00114308522319820000,-118.14170185550500500000,1.600000,1.600000,
2077,25378,DOWNEY 4,2078,34.03104690343840130000,-118.06402403139999500000,0.430000,0.430000,
2078,25379,ALHAMBRA 2,2079,34.17957370178989860000,-118.05325808813999800000,0.830000,0.830000,
2079,25380,ALHAMBRA 3,2080,34.04174726589899790000,-118.16198222400299800000,0.510000,0.510000,
2080,25381,BELLFLOWER 1,2081,33.85887804037059820000,-118.11381609407000300000,0.220000,0.220000,
2081,25382,BELLFLOWER 2,2082,33.81483523355699820000,-118.10145936668000400000,0.015000,0.015000,
2082,25383,PASADENA 4,2083,34.06988690763790120000,-118.04582696083400600000,0.090000,0.090000,
2083,25384,PALMDALE 3,2084,34.37614333801389680000,-118.21791863061299900000,0.088000,0.088000,
2084,25385,PALMDALE 4,2085,34.36714068189260020000,-118.07939852108100400000,0.440000,0.440000,
2085,25386,DOWNEY 5,2086,33.88456361612689700000,-118.15099593733400200000,0.230000,0.230000,
2086,25387,LONG BEACH 20,2087,33.77844232241879750000,-118.03531973841299400000,0.230000,0.230000,
2087,25388,LONG BEACH 21,2088,33.83884311763849700000,-118.20106954633199300000,0.380000,0.380000,
2088,25389,LAKEWOOD 8,2089,33.77194991726789650000,-118.07628628318799700000,0.160000,0.160000,
2089,25390,LONG BEACH 22,2090,33.88070437737780340000,-118.13071078279500600000,0.470000,0.470000,
2090,25391,LONG BEACH 23,2091,33.79289553903650050000,-118.02706913871999500000,0.120000,0.120000,
2091,25392,MONTEBELLO 1,2092,33.96690791561790230000,-118.20391941961099800000,0.790000,0.790000,
2092,25393,MONTEBELLO 2,2093,33.94361246260250200000,-118.04530190702800500000,0.460000,0.460000,
2093,25394,SAN GABRIEL 1,2094,34.03247231090090000000,-118.10510522121700200000,0.370000,0.370000,
2094,25395,SAN GABRIEL 2,2095,34.07352607245879740000,-118.00639490743199600000,0.058000,0.058000,
2095,25396,PICO RIVERA 1,2096,34.06115593736770110000,-118.18663676179899400000,0.710000,0.710000,
2096,25397,PICO RIVERA 2,2097,34.07344155110769890000,-118.08529783272099700000,0.097000,0.097000,
2097,25398,PASADENA 5,2098,34.06878777849890130000,-118.13122513380399400000,0.760000,0.760000,
2098,25399,PASADENA 6,2099,34.24820192953949770000,-118.01474687230499700000,0.720000,0.720000,
2099,25400,ROSEMEAD 1,2100,34.01053093848909730000,-118.12940364648899600000,0.140000,0.140000,
2100,25401,ROSEMEAD 2,2101,34.04719620674860180000,-118.03253762020300100000,1.700000,1.700000,
2101,25402,NORWALK 1,2102,33.91754468528839790000,-118.10694968467299800000,0.570000,0.570000,
2102,25403,NORWALK 2,2103,33.91907472255059730000,-118.13807124515300000000,0.330000,0.330000,
2103,25404,NORWALK 3,2104,33.97081353805000250000,-118.10563825797000000000,0.044000,0.044000,
2104,25405,ARTESIA,2105,33.92265398072070330000,-118.00182697533300300000,0.054000,0.054000,
2105,25406,LAKEWOOD 9,2106,33.77947139389110020000,-118.17279202313200400000,3.200000,3.200000,
2106,25407,SEAL BEACH,2107,33.76228722835210050000,-118.03646375949399800000,4.600000,4.600000,
2107,25408,CERRITOS 1,2108,33.78991914474620020000,-118.12828317529999800000,0.170000,0.170000,
2108,25409,CERRITOS 2,2109,33.78068292391269980000,-118.01510886082300500000,0.060000,0.060000,
2109,25410,WHITTIER 1,2110,34.03059131447299990000,-117.96954695057800700000,0.079000,0.079000,
2110,25411,SANTA FE SPRINGS,2111,33.90664551794449720000,-118.12907107186100600000,0.054000,0.054000,
2111,25412,TEMPLE CITY 1,2112,34.17954105623280010000,-118.11589846504300300000,0.670000,0.670000,
2112,25413,TEMPLE CITY 2,2113,34.04950924183920340000,-117.99123443112900100000,0.400000,0.400000,
2113,25414,SOUTH EL MONTE 1,2114,34.11046084430940080000,-118.10134290441000400000,0.170000,0.170000,
2114,25415,SOUTH EL MONTE 2,2115,34.03570424216979970000,-118.03469992251800100000,0.055000,0.055000,
2115,25416,ARCADIA 1,2116,34.11669770813939810000,-118.08241700465799800000,4.500000,4.500000,
2116,25417,ARCADIA 2,2117,34.08210417058030120000,-118.10695361795200100000,0.044000,0.044000,
2117,25418,EL MONTE 1,2118,34.03239971274889800000,-117.99628864920700300000,0.340000,0.340000,
2118,25419,CYPRESS 1,2119,33.85557786948100300000,-118.05773851034399500000,0.140000,0.140000,
2119,25420,CYPRESS 2,2120,33.79353497924240200000,-118.06796469978699800000,0.240000,0.240000,
2120,25421,WHITTIER 2,2121,33.92078271285320310000,-117.96064534882999900000,0.350000,0.350000,
2121,25422,WHITTIER 3,2122,34.09772129486790250000,-117.96080595084400500000,0.140000,0.140000,
2122,25423,ARCADIA 3,2123,34.11174812958790170000,-118.03311815357000100000,0.420000,0.420000,
2123,25424,ARCADIA 4,2124,34.08230841157740090000,-117.94886728132100000000,0.350000,0.350000,
2124,25425,WHITTIER 4,2125,34.00782659716610110000,-118.02949348217900600000,0.018000,0.018000,
2125,25426,WHITTIER 5,2126,33.89585272731339670000,-118.08099569191800500000,0.430000,0.430000,
2126,25427,PALMDALE 5,2127,34.65058675755859950000,-117.96304401102399600000,0.430000,0.430000,
2127,25428,PALMDALE 6,2128,34.47896270402279840000,-118.00715302816699600000,0.032000,0.032000,
2128,25429,EL MONTE 2,2129,34.11373847554270360000,-117.98537453396599500000,0.120000,0.120000,
2129,25430,EL MONTE 3,2130,34.14855552102029890000,-118.05261294251100400000,0.920000,0.920000,
2130,25431,WHITTIER 6,2131,33.99631225124319660000,-118.02772487857500000000,0.110000,0.110000,
2131,25432,WHITTIER 7,2132,33.90138122120490040000,-117.97373101549699500000,0.440000,0.440000,
2132,25433,LA MIRADA,2133,33.81110817420729830000,-117.97256232296699400000,0.970000,0.970000,
2133,25434,MONROVIA 1,2134,34.20770602541480090000,-117.94201499259099800000,0.087000,0.087000,
2134,25435,MONROVIA 2,2135,34.05293591861359910000,-117.91664767113300600000,0.170000,0.170000,
2135,25436,WHITTIER 8,2136,33.97818231978119740000,-117.96529632965599900000,0.083000,0.083000,
2136,25437,LA PUENTE 1,2137,34.10343848423499940000,-118.01561928048100500000,1.100000,1.100000,
2137,25438,LA PUENTE 2,2138,34.10421867615980320000,-118.05048813794799400000,0.820000,0.820000,
2138,25439,LITTLEROCK,2139,34.57090879497670240000,-117.95016943938399800000,0.410000,0.410000,
2139,25440,HACIENDA HEIGHTS 1,2140,33.95421354781159810000,-117.92728257762399800000,0.360000,0.360000,
2140,25441,HACIENDA HEIGHTS 2,2141,33.91890365909330280000,-118.03268698613600000000,0.370000,0.370000,
2141,25442,BALDWIN PARK 1,2142,34.00589428681890070000,-117.87301109348000200000,0.078000,0.078000,
2142,25443,BALDWIN PARK 2,2143,34.02222184463239780000,-117.98310969410499600000,0.350000,0.350000,
2143,25444,BALDWIN PARK 3,2144,34.08870127193770120000,-117.90301094343900000000,0.150000,0.150000,
2144,25445,DUARTE 1,2145,34.13430138690320350000,-118.01375594722999600000,0.180000,0.180000,
2145,25446,DUARTE 2,2146,34.21741227896959710000,-117.91986428305800400000,4.200000,4.200000,
2146,25447,LA HABRA 1,2147,33.86352904544190070000,-117.94352976269499300000,3.800000,3.800000,
2147,25448,LA HABRA 2,2148,33.95182895425139690000,-118.02488733188700100000,3.100000,3.100000,
2148,25449,WEST COVINA 1,2149,34.05526399989290100000,-117.97136610182700200000,0.011000,0.011000,
2149,25450,WEST COVINA 2,2150,33.98920700784159980000,-117.84246411154400400000,0.360000,0.360000,
2150,25451,LA PUENTE 3,2151,34.10763863119210270000,-117.87144319744699300000,0.230000,0.230000,
2151,25452,LA PUENTE 4,2152,34.12245707399819850000,-117.93344074000600600000,0.400000,0.400000,
2152,25453,COVINA 1,2153,34.12706055708429890000,-117.88245357225099500000,1.200000,1.200000,
2153,25454,COVINA 2,2154,34.16360334897449750000,-117.90138157333599600000,0.096000,0.096000,
2154,25455,WEST COVINA 3,2155,33.98813754567930090000,-117.97946581957100400000,0.091000,0.091000,
2155,25456,WEST COVINA 4,2156,34.04905897210439750000,-117.88612600323300200000,0.400000,0.400000,
2156,25457,ROWLAND HEIGHTS 1,2157,33.92521623329420070000,-117.86207980802599600000,4.100000,4.100000,
2157,25458,ROWLAND HEIGHTS 2,2158,33.89340751768629900000,-117.93657792260999900000,0.440000,0.440000,
2158,25459,WEST COVINA 5,2159,34.02383465143989840000,-117.84786015751500100000,0.400000,0.400000,
2159,25460,WEST COVINA 6,2160,34.07616607140529650000,-117.92052861634999800000,0.130000,0.130000,
2160,25461,COVINA 3,2161,34.13628043647320000000,-117.95946882055099500000,0.130000,0.130000,
2161,25462,CALIFORNIA CITY,2162,35.09579660936979910000,-117.79775853772700600000,0.018000,0.018000,
2162,25463,AZUSA 1,2163,34.30506924019169900000,-117.78903095050999600000,0.033000,0.033000,
2163,25464,AZUSA 2,2164,34.23674501336699900000,-117.96367409795500700000,0.410000,0.410000,
2164,25465,LANCASTER 5,2165,34.77835556029430110000,-117.92647863377000300000,0.700000,0.700000,
2165,25466,LANCASTER 6,2166,34.66683523438420170000,-117.77054614689500100000,0.240000,0.240000,
2166,25467,GLENDORA 1,2167,34.03622509077799660000,-117.78855967261300500000,0.110000,0.110000,
2167,25468,WALNUT 1,2168,34.06966577443610330000,-117.78421689606200600000,0.390000,0.390000,
2168,25469,WALNUT 2,2169,34.00848029384650320000,-117.79273314745400100000,0.330000,0.330000,
2169,25470,COVINA 4,2170,34.15067860193079950000,-117.81650603859100100000,0.110000,0.110000,
2170,25471,GLENDORA 2,2171,34.12220365088590060000,-117.76830166736699800000,2.100000,2.100000,
2171,25472,GLENDORA 3,2172,34.18908300710390340000,-117.77034656666400300000,0.560000,0.560000,
2172,25473,DIAMOND BAR 1,2173,34.07039962668849850000,-117.79314727121200700000,0.310000,0.310000,
2173,25474,DIAMOND BAR 2,2174,33.93865810931060170000,-117.91410282361600500000,0.880000,0.880000,
2174,25475,PALMDALE 7,2175,34.50345517021109740000,-117.76543082330499600000,0.190000,0.190000,
2175,25476,SAN DIMAS 1,2176,34.17361241178679880000,-117.82719649664099400000,0.520000,0.520000,
2176,25477,SAN DIMAS 2,2177,34.19026121069610010000,-117.84915818667100500000,0.091000,0.091000,
2177,25478,POMONA 1,2178,34.03847187350569920000,-117.73336908159099300000,0.240000,0.240000,
2178,25479,POMONA 2,2179,34.12512576465869780000,-117.84911027978199600000,0.190000,0.190000,
2179,25480,LA VERNE 1,2180,34.15219931072859790000,-117.72415080424700300000,0.064000,0.064000,
2180,25481,LA VERNE 2,2181,34.20503360362690160000,-117.77779706076700000000,0.930000,0.930000,
2181,25482,POMONA 3,2182,33.94750763929660310000,-117.79638480595100700000,0.230000,0.230000,
2182,25483,POMONA 4,2183,33.95589303251030340000,-117.74087734335999800000,0.140000,0.140000,
2183,25484,POMONA 5,2184,34.06210762684079900000,-117.74789977058900100000,3.900000,3.900000,
2184,25485,POMONA 6,2185,34.12352630371140090000,-117.82404279213399400000,0.310000,0.310000,
2185,25486,CLAREMONT 1,2186,34.12422429993650040000,-117.79987588332099300000,4.700000,4.700000,
2186,25487,CLAREMONT 2,2187,34.19858148427319830000,-117.80254905301299600000,0.072000,0.072000,
2187,25488,RIDGECREST 1,2188,35.69248135669659660000,-117.66903280846399600000,2.600000,2.600000,
2188,25489,RIDGECREST 2,2189,35.57406296354359650000,-117.63216974209700500000,0.380000,0.380000,
2189,25490,WRIGHTWOOD,2190,34.37469452619809830000,-117.61700650589399700000,0.980000,0.980000,
2190,25491,OXNARD 9,2191,34.12919999999999730000,-119.16889999999999400000,0.140000,0.140000,
2191,25492,ROSAMOND 2,2192,34.93489999999999900000,-118.46120000000000500000,0.230000,0.230000,
2192,25493,MOJAVE 1,2193,35.06094000000000220000,-118.29240600000000000000,0.680000,0.680000,
2193,25494,CARSON 5,2194,33.87590000000000150000,-118.24909999999999900000,0.670000,0.670000,
2194,25495,BAKERSFIELD 21,2195,35.29999999999999720000,-118.85194400000000300000,2.700000,2.700000,
2195,25496,OXNARD 10,2196,34.19599999999999800000,-119.16670000000000600000,0.084000,0.084000,
2196,25497,SANTA MARGARITA 1,2197,35.32373900000000330000,-119.91662999999999800000,0.085000,0.085000,
2197,25498,ROSAMOND 3,2198,34.89138899999999670000,-118.43250000000000500000,0.250000,0.250000,
2198,25499,CARSON 6,2199,33.77696999999999860000,-118.22821000000000400000,0.190000,0.190000,
2199,25500,LONG BEACH 24,2200,33.76839999999999980000,-118.21410000000000200000,0.060000,0.060000,
2200,25501,CANTIL,2201,35.24800599999999660000,-118.17535599999999400000,0.075000,0.075000,
2201,25502,MOJAVE 2,2202,35.02388899999999690000,-118.29527799999999600000,0.970000,0.970000,
2202,25503,BORON 1,2203,35.01216600000000060000,-117.55567200000000100000,0.100000,0.100000,
2203,25504,CARSON 7,2204,33.81664700000000320000,-118.24484099999999400000,0.084000,0.084000,
2204,25505,LA PUENTE 5,2205,34.00893200000000150000,-117.94490600000000300000,0.045000,0.045000,
2205,25506,GOLETA 3,2206,34.43141899999999820000,-119.90005499999999500000,0.130000,0.130000,
2206,25507,LANCASTER 7,2207,34.78027800000000270000,-118.42444000000000400000,0.300000,0.300000,
2207,25508,PASADENA 7,2208,34.12539999999999910000,-118.14799999999999600000,0.160000,0.160000,
2208,25509,BAKERSFIELD 22,2209,35.57632300000000210000,-119.00624500000000700000,0.081000,0.081000,
2209,25510,OXNARD 11,2210,34.20555600000000140000,-119.24694399999999900000,0.095000,0.095000,
2210,25511,ROSAMOND 4,2211,34.93826099999999710000,-118.33449199999999700000,0.440000,0.440000,
2211,25512,TEHACHAPI 3,2212,35.26080000000000320000,-118.24689999999999700000,0.420000,0.420000,
2212,25513,ROSAMOND 5,2213,34.90027800000000010000,-118.23833299999999700000,0.150000,0.150000,
2213,25514,LEBEC 1,2214,34.95559999999999690000,-118.84399999999999400000,0.580000,0.580000,
2214,25515,BAKERSFIELD 23,2215,35.74150000000000200000,-119.05119999999999400000,0.650000,0.650000,
2215,25516,TUPMAN 1,2216,35.47914600000000010000,-119.73746400000000300000,0.096000,0.096000,
2216,25517,BAKERSFIELD 24,2217,35.44060000000000340000,-118.96169999999999300000,0.530000,0.530000,
2217,25518,BURBANK 8,2218,34.17719999999999910000,-118.31470000000000200000,2.800000,2.800000,
2218,25519,MOJAVE 3,2219,35.06969999999999740000,-118.31669999999999700000,1.500000,1.500000,
2219,25520,BAKERSFIELD 25,2220,35.10277800000000070000,-118.95444399999999500000,0.310000,0.310000,
2220,25521,EL SEGUNDO 1,2221,33.91055599999999970000,-118.42499999999999700000,0.990000,0.990000,
2221,25522,LONG BEACH 25,2222,33.75923600000000140000,-118.23992200000000700000,3.200000,3.200000,
2222,25523,NORWALK 4,2223,33.92960000000000060000,-118.10460000000000500000,0.160000,0.160000,
2223,25524,ROSAMOND 6,2224,34.84861099999999820000,-118.35277800000000100000,0.090000,0.090000,
2224,25525,EL SEGUNDO 2,2225,33.90980400000000120000,-118.42417199999999900000,0.200000,0.200000,
2225,25526,MOJAVE 4,2226,35.02666700000000330000,-118.18555600000000500000,0.350000,0.350000,
2226,25527,DELANO 3,2227,35.79055600000000230000,-119.27694400000000000000,0.015000,0.015000,
2227,25528,SANTA CLARITA 4,2228,34.59018300000000320000,-118.45467600000000600000,1.500000,1.500000,
2228,25529,MOJAVE 5,2229,35.04999999999999720000,-118.25719999999999700000,0.190000,0.190000,
2229,25530,TEHACHAPI 4,2230,35.10110000000000240000,-118.33719999999999600000,0.120000,0.120000,
2230,25531,BAKERSFIELD 26,2231,35.51646999999999820000,-119.04012799999999600000,1.300000,1.300000,
2231,25532,BAKERSFIELD 27,2232,35.50904100000000340000,-119.03054600000000100000,0.540000,0.540000,
2232,25533,TEHACHAPI 5,2233,35.05416699999999960000,-118.35472199999999500000,0.780000,0.780000,
2233,25534,LONG BEACH 26,2234,33.76409999999999910000,-118.22480000000000200000,0.160000,0.160000,
2234,25535,MOJAVE 6,2235,35.02675899999999840000,-118.22333299999999700000,0.150000,0.150000,
2235,25536,MOJAVE 7,2236,35.05060000000000290000,-118.17140000000000600000,1.600000,1.600000,
2236,25537,BORON 2,2237,35.01483600000000250000,-117.56590300000000600000,0.470000,0.470000,
2237,25538,BAKERSFIELD 28,2238,35.50050000000000240000,-119.04600000000000600000,2.000000,2.000000,
2238,25539,GOLETA 4,2239,34.46481899999999850000,-120.04436499999999900000,0.420000,0.420000,
2239,25540,PASADENA 8,2240,34.12599999999999770000,-118.14940000000000000000,0.150000,0.150000,
2240,25541,WILMINGTON 3,2241,33.78560000000000230000,-118.26439999999999500000,0.160000,0.160000,
2241,25542,LANCASTER 8,2242,34.68916699999999760000,-118.32472199999999400000,0.430000,0.430000,
2242,25543,MOJAVE 8,2243,35.03085500000000250000,-118.29318800000000100000,0.480000,0.480000,
2243,25544,MOJAVE 9,2244,35.07500000000000280000,-118.31579999999999600000,0.490000,0.490000,
2244,25545,MC KITTRICK 1,2245,35.31950299999999740000,-119.66199199999999800000,2.800000,2.800000,
2245,25546,LOS ANGELES 80,2246,33.99860000000000330000,-118.22190000000000500000,0.120000,0.120000,
2246,25547,MOJAVE 10,2247,35.02668299999999850000,-118.23481099999999300000,0.090000,0.090000,
2247,25548,OXNARD 12,2248,34.19579999999999840000,-119.16639999999999600000,0.430000,0.430000,
2248,25549,BAKERSFIELD 29,2249,35.44053900000000110000,-119.01286100000000100000,0.880000,0.880000,
2249,25550,MOJAVE 11,2250,35.04341099999999900000,-118.21183499999999400000,0.170000,0.170000,
2250,25551,BAKERSFIELD 30,2251,35.48369999999999890000,-119.02979999999999400000,0.410000,0.410000,
2251,25552,REDONDO BEACH 4,2252,33.85040000000000050000,-118.39499999999999600000,4.100000,4.100000,
2252,25553,POMONA 7,2253,34.05944399999999920000,-117.77416700000000600000,3.000000,3.000000,
2253,25554,LOS ANGELES 81,2254,34.06920000000000220000,-118.44389999999999900000,0.065000,0.065000,
2254,25555,EL SEGUNDO 3,2255,33.90579999999999930000,-118.40309999999999500000,0.730000,0.730000,
2255,25556,BAKERSFIELD 31,2256,35.41918100000000180000,-118.92664299999999900000,0.170000,0.170000,
2256,25557,OXNARD 13,2257,34.20669999999999790000,-119.25109999999999400000,0.500000,0.500000,
2257,25558,WILMINGTON 4,2258,33.76859999999999930000,-118.28669999999999600000,0.290000,0.290000,
2258,25559,BURBANK 9,2259,34.17640000000000100000,-118.31470000000000200000,0.440000,0.440000,
2259,25560,MOJAVE 12,2260,35.03372499999999690000,-118.35342199999999500000,0.200000,0.200000,
2260,25561,FELLOWS 1,2261,35.20969999999999800000,-119.58499999999999400000,0.040000,0.040000,
2261,25562,BAKERSFIELD 32,2262,35.48373600000000040000,-119.02985599999999500000,0.110000,0.110000,
2262,25563,SUN VALLEY 2,2263,34.24499099999999880000,-118.39132700000000400000,0.150000,0.150000,
2263,25564,CARSON 8,2264,33.76830000000000350000,-118.28360000000000700000,0.590000,0.590000,
2264,25565,TAFT 2,2265,35.09304600000000110000,-119.44361700000000300000,3.700000,3.700000,
2265,25566,WHITTIER 9,2266,34.02329999999999900000,-118.02410000000000400000,0.250000,0.250000,
2266,25567,CARSON 9,2267,33.79166699999999680000,-118.23472200000000500000,0.460000,0.460000,
2267,25568,LEBEC 2,2268,34.68529999999999800000,-118.78810000000000000000,0.130000,0.130000,
2268,25569,WELDON,2269,35.34777799999999810000,-118.18638900000000600000,0.044000,0.044000,
2269,25570,DELANO 4,2270,35.71439999999999770000,-119.23369999999999900000,0.130000,0.130000,
2270,25571,BORON 3,2271,35.02098099999999900000,-117.56607900000000200000,0.780000,0.780000,
2271,25572,LONG BEACH 27,2272,33.76879999999999880000,-118.10089999999999600000,0.300000,0.300000,
2272,25573,NEWHALL 3,2273,34.38009999999999880000,-118.49989999999999700000,0.083000,0.083000,
2273,25574,BORON 4,2274,35.03289999999999790000,-117.70099999999999300000,0.280000,0.280000,
2274,25575,MOJAVE 13,2275,35.00861100000000190000,-118.24222199999999800000,0.033000,0.033000,
2275,25576,MOJAVE 14,2276,35.06499999999999770000,-118.39000000000000100000,0.140000,0.140000,
2276,25577,BURBANK 10,2277,34.17860000000000300000,-118.31529999999999400000,0.240000,0.240000,
2277,25578,AVILA BEACH,2278,35.21153600000000240000,-120.85554200000000000000,3.500000,3.500000,
2278,25579,TORRANCE 8,2279,33.85336000000000210000,-118.32999999999999800000,0.830000,0.830000,
2279,25580,SANTA MARGARITA 2,2280,35.40555599999999710000,-120.06861100000000400000,0.600000,0.600000,
2280,25581,LANCASTER 9,2281,34.78920000000000100000,-118.50470000000000000000,0.130000,0.130000,
2281,25582,TUPMAN 2,2282,35.28031800000000120000,-119.47070700000000400000,0.180000,0.180000,
2282,25583,MC KITTRICK 2,2283,35.29560000000000030000,-119.59189999999999500000,0.800000,0.800000,
2283,25584,FELLOWS 2,2284,35.22690000000000050000,-119.62940000000000400000,2.200000,2.200000,
2284,25585,LONG BEACH 28,2285,33.76474100000000080000,-118.09913000000000200000,0.200000,0.200000,
2285,25586,FELLOWS 3,2286,35.19456000000000270000,-119.57097000000000300000,0.220000,0.220000,
2286,25587,WILMINGTON 5,2287,33.77709999999999720000,-118.23030000000000000000,0.100000,0.100000,
2287,25588,CASTAIC 3,2288,34.58723700000000180000,-118.65663800000000100000,0.350000,0.350000,
2288,25589,KERNVILLE,2289,35.77618499999999810000,-118.43623300000000100000,0.150000,0.150000,
2289,25590,NEWHALL 4,2290,34.38407000000000120000,-118.49488200000000400000,0.370000,0.370000,
2290,25591,MOJAVE 15,2291,35.00833300000000040000,-118.24138899999999800000,0.920000,0.920000,
2291,25592,PLAYA DEL REY,2292,33.91815100000000170000,-118.42764800000000500000,0.450000,0.450000,
2292,25593,BAKERSFIELD 33,2293,35.09680000000000180000,-119.42990000000000400000,0.065000,0.065000,
2293,25594,SANTA CLARITA 5,2294,34.53433700000000070000,-118.52511300000000500000,0.470000,0.470000,
2294,25595,MC KITTRICK 3,2295,35.43861100000000160000,-119.70749999999999600000,0.098000,0.098000,
2295,25596,MOJAVE 16,2296,35.06000000000000230000,-118.20000000000000300000,0.160000,0.160000,
2296,25597,ROSAMOND 7,2297,34.80222200000000040000,-118.39666699999999400000,0.088000,0.088000,
2297,25598,GLENDALE 8,2298,34.15559999999999970000,-118.27819999999999800000,0.180000,0.180000,
2298,28000,LOS ALAMITOS,2299,33.69649037102480090000,-118.02872056454700100000,0.140000,0.140000,
2299,28001,HUNTINGTON BEACH 1,2300,33.76820430206959860000,-118.03417966236899900000,0.240000,0.240000,
2300,28002,HUNTINGTON BEACH 2,2301,33.76387980469190350000,-118.10951086613700100000,0.370000,0.370000,
2301,28003,BUENA PARK 1,2302,33.87972929403329660000,-118.04380176483100200000,2.100000,2.100000,
2302,28004,BUENA PARK 2,2303,33.77413766919519840000,-117.99343694303100000000,0.080000,0.080000,
2303,28005,HUNTINGTON BEACH 3,2304,33.76718218965439890000,-118.09146389777400500000,0.120000,0.120000,
2304,28006,HUNTINGTON BEACH 4,2305,33.65823876234269820000,-118.00575472695300000000,0.190000,0.190000,
2305,28007,STANTON 1,2306,33.80231734087620050000,-118.04380705190300200000,0.058000,0.058000,
2306,28008,WESTMINSTER 1,2307,33.77090032541010340000,-117.96675476262099400000,0.500000,0.500000,
2307,28009,WESTMINSTER 2,2308,33.72204927755859670000,-118.02730662292600500000,0.100000,0.100000,
2308,28010,WESTMINSTER 3,2309,33.75232273109139670000,-117.92827692605399600000,0.070000,0.070000,
2309,28011,BUENA PARK 3,2310,33.88415301404850060000,-118.00425963800300600000,0.130000,0.130000,
2310,28012,GARDEN GROVE 1,2311,33.80562386783439880000,-117.95892962668399700000,0.140000,0.140000,
2311,28013,GARDEN GROVE 2,2312,33.86072799017100010000,-118.00744072736000600000,0.310000,0.310000,
2312,28014,ANAHEIM 1,2313,33.76843710844860170000,-118.04426970533900500000,0.860000,0.860000,
2313,28015,ANAHEIM 2,2314,33.78653831655530130000,-118.07396152417500400000,0.049000,0.049000,
2314,28016,ANAHEIM 3,2315,33.73589971609290220000,-117.99266365406400300000,0.100000,0.100000,
2315,28017,GARDEN GROVE 3,2316,33.70200594594120250000,-117.91414499689500400000,0.054000,0.054000,
2316,28018,HUNTINGTON BEACH 5,2317,33.75267723433159970000,-118.01361317234300000000,0.180000,0.180000,
2317,28019,HUNTINGTON BEACH 6,2318,33.60558656072330310000,-117.92715203929400000000,0.380000,0.380000,
2318,28020,FULLERTON 1,2319,33.94137395499330270000,-117.89269129238499500000,4.700000,4.700000,
2319,28021,FULLERTON 2,2320,33.78768036954460290000,-117.95568679970300200000,3.900000,3.900000,
2320,28022,ANAHEIM 4,2321,33.78513908832250220000,-117.86415010259399600000,0.400000,0.400000,
2321,28023,ANAHEIM 5,2322,33.79483106042619770000,-117.94162729327399600000,0.095000,0.095000,
2322,28024,FOUNTAIN VALLEY 1,2323,33.63906914554149810000,-117.89718635989599700000,0.054000,0.054000,
2323,28025,FOUNTAIN VALLEY 2,2324,33.70614368732029930000,-118.04669032694499700000,0.250000,0.250000,
2324,28026,NEWPORT BEACH 1,2325,33.55429564431960190000,-117.81672671019200000000,0.140000,0.140000,
2325,28027,GARDEN GROVE 4,2326,33.77870160717029790000,-117.86450849048999600000,0.094000,0.094000,
2326,28028,GARDEN GROVE 5,2327,33.72118978221529770000,-117.83360284820800200000,0.040000,0.040000,
2327,28029,GARDEN GROVE 6,2328,33.86304813774700050000,-117.86834843378099400000,0.500000,0.500000,
2328,28030,GARDEN GROVE 7,2329,33.81902981819789740000,-117.97584433668200200000,0.150000,0.150000,
2329,28031,FULLERTON 3,2330,33.80396024546909930000,-117.93109441990699800000,0.350000,0.350000,
2330,28032,ANAHEIM 6,2331,33.79847621607719790000,-117.85729050036799500000,0.066000,0.066000,
2331,28033,ANAHEIM 7,2332,33.86819001446129820000,-117.87921567063300200000,0.078000,0.078000,
2332,28034,COSTA MESA 1,2333,33.59466542858920240000,-117.83847760948700100000,0.120000,0.120000,
2333,28035,COSTA MESA 2,2334,33.68049260611280000000,-117.95111757325899800000,0.490000,0.490000,
2334,28036,FULLERTON 4,2335,33.83843959411449730000,-117.89884721455200600000,0.360000,0.360000,
2335,28037,COSTA MESA 3,2336,33.60329994891979770000,-117.85185585402699400000,0.260000,0.260000,
2336,28038,COSTA MESA 4,2337,33.68256284819160130000,-117.88353382219000300000,0.110000,0.110000,
2337,28039,SANTA ANA 1,2338,33.71413576042559870000,-117.88584052791000500000,0.058000,0.058000,
2338,28040,SANTA ANA 2,2339,33.68705607025840010000,-117.97399666342499800000,0.200000,0.200000,
2339,28041,ANAHEIM 8,2340,33.90531598818370180000,-117.90191952488500200000,0.420000,0.420000,
2340,28042,ANAHEIM 9,2341,33.78915613143770000000,-117.98967503224899600000,0.110000,0.110000,
2341,28043,SANTA ANA 3,2342,33.64029628251910250000,-117.91982003150299400000,0.071000,0.071000,
2342,28044,SANTA ANA 4,2343,33.74160908092110130000,-117.80685566637799900000,1.300000,1.300000,
2343,28045,FULLERTON 5,2344,33.84171864996289970000,-117.81942823495299400000,0.930000,0.930000,
2344,28046,BREA 1,2345,33.96940332025489800000,-117.97038761952599400000,0.200000,0.200000,
2345,28047,BREA 2,2346,33.96648886965660100000,-117.86446599916000400000,0.098000,0.098000,
2346,28048,SANTA ANA 5,2347,33.72301286224080030000,-117.78918825254599800000,2.000000,2.000000,
2347,28049,NEWPORT BEACH 2,2348,33.72906849998520330000,-117.86120773880500700000,0.990000,0.990000,
2348,28050,ANAHEIM 10,2349,33.84371791006240220000,-117.79515100713200600000,0.680000,0.680000,
2349,28051,ANAHEIM 11,2350,33.81402340501269780000,-117.80226923428199400000,0.700000,0.700000,
2350,28052,SANTA ANA 6,2351,33.65217282515259710000,-117.78108441607200500000,0.390000,0.390000,
2351,28053,SANTA ANA 7,2352,33.76416831631080130000,-117.94063285430100000000,0.130000,0.130000,
2352,28054,SANTA ANA 8,2353,33.78582574559570160000,-117.92316796533499700000,0.390000,0.390000,
2353,28055,SANTA ANA 9,2354,33.76885209690180290000,-117.77754301632199900000,0.400000,0.400000,
2354,28056,PLACENTIA 1,2355,33.81569314596190170000,-117.89916418811000600000,0.086000,0.086000,
2355,28057,PLACENTIA 2,2356,33.80182950390739900000,-117.90903313841799600000,0.340000,0.340000,
2356,28058,ORANGE 1,2357,33.87600570090020110000,-117.83736907948200200000,0.180000,0.180000,
2357,28059,ORANGE 2,2358,33.76542583659269780000,-117.86375086017000100000,0.120000,0.120000,
2358,28060,ORANGE 3,2359,33.85410868233449830000,-117.94071140225800300000,0.310000,0.310000,
2359,28061,IRVINE 1,2360,33.66717159179439990000,-117.82003279316600700000,0.240000,0.240000,
2360,28062,IRVINE 2,2361,33.59989083308290250000,-117.90103417901299600000,0.180000,0.180000,
2361,28063,TUSTIN 1,2362,33.79189382578540090000,-117.87492960449300500000,0.061000,0.061000,
2362,28064,TUSTIN 2,2363,33.65720780253950300000,-117.80575605506599900000,0.320000,0.320000,
2363,28065,IRVINE 3,2364,33.70796126734580160000,-117.77905904905199500000,0.230000,0.230000,
2364,28066,YORBA LINDA 1,2365,33.82518802750549720000,-117.81609408404899800000,0.160000,0.160000,
2365,28067,ORANGE 4,2366,33.80232170719980190000,-117.81385608842599300000,0.330000,0.330000,
2366,28068,SANTA ANA 10,2367,33.80750135775330280000,-117.83493725785000100000,3.700000,3.700000,
2367,28069,SANTA ANA 11,2368,33.85531770594450050000,-117.72564332868400100000,0.540000,0.540000,
2368,28070,ANAHEIM 12,2369,33.88295625455319990000,-117.80003038840300200000,0.300000,0.300000,
2369,28071,TUSTIN 3,2370,33.67382301070710330000,-117.86391594410000000000,0.380000,0.380000,
2370,28072,IRVINE 4,2371,33.53009039574239840000,-117.71518018826900200000,0.120000,0.120000,
2371,28073,IRVINE 5,2372,33.68966721066630040000,-117.66667801084899700000,0.047000,0.047000,
2372,28074,IRVINE 6,2373,33.76563645561390100000,-117.76303308637700700000,0.180000,0.180000,
2373,28075,IRVINE 7,2374,33.80803852266659960000,-117.72237510453099700000,0.210000,0.210000,
2374,28076,ANAHEIM 13,2375,33.92263440948909900000,-117.72090632224799800000,0.180000,0.180000,
2375,28077,CHINO HILLS 1,2376,33.99092013852330040000,-117.77888717457399500000,0.410000,0.410000,
2376,28078,CHINO HILLS 2,2377,33.92926597003400250000,-117.68137715903000600000,1.300000,1.300000,
2377,28079,IRVINE 8,2378,33.74941496091300050000,-117.83160800068999700000,0.850000,0.850000,
2378,28080,LAGUNA WOODS,2379,33.66490200306400030000,-117.68942660764000200000,0.150000,0.150000,
2379,28081,ALISO VIEJO 1,2380,33.55566791029429650000,-117.79082989052300000000,0.240000,0.240000,
2380,28082,ALISO VIEJO 2,2381,33.57044970434630220000,-117.79522472976400100000,0.920000,0.920000,
2381,28083,YORBA LINDA 2,2382,33.81112844920750150000,-117.74515334045200600000,0.300000,0.300000,
2382,28084,DANA POINT,2383,33.41276801334480240000,-117.61424037418099400000,0.170000,0.170000,
2383,28085,LAGUNA NIGUEL 1,2384,33.54444136146400270000,-117.70964965773500000000,0.120000,0.120000,
2384,28086,LAGUNA NIGUEL 2,2385,33.52789613763909670000,-117.65859360030999900000,0.400000,0.400000,
2385,28087,MONTCLAIR 1,2386,34.01451310935360080000,-117.61685912202699500000,0.250000,0.250000,
2386,28088,MONTCLAIR 2,2387,34.09160989033780000000,-117.68223146132099500000,0.980000,0.980000,
2387,28089,LAGUNA HILLS 1,2388,33.57129821445649750000,-117.64581470104499800000,2.500000,2.500000,
2388,28090,LAGUNA HILLS 2,2389,33.49372802823749850000,-117.73741387581800700000,0.710000,0.710000,
2389,28091,LAKE FOREST 1,2390,33.68209791055939920000,-117.65048118169400500000,0.600000,0.600000,
2390,28092,LAKE FOREST 2,2391,33.74182012142659910000,-117.67202965386300700000,0.370000,0.370000,
2391,28093,CHINO 1,2392,33.93826719112289680000,-117.77679036937000500000,0.087000,0.087000,
2392,28094,CHINO 2,2393,33.99816222854479970000,-117.71891913688099900000,0.064000,0.064000,
2393,28095,CHINO 3,2394,34.06729252548900180000,-117.63397070719000200000,0.710000,0.710000,
2394,28096,FOOTHILL RANCH,2395,33.65766254732130140000,-117.58842730719699400000,0.210000,0.210000,
2395,28097,ONTARIO 2,2396,33.97528632699680170000,-117.70590997245300000000,0.200000,0.200000,
2396,28098,ONTARIO 3,2397,34.04454263784590040000,-117.63030190008200300000,0.990000,0.990000,
2397,28099,MISSION VIEJO 1,2398,33.55511225472140070000,-117.72617843877699800000,0.043000,0.043000,
2398,28100,MISSION VIEJO 2,2399,33.52473281993910350000,-117.74092758354599600000,0.053000,0.053000,
2399,28101,UPLAND 1,2400,34.10694549979960040000,-117.66678939434200400000,0.230000,0.230000,
2400,28102,UPLAND 2,2401,34.04810755019440190000,-117.64924617362700600000,0.390000,0.390000,
2401,28103,UPLAND 3,2402,34.17388673253049800000,-117.61049599901899400000,0.880000,0.880000,
2402,28104,UPLAND 4,2403,34.15293968389389790000,-117.59752154892700600000,0.100000,0.100000,
2403,28105,MISSION VIEJO 3,2404,33.70474194793929710000,-117.63080490199899900000,0.390000,0.390000,
2404,28106,MISSION VIEJO 4,2405,33.62039891442979920000,-117.56093948746600100000,0.060000,0.060000,
2405,28107,LADERA RANCH,2406,33.50184006646809820000,-117.53960168198300100000,0.062000,0.062000,
2406,28108,CORONA 1,2407,33.85755157400870270000,-117.68989809437600500000,0.910000,0.910000,
2407,28109,CORONA 2,2408,33.85040866932519780000,-117.53777648401799600000,0.150000,0.150000,
2408,28110,SAN CLEMENTE 1,2409,33.55921787280819760000,-117.69090876708699500000,0.430000,0.430000,
2409,28111,RANCHO SANTA MARGARITA 1,2410,33.58039335533239720000,-117.61703759010799800000,0.740000,0.740000,
2410,28112,RANCHO SANTA MARGARITA 2,2411,33.61667265771910000000,-117.61160627806199800000,0.110000,0.110000,
2411,28113,SAN JUAN CAPISTRANO 1,2412,33.60065991194299780000,-117.58918201273499400000,0.140000,0.140000,
2412,28114,SAN JUAN CAPISTRANO 2,2413,33.45676091916990200000,-117.52051886635599900000,4.500000,4.500000,
2413,28115,SAN CLEMENTE 2,2414,33.33288602902320010000,-117.50452899188900400000,0.230000,0.230000,
2414,28116,SAN CLEMENTE 3,2415,33.35373405571829860000,-117.51038738200800500000,0.170000,0.170000,
2415,28117,ONTARIO 4,2416,34.16975388397700190000,-117.55655978311999400000,4.700000,4.700000,
2416,28118,ONTARIO 5,2417,34.11234178820979680000,-117.66189347062800200000,0.160000,0.160000,
2417,28119,TRABUCO CANYON 1,2418,33.63018425188349880000,-117.52894336103000200000,0.200000,0.200000,
2418,28120,TRABUCO CANYON 2,2419,33.53335018542129830000,-117.56763421360800200000,0.140000,0.140000,
2419,28121,CORONA 3,2420,33.83396477836129890000,-117.63722714687199300000,0.280000,0.280000,
2420,28122,CORONA 4,2421,33.87105963899559670000,-117.55547546338600300000,0.160000,0.160000,
2421,28123,RANCHO CUCAMONGA 1,2422,34.18022693852540070000,-117.52960995768400200000,0.082000,0.082000,
2422,28124,RANCHO CUCAMONGA 2,2423,34.05986874722510290000,-117.56607460155200300000,0.440000,0.440000,
2423,28125,ONTARIO 6,2424,33.98590916576159770000,-117.54184697232399500000,0.089000,0.089000,
2424,28126,ONTARIO 7,2425,34.10754107693580290000,-117.59910174414599700000,0.180000,0.180000,
2425,28127,RANCHO CUCAMONGA 3,2426,34.12308845280700350000,-117.49206485643499300000,0.170000,0.170000,
2426,28128,RANCHO CUCAMONGA 4,2427,34.13014039884679820000,-117.64401882072000700000,4.400000,4.400000,
2427,28129,RANCHO CUCAMONGA 5,2428,34.06104949548429770000,-117.66805029708200400000,0.440000,0.440000,
2428,28130,NORCO,2429,33.88816969239900350000,-117.63552876616199700000,0.068000,0.068000,
2429,28131,PHELAN,2430,34.35149095407909670000,-117.49256283761600600000,0.480000,0.480000,
2430,28132,MIRA LOMA 1,2431,33.89584063153070300000,-117.50928446304999400000,0.110000,0.110000,
2431,28133,MIRA LOMA 2,2432,34.06417708294210200000,-117.52111118128100000000,4.700000,4.700000,
2432,28134,CORONA 5,2433,33.95970704874000030000,-117.50023338459600100000,1.300000,1.300000,
2433,28135,CORONA 6,2434,33.94872838641909850000,-117.56188248650499900000,0.340000,0.340000,
2434,28136,CORONA 7,2435,33.90452813994379970000,-117.48640320013599600000,0.250000,0.250000,
2435,28137,CORONA 8,2436,33.92043239059910320000,-117.42522926971599900000,0.260000,0.260000,
2436,28138,RANCHO CUCAMONGA 6,2437,34.24327778092099810000,-117.48497001605099400000,0.460000,0.460000,
2437,28139,RANCHO CUCAMONGA 7,2438,34.08630633358500010000,-117.48628589168200200000,0.490000,0.490000,
2438,28140,RIVERSIDE 1,2439,33.92322333527690150000,-117.55097624385500400000,0.110000,0.110000,
2439,28141,RIVERSIDE 2,2440,33.91975330177489670000,-117.49282599662299700000,0.460000,0.460000,
2440,28142,CORONA 9,2441,33.68308072131829790000,-117.43780067994499900000,0.044000,0.044000,
2441,28143,CORONA 10,2442,33.66267509482550220000,-117.49709475735400600000,0.390000,0.390000,
2442,28144,FONTANA 1,2443,34.01876179286080060000,-117.51351106068800300000,0.037000,0.037000,
2443,28145,FONTANA 2,2444,33.97385332935070320000,-117.46448676187800700000,3.000000,3.000000,
2444,28146,FONTANA 3,2445,34.02505138878260030000,-117.41625450586299400000,0.150000,0.150000,
2445,28147,FONTANA 4,2446,34.09928821718529690000,-117.50502694995900300000,0.470000,0.470000,
2446,28148,FONTANA 5,2447,34.18157474935370030000,-117.37963209827900400000,0.400000,0.400000,
2447,28149,FONTANA 6,2448,34.09256845291709940000,-117.41821053924600400000,0.520000,0.520000,
2448,28150,FONTANA 7,2449,34.18236282879949780000,-117.43858941591899700000,0.091000,0.091000,
2449,28151,FONTANA 8,2450,34.23821708266890340000,-117.54749405206200700000,0.960000,0.960000,
2450,28152,ADELANTO 1,2451,34.65778866607050190000,-117.41101538257800000000,2.700000,2.700000,
2451,28153,ADELANTO 2,2452,34.53936149808939860000,-117.50863055114599800000,0.072000,0.072000,
2452,28154,CAMP PENDLETON,2453,33.41453001349250230000,-117.45035046172499400000,0.084000,0.084000,
2453,28155,RIVERSIDE 3,2454,33.90548121328050260000,-117.38479660572700400000,2.800000,2.800000,
2454,28156,RIVERSIDE 4,2455,33.84239274609279850000,-117.51286478384000100000,0.062000,0.062000,
2455,28157,RIVERSIDE 5,2456,33.88885040919969780000,-117.35316545300800300000,0.170000,0.170000,
2456,28158,RIVERSIDE 6,2457,34.04191036421109830000,-117.42973285763099500000,0.480000,0.480000,
2457,28159,RIVERSIDE 7,2458,33.94107485791860060000,-117.37816113527800600000,0.180000,0.180000,
2458,28160,RIVERSIDE 8,2459,34.10108230322789780000,-117.54085914701299500000,0.200000,0.200000,
2459,28161,VICTORVILLE 1,2460,34.38622855195170300000,-117.31418506007099700000,0.077000,0.077000,
2460,28162,VICTORVILLE 2,2461,34.56215869359810000000,-117.32609738277300000000,0.037000,0.037000,
2461,28163,RIALTO 1,2462,34.25697757058849650000,-117.35562308535800500000,0.170000,0.170000,
2462,28164,HESPERIA 1,2463,34.38525573465729930000,-117.32858256547399400000,0.170000,0.170000,
2463,28165,RIVERSIDE 9,2464,33.92136887576020140000,-117.31096476940300000000,3.400000,3.400000,
2464,28166,RIVERSIDE 10,2465,33.98886610313250140000,-117.45634271937599600000,0.048000,0.048000,
2465,28167,BLOOMINGTON,2466,34.03840527427590250000,-117.47959908512500200000,0.130000,0.130000,
2466,28168,SAN BERNARDINO 1,2467,34.31097682502250020000,-117.29496180043399500000,0.150000,0.150000,
2467,28169,SAN BERNARDINO 2,2468,34.12502671892600150000,-117.30261796583600600000,1.000000,1.000000,
2468,28170,RIALTO 2,2469,34.19369317112359850000,-117.32061225301599400000,0.400000,0.400000,
2469,28171,RIALTO 3,2470,34.17432865486379970000,-117.37841882089100000000,0.075000,0.075000,
2470,28172,RIALTO 4,2471,34.17360918060740000000,-117.42979461141399600000,0.320000,0.320000,
2471,28173,RIVERSIDE 11,2472,34.06747861917990150000,-117.28391225994799600000,0.058000,0.058000,
2472,28174,LAKE ELSINORE 1,2473,33.57052515608000220000,-117.37814040919200000000,0.130000,0.130000,
2473,28175,LAKE ELSINORE 2,2474,33.63839056059830310000,-117.29928768813100200000,0.330000,0.330000,
2474,28176,RIVERSIDE 12,2475,33.93391552434940200000,-117.38597846097199800000,0.150000,0.150000,
2475,28177,RIVERSIDE 13,2476,33.87696409248589900000,-117.27724569007300200000,0.340000,0.340000,
2476,28178,OCEANSIDE 1,2477,33.27461119601829860000,-117.31785062814999800000,0.017000,0.017000,
2477,28179,VICTORVILLE 3,2478,34.61841104148670210000,-117.34565746490899600000,4.500000,4.500000,
2478,28180,VICTORVILLE 4,2479,34.63037951167080310000,-117.37424622416999400000,3.600000,3.600000,
2479,28181,HELENDALE,2480,34.79230169020720350000,-117.44417759351100000000,0.170000,0.170000,
2480,28182,MURRIETA 1,2481,33.49773573426720220000,-117.34769607439200500000,0.270000,0.270000,
2481,28183,MURRIETA 2,2482,33.46343952507240260000,-117.35532746577600000000,1.200000,1.200000,
2482,28184,RIVERSIDE 14,2483,33.83293063642990010000,-117.38452057211699800000,0.580000,0.580000,
2483,28185,RIVERSIDE 15,2484,33.92141727239840070000,-117.33707581728199900000,0.160000,0.160000,
2484,28186,RIVERSIDE 16,2485,33.92708402837909890000,-117.29894228042600400000,0.180000,0.180000,
2485,28187,PERRIS 1,2486,33.71534450754020180000,-117.41628400397100000000,0.830000,0.830000,
2486,28188,PERRIS 2,2487,33.81930854932090110000,-117.35620891591099700000,4.600000,4.600000,
2487,28189,SAN BERNARDINO 3,2488,34.16858684882039650000,-117.33851084589099400000,0.280000,0.280000,
2488,28190,CARLSBAD 1,2489,33.08932805800630210000,-117.31406533850700700000,0.120000,0.120000,
2489,28191,CARLSBAD 2,2490,33.15966817892449820000,-117.35613337621100500000,0.200000,0.200000,
2490,28192,OCEANSIDE 2,2491,33.24256032291680180000,-117.31571298357700100000,0.220000,0.220000,
2491,28193,OCEANSIDE 3,2492,33.39132742801029960000,-117.26939165957600200000,0.180000,0.180000,
2492,28194,SAN BERNARDINO 4,2493,34.22299808375009890000,-117.35409049251100600000,0.074000,0.074000,
2493,28195,HESPERIA 2,2494,34.41354071373969960000,-117.35718700836599700000,0.092000,0.092000,
2494,28196,HESPERIA 3,2495,34.30313573304000130000,-117.31504894388000100000,4.100000,4.100000,
2495,28197,HESPERIA 4,2496,34.33598602668409680000,-117.35538726176200400000,0.270000,0.270000,
2496,28198,SAN BERNARDINO 5,2497,34.05645400251309950000,-117.24687655901699700000,1.900000,1.900000,
2497,28199,SAN BERNARDINO 6,2498,34.13116141601260270000,-117.23161829428200100000,0.220000,0.220000,
2498,28200,OCEANSIDE 4,2499,33.24518133077530280000,-117.26431188843399400000,0.510000,0.510000,
2499,28201,OCEANSIDE 5,2500,33.10644029336800290000,-117.32124947482300600000,0.320000,0.320000,
2500,28202,CARLSBAD 3,2501,33.14005762680969980000,-117.34173406685400200000,0.810000,0.810000,
2501,28203,VICTORVILLE 5,2502,34.57811835399169810000,-117.26573965035299800000,0.160000,0.160000,
2502,28204,VICTORVILLE 6,2503,34.50522417683750120000,-117.25500790614100300000,0.052000,0.052000,
2503,28205,COLTON 1,2504,34.11305567311269730000,-117.20986882385500400000,0.062000,0.062000,
2504,28206,COLTON 2,2505,34.02436365607869820000,-117.29667183288400200000,0.350000,0.350000,
2505,28207,OCEANSIDE 6,2506,33.25736324084920170000,-117.37143306428299600000,0.460000,0.460000,
2506,28208,OCEANSIDE 7,2507,33.22722555123729650000,-117.31082190573900400000,0.230000,0.230000,
2507,28209,CRESTLINE,2508,34.25204663662749740000,-117.20390439291500700000,0.100000,0.100000,
2508,28210,SAN BERNARDINO 7,2509,34.12857068564739650000,-117.18030000538999500000,0.110000,0.110000,
2509,28211,ENCINITAS 1,2510,33.11845020739860250000,-117.32193506931800200000,0.097000,0.097000,
2510,28212,ENCINITAS 2,2511,33.02272763764249670000,-117.28663781623799900000,0.065000,0.065000,
2511,28213,WILDOMAR 1,2512,33.69958287928270120000,-117.35701738011999800000,0.160000,0.160000,
2512,28214,WILDOMAR 2,2513,33.57420506512509920000,-117.31027744310499400000,0.074000,0.074000,
2513,28215,MORENO VALLEY 1,2514,33.92284078490470020000,-117.18976814043199400000,0.130000,0.130000,
2514,28216,MORENO VALLEY 2,2515,33.93534146486909720000,-117.32086193320400000000,0.420000,0.420000,
2515,28217,LA JOLLA 1,2516,32.76284656744469710000,-117.25326867236900300000,0.110000,0.110000,
2516,28218,LA JOLLA 2,2517,32.80709942940840310000,-117.26518735675500700000,0.200000,0.200000,
2517,28219,SUN CITY 1,2518,33.73406157535220020000,-117.15718230587199900000,4.500000,4.500000,
2518,28220,DEL MAR,2519,32.95461269198909800000,-117.26631927060300600000,0.054000,0.054000,
2519,28221,VISTA 1,2520,33.17652901513459800000,-117.28087573424799900000,0.390000,0.390000,
2520,28222,MORENO VALLEY 3,2521,33.82529065673890050000,-117.14895775482300200000,0.065000,0.065000,
2521,28223,MORENO VALLEY 4,2522,33.94390519499440020000,-117.30726814655800200000,0.780000,0.780000,
2522,28224,CARLSBAD 4,2523,33.12497943428210330000,-117.20010780324399500000,5.000000,5.000000,
2523,28225,CARLSBAD 5,2524,33.16075202044689970000,-117.24374730379699400000,0.320000,0.320000,
2524,28226,VISTA 2,2525,33.10876754988019850000,-117.25471712426299600000,0.140000,0.140000,
2525,28227,VISTA 3,2526,33.09583936323780050000,-117.20847610699600200000,2.300000,2.300000,
2526,28228,SAN DIEGO 1,2527,32.61253830469480160000,-117.13560389454700300000,0.110000,0.110000,
2527,28229,SAN DIEGO 2,2528,32.70142906639669890000,-117.25529626402600100000,0.054000,0.054000,
2528,28230,SAN DIEGO 3,2529,32.69294773950729650000,-117.25306340468800700000,1.000000,1.000000,
2529,28231,MORENO VALLEY 5,2530,33.89135685551170240000,-117.29947206022700400000,0.110000,0.110000,
2530,28232,SAN BERNARDINO 8,2531,34.11379820170819950000,-117.31095067773199500000,0.380000,0.380000,
2531,28233,SAN BERNARDINO 9,2532,34.15582849913379700000,-117.30838742403399500000,0.200000,0.200000,
2532,28234,SAN DIEGO 4,2533,32.88387204565280090000,-117.25270383441200300000,0.150000,0.150000,
2533,28235,SAN DIEGO 5,2534,32.89103897221890090000,-117.25348164039600400000,0.230000,0.230000,
2534,28236,CORONADO 1,2535,32.74667911579509650000,-117.19946257445199900000,0.320000,0.320000,
2535,28237,FALLBROOK 1,2536,33.48016850566950350000,-117.30748764590700300000,0.035000,0.035000,
2536,28238,FALLBROOK 2,2537,33.37944347863510330000,-117.12664814338400300000,2.300000,2.300000,
2537,28239,PERRIS 3,2538,33.90000489013900160000,-117.18081600412300200000,0.120000,0.120000,
2538,28240,PERRIS 4,2539,33.92074184069139880000,-117.20122750549100500000,0.084000,0.084000,
2539,28241,VISTA 4,2540,33.30520664393350220000,-117.27637023821499400000,0.160000,0.160000,
2540,28242,VISTA 5,2541,33.14607563035050220000,-117.10281355212799800000,0.990000,0.990000,
2541,28243,SAN DIEGO 6,2542,32.80809994911030000000,-117.23605933406800300000,0.300000,0.300000,
2542,28244,SAN DIEGO 7,2543,32.85784299825959920000,-117.21918472789799600000,0.470000,0.470000,
2543,28245,LAKE ARROWHEAD,2544,34.33289148324499960000,-117.15423344144400600000,0.380000,0.380000,
2544,28246,SUN CITY 2,2545,33.63119668245629870000,-117.27274781551399500000,0.140000,0.140000,
2545,28247,HIGHLAND 1,2546,34.06266858154789640000,-117.23359168307600000000,0.330000,0.330000,
2546,28248,HIGHLAND 2,2547,34.05402647643759910000,-117.10136169371300200000,0.310000,0.310000,
2547,28249,SAN MARCOS 1,2548,33.13020849006340280000,-117.23732147455099600000,0.059000,0.059000,
2548,28250,SAN MARCOS 2,2549,33.16772251263240180000,-117.13714607992000100000,3.200000,3.200000,
2549,28251,MENIFEE 1,2550,33.64062481205240120000,-117.12902129434699800000,0.200000,0.200000,
2550,28252,MENIFEE 2,2551,33.68371254877590100000,-117.18458722983899600000,0.068000,0.068000,
2551,28253,SUN CITY 3,2552,33.81056231675250250000,-117.16714504697800700000,0.380000,0.380000,
2552,28254,REDLANDS 1,2553,34.16710522437139730000,-117.23433237402599600000,0.190000,0.190000,
2553,28255,REDLANDS 2,2554,34.03150863139769910000,-117.21957419784899900000,0.800000,0.800000,
2554,28256,SAN DIEGO 8,2555,32.89917431849870160000,-117.25436454619399700000,0.075000,0.075000,
2555,28257,SAN DIEGO 9,2556,32.83291886486640010000,-117.19053826316499600000,0.270000,0.270000,
2556,28258,SAN DIEGO 10,2557,32.79194837265440300000,-117.15314861914599500000,0.500000,0.500000,
2557,28259,SAN DIEGO 11,2558,32.78706714479749710000,-117.10546192577200500000,0.420000,0.420000,
2558,28260,SAN DIEGO 12,2559,32.90260343279290110000,-117.22899553389099500000,0.180000,0.180000,
2559,28261,SAN DIEGO 13,2560,32.75146510936340150000,-117.21730510391499500000,4.600000,4.600000,
2560,28262,SAN DIEGO 14,2561,32.76999834340139730000,-117.21273317516700300000,0.410000,0.410000,
2561,28263,SAN DIEGO 15,2562,32.82484210063540080000,-117.25250771646300000000,0.110000,0.110000,
2562,28264,APPLE VALLEY 1,2563,34.52324844138409790000,-117.17945521719599400000,0.090000,0.090000,
2563,28265,APPLE VALLEY 2,2564,34.45273171264830130000,-117.20787381655699700000,0.170000,0.170000,
2564,28266,REDLANDS 3,2565,34.09439499197590350000,-117.23422958628499700000,0.780000,0.780000,
2565,28267,REDLANDS 4,2566,34.09719568552640110000,-117.20584516441300600000,0.120000,0.120000,
2566,28268,SAN MARCOS 3,2567,33.21597612881259920000,-117.07726935957599300000,0.056000,0.056000,
2567,28269,SAN MARCOS 4,2568,33.20043952519439760000,-117.23554121923599800000,0.200000,0.200000,
2568,28270,MURRIETA 3,2569,33.57395133736780220000,-117.20502565405699600000,0.061000,0.061000,
2569,28271,MURRIETA 4,2570,33.54105584365880330000,-117.17362834730900500000,0.250000,0.250000,
2570,28272,SAN DIEGO 16,2571,32.73428352533839810000,-117.12285210391199500000,0.840000,0.840000,
2571,28273,SAN DIEGO 17,2572,32.92754894712209790000,-117.21869806677800300000,2.200000,2.200000,
2572,28274,SAN DIEGO 18,2573,32.86637695050009710000,-117.15740754585399900000,2.800000,2.800000,
2573,28275,SAN DIEGO 19,2574,32.83761071190860290000,-117.13358129746500000000,0.110000,0.110000,
2574,28276,APPLE VALLEY 3,2575,34.56340384483659990000,-117.16562500273499800000,2.900000,2.900000,
2575,28277,APPLE VALLEY 4,2576,34.52885447413309800000,-117.09557826891699500000,0.072000,0.072000,
2576,28278,SAN DIEGO 20,2577,32.97813121055860110000,-117.09041240279400100000,0.360000,0.360000,
2577,28279,SAN DIEGO 21,2578,33.02078569602019800000,-117.16910453106000000000,0.410000,0.410000,
2578,28280,ESCONDIDO 1,2579,33.06899575834250270000,-117.12996843736199500000,0.620000,0.620000,
2579,28281,SAN DIEGO 22,2580,32.64634663056610010000,-117.03849551836300700000,0.092000,0.092000,
2580,28282,SAN DIEGO 23,2581,32.64593762982639900000,-117.09113225417999600000,0.110000,0.110000,
2581,28283,SAN DIEGO 24,2582,32.97682431867269770000,-117.17227294004300100000,0.600000,0.600000,
2582,28284,SAN DIEGO 25,2583,33.01304890827950090000,-117.14895582297400300000,0.690000,0.690000,
2583,28285,SAN DIEGO 26,2584,32.79967588846479740000,-117.06328594124599400000,0.770000,0.770000,
2584,28286,IMPERIAL BEACH,2585,32.50851659481089940000,-117.17479960986200600000,0.630000,0.630000,
2585,28287,SAN DIEGO 27,2586,32.69086259356750190000,-117.10930444983999600000,0.160000,0.160000,
2586,28288,SAN DIEGO 28,2587,32.78128187181039980000,-117.17369217022700000000,0.150000,0.150000,
2587,28289,SAN DIEGO 29,2588,32.61697279589949970000,-117.02062862528100600000,1.600000,1.600000,
2588,28290,SAN DIEGO 30,2589,32.65110813774590070000,-117.15406988321200300000,0.500000,0.500000,
2589,28291,ESCONDIDO 2,2590,33.13020130265630310000,-117.14531495629900400000,0.480000,0.480000,
2590,28292,ESCONDIDO 3,2591,33.19190082431970270000,-117.03377279869799600000,0.190000,0.190000,
2591,28293,MORENO VALLEY 6,2592,33.84431217272140200000,-117.16443660171999800000,0.820000,0.820000,
2592,28294,MORENO VALLEY 7,2593,33.91328228898139940000,-117.16308384115100700000,0.510000,0.510000,
2593,28295,TEMECULA 1,2594,33.57542377901589960000,-117.03986202082200000000,0.140000,0.140000,
2594,28296,TEMECULA 2,2595,33.51712403616340200000,-117.08671903812199800000,0.056000,0.056000,
2595,28297,NATIONAL CITY 1,2596,32.64182834851919780000,-117.06094132748199800000,0.089000,0.089000,
2596,28298,NATIONAL CITY 2,2597,32.68592795865230020000,-117.09875392033400500000,0.150000,0.150000,
2597,28299,SAN DIEGO 31,2598,32.68447061782509880000,-117.18234989408699700000,0.120000,0.120000,
2598,28300,SAN DIEGO 32,2599,32.71429938112650150000,-117.07925005604700200000,0.045000,0.045000,
2599,28301,SAN DIEGO 33,2600,32.86588175609730200000,-117.09793415532500700000,0.058000,0.058000,
2600,28302,SAN DIEGO 34,2601,32.92343756142089720000,-117.10824370835699400000,0.130000,0.130000,
2601,28303,ESCONDIDO 4,2602,33.18914946117499910000,-117.16839513758199600000,0.070000,0.070000,
2602,28304,ESCONDIDO 5,2603,33.07387098706610120000,-117.02415091796599700000,0.130000,0.130000,
2603,28305,SAN DIEGO 35,2604,32.83802086830920080000,-117.09095716597799700000,0.021000,0.021000,
2604,28306,SAN DIEGO 36,2605,32.78109515687440020000,-116.97739823045799300000,2.600000,2.600000,
2605,28307,MENTONE,2606,34.09416085278309790000,-117.08929436986200300000,0.059000,0.059000,
2606,28308,SAN DIEGO 37,2607,33.03288843962789660000,-116.98827325534600200000,0.170000,0.170000,
2607,28309,SAN DIEGO 38,2608,32.97845693521890100000,-116.97465021945500000000,0.040000,0.040000,
2608,28310,SAN DIEGO 39,2609,32.74737734640449820000,-117.05944581693199800000,0.078000,0.078000,
2609,28311,CHULA VISTA 1,2610,32.68089457211780060000,-117.10280597842100300000,0.220000,0.220000,
2610,28312,CHULA VISTA 2,2611,32.65310526704750060000,-117.04404333146200700000,0.110000,0.110000,
2611,28313,SAN DIEGO 40,2612,32.66184809833210070000,-117.13585774375499700000,0.130000,0.130000,
2612,28314,SAN DIEGO 41,2613,32.71652561849109730000,-117.09593751389900300000,0.180000,0.180000,
2613,28315,CHULA VISTA 3,2614,32.69165140510990140000,-116.99493612338200400000,3.600000,3.600000,
2614,28316,CHULA VISTA 4,2615,32.57426007449269890000,-117.07009523280099500000,0.110000,0.110000,
2615,28317,CHULA VISTA 5,2616,32.56414534825010070000,-117.13100971153099300000,0.260000,0.260000,
2616,28318,CALIMESA,2617,34.00855013549779930000,-116.95846145289499400000,0.940000,0.940000,
2617,28319,WINCHESTER,2618,33.74388068780090320000,-117.02762057398399500000,0.120000,0.120000,
2618,28320,SAN DIEGO 42,2619,32.62111083437930150000,-117.09080687404099300000,0.860000,0.860000,
2619,28321,SAN DIEGO 43,2620,32.72188585201560330000,-117.11050833759300400000,0.052000,0.052000,
2620,28322,SAN YSIDRO,2621,32.53642128417669710000,-117.12532637533500700000,0.420000,0.420000,
2621,28323,TEMECULA 3,2622,33.44610770866189850000,-117.14081886572300600000,0.380000,0.380000,
2622,28324,TEMECULA 4,2623,33.54842276605800320000,-116.98541662400299400000,0.620000,0.620000,
2623,28325,HEMET 1,2624,33.71089050249420180000,-117.07498780022899600000,0.480000,0.480000,
2624,28326,HEMET 2,2625,33.65978353180629770000,-117.03720309937099800000,0.019000,0.019000,
2625,28327,SAN DIEGO 44,2626,32.79265312616259820000,-117.07996863331800300000,1.300000,1.300000,
2626,28328,LA MESA 1,2627,32.69051337543540110000,-116.94745343699000300000,0.300000,0.300000,
2627,28329,LA MESA 2,2628,32.72306510857559660000,-116.92672583198100300000,0.460000,0.460000,
2628,28330,SAN JACINTO 1,2629,33.81869594968050310000,-116.93672139334900400000,0.870000,0.870000,
2629,28331,POWAY 1,2630,32.98308731023040250000,-117.02273111003900400000,0.026000,0.026000,
2630,28332,POWAY 2,2631,32.89756118719959940000,-117.02170246667699900000,0.190000,0.190000,
2631,28333,BONITA,2632,32.68881763535679850000,-117.01405209028899900000,0.088000,0.088000,
2632,28334,YUCAIPA 1,2633,34.06873097206860020000,-117.00641765104100500000,3.600000,3.600000,
2633,28335,YUCAIPA 2,2634,33.95655177743930150000,-117.05798503594499500000,0.290000,0.290000,
2634,28336,SAN DIEGO 45,2635,32.60907997005070060000,-116.91551458392500200000,0.087000,0.087000,
2635,28337,SAN DIEGO 46,2636,32.56197126403500160000,-116.92674693534900100000,0.120000,0.120000,
2636,28338,SAN DIEGO 47,2637,32.54895911354019940000,-117.04019476008099300000,0.470000,0.470000,
2637,28339,LA MESA 3,2638,32.82295353624429880000,-116.90801153230299300000,0.370000,0.370000,
2638,28340,SPRING VALLEY 1,2639,32.75378340544010310000,-116.92636471099399400000,0.740000,0.740000,
2639,28341,SPRING VALLEY 2,2640,32.79228680951290190000,-116.99984173561300300000,0.035000,0.035000,
2640,28342,SANTEE 1,2641,32.79734142631620130000,-117.03629989798899700000,0.470000,0.470000,
2641,28343,SANTEE 2,2642,32.84692367880440140000,-117.04694312390300600000,0.800000,0.800000,
2642,28344,BEAUMONT 1,2643,33.92218682264189770000,-117.05338573617500200000,0.250000,0.250000,
2643,28345,BEAUMONT 2,2644,33.91641347297409940000,-116.89309701887499700000,1.400000,1.400000,
2644,28346,CHULA VISTA 6,2645,32.55384496363849680000,-117.02476518601700700000,0.055000,0.055000,
2645,28347,CHULA VISTA 7,2646,32.67986892856040270000,-116.90887284646500200000,0.340000,0.340000,
2646,28348,ESCONDIDO 6,2647,33.07387219796879660000,-117.05508504063999400000,0.360000,0.360000,
2647,28349,ESCONDIDO 7,2648,33.17455492749829920000,-117.01130095607599900000,0.390000,0.390000,
2648,28350,EL CAJON 1,2649,32.76468193917050090000,-117.05173847694099700000,0.770000,0.770000,
2649,28351,EL CAJON 2,2650,32.83648837346650140000,-117.04502028049799400000,0.870000,0.870000,
2650,28352,BARSTOW,2651,34.97633073727070040000,-116.88353976553699400000,0.880000,0.880000,
2651,28353,HEMET 3,2652,33.67273824200940170000,-116.94588729377500200000,0.150000,0.150000,
2652,28354,HEMET 4,2653,33.76506376694509730000,-116.95328471709000000000,0.086000,0.086000,
2653,28355,CHULA VISTA 8,2654,32.53888883655640280000,-117.07330554522700100000,0.480000,0.480000,
2654,28356,CHULA VISTA 9,2655,32.62541206641790130000,-116.93901755391999600000,0.230000,0.230000,
2655,28357,SAN JACINTO 2,2656,33.75112060765879820000,-116.98486489686000300000,0.310000,0.310000,
2656,28358,SAN JACINTO 3,2657,33.84517759984220220000,-116.92103987337699800000,0.130000,0.130000,
2657,28359,LUCERNE VALLEY,2658,34.60524132480440330000,-116.88201159618400000000,0.320000,0.320000,
2658,28360,LAKESIDE 1,2659,32.86536467525100140000,-116.93579686113000100000,0.035000,0.035000,
2659,28361,LAKESIDE 2,2660,32.89197969971449710000,-116.90729635967800000000,0.470000,0.470000,
2660,28362,HEMET 5,2661,33.57113258508619680000,-116.87621303535900100000,0.890000,0.890000,
2661,28363,HEMET 6,2662,33.72638522399019930000,-116.93838438142999800000,0.850000,0.850000,
2662,28364,EL CAJON 3,2663,32.81610796367370140000,-116.85397142532599400000,0.320000,0.320000,
2663,28365,EL CAJON 4,2664,32.74440410608430340000,-116.92277947944400300000,0.300000,0.300000,
2664,28366,EL CAJON 5,2665,32.90518137049780020000,-116.87305558465500600000,0.055000,0.055000,
2665,28367,EL CAJON 6,2666,32.92090449129879910000,-116.77618928679399400000,0.400000,0.400000,
2666,28368,RAMONA 1,2667,33.00041633485499660000,-116.94942815976899900000,0.730000,0.730000,
2667,28369,RAMONA 2,2668,32.99541684728500000000,-116.89137208424300200000,3.600000,3.600000,
2668,28370,BANNING 1,2669,34.02637849383980040000,-116.85982455552699800000,0.590000,0.590000,
2669,28371,BANNING 2,2670,34.01289304055560340000,-116.82476493833100000000,0.051000,0.051000,
2670,28372,BIG BEAR CITY,2671,34.31183803331779810000,-116.79654934881600100000,0.190000,0.190000,
2671,28373,JAMUL,2672,32.73320402349339990000,-116.78979421151700500000,0.800000,0.800000,
2672,28374,ALPINE 1,2673,32.87211442097920160000,-116.73696881914500500000,0.330000,0.330000,
2673,28375,FORT IRWIN,2674,35.18067138034979990000,-116.65133727510999500000,0.098000,0.098000,
2674,28376,ANZA,2675,33.43000051436060000000,-116.56099267598800400000,0.100000,0.100000,
2675,28377,PALM SPRINGS 1,2676,33.82033799519469850000,-116.65492145785999900000,0.015000,0.015000,
2676,28378,PALM SPRINGS 2,2677,33.90856072222909740000,-116.60162372785900700000,0.050000,0.050000,
2677,28379,DESERT HOT SPRINGS 1,2678,33.86159539950450180000,-116.50734616226799300000,0.370000,0.370000,
2678,28380,DESERT HOT SPRINGS 2,2679,34.03421452529759960000,-116.55530165238100400000,3.000000,3.000000,
2679,28381,PALM SPRINGS 3,2680,33.65564678236069800000,-116.46614920747799700000,0.350000,0.350000,
2680,28382,CATHEDRAL CITY 1,2681,33.82367904511429660000,-116.51627622398899600000,0.220000,0.220000,
2681,28383,CATHEDRAL CITY 2,2682,33.73781118416110300000,-116.52440439531399400000,0.200000,0.200000,
2682,28384,YUCCA VALLEY 1,2683,34.20546378846319870000,-116.37136649637099600000,4.800000,4.800000,
2683,28385,YUCCA VALLEY 2,2684,34.24333973257739670000,-116.52109041536300500000,0.440000,0.440000,
2684,28386,RANCHO MIRAGE,2685,33.68575240587350090000,-116.50385613513900300000,4.200000,4.200000,
2685,28387,PALM DESERT 1,2686,33.67698793886700060000,-116.42425051542599600000,0.270000,0.270000,
2686,28388,PALM DESERT 2,2687,33.65119943431780310000,-116.33661411797899600000,0.160000,0.160000,
2687,28389,PALM DESERT 3,2688,33.77301266974320270000,-116.31867950077399600000,0.380000,0.380000,
2688,28390,DESERT HOT SPRINGS 3,2689,33.81880651852780060000,-116.31471875199599700000,0.120000,0.120000,
2689,28391,JOSHUA TREE,2690,34.08115845580189780000,-116.26586365427499500000,2.500000,2.500000,
2690,28392,LA QUINTA 1,2691,33.55376770381720060000,-116.22535587858199300000,0.180000,0.180000,
2691,28393,LA QUINTA 2,2692,33.69743791803799840000,-116.29214277961399700000,0.190000,0.190000,
2692,28394,INDIO 1,2693,33.82356017661079760000,-116.26740405622399500000,4.200000,4.200000,
2693,28395,INDIO 2,2694,33.77371272880230180000,-116.13517049412300200000,0.710000,0.710000,
2694,28396,INDIO 3,2695,33.63029010752629940000,-116.17440429388599900000,0.260000,0.260000,
2695,28397,COACHELLA 1,2696,33.69869197205149900000,-116.21773699521500600000,0.180000,0.180000,
2696,28398,COACHELLA 2,2697,33.70537746044630010000,-116.25589968013899500000,0.490000,0.490000,
2697,28399,BORREGO SPRINGS,2698,33.09256285806529970000,-116.14625464215700400000,0.097000,0.097000,
2698,28400,THERMAL,2699,33.40729761573989980000,-116.04722047874899700000,0.480000,0.480000,
2699,28401,TWENTYNINE PALMS 1,2700,34.26716815853429660000,-116.02206171301199300000,0.660000,0.660000,
2700,28402,MECCA 1,2701,33.59117940136110290000,-115.98153182907799400000,0.057000,0.057000,
2701,28403,IMPERIAL 1,2702,32.93378513241110280000,-115.63495462651100400000,0.990000,0.990000,
2702,28404,TWENTYNINE PALMS 2,2703,34.20733442386269730000,-115.65787570610000000000,0.086000,0.086000,
2703,28405,EL CENTRO 1,2704,32.76811662915209670000,-115.64135179380099300000,0.590000,0.590000,
2704,28406,EL CENTRO 2,2705,32.76513753126290140000,-115.59348569631299600000,0.390000,0.390000,
2705,28407,CALIPATRIA 1,2706,33.26184357383230150000,-115.52033498992000200000,0.140000,0.140000,
2706,28408,CALEXICO 1,2707,32.71568543050000240000,-115.48189241644399800000,0.190000,0.190000,
2707,28409,CALEXICO 2,2708,32.59506877157370040000,-115.45218786754600200000,0.240000,0.240000,
2708,28410,HEBER 1,2709,32.64398557128860290000,-115.77238559830000500000,0.130000,0.130000,
2709,28411,BRAWLEY 1,2710,32.96015691231539790000,-115.35162185123100200000,0.240000,0.240000,
2710,28412,BRAWLEY 2,2711,32.94590252232610080000,-115.31679174749299900000,0.190000,0.190000,
2711,28413,HOLTVILLE 1,2712,32.78461697338389770000,-115.08431487078000500000,0.080000,0.080000,
2712,28414,BLYTHE 1,2713,33.75279274394510050000,-114.62295379461700400000,0.054000,0.054000,
2713,28415,NEEDLES,2714,34.97214033366410040000,-114.69815760194299500000,0.180000,0.180000,
2714,28416,HINKLEY 1,2715,35.01111099999999960000,-117.32361100000000000000,0.720000,0.720000,
2715,28417,ESCONDIDO 8,2716,33.12194300000000170000,-117.11744100000000000000,0.160000,0.160000,
2716,28418,NORTH PALM SPRINGS 1,2717,33.92280000000000230000,-116.54219999999999400000,3.300000,3.300000,
2717,28419,SAN DIEGO 48,2718,32.56244800000000340000,-116.94386900000000600000,0.140000,0.140000,
2718,28420,HOLTVILLE 2,2719,32.77570000000000050000,-115.26370000000000000000,0.840000,0.840000,
2719,28421,DESERT CENTER,2720,33.82305600000000110000,-115.39388900000000200000,0.300000,0.300000,
2720,28422,CALEXICO 3,2721,32.68694399999999690000,-115.64777800000000200000,0.430000,0.430000,
2721,28423,HOLTVILLE 3,2722,33.01389999999999960000,-115.54389999999999400000,0.150000,0.150000,
2722,28424,CAMPO,2723,32.70555600000000140000,-116.34250000000000100000,0.400000,0.400000,
2723,28425,NIPTON 1,2724,35.55611100000000140000,-115.46861099999999600000,0.380000,0.380000,
2724,28426,DESERT HOT SPRINGS 4,2725,33.93416700000000220000,-116.57138799999999900000,0.470000,0.470000,
2725,28427,SAN DIEGO 49,2726,32.87689999999999910000,-117.16638899999999500000,0.470000,0.470000,
2726,28428,REDLANDS 5,2727,34.08180000000000120000,-117.24179999999999800000,0.930000,0.930000,
2727,28429,ESCONDIDO 9,2728,33.11849999999999740000,-117.09950000000000600000,0.069000,0.069000,
2728,28430,RANCHO CUCAMONGA 8,2729,34.09118000000000140000,-117.52662999999999700000,4.500000,4.500000,
2729,28431,ONTARIO 8,2730,34.00529999999999830000,-117.56040000000000100000,0.570000,0.570000,
2730,28432,HEBER 2,2731,32.71459999999999720000,-115.51800000000000100000,0.470000,0.470000,
2731,28433,EL CAJON 7,2732,32.79649100000000320000,-116.97207100000000000000,0.062000,0.062000,
2732,28434,PALA,2733,33.35940000000000080000,-117.11140000000000300000,3.500000,3.500000,
2733,28435,TRONA,2734,35.76500000000000060000,-117.38330000000000600000,0.024000,0.024000,
2734,28436,IRVINE 9,2735,33.61299999999999950000,-117.82189999999999900000,0.140000,0.140000,
2735,28437,CALIPATRIA 2,2736,33.16460000000000010000,-115.61600000000000000000,0.590000,0.590000,
2736,28438,NORTH PALM SPRINGS 2,2737,33.93930000000000290000,-116.55270000000000200000,0.510000,0.510000,
2737,28439,CALIPATRIA 3,2738,33.15815299999999870000,-115.63865599999999700000,0.110000,0.110000,
2738,28440,COLTON 3,2739,34.04140000000000300000,-117.36029999999999500000,0.220000,0.220000,
2739,28441,MECCA 2,2740,33.58599999999999850000,-116.08729999999999900000,0.120000,0.120000,
2740,28442,BRAWLEY 3,2741,32.95530000000000110000,-115.53640000000000000000,0.042000,0.042000,
2741,28443,RANCHO SANTA FE,2742,32.87469999999999710000,-117.23919999999999700000,0.200000,0.200000,
2742,28444,HINKLEY 2,2743,35.03300000000000120000,-117.33799999999999400000,4.200000,4.200000,
2743,28445,ESCONDIDO 10,2744,33.11970000000000170000,-117.11777800000000100000,0.150000,0.150000,
2744,28446,VICTORVILLE 7,2745,34.59530000000000170000,-117.36469999999999900000,0.760000,0.760000,
2745,28447,EL CAJON 8,2746,32.79610600000000180000,-116.97207299999999500000,0.960000,0.960000,
2746,28448,CALIPATRIA 4,2747,33.17790000000000110000,-115.56499999999999800000,0.610000,0.610000,
2747,28449,NORTH PALM SPRINGS 3,2748,33.88159999999999880000,-116.55270000000000200000,0.092000,0.092000,
2748,28450,SAN BERNARDINO 10,2749,34.20559999999999690000,-117.33440000000000200000,0.190000,0.190000,
2749,28451,HINKLEY 3,2750,35.03079999999999930000,-117.35630000000000400000,0.220000,0.220000,
2750,28452,CORONA 11,2751,33.89119999999999780000,-117.60850000000000600000,0.880000,0.880000,
2751,28453,ANAHEIM 14,2752,33.85354199999999740000,-117.85628599999999700000,3.100000,3.100000,
2752,28454,CALIPATRIA 5,2753,33.07999999999999830000,-115.46999999999999900000,0.600000,0.600000,
2753,28455,BLYTHE 2,2754,33.61569999999999680000,-114.68649999999999500000,0.210000,0.210000,
2754,28456,NIPTON 2,2755,35.53305600000000200000,-115.45250000000000100000,0.680000,0.680000,
2755,28457,IMPERIAL 2,2756,32.90382600000000220000,-115.51194900000000100000,0.100000,0.100000,
2756,28458,HESPERIA 5,2757,34.30744399999999670000,-117.32354800000000200000,0.140000,0.140000,
2757,28459,SAN DIEGO 50,2758,32.87610000000000100000,-117.16639999999999600000,0.170000,0.170000,
2758,28460,CALIPATRIA 6,2759,33.15699999999999650000,-115.63859999999999700000,0.130000,0.130000,
2759,28461,OCOTILLO,2760,32.75277799999999930000,-116.04472199999999300000,0.050000,0.050000,
2760,28462,CORONADO 2,2761,32.70515999999999930000,-117.18966500000000500000,3.400000,3.400000,
2761,28463,SEELEY,2762,32.75333299999999780000,-115.72638899999999800000,0.300000,0.300000,
2762,28464,WINTERHAVEN,2763,32.73664200000000340000,-114.71385800000000200000,0.580000,0.580000,
2763,28465,DESERT HOT SPRINGS 5,2764,33.94469999999999740000,-116.62220000000000600000,0.190000,0.190000,
2764,28466,EL CENTRO 3,2765,32.80222200000000040000,-115.54000000000000600000,0.170000,0.170000,
2765,28467,NORTH PALM SPRINGS 4,2766,33.91087300000000230000,-116.55299399999999800000,0.590000,0.590000,
2766,28468,SAN DIEGO 51,2767,32.67926899999999790000,-117.12244699999999400000,0.080000,0.080000,
2767,28469,ONTARIO 9,2768,34.04536099999999980000,-117.54019300000000200000,0.100000,0.100000,
2768,28470,CALEXICO 4,2769,32.67109899999999810000,-115.58726500000000200000,0.170000,0.170000,
2769,28471,COLTON 4,2770,34.06060000000000090000,-117.35330000000000400000,0.077000,0.077000,
2770,28472,STANTON 2,2771,33.80729999999999790000,-117.98319999999999600000,0.370000,0.370000,
2771,28473,CALIPATRIA 7,2772,33.16329999999999960000,-115.61669999999999400000,0.260000,0.260000,
2772,28474,BLYTHE 3,2773,33.66499999999999910000,-114.99805499999999400000,0.110000,0.110000,
2773,28475,RIVERSIDE 17,2774,33.93079999999999780000,-117.29330000000000200000,0.300000,0.300000,
2774,28476,DAGGETT,2775,34.86590000000000340000,-116.82510000000000600000,0.460000,0.460000,
2775,28477,HEBER 3,2776,32.71439999999999770000,-115.53560000000000200000,0.410000,0.410000,
2776,28478,SAN DIEGO 52,2777,32.83400000000000320000,-117.13379999999999400000,0.270000,0.270000,
2777,28479,ESCONDIDO 11,2778,33.05861099999999910000,-117.11944400000000100000,0.019000,0.019000,
2778,28480,CALIPATRIA 8,2779,33.17770000000000150000,-115.60330000000000400000,0.160000,0.160000,
2779,28481,RANCHO CUCAMONGA 9,2780,34.09029999999999920000,-117.53430000000000200000,0.063000,0.063000,
2780,28482,CALIPATRIA 9,2781,33.15330000000000150000,-115.63840000000000400000,0.270000,0.270000,
2781,28483,PARKER DAM,2782,34.29533399999999690000,-114.14022199999999400000,0.100000,0.100000,
2782,28484,COACHELLA 3,2783,33.67580000000000240000,-116.17140000000000600000,0.200000,0.200000,
2783,28485,RIVERSIDE 18,2784,33.96359999999999960000,-117.45279999999999600000,0.390000,0.390000,
2784,28486,ESCONDIDO 12,2785,33.12610000000000100000,-117.11719999999999700000,0.140000,0.140000,
2785,28487,COLTON 5,2786,34.06089999999999660000,-117.35320000000000100000,0.300000,0.300000,
2786,28488,NILAND,2787,33.23884199999999820000,-115.50445600000000500000,0.140000,0.140000,
2787,28489,CORONA 12,2788,33.88269999999999980000,-117.55650000000000000000,0.130000,0.130000,
2788,28490,SAN DIEGO 53,2789,32.58148099999999660000,-116.91496899999999900000,0.440000,0.440000,
2789,28491,CALEXICO 5,2790,32.66328899999999890000,-115.65828399999999500000,0.076000,0.076000,
2790,28492,CARLSBAD 6,2791,33.13609999999999900000,-117.33639999999999800000,0.054000,0.054000,
2791,28493,NORTH PALM SPRINGS 5,2792,33.96029999999999660000,-116.53640000000000000000,0.190000,0.190000,
2792,28494,NORTH PALM SPRINGS 6,2793,33.93399999999999750000,-116.57810000000000600000,3.100000,3.100000,
2793,28495,HUNTINGTON BEACH 7,2794,33.64390000000000210000,-117.97920000000000600000,0.097000,0.097000,
2794,28496,BREA 3,2795,33.93202200000000350000,-117.84023299999999800000,0.160000,0.160000,
2795,28497,NORTH PALM SPRINGS 7,2796,33.92110000000000270000,-116.56420000000000000000,0.370000,0.370000,
2796,28498,CALIPATRIA 10,2797,33.20463500000000320000,-115.57330299999999600000,0.016000,0.016000,
2797,28499,TWENTYNINE PALMS 3,2798,34.17194400000000340000,-116.15250000000000300000,0.081000,0.081000,
2798,28500,SAN DIEGO 54,2799,32.56704100000000320000,-116.94419700000000300000,0.170000,0.170000,
2799,28501,CHULA VISTA 10,2800,32.59166700000000110000,-117.05861099999999900000,0.360000,0.360000,
2800,28502,CABAZON,2801,33.91498599999999900000,-116.71026000000000500000,0.450000,0.450000,
2801,28503,NORTH PALM SPRINGS 8,2802,33.92499999999999720000,-116.61777800000000100000,0.400000,0.400000,
2802,28504,NIPTON 3,2803,35.58083299999999840000,-115.48250000000000200000,0.260000,0.260000,
2803,28505,ANAHEIM 15,2804,33.85805599999999770000,-117.86166699999999700000,0.330000,0.330000,
2804,28506,SUN CITY 4,2805,33.73883899999999870000,-117.17036899999999400000,0.160000,0.160000,
2805,30000,INCLINE VILLAGE,2806,39.19404007510109980000,-119.83471436484599300000,2.100000,2.100000,
2806,30001,RENO 1,2807,39.54198249962040280000,-119.97077248739699900000,0.980000,0.980000,
2807,30002,RENO 2,2808,39.53637423721669820000,-119.97790104384499400000,0.170000,0.170000,
2808,30003,RENO 3,2809,39.76988433752460140000,-120.00343944238700500000,0.110000,0.110000,
2809,30004,STATELINE,2810,38.88188246855580130000,-119.83357513176099500000,0.980000,0.980000,
2810,30005,RENO 4,2811,39.30627935267499850000,-119.94882913448699900000,0.490000,0.490000,
2811,30006,RENO 5,2812,39.30025137364099660000,-119.92514805301699700000,0.095000,0.095000,
2812,30007,CARSON CITY 1,2813,39.10453929362459750000,-119.86966087562800000000,0.380000,0.380000,
2813,30008,RENO 6,2814,39.47736263630209660000,-119.85541577514899800000,4.100000,4.100000,
2814,30009,RENO 7,2815,39.48507921758940140000,-119.74131639695799800000,0.330000,0.330000,
2815,30010,RENO 8,2816,39.49395321354590040000,-119.74697609910100500000,0.076000,0.076000,
2816,30011,CARSON CITY 2,2817,39.07571318547410040000,-119.74302249622900300000,1.400000,1.400000,
2817,30012,RENO 9,2818,39.43307291485749740000,-119.80931129939199300000,0.700000,0.700000,
2818,30013,RENO 10,2819,39.57283859187180040000,-119.86818073533700600000,0.130000,0.130000,
2819,30014,RENO 11,2820,39.63542784460430110000,-119.79690475073100200000,0.190000,0.190000,
2820,30015,RENO 12,2821,39.67286461769099760000,-119.78911724844999800000,4.100000,4.100000,
2821,30016,WASHOE VALLEY,2822,39.23090915825940070000,-119.87061729360100100000,0.070000,0.070000,
2822,30017,RENO 13,2823,39.53515377216650250000,-119.81404895983099800000,0.210000,0.210000,
2823,30018,RENO 14,2824,39.54217419535859790000,-119.78910715481500000000,0.210000,0.210000,
2824,30019,GARDNERVILLE 1,2825,38.91389600772900080000,-119.76010964788599700000,0.180000,0.180000,
2825,30020,SUN VALLEY 3,2826,39.67691087309739830000,-119.83180250765799700000,0.130000,0.130000,
2826,30021,MINDEN,2827,39.02845418218610260000,-119.78245670849099700000,0.150000,0.150000,
2827,30022,SPARKS 1,2828,39.58420397208799810000,-119.81468172017599700000,0.120000,0.120000,
2828,30023,SPARKS 2,2829,39.54252713374520310000,-119.77689298696999700000,0.670000,0.670000,
2829,30024,RENO 15,2830,39.44326538214710350000,-119.75689811895600200000,0.260000,0.260000,
2830,30025,RENO 16,2831,39.43531227031599680000,-119.69443919574699500000,0.390000,0.390000,
2831,30026,CARSON CITY 3,2832,39.21996264020810230000,-119.82431233936300400000,0.220000,0.220000,
2832,30027,CARSON CITY 4,2833,39.06344097361959910000,-119.67902879262399600000,0.350000,0.350000,
2833,30028,CARSON CITY 5,2834,39.32254092801630210000,-119.62835945683799800000,0.480000,0.480000,
2834,30029,RENO 17,2835,39.47342623555640270000,-119.72055936032799600000,0.480000,0.480000,
2835,30030,RENO 18,2836,39.38355353470029740000,-119.64262119533499600000,0.360000,0.360000,
2836,30031,SPARKS 3,2837,39.61891730715250050000,-119.65300457368699900000,0.082000,0.082000,
2837,30032,SPARKS 4,2838,39.64071935321940290000,-119.73762613485899900000,0.300000,0.300000,
2838,30033,SPARKS 5,2839,39.61361470930390280000,-119.70088881007500000000,0.150000,0.150000,
2839,30034,SPARKS 6,2840,39.55038712480730110000,-119.62196936236600200000,0.074000,0.074000,
2840,30035,SPARKS 7,2841,39.57693353491840330000,-119.66266626300199500000,0.082000,0.082000,
2841,30036,RENO 19,2842,40.09400809536079890000,-119.59977195436900400000,0.810000,0.810000,
2842,30037,GARDNERVILLE 2,2843,38.81884579389559780000,-119.68006375519699700000,0.900000,0.900000,
2843,30038,DAYTON 7,2844,39.19465146063450330000,-119.49923317251399600000,0.054000,0.054000,
2844,30039,WELLINGTON 1,2845,38.67353183017350200000,-119.29882398386999400000,0.170000,0.170000,
2845,30040,SILVER SPRINGS,2846,39.27117371917309900000,-119.37567962871999300000,0.260000,0.260000,
2846,30041,FERNLEY 1,2847,39.63507443480850160000,-119.16098520269399300000,0.092000,0.092000,
2847,30042,YERINGTON 1,2848,38.75505631557940230000,-119.19620334640200100000,0.310000,0.310000,
2848,30043,HAWTHORNE 4,2849,38.52598677101850200000,-118.65376092516899600000,0.280000,0.280000,
2849,30044,FALLON 1,2850,39.53989441001390050000,-118.22124959875800700000,2.800000,2.800000,
2850,30045,WINNEMUCCA 1,2851,41.25321989015329650000,-118.18449678116799400000,0.085000,0.085000,
2851,30046,LOVELOCK,2852,40.36937216066399970000,-118.17695068883500600000,0.065000,0.065000,
2852,30047,MC DERMITT,2853,41.99665504238650020000,-117.95493918978900200000,0.160000,0.160000,
2853,30048,BATTLE MOUNTAIN 1,2854,40.46387245244950040000,-116.95418911633200300000,0.640000,0.640000,
2854,30049,ROUND MOUNTAIN,2855,38.89379921414119680000,-116.91376465364899700000,0.170000,0.170000,
2855,30050,BEATTY,2856,36.94899475096419650000,-116.81473461431400600000,0.062000,0.062000,
2856,30051,AMARGOSA VALLEY,2857,36.52851423982819770000,-116.46358309965999900000,0.430000,0.430000,
2857,30052,TONOPAH 1,2858,38.34836806116550180000,-116.25938850619799300000,0.660000,0.660000,
2858,30053,CARLIN,2859,40.44762844695590330000,-116.19037711209099900000,0.320000,0.320000,
2859,30054,PAHRUMP 3,2860,36.18427458812030300000,-116.00679587408200200000,0.190000,0.190000,
2860,30055,EUREKA 4,2861,39.75827239359289680000,-115.94106513443199400000,0.880000,0.880000,
2861,30056,ELKO,2862,41.34061581480489880000,-115.79022818996300300000,2.400000,2.400000,
2862,30057,SPRING CREEK,2863,40.65479856995600020000,-115.50051574334399600000,0.150000,0.150000,
2863,30058,LAS VEGAS 1,2864,36.31533235206450170000,-115.57379171016199800000,0.200000,0.200000,
2864,30059,ALAMO 2,2865,37.26147774369780310000,-115.40992086061700700000,0.460000,0.460000,
2865,30060,LAS VEGAS 2,2866,36.10523473297290310000,-115.36773326554299500000,4.500000,4.500000,
2866,30061,LAS VEGAS 3,2867,36.08155255243560330000,-115.34956869514199700000,0.100000,0.100000,
2867,30062,LAS VEGAS 4,2868,36.17921956043699790000,-115.26371737411000100000,0.300000,0.300000,
2868,30063,LAS VEGAS 5,2869,36.12536994976240120000,-115.24422428467200100000,0.046000,0.046000,
2869,30064,LAS VEGAS 6,2870,36.06860495347000040000,-115.21343837287800200000,0.600000,0.600000,
2870,30065,LAS VEGAS 7,2871,36.14147074679910080000,-115.19831224027800000000,0.500000,0.500000,
2871,30066,LAS VEGAS 8,2872,36.26851125302999890000,-115.20039017810600500000,0.430000,0.430000,
2872,30067,LAS VEGAS 9,2873,36.34650680088709860000,-115.39159587667200000000,0.180000,0.180000,
2873,30068,LAS VEGAS 10,2874,36.25803354817320210000,-115.25758520636900100000,0.160000,0.160000,
2874,30069,LAS VEGAS 11,2875,36.23861072260810090000,-115.33601128720400200000,0.096000,0.096000,
2875,30070,LAS VEGAS 12,2876,36.14502802954280010000,-115.37436377026699600000,0.140000,0.140000,
2876,30071,LAS VEGAS 13,2877,35.98346603051869860000,-115.32210484187500300000,0.490000,0.490000,
2877,30072,LAS VEGAS 14,2878,36.05584452421160080000,-115.30959268121800700000,0.250000,0.250000,
2878,30073,LAS VEGAS 15,2879,36.06945488366029910000,-115.36204165223999500000,17.000000,17.000000,
2879,30074,LAS VEGAS 16,2880,36.17837969541700000000,-115.21479797825900000000,0.096000,0.096000,
2880,30075,LAS VEGAS 17,2881,36.11906208780879980000,-115.19452674646700500000,0.091000,0.091000,
2881,30076,LAS VEGAS 18,2882,36.09833578469479680000,-115.30499400787300600000,0.020000,0.020000,
2882,30077,LAS VEGAS 19,2883,36.06788702447249760000,-115.25712689414899600000,0.085000,0.085000,
2883,30078,LAS VEGAS 20,2884,36.20542722236140070000,-115.23654736238199800000,0.430000,0.430000,
2884,30079,LAS VEGAS 21,2885,36.12940230891069860000,-115.35100989966099400000,0.350000,0.350000,
2885,30080,LAS VEGAS 22,2886,36.05690599947649840000,-115.28622490957900500000,0.490000,0.490000,
2886,30081,LAS VEGAS 23,2887,36.35247959634769900000,-115.33921337559900200000,11.200000,11.200000,
2887,30082,LAS VEGAS 24,2888,36.25429245182880320000,-115.33873087795500100000,0.500000,0.500000,
2888,30083,LAS VEGAS 25,2889,36.25180259660329800000,-115.16841420836199500000,0.069000,0.069000,
2889,30084,LAS VEGAS 26,2890,36.19455023551000040000,-115.31513036531200100000,0.640000,0.640000,
2890,30085,LAS VEGAS 27,2891,36.21600645244100040000,-115.18463760096099700000,0.130000,0.130000,
2891,30086,LAS VEGAS 28,2892,36.16942975667979710000,-115.28680593924499900000,0.320000,0.320000,
2892,30087,LAS VEGAS 29,2893,36.18521406742289770000,-115.18007512733899500000,0.680000,0.680000,
2893,30088,LAS VEGAS 30,2894,36.02677100893649960000,-115.21481519123899800000,0.085000,0.085000,
2894,30089,LAS VEGAS 31,2895,36.06577268832400310000,-115.14652055767800200000,0.150000,0.150000,
2895,30090,LAS VEGAS 32,2896,36.17001785420109880000,-115.13541008490000200000,0.700000,0.700000,
2896,30091,LAS VEGAS 33,2897,36.11914921603030140000,-115.22778360807500100000,0.037000,0.037000,
2897,30092,LAS VEGAS 34,2898,35.96606184921419920000,-115.20864783684000100000,0.049000,0.049000,
2898,30093,LAS VEGAS 35,2899,36.25194231930559850000,-115.30076605990299800000,0.390000,0.390000,
2899,30094,LAS VEGAS 36,2900,36.11146223312589850000,-115.20597387478700600000,0.041000,0.041000,
2900,30095,LAS VEGAS 37,2901,35.97121291330390140000,-115.26226503575300300000,0.280000,0.280000,
2901,30096,LAS VEGAS 38,2902,35.92868165718579830000,-115.20100386993000500000,0.110000,0.110000,
2902,30097,LAS VEGAS 39,2903,36.06820350924780170000,-115.15995600694300600000,0.052000,0.052000,
2903,30098,LAS VEGAS 40,2904,36.13385857199850190000,-115.09858061021499500000,0.630000,0.630000,
2904,30099,HENDERSON 1,2905,35.95749418517650040000,-115.16359002350699800000,0.130000,0.130000,
2905,30100,NORTH LAS VEGAS 1,2906,36.34610334365900290000,-115.20241483839400600000,0.093000,0.093000,
2906,30101,NORTH LAS VEGAS 2,2907,36.32050402299829980000,-115.18364656375099700000,0.130000,0.130000,
2907,30102,NORTH LAS VEGAS 3,2908,36.28338436347890190000,-115.23753200001999600000,0.059000,0.059000,
2908,30103,NORTH LAS VEGAS 4,2909,36.33377755150289800000,-115.19212469412700300000,0.130000,0.130000,
2909,30104,NORTH LAS VEGAS 5,2910,36.19759204284559930000,-115.23385950795200500000,0.021000,0.021000,
2910,30105,LAS VEGAS 41,2911,36.08025277020019670000,-115.19640386120700300000,0.056000,0.056000,
2911,30106,LAS VEGAS 42,2912,36.10447690601490220000,-115.20177979557800500000,0.061000,0.061000,
2912,30107,LAS VEGAS 43,2913,36.20898294242339690000,-115.11910271133200500000,0.200000,0.200000,
2913,30108,LAS VEGAS 44,2914,35.92711131538229810000,-115.16829434349399700000,0.180000,0.180000,
2914,30109,LAS VEGAS 45,2915,35.99788216591350220000,-115.12033888970300700000,0.860000,0.860000,
2915,30110,LAS VEGAS 46,2916,35.95558934231080170000,-115.07486606264700400000,2.900000,2.900000,
2916,30111,LAS VEGAS 47,2917,36.00640026846259900000,-115.05313093024399500000,0.031000,0.031000,
2917,30112,LAS VEGAS 48,2918,36.12708193307449990000,-115.12359898412100300000,0.650000,0.650000,
2918,30113,LAS VEGAS 49,2919,36.07253734310120310000,-115.18042570146100400000,0.150000,0.150000,
2919,30114,LAS VEGAS 50,2920,36.15299420674880080000,-115.19846812229199900000,0.091000,0.091000,
2920,30115,NORTH LAS VEGAS 6,2921,36.26528581950130100000,-115.11147294557599700000,0.980000,0.980000,
2921,30116,NORTH LAS VEGAS 7,2922,36.12265091709920030000,-115.08180458703499500000,0.680000,0.680000,
2922,30117,LAS VEGAS 51,2923,36.21564476173450230000,-115.07668268067399700000,0.570000,0.570000,
2923,30118,LAS VEGAS 52,2924,36.10186377171800130000,-115.06168707274700600000,0.360000,0.360000,
2924,30119,LAS VEGAS 53,2925,36.05742792140190290000,-115.08343740467699900000,0.390000,0.390000,
2925,30120,LAS VEGAS 54,2926,36.10880135986980120000,-115.19789922548899600000,0.190000,0.190000,
2926,30121,NORTH LAS VEGAS 8,2927,36.26847005974870090000,-115.02979554723700100000,0.096000,0.096000,
2927,30122,NORTH LAS VEGAS 9,2928,36.35745405063389770000,-115.11939174837100100000,0.820000,0.820000,
2928,30123,NORTH LAS VEGAS 10,2929,36.31486507440219920000,-115.06975014725800600000,0.230000,0.230000,
2929,30124,LAS VEGAS 55,2930,35.99464181057920340000,-115.04427653829800700000,0.270000,0.270000,
2930,30125,LAS VEGAS 56,2931,36.21970118822250130000,-115.00481594404399700000,0.088000,0.088000,
2931,30126,LAS VEGAS 57,2932,36.04978847689189790000,-115.06151544877299400000,0.300000,0.300000,
2932,30127,HENDERSON 2,2933,35.95133665766920220000,-115.15750691435499700000,0.082000,0.082000,
2933,30128,HENDERSON 3,2934,35.94505003741070230000,-115.01636170627699600000,0.420000,0.420000,
2934,30129,HENDERSON 4,2935,36.05728955897379960000,-115.10569746437599300000,0.120000,0.120000,
2935,30130,HENDERSON 5,2936,36.14586979569210000000,-114.98505625569400500000,0.200000,0.200000,
2936,30131,HENDERSON 6,2937,35.98771099767360230000,-115.15093810750799700000,0.660000,0.660000,
2937,30132,HENDERSON 7,2938,36.04539046916710280000,-115.04658014840900600000,0.360000,0.360000,
2938,30133,LAS VEGAS 58,2939,36.14954373940660300000,-114.96279647054099400000,0.440000,0.440000,
2939,30134,LAS VEGAS 59,2940,36.26558734856200060000,-115.06203700394300400000,0.020000,0.020000,
2940,30135,HENDERSON 8,2941,36.05111735750219990000,-115.00177376133899500000,0.073000,0.073000,
2941,30136,HENDERSON 9,2942,35.92520787103050140000,-114.99489662193900600000,0.085000,0.085000,
2942,30137,LAS VEGAS 60,2943,36.27010257748320040000,-115.09104281515300300000,0.093000,0.093000,
2943,30138,LAS VEGAS 61,2944,36.27306501000690280000,-115.09943611045299900000,0.420000,0.420000,
2944,30139,LAS VEGAS 62,2945,36.12940496524529980000,-114.95295998316700600000,0.058000,0.058000,
2945,30140,LAS VEGAS 63,2946,36.11516722413720260000,-115.13143091966699700000,0.210000,0.210000,
2946,30141,LAS VEGAS 64,2947,36.07743606712919870000,-114.99969211860100400000,0.500000,0.500000,
2947,30142,LAS VEGAS 65,2948,36.16241786620130230000,-114.99400984920799800000,0.470000,0.470000,
2948,30143,LAS VEGAS 66,2949,36.09308203634900280000,-114.91116676390599600000,0.035000,0.035000,
2949,30144,LAS VEGAS 67,2950,36.09003997881850270000,-115.05506082290399700000,3.200000,3.200000,
2950,30145,HENDERSON 10,2951,36.13973611314000320000,-114.99720892165500200000,0.110000,0.110000,
2951,30146,HENDERSON 11,2952,35.94565769845419820000,-114.98911142808199800000,0.150000,0.150000,
2952,30147,HENDERSON 12,2953,36.01486768019609740000,-115.01113018983899400000,0.820000,0.820000,
2953,30148,HENDERSON 13,2954,36.06869757037839720000,-115.00689197942300300000,0.830000,0.830000,
2954,30149,HENDERSON 14,2955,36.00357652016899830000,-114.94132652135900200000,0.370000,0.370000,
2955,30150,MOAPA 1,2956,36.61780133440039720000,-114.89516909204699900000,11.000000,11.000000,
2956,30151,WELLS,2957,41.03785120602839950000,-114.77228030606499900000,0.390000,0.390000,
2957,30152,BOULDER CITY 1,2958,36.06635876825919950000,-114.87117085420800300000,0.720000,0.720000,
2958,30153,JACKPOT,2959,41.88370458807850130000,-114.81271794395999600000,0.065000,0.065000,
2959,30154,ELY 1,2960,39.57346118429479990000,-114.71288910646499900000,0.140000,0.140000,
2960,30155,LAUGHLIN,2961,35.18415408601659780000,-114.62028201373900100000,0.380000,0.380000,
2961,30156,OVERTON,2962,36.31535861281390250000,-114.54798107064999600000,0.910000,0.910000,
2962,30157,CALIENTE,2963,37.26136127211179880000,-114.57487646433000400000,1.000000,1.000000,
2963,30158,PIOCHE,2964,38.15951608305770290000,-114.53181429757199800000,0.340000,0.340000,
2964,30159,LOGANDALE,2965,36.55010904606370300000,-114.54452946059200300000,1.500000,1.500000,
2965,30160,PANACA,2966,37.66300588099520040000,-114.26150934057399400000,0.140000,0.140000,
2966,30161,WEST WENDOVER,2967,40.91772134704729780000,-114.23837745749500500000,3.800000,3.800000,
2967,30162,MESQUITE 1,2968,36.82534460913650060000,-114.11968192782100600000,0.180000,0.180000,
2968,30163,RENO 20,2969,39.38872200000000130000,-119.74890800000000000000,0.480000,0.480000,
2969,30164,WINNEMUCCA 2,2970,40.99609999999999840000,-118.14140000000000400000,0.280000,0.280000,
2970,30165,RENO 21,2971,39.37318900000000350000,-119.76450699999999500000,0.280000,0.280000,
2971,30166,BOULDER CITY 2,2972,35.78810000000000000000,-114.99330000000000500000,0.700000,0.700000,
2972,30167,FALLON 2,2973,39.29440000000000310000,-118.57250000000000500000,0.330000,0.330000,
2973,30168,SPARKS 8,2974,39.56029999999999800000,-119.51080000000000300000,0.230000,0.230000,
2974,30169,SEARCHLIGHT,2975,35.47972200000000240000,-114.93611099999999700000,0.090000,0.090000,
2975,30170,FALLON 3,2976,39.79603199999999670000,-119.01001300000000100000,3.000000,3.000000,
2976,30171,TUSCARORA,2977,41.48279999999999750000,-116.15110000000000000000,2.300000,2.300000,
2977,30172,LAS VEGAS 68,2978,36.22999999999999690000,-114.87000000000000500000,0.570000,0.570000,
2978,30173,LAS VEGAS 69,2979,36.43055400000000080000,-114.90240500000000200000,1.800000,1.800000,
2979,30174,BATTLE MOUNTAIN 2,2980,40.74609999999999840000,-116.52970000000000500000,0.190000,0.190000,
2980,30175,FALLON 4,2981,39.96629999999999680000,-117.85569999999999900000,0.120000,0.120000,
2981,30176,FALLON 5,2982,39.75399900000000030000,-118.95349699999999900000,0.500000,0.500000,
2982,30177,RENO 22,2983,39.39084299999999670000,-119.75459300000000000000,0.140000,0.140000,
2983,30178,VALMY,2984,40.88131700000000280000,-117.15160500000000400000,0.190000,0.190000,
2984,30179,CRESCENT VALLEY,2985,40.55469999999999690000,-116.61750000000000700000,0.230000,0.230000,
2985,30180,HENDERSON 15,2986,36.04169999999999870000,-115.01170000000000500000,0.170000,0.170000,
2986,30181,BOULDER CITY 3,2987,35.78139999999999790000,-114.99330000000000500000,0.380000,0.380000,
2987,30182,LAS VEGAS 70,2988,36.34322900000000090000,-114.92068600000000300000,0.094000,0.094000,
2988,30183,FALLON 6,2989,39.54753699999999840000,-118.55561299999999400000,0.150000,0.150000,
2989,30184,BOULDER CITY 4,2990,35.78888899999999750000,-114.99416700000000400000,0.052000,0.052000,
2990,30185,MOAPA 2,2991,36.65734700000000150000,-114.63326300000000000000,0.075000,0.075000,
2991,30186,LAS VEGAS 71,2992,36.22529999999999720000,-114.87829999999999600000,0.038000,0.038000,
2992,30187,BUNKERVILLE 1,2993,35.87194399999999920000,-114.92833299999999500000,0.910000,0.910000,
2993,30188,IMLAY,2994,40.18079999999999780000,-117.47390000000000000000,0.260000,0.260000,
2994,30189,AUSTIN,2995,39.59109999999999730000,-116.91190000000000300000,0.057000,0.057000,
2995,30190,BOULDER CITY 5,2996,35.79979800000000270000,-114.98172999999999900000,0.190000,0.190000,
2996,30191,LAS VEGAS 72,2997,36.38371899999999930000,-114.92177900000000100000,0.110000,0.110000,
2997,30192,LAS VEGAS 73,2998,36.13750000000000280000,-115.03390000000000300000,0.120000,0.120000,
2998,30193,LUNING,2999,38.83666699999999850000,-118.32388899999999400000,0.023000,0.023000,
2999,30194,ELY 2,3000,39.10416699999999680000,-114.49222199999999800000,0.130000,0.130000,
3000,30195,SPARKS 9,3001,39.56250000000000000000,-119.52500000000000600000,0.130000,0.130000,
3001,30196,RENO 23,3002,39.36999999999999740000,-119.76694399999999500000,0.490000,0.490000,
3002,30197,LAS VEGAS 74,3003,36.08749999999999860000,-115.05070000000000600000,0.065000,0.065000,
3003,30198,LAS VEGAS 75,3004,36.40780000000000170000,-114.96060000000000000000,0.280000,0.280000,
3004,30199,LAS VEGAS 76,3005,36.39000000000000060000,-114.96999999999999900000,0.480000,0.480000,
3005,30200,FERNLEY 2,3006,39.58583300000000090000,-119.07305599999999400000,0.310000,0.310000,
3006,30201,LAS VEGAS 77,3007,36.39055599999999660000,-114.96444400000000000000,0.760000,0.760000,
3007,30202,SPARKS 10,3008,39.55715000000000000000,-119.51783399999999400000,0.450000,0.450000,
3008,30203,NORTH LAS VEGAS 11,3009,36.23190000000000310000,-115.12220000000000600000,0.460000,0.460000,
3009,30204,BOULDER CITY 6,3010,35.78638899999999980000,-114.96277800000000000000,4.000000,4.000000,
3010,30205,GERLACH,3011,40.38055599999999860000,-119.39972199999999700000,0.370000,0.370000,
3011,30206,LAS VEGAS 78,3012,36.41599899999999930000,-114.96091599999999700000,0.130000,0.130000,
3012,30207,RENO 24,3013,39.39509999999999930000,-119.74710000000000300000,0.450000,0.450000,
3013,30208,BUNKERVILLE 2,3014,36.01550999999999900000,-114.73800599999999900000,0.095000,0.095000,
3014,30209,YERINGTON 2,3015,39.12810000000000340000,-119.13219999999999700000,0.075000,0.075000,
3015,40000,SAN LUIS 1,3016,32.45670066571589980000,-114.68885055696199500000,0.130000,0.130000,
3016,40001,SAN LUIS 2,3017,32.57792765692659740000,-114.70368744229199400000,0.051000,0.051000,
3017,40002,SOMERTON,3018,32.60496092778959820000,-114.66627241842999800000,0.160000,0.160000,
3018,40003,YUMA 1,3019,32.68386822309909690000,-114.61583276741100700000,0.082000,0.082000,
3019,40004,YUMA 2,3020,32.73258646844929840000,-114.67220642295400500000,0.850000,0.850000,
3020,40005,FORT MOHAVE,3021,34.91713358466090260000,-114.53451105064199600000,0.340000,0.340000,
3021,40006,BULLHEAD CITY 1,3022,35.07181869625600260000,-114.46353055913400000000,0.190000,0.190000,
3022,40007,BULLHEAD CITY 2,3023,35.10430745569190240000,-114.60237452044499700000,0.530000,0.530000,
3023,40008,MOHAVE VALLEY 1,3024,34.98600746808990180000,-114.58108185849700100000,4.900000,4.900000,
3024,40009,EHRENBERG,3025,33.53770040184659960000,-114.42793723838499900000,0.220000,0.220000,
3025,40010,BULLHEAD CITY 3,3026,35.24344955987049840000,-114.54627707476500100000,0.430000,0.430000,
3026,40011,YUMA 3,3027,32.74204512135440130000,-114.47160225645599500000,0.120000,0.120000,
3027,40012,TOPOCK,3028,34.78188494925299780000,-114.32959031555499500000,0.860000,0.860000,
3028,40013,DOLAN SPRINGS,3029,35.58029290278560100000,-114.43407149258500500000,0.080000,0.080000,
3029,40014,LAKE HAVASU CITY 1,3030,34.57762834175930070000,-114.36328648074899700000,0.620000,0.620000,
3030,40015,GOLDEN VALLEY 1,3031,35.26475939134670060000,-114.35858298900299700000,0.710000,0.710000,
3031,40016,LAKE HAVASU CITY 2,3032,34.58801668404510110000,-114.26457171433600000000,1.500000,1.500000,
3032,40017,PARKER 1,3033,34.01691431001859910000,-114.25108070396599700000,0.350000,0.350000,
3033,40018,WELLTON,3034,32.69050242208410140000,-114.07759903870399400000,0.047000,0.047000,
3034,40019,QUARTZSITE,3035,33.72547394650420220000,-114.16379179493000600000,0.160000,0.160000,
3035,40020,YUMA 4,3036,33.05583189483210300000,-114.10492022625899700000,0.460000,0.460000,
3036,40021,YUMA 5,3037,33.05921044936039980000,-114.05964038287800100000,0.180000,0.180000,
3037,40022,LAKE HAVASU CITY 3,3038,34.37386161102710250000,-114.10627912623699800000,0.055000,0.055000,
3038,40023,MEADVIEW,3039,35.90502419418609750000,-114.07125717146000400000,0.220000,0.220000,
3039,40024,KINGMAN 1,3040,35.39405944444040130000,-114.02052355809399800000,0.300000,0.300000,
3040,40025,KINGMAN 2,3041,35.37966290240230190000,-114.06981008511699800000,0.310000,0.310000,
3041,40026,BOUSE,3042,33.99298767668310010000,-113.96292682040299800000,0.120000,0.120000,
3042,40027,SALOME,3043,33.68781998906590050000,-113.62412582194899400000,2.900000,2.900000,
3043,40028,KINGMAN 3,3044,35.08049788245919840000,-113.67283485847200100000,0.130000,0.130000,
3044,40029,PEACH SPRINGS,3045,35.58872937639939950000,-113.57978845709399700000,0.200000,0.200000,
3045,40030,LITTLEFIELD,3046,36.26691332766839790000,-113.46625222813999300000,0.440000,0.440000,
3046,40031,AGUILA,3047,33.98273332747390190000,-113.29362235649800500000,0.330000,0.330000,
3047,40032,BAGDAD 1,3048,34.43772726588530020000,-113.00430090475400400000,3.600000,3.600000,
3048,40033,TONOPAH 2,3049,33.34568076497500040000,-113.05285551782799300000,0.310000,0.310000,
3049,40034,SELIGMAN,3050,35.34672099415769960000,-112.94840398671900100000,0.150000,0.150000,
3050,40035,COLORADO CITY,3051,36.96123567367099840000,-113.09325481658800100000,0.770000,0.770000,
3051,40036,PRESCOTT 1,3052,34.76498825324330260000,-112.89531233350599800000,0.084000,0.084000,
3052,40037,CONGRESS,3053,34.09158772635259990000,-112.99948077441099800000,0.490000,0.490000,
3053,40038,WICKENBURG,3054,33.93999523590760250000,-112.87684912304099800000,0.070000,0.070000,
3054,40039,FREDONIA,3055,36.76649327628820170000,-112.83626135454500200000,0.340000,0.340000,
3055,40040,GILA BEND 1,3056,33.00651187509819810000,-112.78298042680199800000,0.440000,0.440000,
3056,40041,BUCKEYE 1,3057,33.52978859394700350000,-112.72354469524100300000,2.800000,2.800000,
3057,40042,AJO,3058,32.17884935876539740000,-112.62464772987999600000,0.190000,0.190000,
3058,40043,ASH FORK,3059,35.27539688685340020000,-112.56544993578700100000,4.700000,4.700000,
3059,40044,KIRKLAND 6,3060,34.26615831239190160000,-112.68689837597800400000,4.000000,4.000000,
3060,40045,WITTMANN,3061,33.77062472770069950000,-112.52243464850700200000,0.900000,0.900000,
3061,40046,BUCKEYE 2,3062,33.22162121003110260000,-112.53464890354200600000,1.800000,1.800000,
3062,40047,BUCKEYE 3,3063,33.29061632485159800000,-112.49817466835600000000,0.970000,0.970000,
3063,40048,PAULDEN,3064,35.03953352610380280000,-112.54451747781399700000,0.090000,0.090000,
3064,40049,WADDELL,3065,33.57460940773629690000,-112.39322904590899600000,0.048000,0.048000,
3065,40050,SURPRISE 1,3066,33.64272639930170070000,-112.44324805130899800000,4.600000,4.600000,
3066,40051,PRESCOTT 2,3067,34.45108595688009960000,-112.34993659533400000000,2.600000,2.600000,
3067,40052,SURPRISE 2,3068,33.60107071771619760000,-112.35748142326500000000,0.270000,0.270000,
3068,40053,PRESCOTT 3,3069,34.60711382128150150000,-112.44406090083700200000,3.400000,3.400000,
3069,40054,LITCHFIELD PARK 1,3070,33.49713307152420330000,-112.47093170576700100000,0.530000,0.530000,
3070,40055,LITCHFIELD PARK 2,3071,33.60701396134130190000,-112.42599953618500300000,0.029000,0.029000,
3071,40056,GOODYEAR 1,3072,33.34030044104760290000,-112.36374634720799300000,0.170000,0.170000,
3072,40057,GOODYEAR 2,3073,33.28833528910990220000,-112.32432073532099500000,3.300000,3.300000,
3073,40058,CHINO VALLEY 1,3074,34.73750843520309670000,-112.37467571963399800000,0.120000,0.120000,
3074,40059,GOODYEAR 3,3075,33.43056026434710050000,-112.30980226509400700000,0.150000,0.150000,
3075,40060,GOODYEAR 4,3076,33.47486435538539950000,-112.46043526816799800000,0.130000,0.130000,
3076,40061,SURPRISE 3,3077,33.57239726645160260000,-112.44883858715999700000,0.190000,0.190000,
3077,40062,SURPRISE 4,3078,33.61307634008370120000,-112.33954259381100400000,3.300000,3.300000,
3078,40063,SURPRISE 5,3079,33.52895539728189790000,-112.41493553022699800000,0.240000,0.240000,
3079,40064,SURPRISE 6,3080,33.60763871225660180000,-112.27476355759300500000,2.000000,2.000000,
3080,40065,SUN CITY WEST 1,3081,33.67315373469079990000,-112.31321593507600200000,0.160000,0.160000,
3081,40066,SUN CITY WEST 2,3082,33.62219934733010260000,-112.35469014640399600000,0.110000,0.110000,
3082,40067,EL MIRAGE 1,3083,33.67957227969340290000,-112.27273252435999500000,0.260000,0.260000,
3083,40068,EL MIRAGE 2,3084,33.63922093884799840000,-112.34165286599200300000,0.220000,0.220000,
3084,40069,AVONDALE 1,3085,33.43338582343920250000,-112.37569603139699800000,0.530000,0.530000,
3085,40070,AVONDALE 2,3086,33.39633062727450150000,-112.25738032475399600000,0.120000,0.120000,
3086,40071,GLENDALE 9,3087,33.53919801391440100000,-112.27254467422800100000,0.330000,0.330000,
3087,40072,AVONDALE 3,3088,33.38814620451179850000,-112.28739397098600200000,0.700000,0.700000,
3088,40073,AVONDALE 4,3089,33.55724978651460330000,-112.25187647174600200000,4.300000,4.300000,
3089,40074,PRESCOTT VALLEY 1,3090,34.71969775559109910000,-112.22150049821100000000,0.120000,0.120000,
3090,40075,PRESCOTT VALLEY 2,3091,34.64074590306510260000,-112.33768745895800100000,0.300000,0.300000,
3091,40076,YOUNGTOWN,3092,33.57117788864910320000,-112.29527113163099700000,0.075000,0.075000,
3092,40077,SUN CITY 5,3093,33.61362513314620060000,-112.29522028151899400000,0.061000,0.061000,
3093,40078,SUN CITY 6,3094,33.64718164633350030000,-112.36322762851899900000,0.083000,0.083000,
3094,40079,SUN CITY 7,3095,33.62440881513249740000,-112.32797927796500000000,0.150000,0.150000,
3095,40080,TOLLESON 1,3096,33.43499471632650000000,-112.22913321227500200000,0.370000,0.370000,
3096,40081,TOLLESON 2,3097,33.40171007907220260000,-112.24082516393899300000,0.730000,0.730000,
3097,40082,PRESCOTT VALLEY 3,3098,34.73419585097060040000,-112.25667142711799300000,11.500000,11.500000,
3098,40083,PHOENIX 2,3099,33.46400345299029770000,-112.34811404193899900000,0.086000,0.086000,
3099,40084,PHOENIX 3,3100,33.52873313686659880000,-112.27965291972900300000,0.220000,0.220000,
3100,40085,GLENDALE 10,3101,33.58789066245890350000,-112.18926124109499600000,0.420000,0.420000,
3101,40086,PEORIA 1,3102,33.65250319262580090000,-112.23221269821900100000,3.500000,3.500000,
3102,40087,PEORIA 2,3103,33.68393656167349800000,-112.19509511853000600000,0.150000,0.150000,
3103,40088,PEORIA 3,3104,33.73583879536349880000,-112.22416793552099500000,0.020000,0.020000,
3104,40089,PEORIA 4,3105,33.80471631664600100000,-112.32860113849899600000,0.620000,0.620000,
3105,40090,PEORIA 5,3106,33.54045378546290120000,-112.14622379058400300000,0.230000,0.230000,
3106,40091,PEORIA 6,3107,33.65755146196970320000,-112.28827908047000500000,0.510000,0.510000,
3107,40092,PEORIA 7,3108,33.63748925373639760000,-112.26533350705800300000,0.160000,0.160000,
3108,40093,GLENDALE 11,3109,33.46256426549039990000,-112.20088974877700100000,0.097000,0.097000,
3109,40094,GLENDALE 12,3110,33.43876199557730190000,-112.16960194712399400000,0.420000,0.420000,
3110,40095,PHOENIX 4,3111,33.39436394985410320000,-112.21383863606399700000,0.450000,0.450000,
3111,40096,PHOENIX 5,3112,33.49888449868969790000,-112.15841794377300300000,3.700000,3.700000,
3112,40097,PHOENIX 6,3113,33.42210783403349690000,-112.17011713830800100000,0.077000,0.077000,
3113,40098,PHOENIX 7,3114,33.42947969096110230000,-112.26112532683299600000,0.440000,0.440000,
3114,40099,PHOENIX 8,3115,33.55761016269779870000,-112.28748621350899800000,0.220000,0.220000,
3115,40100,PHOENIX 9,3116,33.55719376362470290000,-112.23999440851000000000,0.085000,0.085000,
3116,40101,GLENDALE 13,3117,33.63516916847679990000,-112.19368483048299400000,0.450000,0.450000,
3117,40102,GLENDALE 14,3118,33.72219400839170330000,-112.14348426604600200000,1.200000,1.200000,
3118,40103,GLENDALE 15,3119,33.64732388589320070000,-112.13389186025000300000,0.180000,0.180000,
3119,40104,GLENDALE 16,3120,33.52600467456230150000,-112.17823546860900300000,0.140000,0.140000,
3120,40105,GLENDALE 17,3121,33.59011211462500060000,-112.15791748201600300000,0.180000,0.180000,
3121,40106,GLENDALE 18,3122,33.58115836281100290000,-112.19554826086400100000,0.490000,0.490000,
3122,40107,GLENDALE 19,3123,33.56649497570919750000,-112.16865614391800000000,0.280000,0.280000,
3123,40108,GLENDALE 20,3124,33.51096538545289860000,-112.21571128351800400000,1.800000,1.800000,
3124,40109,GLENDALE 21,3125,33.60455198117539770000,-112.25922031532199700000,0.460000,0.460000,
3125,40110,PHOENIX 10,3126,33.52854137868659730000,-112.19907293187399900000,0.120000,0.120000,
3126,40111,PHOENIX 11,3127,33.42906454350860200000,-112.10341113501300500000,0.160000,0.160000,
3127,40112,LAVEEN 1,3128,33.31642297579840320000,-112.13769527511800600000,0.087000,0.087000,
3128,40113,LAVEEN 2,3129,33.14673399860450330000,-112.07142969735799900000,0.110000,0.110000,
3129,40114,GLENDALE 22,3130,33.69275467186640330000,-112.08168282702300200000,0.030000,0.030000,
3130,40115,PHOENIX 12,3131,33.76612522867859670000,-112.15479557643900000000,0.270000,0.270000,
3131,40116,MARICOPA 2,3132,32.99357051060820110000,-112.20780262981699600000,0.058000,0.058000,
3132,40117,PHOENIX 13,3133,33.50338260485099800000,-112.06206241209299900000,0.130000,0.130000,
3133,40118,PHOENIX 14,3134,33.50774796223709730000,-112.22620184407000500000,1.500000,1.500000,
3134,40119,PHOENIX 15,3135,33.52828631660789680000,-112.20520990885499700000,0.290000,0.290000,
3135,40120,PHOENIX 16,3136,33.64934456399579690000,-112.13540596636200100000,0.041000,0.041000,
3136,40121,PHOENIX 17,3137,33.66703594367699990000,-112.09524409786199300000,0.120000,0.120000,
3137,40122,PHOENIX 18,3138,33.65214728771690030000,-112.07524474370599400000,0.230000,0.230000,
3138,40123,PHOENIX 19,3139,33.40146118059580260000,-112.16022904387300200000,4.200000,4.200000,
3139,40124,PHOENIX 20,3140,33.37740444532229840000,-112.19550533503600300000,0.480000,0.480000,
3140,40125,NEW RIVER,3141,33.86773695695720220000,-112.12573455642700500000,3.900000,3.900000,
3141,40126,WILLIAMS 2,3142,35.38435607828149900000,-112.03290259224100100000,0.053000,0.053000,
3142,40127,PHOENIX 21,3143,33.51137281856470200000,-112.04733194765499600000,0.089000,0.089000,
3143,40128,PHOENIX 22,3144,33.43922289490100040000,-112.08692629582100200000,2.400000,2.400000,
3144,40129,CLARKDALE,3145,34.80168452107770350000,-112.19553509534000600000,0.057000,0.057000,
3145,40130,PHOENIX 23,3146,33.86356687438200200000,-112.05036962128799900000,4.600000,4.600000,
3146,40131,PHOENIX 24,3147,33.74066314993749670000,-112.12027184196800500000,0.370000,0.370000,
3147,40132,PHOENIX 25,3148,33.39228819207239950000,-112.02571999410899600000,0.450000,0.450000,
3148,40133,PHOENIX 26,3149,33.40077108246619990000,-112.13993931109500600000,0.300000,0.300000,
3149,40134,PHOENIX 27,3150,33.65468597533379840000,-112.18326435127599400000,0.081000,0.081000,
3150,40135,PHOENIX 28,3151,33.57123691696710210000,-112.14362270272600600000,0.770000,0.770000,
3151,40136,DEWEY,3152,34.49124185261860020000,-112.14131529086799300000,0.770000,0.770000,
3152,40137,PHOENIX 29,3153,33.36260901286360080000,-112.11007643328299800000,0.240000,0.240000,
3153,40138,PHOENIX 30,3154,33.50052038106049680000,-112.00789024876800700000,0.062000,0.062000,
3154,40139,PHOENIX 31,3155,33.41716738191190220000,-112.03438743503500100000,1.900000,1.900000,
3155,40140,PHOENIX 32,3156,33.62307716435080350000,-112.12451535939999300000,0.370000,0.370000,
3156,40141,PHOENIX 33,3157,33.62038921568679940000,-112.13552704893399400000,0.910000,0.910000,
3157,40142,PHOENIX 34,3158,33.52031596987909980000,-111.99477761062300400000,0.340000,0.340000,
3158,40143,PHOENIX 35,3159,33.49580969823720270000,-112.01787233577700000000,0.120000,0.120000,
3159,40144,PHOENIX 36,3160,33.67272846174480350000,-112.01452377619600000000,0.830000,0.830000,
3160,40145,PHOENIX 37,3161,33.66324745664910270000,-112.12961659440900100000,0.069000,0.069000,
3161,40146,PHOENIX 38,3162,33.47454733641019690000,-112.02990155919499700000,1.600000,1.600000,
3162,40147,PHOENIX 39,3163,33.74955056785780270000,-111.99096136821600600000,0.110000,0.110000,
3163,40148,PHOENIX 40,3164,33.42613189472839960000,-112.15351251626999800000,0.160000,0.160000,
3164,40149,MAYER,3165,34.31547462483069920000,-112.16226047201000400000,1.500000,1.500000,
3165,40150,PHOENIX 41,3166,33.51694694801290100000,-112.08615604721900600000,0.280000,0.280000,
3166,40151,PHOENIX 42,3167,33.52730954478130340000,-112.02306093921799900000,0.055000,0.055000,
3167,40152,PHOENIX 43,3168,33.54747367303630060000,-112.01176002367900200000,0.120000,0.120000,
3168,40153,PHOENIX 44,3169,33.22146105652610260000,-112.15686323447600600000,0.120000,0.120000,
3169,40154,PHOENIX 45,3170,33.31386403201660330000,-111.98112887415800300000,0.084000,0.084000,
3170,40155,PHOENIX 46,3171,33.60700127031469720000,-112.09531128468100300000,0.190000,0.190000,
3171,40156,PHOENIX 47,3172,33.52155874587160160000,-111.97899044556800200000,0.210000,0.210000,
3172,40157,PHOENIX 48,3173,33.50146708238400350000,-112.00221841142099800000,0.280000,0.280000,
3173,40158,PHOENIX 49,3174,33.37395171620990200000,-111.98007298290200100000,0.056000,0.056000,
3174,40159,PHOENIX 50,3175,33.67981335507899840000,-112.07593591476900500000,0.069000,0.069000,
3175,40160,PHOENIX 51,3176,33.63751648454079660000,-112.04295144613300300000,0.053000,0.053000,
3176,40161,BLACK CANYON CITY,3177,34.08325552388689770000,-111.96539153242599700000,0.095000,0.095000,
3177,40162,PHOENIX 52,3178,33.42223627974450300000,-112.02723666932800500000,0.290000,0.290000,
3178,40163,PHOENIX 53,3179,33.42419855647980140000,-111.97754681751099800000,0.320000,0.320000,
3179,40164,PHOENIX 54,3180,33.79762900135889940000,-112.06117269183900500000,0.110000,0.110000,
3180,40165,PHOENIX 55,3181,33.32156186949949730000,-112.12297272282999900000,0.110000,0.110000,
3181,40166,PHOENIX 56,3182,33.49129684508790210000,-112.08181137833200600000,0.250000,0.250000,
3182,40167,COTTONWOOD 2,3183,34.76155023228130150000,-112.01468315880200100000,0.290000,0.290000,
3183,40168,GRAND CANYON,3184,36.11095593027759780000,-112.10794081397699500000,0.230000,0.230000,
3184,40169,PHOENIX 57,3185,33.45881021042409740000,-112.04180741017700000000,0.360000,0.360000,
3185,40170,PHOENIX 58,3186,33.47067339868900150000,-112.01833853940300400000,0.420000,0.420000,
3186,40171,PHOENIX 59,3187,33.29700108095590140000,-112.03926190123499400000,0.290000,0.290000,
3187,40172,PHOENIX 60,3188,33.42203685954039830000,-112.04128101239599900000,0.450000,0.450000,
3188,40173,CHANDLER 1,3189,33.26464140326820030000,-111.98613848169600300000,0.085000,0.085000,
3189,40174,CHANDLER 2,3190,33.17054359447590170000,-112.07296272897799800000,0.200000,0.200000,
3190,40175,PHOENIX 61,3191,33.61846664391560320000,-112.07027944482800300000,0.620000,0.620000,
3191,40176,PHOENIX 62,3192,33.57455953993130040000,-112.09805021060900300000,0.440000,0.440000,
3192,40177,PHOENIX 63,3193,33.55412054759649720000,-111.93455669908000500000,0.810000,0.810000,
3193,40178,PHOENIX 64,3194,33.65731576212809980000,-111.96078111810399500000,0.560000,0.560000,
3194,40179,PHOENIX 65,3195,33.63144468437739930000,-112.04300467321600400000,0.200000,0.200000,
3195,40180,SELLS,3196,31.99970742239920080000,-112.00758015103299700000,0.150000,0.150000,
3196,40181,MARICOPA 3,3197,32.94971060366449930000,-111.93733104537300000000,0.520000,0.520000,
3197,40182,MARICOPA 4,3198,33.04437945484949780000,-112.06823115648299400000,0.860000,0.860000,
3198,40183,PHOENIX 66,3199,33.55672482054600180000,-111.92584685711600000000,0.780000,0.780000,
3199,40184,PHOENIX 67,3200,33.60025173109109890000,-111.97574238612199300000,0.089000,0.089000,
3200,40185,PHOENIX 68,3201,33.40215769820630240000,-112.03312570644399700000,0.170000,0.170000,
3201,40186,PHOENIX 69,3202,33.45328438042970020000,-112.01416480992800500000,0.069000,0.069000,
3202,40187,PARADISE VALLEY,3203,33.46556911180329760000,-111.93049458409800000000,0.290000,0.290000,
3203,40188,SCOTTSDALE 1,3204,33.60172642915299690000,-111.96375320258799500000,0.470000,0.470000,
3204,40189,SCOTTSDALE 2,3205,33.67680949003000280000,-111.92259347644800000000,0.120000,0.120000,
3205,40190,PHOENIX 70,3206,33.77018630607899750000,-111.98165282820799900000,0.240000,0.240000,
3206,40191,TEMPE 1,3207,33.35446853088870260000,-111.86627903426800400000,3.700000,3.700000,
3207,40192,TEMPE 2,3208,33.43352181499300000000,-111.97770634966799700000,0.360000,0.360000,
3208,40193,TEMPE 3,3209,33.48112712921400200000,-111.97438365111800400000,0.340000,0.340000,
3209,40194,TEMPE 4,3210,33.30835594615280120000,-111.99392245627800000000,0.010000,0.010000,
3210,40195,TEMPE 5,3211,33.42021550677650050000,-111.87679116563799600000,0.076000,0.076000,
3211,40196,TEMPE 6,3212,33.32837401670550290000,-111.92924769758700200000,0.100000,0.100000,
3212,40197,TEMPE 7,3213,33.31840923097600180000,-111.95831963379799800000,0.140000,0.140000,
3213,40198,SCOTTSDALE 3,3214,33.55794721215030310000,-111.84105507718699400000,3.400000,3.400000,
3214,40199,SCOTTSDALE 4,3215,33.54010855766109960000,-111.91384017430199600000,0.450000,0.450000,
3215,40200,SCOTTSDALE 5,3216,33.74819170941029970000,-111.97400599144700100000,0.810000,0.810000,
3216,40201,SCOTTSDALE 6,3217,33.41331761548359940000,-111.88295844291499800000,0.350000,0.350000,
3217,40202,SCOTTSDALE 7,3218,33.50007816085970090000,-111.86046717455700200000,0.260000,0.260000,
3218,40203,CAREFREE,3219,33.80641035460570260000,-111.92484299633399300000,0.086000,0.086000,
3219,40204,CAVE CREEK 1,3220,33.92296205957710240000,-111.97545348946700000000,0.450000,0.450000,
3220,40205,CAVE CREEK 2,3221,33.96535865492590030000,-112.00760533541800600000,0.170000,0.170000,
3221,40206,CORNVILLE,3222,34.83000416128079730000,-111.85909839719599300000,0.630000,0.630000,
3222,40207,SCOTTSDALE 8,3223,33.63326065322250000000,-111.90695339029899500000,0.190000,0.190000,
3223,40208,SCOTTSDALE 9,3224,33.54817001034189870000,-111.87049974562999900000,0.350000,0.350000,
3224,40209,SCOTTSDALE 10,3225,33.61743368385479870000,-111.87529438675099400000,0.170000,0.170000,
3225,40210,SCOTTSDALE 11,3226,33.51703449387100160000,-111.81873220150299600000,0.150000,0.150000,
3226,40211,CHANDLER 3,3227,33.28694063251229810000,-111.92698178153699500000,0.380000,0.380000,
3227,40212,CHANDLER 4,3228,33.27271978680639820000,-111.78790517053799600000,0.130000,0.130000,
3228,40213,MESA 2,3229,33.32992595375039710000,-111.83428934891499300000,0.230000,0.230000,
3229,40214,MESA 3,3230,33.47164694968210340000,-111.86003121599600300000,0.490000,0.490000,
3230,40215,CHANDLER 5,3231,33.14328175260799720000,-111.80646916965700600000,0.230000,0.230000,
3231,40216,CHANDLER 6,3232,33.30634892226449750000,-111.90478552428599800000,0.460000,0.460000,
3232,40217,SEDONA 1,3233,34.88618957149819980000,-111.82605293996400100000,1.700000,1.700000,
3233,40218,MESA 4,3234,33.33756302752350110000,-111.75151847305700400000,0.750000,0.750000,
3234,40219,MESA 5,3235,33.35628846585510130000,-111.78841060935400300000,0.260000,0.260000,
3235,40220,SCOTTSDALE 12,3236,33.58494224307820280000,-111.93288778930400400000,0.460000,0.460000,
3236,40221,MESA 6,3237,33.42394800396650110000,-111.78625242735699900000,0.910000,0.910000,
3237,40222,MESA 7,3238,33.36976845742479720000,-111.87378087110700200000,0.051000,0.051000,
3238,40223,CHANDLER 7,3239,33.21699348645410050000,-111.85995406406699700000,0.330000,0.330000,
3239,40224,CHANDLER 8,3240,33.31444115283910180000,-111.76739006914300500000,1.400000,1.400000,
3240,40225,CHANDLER 9,3241,33.33969197692930210000,-111.76319744950599500000,0.160000,0.160000,
3241,40226,CHANDLER 10,3242,33.23182717752860070000,-111.79768328789799600000,0.110000,0.110000,
3242,40227,SCOTTSDALE 13,3243,33.65257208513089890000,-111.90427500919099700000,4.800000,4.800000,
3243,40228,SCOTTSDALE 14,3244,33.60057601579830330000,-111.77221456272499700000,0.780000,0.780000,
3244,40229,CASA GRANDE 1,3245,32.79513833156010350000,-111.78980411620899800000,0.170000,0.170000,
3245,40230,GILBERT 1,3246,33.39737549374350320000,-111.86557455603899300000,0.060000,0.060000,
3246,40231,GILBERT 2,3247,33.45258614662350280000,-111.74220479479700400000,0.780000,0.780000,
3247,40232,SCOTTSDALE 15,3248,33.68358156261920300000,-111.78006108101600100000,0.062000,0.062000,
3248,40233,SCOTTSDALE 16,3249,33.77870894757369770000,-111.76093870385000200000,0.150000,0.150000,
3249,40234,MESA 8,3250,33.42818245054569810000,-111.75859354833700400000,0.076000,0.076000,
3250,40235,MESA 9,3251,33.40026553155829700000,-111.85920913435200000000,0.320000,0.320000,
3251,40236,CAMP VERDE,3252,34.52402404121190220000,-111.86811542540400000000,0.120000,0.120000,
3252,40237,CHANDLER 11,3253,33.23537792630020250000,-111.83810635845999600000,0.400000,0.400000,
3253,40238,CHANDLER 12,3254,33.28038738429309970000,-111.76658017151399400000,0.070000,0.070000,
3254,40239,MESA 10,3255,33.33415158243150240000,-111.80612026904999800000,0.300000,0.300000,
3255,40240,MESA 11,3256,33.31805561352940260000,-111.71293230038699600000,0.700000,0.700000,
3256,40241,SEDONA 2,3257,34.82808087350999670000,-111.78363659994200000000,0.160000,0.160000,
3257,40242,MESA 12,3258,33.40300820743299680000,-111.79404446067799500000,0.120000,0.120000,
3258,40243,MESA 13,3259,33.42821096465799970000,-111.74877610525399500000,0.390000,0.390000,
3259,40244,CASA GRANDE 2,3260,32.83000859044719990000,-111.71173178523099500000,0.160000,0.160000,
3260,40245,CASA GRANDE 3,3261,32.99142266216050250000,-111.72117805581299900000,0.290000,0.290000,
3261,40246,FOUNTAIN HILLS,3262,33.63841519815149890000,-111.81718874834899700000,0.230000,0.230000,
3262,40247,GILBERT 3,3263,33.34056454946350100000,-111.83554916187600300000,0.290000,0.290000,
3263,40248,GILBERT 4,3264,33.33858351766100010000,-111.78909188759600100000,3.800000,3.800000,
3264,40249,GILBERT 5,3265,33.24917982090949660000,-111.82589533474299500000,0.240000,0.240000,
3265,40250,GILBERT 6,3266,33.40890635437069990000,-111.72203558432700300000,0.130000,0.130000,
3266,40251,GILBERT 7,3267,33.37054930545480150000,-111.64144129710099700000,0.390000,0.390000,
3267,40252,GILBERT 8,3268,33.33108090506979690000,-111.75950983743899800000,0.120000,0.120000,
3268,40253,SACATON,3269,33.18344385978939930000,-111.76406250498899900000,0.078000,0.078000,
3269,40254,GILBERT 9,3270,33.26779624422950120000,-111.66274359174799700000,0.710000,0.710000,
3270,40255,GILBERT 10,3271,33.34197790098969700000,-111.67386944419999400000,0.580000,0.580000,
3271,40256,GILBERT 11,3272,33.30197810916570230000,-111.72077363233700000000,0.170000,0.170000,
3272,40257,MESA 14,3273,33.36569087565940350000,-111.71034481357000300000,0.140000,0.140000,
3273,40258,MESA 15,3274,33.47195502166059810000,-111.67937567604400300000,0.060000,0.060000,
3274,40259,MESA 16,3275,33.40278007383639650000,-111.77755145782400400000,0.170000,0.170000,
3275,40260,MESA 17,3276,33.39375788937079650000,-111.65620845101500400000,0.055000,0.055000,
3276,40261,ARIZONA CITY,3277,32.66726652235389850000,-111.65358571678899600000,4.100000,4.100000,
3277,40262,RIMROCK,3278,34.65637527119709920000,-111.66297836846300100000,0.790000,0.790000,
3278,40263,FLAGSTAFF 1,3279,35.09505979560370290000,-111.59213418085299400000,0.190000,0.190000,
3279,40264,FLAGSTAFF 2,3280,35.32739797402499700000,-111.54710973716599600000,0.010000,0.010000,
3280,40265,FLAGSTAFF 3,3281,35.32915166672729870000,-111.61760833323700100000,0.026000,0.026000,
3281,40266,MESA 18,3282,33.35786301201400050000,-111.69518920687200100000,0.330000,0.330000,
3282,40267,MESA 19,3283,33.34982842659390200000,-111.70272172458099600000,0.110000,0.110000,
3283,40268,QUEEN CREEK 1,3284,33.20135884539450190000,-111.71830801903399800000,4.000000,4.000000,
3284,40269,QUEEN CREEK 2,3285,33.14852808910050190000,-111.66170918375499400000,0.071000,0.071000,
3285,40270,MESA 20,3286,33.39740897286559830000,-111.68395950421700000000,1.200000,1.200000,
3286,40271,MESA 21,3287,33.40645243898340060000,-111.63735518369500700000,0.120000,0.120000,
3287,40272,MESA 22,3288,33.23115816384869700000,-111.65559305437300000000,0.510000,0.510000,
3288,40273,CASA GRANDE 4,3289,32.94175373504629790000,-111.72565072746000700000,0.150000,0.150000,
3289,40274,MESA 23,3290,33.47684390991810230000,-111.56614086481400200000,0.840000,0.840000,
3290,40275,MESA 24,3291,33.35753157161089890000,-111.53241908346200300000,0.940000,0.940000,
3291,40276,MESA 25,3292,33.43196953539580110000,-111.50459021951199600000,0.064000,0.064000,
3292,40277,APACHE JUNCTION 1,3293,33.46614740935520160000,-111.61991491634900300000,0.790000,0.790000,
3293,40278,APACHE JUNCTION 2,3294,33.40784178184789970000,-111.56583213636500300000,1.300000,1.300000,
3294,40279,PINE 1,3295,34.27438612124750250000,-111.50331449811099600000,0.810000,0.810000,
3295,40280,ELOY,3296,32.61814837457880150000,-111.52592287482200100000,0.370000,0.370000,
3296,40281,SAN TAN VALLEY 1,3297,33.14715081897180230000,-111.53920468327099500000,0.150000,0.150000,
3297,40282,SAN TAN VALLEY 2,3298,33.33761536298420220000,-111.58995080101300400000,0.320000,0.320000,
3298,40283,COOLIDGE,3299,32.93015452075719910000,-111.51398428105899500000,0.220000,0.220000,
3299,40284,RIO VERDE,3300,33.93605515110670010000,-111.52188347956399600000,0.780000,0.780000,
3300,40285,SAN TAN VALLEY 3,3301,33.22995524507150120000,-111.44632823108000200000,0.200000,0.200000,
3301,40286,SAN TAN VALLEY 4,3302,33.09191040528239820000,-111.54770926469299800000,0.100000,0.100000,
3302,40287,APACHE JUNCTION 3,3303,33.43885340590959740000,-111.48258039859599900000,0.450000,0.450000,
3303,40288,CAMERON,3304,35.96502577065029980000,-111.42993617856799900000,2.900000,2.900000,
3304,40289,PAGE 1,3305,36.79163574223959900000,-111.52502932791600200000,0.430000,0.430000,
3305,40290,MARANA 1,3306,32.46810972129699740000,-111.42459434872499500000,0.570000,0.570000,
3306,40291,FLAGSTAFF 4,3307,35.45737441431820260000,-111.44187765382299900000,0.860000,0.860000,
3307,40292,FLAGSTAFF 5,3308,35.38339355145019740000,-111.45625016596899600000,0.073000,0.073000,
3308,40293,TUCSON 1,3309,31.83284150785139840000,-111.45113175923100400000,0.370000,0.370000,
3309,40294,TUCSON 2,3310,32.18462243602620280000,-111.39807544875300500000,0.240000,0.240000,
3310,40295,GOLD CANYON,3311,33.28528595078719830000,-111.32488507022699800000,0.100000,0.100000,
3311,40296,PAYSON 1,3312,34.28030297461040020000,-111.26384913021300400000,0.350000,0.350000,
3312,40297,FLORENCE 2,3313,32.95523919267080260000,-111.18820542192200700000,0.270000,0.270000,
3313,40298,FLORENCE 3,3314,33.00817337550319760000,-111.28625429884499400000,0.890000,0.890000,
3314,40299,TONTO BASIN,3315,33.82922280572319810000,-111.12061662102999600000,0.100000,0.100000,
3315,40300,TUCSON 3,3316,32.33739378241219950000,-111.17260681004799500000,0.170000,0.170000,
3316,40301,TUCSON 4,3317,32.24119474085549800000,-111.21661960992800300000,0.580000,0.580000,
3317,40302,AMADO,3318,31.64993854068659830000,-111.15157948283099600000,1.600000,1.600000,
3318,40303,MARANA 2,3319,32.61104090388759860000,-111.05346843767000600000,0.910000,0.910000,
3319,40304,SUPERIOR 1,3320,33.31851742462050230000,-111.02575637939300200000,0.078000,0.078000,
3320,40305,TUCSON 5,3321,32.17770941808699800000,-111.05351617396399900000,2.500000,2.500000,
3321,40306,TUBA CITY,3322,36.10056035208560130000,-111.08524472531699700000,0.340000,0.340000,
3322,40307,TUCSON 6,3323,32.28444905347510030000,-111.12533365278299900000,0.750000,0.750000,
3323,40308,TUCSON 7,3324,32.34050961150000350000,-111.07849878345099600000,0.580000,0.580000,
3324,40309,GREEN VALLEY 1,3325,31.87256476943300140000,-111.09861188115000600000,0.035000,0.035000,
3325,40310,TUCSON 8,3326,32.40402758702850150000,-110.98774476523999500000,0.680000,0.680000,
3326,40311,TUCSON 9,3327,32.44297328606410250000,-111.02832052297499400000,0.950000,0.950000,
3327,40312,KAIBETO,3328,36.79328187889790060000,-111.11875316692300000000,0.900000,0.900000,
3328,40313,TUCSON 10,3329,32.02326959742890010000,-111.05031334710200500000,0.180000,0.180000,
3329,40314,TUCSON 11,3330,32.12760572204290100000,-111.02353304277700400000,0.270000,0.270000,
3330,40315,TUCSON 12,3331,32.39503509908160340000,-110.97794628694100500000,1.500000,1.500000,
3331,40316,TUCSON 13,3332,32.37602340199280350000,-111.13368882768999400000,4.900000,4.900000,
3332,40317,RIO RICO,3333,31.55726101425269900000,-110.95453684603400300000,0.370000,0.370000,
3333,40318,KEARNY,3334,33.08561841106219960000,-111.12133458599800000000,0.170000,0.170000,
3334,40319,SAHUARITA,3335,31.90387721024410080000,-110.92030535705400500000,4.600000,4.600000,
3335,40320,TUCSON 14,3336,32.15787454287269750000,-111.06280283604300500000,0.260000,0.260000,
3336,40321,TUCSON 15,3337,32.13424975174989840000,-111.05400593729700600000,0.019000,0.019000,
3337,40322,TUCSON 16,3338,32.24979957667250120000,-110.95143999072800500000,0.520000,0.520000,
3338,40323,TUCSON 17,3339,32.34277459628619770000,-111.04915330728499600000,0.150000,0.150000,
3339,40324,TUCSON 18,3340,32.62580588559399790000,-110.94401185592599300000,0.085000,0.085000,
3340,40325,TUCSON 19,3341,32.35822762517400260000,-111.05359308151399500000,0.780000,0.780000,
3341,40326,TUCSON 20,3342,32.38120811746730250000,-110.91870065958400500000,2.800000,2.800000,
3342,40327,TUCSON 21,3343,32.50432271685770050000,-110.90336156080999800000,0.037000,0.037000,
3343,40328,TUCSON 22,3344,32.16798326678109990000,-110.95943805591700500000,0.100000,0.100000,
3344,40329,TUCSON 23,3345,32.12953728927259790000,-110.97231220379200100000,0.020000,0.020000,
3345,40330,TUCSON 24,3346,32.25272147405159730000,-110.88335946781799600000,0.130000,0.130000,
3346,40331,TUCSON 25,3347,32.24931808999780000000,-110.90092284198000500000,0.200000,0.200000,
3347,40332,TUCSON 26,3348,32.41972957729390000000,-111.04633060727900300000,0.480000,0.480000,
3348,40333,LEUPP,3349,35.49010253878339680000,-110.92907584485999400000,0.610000,0.610000,
3349,40334,TUCSON 27,3350,32.08987636616279820000,-110.91601997958099400000,4.200000,4.200000,
3350,40335,TUCSON 28,3351,32.20870367428059920000,-110.88667370507600600000,0.330000,0.330000,
3351,40336,TUCSON 29,3352,32.19221824982089690000,-110.87835496600600000000,2.300000,2.300000,
3352,40337,TUCSON 30,3353,32.20266309108029650000,-110.85079013826799600000,0.075000,0.075000,
3353,40338,GREEN VALLEY 2,3354,31.77118079890820110000,-110.88419499957700500000,0.220000,0.220000,
3354,40339,TUCSON 31,3355,32.38111940991510100000,-110.99042291061400100000,0.650000,0.650000,
3355,40340,TUCSON 32,3356,32.30072657477469990000,-110.90445210964600200000,4.300000,4.300000,
3356,40341,NOGALES 1,3357,31.36348034919199890000,-110.81794404055300200000,0.200000,0.200000,
3357,40342,TUCSON 33,3358,32.03630403817260230000,-110.86311267586299300000,0.140000,0.140000,
3358,40343,TUCSON 34,3359,31.98885377537679990000,-110.86252238154300200000,0.110000,0.110000,
3359,40344,MIAMI,3360,33.35268987928610330000,-110.81973124427500500000,4.900000,4.900000,
3360,40345,TUCSON 35,3361,32.21994392018540050000,-110.95937196739400600000,0.520000,0.520000,
3361,40346,TUCSON 36,3362,32.23753169928340160000,-110.79411045888599600000,0.650000,0.650000,
3362,40347,TUCSON 37,3363,32.23828016601950000000,-110.93672667670800500000,0.270000,0.270000,
3363,40348,TUCSON 38,3364,32.30188948373920250000,-110.82405582087299900000,0.440000,0.440000,
3364,40349,TUCSON 39,3365,32.12859346808019720000,-110.87174318270699300000,0.610000,0.610000,
3365,40350,TUCSON 40,3366,32.18346233609170070000,-110.75625355420800100000,0.083000,0.083000,
3366,40351,TUCSON 41,3367,32.38620696336810310000,-110.81085201421200300000,0.039000,0.039000,
3367,40352,TUCSON 42,3368,32.14596415470769840000,-110.73758708144400500000,0.200000,0.200000,
3368,40353,TUCSON 43,3369,32.31388668557490010000,-110.84785835449000000000,0.200000,0.200000,
3369,40354,TONALEA,3370,36.62069919107109680000,-110.75491713119899400000,0.870000,0.870000,
3370,40355,ORACLE,3371,32.61365647570829650000,-110.80424831276199900000,0.160000,0.160000,
3371,40356,TUCSON 44,3372,32.12237702394539700000,-110.68825839939199800000,0.120000,0.120000,
3372,40357,GLOBE 1,3373,33.50715606923750300000,-110.66588633515999600000,0.210000,0.210000,
3373,40358,TUCSON 45,3374,32.25785907824909770000,-110.77438516133399600000,0.046000,0.046000,
3374,40359,TUCSON 46,3375,32.11179107093379770000,-110.74087564343399500000,0.190000,0.190000,
3375,40360,TUCSON 47,3376,32.20746790129619800000,-110.84603643481699500000,0.071000,0.071000,
3376,40361,TUCSON 48,3377,32.29827349876570250000,-110.81654229822299800000,0.094000,0.094000,
3377,40362,HOTEVILLA,3378,36.01788651881950190000,-110.80354267111700000000,0.410000,0.410000,
3378,40363,PATAGONIA,3379,31.55369662156470060000,-110.73827944590000500000,0.170000,0.170000,
3379,40364,WINKELMAN,3380,33.05150969706519960000,-110.75220931504600200000,0.044000,0.044000,
3380,40365,WINSLOW,3381,35.18898203767370350000,-110.60351519909899300000,0.510000,0.510000,
3381,40366,VAIL 1,3382,31.99011201999950060000,-110.56169161314800000000,0.370000,0.370000,
3382,40367,SHONTO,3383,36.69335651300129800000,-110.63840157775699400000,0.110000,0.110000,
3383,40368,SAN MANUEL,3384,32.61587587582499740000,-110.58005865280300400000,0.750000,0.750000,
3384,40369,SECOND MESA,3385,35.90711019466620260000,-110.49412030213500200000,0.390000,0.390000,
3385,40370,KYKOTSMOVI VILLAGE,3386,36.11015479637480040000,-110.47910437682699600000,0.490000,0.490000,
3386,40371,OVERGAARD,3387,34.42067874366360060000,-110.56074207349800500000,0.059000,0.059000,
3387,40372,SAN CARLOS 3,3388,33.44474998635750040000,-110.48838640607800700000,0.640000,0.640000,
3388,40373,BENSON,3389,32.18906491207700070000,-110.31644569823100700000,0.150000,0.150000,
3389,40374,FORT HUACHUCA 1,3390,31.56583825235189880000,-110.33473230484200700000,0.360000,0.360000,
3390,40375,CIBECUE,3391,34.14827889461489720000,-110.45469629329500100000,0.340000,0.340000,
3391,40376,MONUMENT VALLEY,3392,37.17366874884390170000,-110.33626239925500600000,0.620000,0.620000,
3392,40377,HUACHUCA CITY,3393,31.71893968346820000000,-110.39036712309399500000,0.100000,0.100000,
3393,40378,PERIDOT,3394,33.36227695183310260000,-110.25281491166400400000,2.900000,2.900000,
3394,40379,JOSEPH CITY 1,3395,35.06909624492129750000,-110.24339750759999400000,0.370000,0.370000,
3395,40380,KAYENTA,3396,36.62822724938379790000,-110.18252123429100200000,0.076000,0.076000,
3396,40381,PINON,3397,36.29401243207119880000,-110.17998311282299500000,0.031000,0.031000,
3397,40382,HEREFORD,3398,31.38374205940699820000,-110.14922852790600400000,0.170000,0.170000,
3398,40383,SIERRA VISTA 1,3399,31.40682484532949910000,-110.22726633521699600000,0.300000,0.300000,
3399,40384,BYLAS,3400,33.14824556223550190000,-110.29029995720000600000,0.920000,0.920000,
3400,40385,SAINT DAVID,3401,31.81040435582330160000,-110.14634659778499800000,0.300000,0.300000,
3401,40386,SIERRA VISTA 2,3402,31.53648438667579870000,-110.12402549463800500000,0.092000,0.092000,
3402,40387,SIERRA VISTA 3,3403,31.60915867503090130000,-110.17350761914700300000,0.130000,0.130000,
3403,40388,KEAMS CANYON,3404,35.76991563264829920000,-110.19577656107800600000,0.160000,0.160000,
3404,40389,HOLBROOK,3405,35.02138341002149960000,-110.03808565103099700000,0.210000,0.210000,
3405,40390,TAYLOR,3406,34.47574630450330350000,-110.15273044206199400000,3.200000,3.200000,
3406,40391,SNOWFLAKE 1,3407,34.60185929646389980000,-110.13800130420300200000,0.055000,0.055000,
3407,40392,INDIAN WELLS,3408,35.31364814596850010000,-109.97043782167699500000,0.700000,0.700000,
3408,40393,TOMBSTONE,3409,31.75542427100930000000,-110.06140997469499600000,0.100000,0.100000,
3409,40394,SHOW LOW,3410,34.27717980889970310000,-109.96480213146999500000,4.600000,4.600000,
3410,40395,PIMA,3411,33.00383061943549730000,-110.05408705914300100000,0.920000,0.920000,
3411,40396,WHITERIVER,3412,33.79208309789419930000,-109.92255609377400600000,0.012000,0.012000,
3412,40397,WILLCOX,3413,32.37750453590420110000,-109.95987288290700700000,0.530000,0.530000,
3413,40398,LAKESIDE 3,3414,34.15217124234469990000,-109.93143628925200500000,0.099000,0.099000,
3414,40399,BLUE GAP,3415,36.11276254006919830000,-109.89899363738300000000,0.430000,0.430000,
3415,40400,BISBEE,3416,31.50091420651829920000,-109.94495143640999400000,0.180000,0.180000,
3416,40401,PINETOP,3417,34.10496077063599780000,-109.86373352719300600000,0.810000,0.810000,
3417,40402,DENNEHOTSO,3418,36.78701914169990060000,-109.81691294946099900000,0.077000,0.077000,
3418,40403,THATCHER,3419,32.88296511104940120000,-109.78603677613399700000,0.060000,0.060000,
3419,40404,GANADO,3420,35.71358926631339870000,-109.69972161308699300000,13.100000,13.100000,
3420,40405,CHINLE,3421,36.05652989577620100000,-109.61386384010499700000,0.710000,0.710000,
3421,40406,VERNON,3422,34.30986156503890070000,-109.63105287090100200000,4.600000,4.600000,
3422,40407,CONCHO,3423,34.62049777309920270000,-109.72797955538800400000,0.230000,0.230000,
3423,40408,PEARCE,3424,31.85067458926920030000,-109.66612788659699600000,3.300000,3.300000,
3424,40409,ROCK POINT,3425,36.62954968507060020000,-109.54741587504099700000,0.200000,0.200000,
3425,40410,MANY FARMS,3426,36.45310773358840350000,-109.57451096337300100000,0.440000,0.440000,
3426,40411,CHAMBERS,3427,35.15242378461749700000,-109.59030525822700500000,0.760000,0.760000,
3427,40412,CLIFTON 1,3428,33.37263108435050180000,-109.30891538682999400000,0.330000,0.330000,
3428,40413,MORENCI,3429,32.93959348102779930000,-109.29608518168800000000,3.300000,3.300000,
3429,40414,DOUGLAS 1,3430,31.47380593253679850000,-109.28974847455900500000,0.750000,0.750000,
3430,40415,SAFFORD,3431,32.76828741285449810000,-109.32298671249499500000,0.160000,0.160000,
3431,40416,SPRINGERVILLE 1,3432,34.22701760214099660000,-109.24541886557300100000,0.150000,0.150000,
3432,40417,TEEC NOS POS,3433,36.82421401887270210000,-109.40646992491200200000,0.120000,0.120000,
3433,40418,EAGAR,3434,34.10253592186590050000,-109.41197540677299600000,0.880000,0.880000,
3434,40419,SAINT JOHNS 1,3435,34.58800837717149790000,-109.29191223446800000000,0.120000,0.120000,
3435,40420,LUKACHUKAI,3436,36.39627844981389870000,-109.27245546386599500000,0.028000,0.028000,
3436,40421,TSAILE,3437,36.30112608294049890000,-109.15699898525200200000,0.170000,0.170000,
3437,40422,SANDERS,3438,35.06286703013709880000,-109.23887093512399800000,0.077000,0.077000,
3438,40423,HOUCK,3439,35.29715979558250180000,-109.22012632507899400000,0.670000,0.670000,
3439,40424,SAINT MICHAELS,3440,35.47219050520590140000,-109.09426260359700200000,0.140000,0.140000,
3440,40425,RED VALLEY,3441,36.61638506385980210000,-109.10053865202100100000,0.240000,0.240000,
3441,40426,DUNCAN,3442,32.74871859524940020000,-109.12462340259899900000,0.084000,0.084000,
3442,40427,FORT DEFIANCE,3443,36.01766958843109730000,-109.20303644650100200000,0.220000,0.220000,
3443,40428,NAVAJO,3444,35.98394403483190020000,-109.00157560082000400000,0.640000,0.640000,
3444,40429,WINDOW ROCK,3445,35.71227459648490310000,-108.97695169533599800000,4.700000,4.700000,
3445,40430,CHANDLER 13,3446,32.55169999999999680000,-111.29999999999999700000,0.120000,0.120000,
3446,40431,DATELAND 1,3447,32.97740000000000290000,-113.49450000000000200000,2.800000,2.800000,
3447,40432,GOLDEN VALLEY 2,3448,35.03609999999999760000,-114.15940000000000500000,0.060000,0.060000,
3448,40433,NOGALES 2,3449,31.36347200000000160000,-110.93134299999999800000,0.490000,0.490000,
3449,40434,TEMPE 8,3450,33.43937499999999830000,-111.94605199999999500000,0.290000,0.290000,
3450,40435,PHOENIX 71,3451,33.67110399999999970000,-111.16178600000000600000,0.220000,0.220000,
3451,40436,WILLIAMS 3,3452,35.41555600000000230000,-112.27111100000000500000,0.330000,0.330000,
3452,40437,PEORIA 8,3453,33.84470000000000310000,-112.27140000000000000000,0.160000,0.160000,
3453,40438,GILA BEND 2,3454,33.02638900000000180000,-112.66583300000000600000,0.420000,0.420000,
3454,40439,YUMA 6,3455,32.72140000000000270000,-114.71060000000000000000,0.120000,0.120000,
3455,40440,DOUGLAS 2,3456,31.36412199999999830000,-109.55379999999999500000,2.900000,2.900000,
3456,40441,CHLORIDE 1,3457,35.19704399999999820000,-114.57066899999999500000,0.270000,0.270000,
3457,40442,TEMPE 9,3458,33.35560000000000260000,-111.93529999999999800000,0.450000,0.450000,
3458,40443,FORT HUACHUCA 2,3459,31.55527800000000130000,-110.34999999999999400000,0.990000,0.990000,
3459,40444,BAGDAD 2,3460,34.58583300000000090000,-113.17722200000000000000,0.890000,0.890000,
3460,40445,MOHAVE VALLEY 2,3461,34.86780000000000260000,-114.53170000000000100000,0.180000,0.180000,
3461,40446,SAINT JOHNS 2,3462,34.57889999999999730000,-109.27079999999999400000,0.550000,0.550000,
3462,40447,COCHISE,3463,32.06029999999999800000,-109.89310000000000400000,0.390000,0.390000,
3463,40448,MARANA 3,3464,32.36972200000000300000,-111.24277800000000100000,0.300000,0.300000,
3464,40449,PHOENIX 72,3465,33.55360000000000300000,-111.44310000000000100000,0.760000,0.760000,
3465,40450,BUCKEYE 4,3466,33.30499999999999970000,-112.83388800000000200000,0.200000,0.200000,
3466,40451,HEBER 4,3467,34.65959999999999750000,-110.28419999999999800000,0.450000,0.450000,
3467,40452,PAGE 2,3468,36.90469999999999830000,-111.38859999999999700000,0.840000,0.840000,
3468,40453,GILA BEND 3,3469,33.02111099999999770000,-112.66138900000000000000,0.012000,0.012000,
3469,40454,TONOPAH 3,3470,33.34183300000000120000,-112.90402799999999700000,0.750000,0.750000,
3470,40455,PHOENIX 73,3471,33.44169999999999730000,-112.15829999999999700000,0.110000,0.110000,
3471,40456,TUCSON 49,3472,32.40100000000000340000,-111.12619999999999700000,0.840000,0.840000,
3472,40457,QUEEN CREEK 3,3473,33.26749999999999830000,-111.61222200000000300000,0.420000,0.420000,
3473,40458,GLENDALE 23,3474,33.55610000000000070000,-112.21529999999999900000,7.800000,7.800000,
3474,40459,CHANDLER 14,3475,32.91739900000000320000,-111.50332699999999900000,0.200000,0.200000,
3475,40460,GOLDEN VALLEY 3,3476,35.01555599999999660000,-114.15972200000000200000,0.420000,0.420000,
3476,40461,PRESCOTT 4,3477,34.64944400000000260000,-112.42749999999999500000,0.170000,0.170000,
3477,40462,ARLINGTON 9,3478,33.34504700000000100000,-112.86422700000000000000,0.170000,0.170000,
3478,40463,PHOENIX 74,3479,33.38810000000000140000,-112.86169999999999900000,0.190000,0.190000,
3479,40464,GILA BEND 4,3480,32.92229400000000080000,-112.95593999999999800000,0.350000,0.350000,
3480,40465,TUCSON 50,3481,32.15999999999999660000,-110.90470000000000500000,1.800000,1.800000,
3481,40466,YUMA 7,3482,32.72882200000000100000,-114.65405300000000500000,0.054000,0.054000,
3482,40467,CHANDLER 15,3483,33.41722200000000240000,-111.92833299999999500000,0.200000,0.200000,
3483,40468,TUCSON 51,3484,32.25227300000000240000,-110.99214800000000000000,1.700000,1.700000,
3484,40469,CASA GRANDE 5,3485,32.90420000000000300000,-111.78889999999999800000,0.250000,0.250000,
3485,40470,TUCSON 52,3486,32.22992200000000200000,-110.95279700000000400000,3.800000,3.800000,
3486,40471,GLOBE 2,3487,33.16060099999999980000,-111.48401099999999500000,0.670000,0.670000,
3487,40472,SPRINGERVILLE 2,3488,34.31860000000000350000,-109.16389999999999800000,0.059000,0.059000,
3488,40473,GILA BEND 5,3489,32.97500000000000140000,-112.69440000000000200000,0.069000,0.069000,
3489,40474,CHANDLER 16,3490,32.92849999999999970000,-111.58990000000000000000,0.380000,0.380000,
3490,40475,GILBERT 12,3491,33.33250000000000310000,-111.75029999999999600000,0.260000,0.260000,
3491,40476,TONOPAH 4,3492,33.47596000000000060000,-113.11343399999999800000,0.150000,0.150000,
3492,40477,SNOWFLAKE 2,3493,34.50315799999999910000,-110.33495299999999900000,4.500000,4.500000,
3493,40478,DATELAND 2,3494,33.02777799999999790000,-113.35888900000000500000,0.100000,0.100000,
3494,40479,TUCSON 53,3495,32.14583300000000320000,-110.86694400000000400000,0.790000,0.790000,
3495,40480,PAGE 3,3496,36.93661399999999870000,-111.48387200000000500000,0.076000,0.076000,
3496,40481,JOSEPH CITY 2,3497,34.93939999999999910000,-110.30329999999999300000,0.140000,0.140000,
3497,40482,TEMPE 10,3498,33.42249999999999940000,-111.91219999999999900000,2.000000,2.000000,
3498,40483,HEBER 5,3499,34.60620000000000120000,-110.17340000000000100000,4.000000,4.000000,
3499,40484,PHOENIX 75,3500,33.56609999999999870000,-111.53600000000000100000,0.057000,0.057000,
3500,40485,YUMA 8,3501,32.64856000000000340000,-114.42874100000000200000,4.500000,4.500000,
3501,40486,PHOENIX 76,3502,33.59069999999999820000,-111.34399999999999400000,3.200000,3.200000,
3502,40487,GILA BEND 6,3503,32.97500000000000140000,-112.69444400000000400000,1.800000,1.800000,
3503,40488,TUCSON 54,3504,32.17356000000000190000,-110.89973399999999500000,0.027000,0.027000,
3504,40489,ARLINGTON 10,3505,33.33456199999999820000,-112.84064100000000500000,0.110000,0.110000,
3505,40490,DATELAND 3,3506,33.02566000000000200000,-113.34396999999999900000,0.067000,0.067000,
3506,40491,CHLORIDE 2,3507,36.01550999999999900000,-114.73800599999999900000,1.200000,1.200000,
3507,40492,GILA BEND 7,3508,32.94083299999999780000,-112.88138899999999900000,0.230000,0.230000,
3508,40493,ARLINGTON 11,3509,33.34170000000000300000,-112.88970000000000500000,0.150000,0.150000,
3509,40494,TONOPAH 5,3510,33.49361100000000140000,-112.77944399999999800000,0.100000,0.100000,
3510,40495,MARANA 4,3511,32.37166700000000220000,-111.28277699999999600000,0.330000,0.330000,
3511,40496,ARLINGTON 12,3512,33.34499999999999890000,-112.86416699999999500000,0.110000,0.110000,
3512,40497,TONOPAH 6,3513,33.37833299999999780000,-113.18083300000000700000,0.570000,0.570000,
3513,40498,LAKE HAVASU CITY 4,3514,35.05402899999999990000,-114.13327200000000500000,0.190000,0.190000,
3514,40499,CHINO VALLEY 2,3515,34.71842999999999790000,-112.42898999999999900000,0.051000,0.051000,
3515,40500,GILA BEND 8,3516,33.03472200000000210000,-112.66166699999999400000,0.330000,0.330000,
3516,40501,KINGMAN 4,3517,35.14583300000000320000,-114.06749999999999500000,0.520000,0.520000,
3517,50000,ENTERPRISE 2,3518,37.63192988585480240000,-113.83038809933799500000,0.087000,0.087000,
3518,50001,IVINS,3519,37.25236612695910310000,-113.72771417904000700000,0.080000,0.080000,
3519,50002,SANTA CLARA 9,3520,37.07276610851290140000,-113.72699191686099600000,2.000000,2.000000,
3520,50003,SAINT GEORGE 1,3521,37.26449392338089690000,-113.61957330133499500000,0.750000,0.750000,
3521,50004,SAINT GEORGE 2,3522,37.11741892262769940000,-113.62994614549199900000,0.180000,0.180000,
3522,50005,WENDOVER,3523,40.75593804568229930000,-113.54075888605800100000,4.100000,4.100000,
3523,50006,SAINT GEORGE 3,3524,37.02904619324579730000,-113.52724797007199700000,0.460000,0.460000,
3524,50007,SAINT GEORGE 4,3525,37.10420809244139660000,-113.63271119952000300000,0.066000,0.066000,
3525,50008,WASHINGTON,3526,37.19668476901060220000,-113.53715650235000100000,0.046000,0.046000,
3526,50009,TOQUERVILLE,3527,37.31441776206619920000,-113.22776687709900000000,0.410000,0.410000,
3527,50010,NEW HARMONY,3528,37.49692869454209900000,-113.23618421568599500000,0.170000,0.170000,
3528,50011,LA VERKIN,3529,37.21609295343039750000,-113.29896248087099800000,0.031000,0.031000,
3529,50012,HURRICANE,3530,36.96607129659700060000,-113.20899656445999400000,0.052000,0.052000,
3530,50013,CEDAR CITY 1,3531,37.62247998823409740000,-113.16479732498299900000,0.042000,0.042000,
3531,50014,CEDAR CITY 2,3532,37.81117554769900120000,-113.10564545664499300000,3.000000,3.000000,
3532,50015,HILDALE,3533,37.12017779607940330000,-113.05592945062700500000,0.360000,0.360000,
3533,50016,MILFORD 1,3534,38.34974026169319930000,-112.96556660025000000000,0.260000,0.260000,
3534,50017,PAROWAN,3535,37.78872792108739990000,-112.90957204574800700000,0.330000,0.330000,
3535,50018,GRANTSVILLE 1,3536,40.65261539020549720000,-112.73311940050899700000,4.800000,4.800000,
3536,50019,ORDERVILLE,3537,37.34707389101119900000,-112.72603539537500700000,0.140000,0.140000,
3537,50020,BEAVER 1,3538,38.40684180530419670000,-112.73227088239900700000,4.700000,4.700000,
3538,50021,DELTA 1,3539,39.55822711298780090000,-112.72884877513099900000,0.092000,0.092000,
3539,50022,DUGWAY,3540,40.40747822249330310000,-112.70812153168400000000,0.140000,0.140000,
3540,50023,CORINNE,3541,41.43945561904740060000,-112.55693531158800600000,4.700000,4.700000,
3541,50024,PANGUITCH,3542,37.95350005290310240000,-112.49410781620399300000,0.061000,0.061000,
3542,50025,FILLMORE 2,3543,39.03205564037550350000,-112.45853089707900100000,0.120000,0.120000,
3543,50026,OAK CITY,3544,39.41637656855729690000,-112.31874636251500000000,0.550000,0.550000,
3544,50027,TREMONTON,3545,41.85909513726939930000,-112.27791005303500100000,0.610000,0.610000,
3545,50028,TOOELE 1,3546,40.51537121301190320000,-112.20283256294099800000,0.160000,0.160000,
3546,50029,TOOELE 2,3547,40.51263877218139700000,-112.31994471760299400000,3.600000,3.600000,
3547,50030,CIRCLEVILLE,3548,38.23785530198470180000,-112.23996635265500300000,0.180000,0.180000,
3548,50031,KANAB,3549,37.10309588192070150000,-112.15976916696899900000,0.980000,0.980000,
3549,50032,MAGNA 1,3550,40.73974329208670040000,-112.24877067082700000000,0.620000,0.620000,
3550,50033,MAGNA 2,3551,40.66435406058950260000,-112.14000050024799300000,0.320000,0.320000,
3551,50034,GARLAND,3552,41.67802795174179660000,-112.17609809245800500000,0.260000,0.260000,
3552,50035,ELSINORE,3553,38.69596390802929880000,-112.21607706488599400000,4.700000,4.700000,
3553,50036,HOOPER,3554,41.15245797447590090000,-112.17502219042400200000,1.300000,1.300000,
3554,50037,OGDEN 1,3555,41.26205419850069940000,-112.07078881097099600000,4.500000,4.500000,
3555,50038,OGDEN 2,3556,41.20359410695340330000,-112.15974741927900000000,0.410000,0.410000,
3556,50039,MONROE 4,3557,38.54035370138240070000,-112.12402153120899600000,0.130000,0.130000,
3557,50040,HERRIMAN 1,3558,40.61024621507340270000,-112.10818773573700500000,4.600000,4.600000,
3558,50041,HERRIMAN 2,3559,40.59518158105620240000,-112.14753514018400400000,0.120000,0.120000,
3559,50042,SYRACUSE,3560,41.04285130699280160000,-112.04197037289300400000,0.140000,0.140000,
3560,50043,TROPIC,3561,37.58686989109799730000,-112.01343038699400300000,0.120000,0.120000,
3561,50044,CLARKSTON 2,3562,41.91176173926339740000,-112.01607962454100700000,0.110000,0.110000,
3562,50045,CLEARFIELD 1,3563,41.03852216157920200000,-112.14134144914899600000,0.160000,0.160000,
3563,50046,CLEARFIELD 2,3564,41.14955082190599710000,-111.98524766512099400000,0.190000,0.190000,
3564,50047,BRIGHAM CITY,3565,41.61912432623530120000,-112.08245336363900400000,0.061000,0.061000,
3565,50048,ROY 2,3566,41.25511597496200270000,-112.14190120493999800000,2.300000,2.300000,
3566,50049,ROY 3,3567,41.25628889602410250000,-112.01147660413299400000,0.290000,0.290000,
3567,50050,SALT LAKE CITY 1,3568,40.70768354830740070000,-112.00826205562900400000,0.350000,0.350000,
3568,50051,SALT LAKE CITY 2,3569,40.61353132215079850000,-112.11607157088299400000,0.720000,0.720000,
3569,50052,WEST JORDAN 1,3570,40.64988339637049820000,-112.12818697605600000000,4.400000,4.400000,
3570,50053,WEST JORDAN 2,3571,40.59542031491079680000,-112.03339012380300200000,0.360000,0.360000,
3571,50054,WILLARD 1,3572,41.45970757531720350000,-112.02862809158000400000,0.072000,0.072000,
3572,50055,OGDEN 3,3573,41.13673454110279690000,-112.07201623755000200000,0.072000,0.072000,
3573,50056,OGDEN 4,3574,41.12302283464060080000,-112.06919672271500600000,2.500000,2.500000,
3574,50057,SALT LAKE CITY 3,3575,40.70827732931289940000,-111.91775578427399300000,0.240000,0.240000,
3575,50058,SALT LAKE CITY 4,3576,40.70440931298990250000,-111.96285099742499400000,0.052000,0.052000,
3576,50059,SALT LAKE CITY 5,3577,40.77390205761489740000,-111.95566061002300300000,0.290000,0.290000,
3577,50060,SALT LAKE CITY 6,3578,40.60674390947190200000,-111.99849378788100300000,0.065000,0.065000,
3578,50061,EAGLE MOUNTAIN,3579,40.23644206380220110000,-111.98547150776700200000,0.014000,0.014000,
3579,50062,HILL AFB,3580,41.21608866965500080000,-112.08579740605999600000,0.084000,0.084000,
3580,50063,LAYTON 1,3581,41.15628330625420260000,-112.00869641725999800000,0.580000,0.580000,
3581,50064,LAYTON 2,3582,41.16200580636130010000,-112.00821057328100500000,0.060000,0.060000,
3582,50065,SALT LAKE CITY 7,3583,40.68825517268319910000,-112.06591356890599800000,0.240000,0.240000,
3583,50066,SOUTH JORDAN 1,3584,40.50196257141980280000,-112.04324540661599500000,0.220000,0.220000,
3584,50067,SOUTH JORDAN 2,3585,40.60448030845009980000,-111.92829203905699800000,0.022000,0.022000,
3585,50068,OGDEN 5,3586,41.30181152291459770000,-112.02745334256300700000,0.350000,0.350000,
3586,50069,OGDEN 6,3587,41.42016565285410220000,-112.05751851409000600000,0.360000,0.360000,
3587,50070,OGDEN 7,3588,41.21541472032220100000,-112.04373104634400700000,3.400000,3.400000,
3588,50071,OGDEN 8,3589,41.11711860845429810000,-112.04129789701200100000,0.140000,0.140000,
3589,50072,WEST JORDAN 3,3590,40.71198087243399750000,-111.87221375585400600000,0.110000,0.110000,
3590,50073,WEST JORDAN 4,3591,40.62717650623810070000,-111.94952538075600000000,2.200000,2.200000,
3591,50074,WEST JORDAN 5,3592,40.60897816489840300000,-111.92184592949999500000,0.075000,0.075000,
3592,50075,WEST JORDAN 6,3593,40.55007428827209990000,-112.02400904683399600000,0.110000,0.110000,
3593,50076,SALT LAKE CITY 8,3594,40.80212354271230170000,-111.91830551893799800000,0.490000,0.490000,
3594,50077,SALT LAKE CITY 9,3595,40.77466692841750270000,-111.86490600432000500000,0.950000,0.950000,
3595,50078,KAYSVILLE 1,3596,41.09757924688609880000,-111.99210002824500500000,0.070000,0.070000,
3596,50079,KAYSVILLE 2,3597,41.10315721336640140000,-112.03995607406099600000,0.970000,0.970000,
3597,50080,SALT LAKE CITY 10,3598,40.61249297428570060000,-111.98059572255799300000,1.800000,1.800000,
3598,50081,SALT LAKE CITY 11,3599,40.72868997897469970000,-111.84829975970100700000,0.610000,0.610000,
3599,50082,WELLSVILLE,3600,41.55052355866030210000,-111.84646243778499300000,4.400000,4.400000,
3600,50083,RIVERTON 1,3601,40.52683808714589730000,-111.92138844656099600000,0.210000,0.210000,
3601,50084,RIVERTON 2,3602,40.43226579604429820000,-111.93551949908000200000,0.410000,0.410000,
3602,50085,WOODS CROSS,3603,40.84584873979999740000,-111.92920376104000000000,0.490000,0.490000,
3603,50086,LAYTON 3,3604,41.01291698912520190000,-111.98042213218200000000,0.160000,0.160000,
3604,50087,AURORA 1,3605,38.87047884667759940000,-111.82999711771300600000,0.039000,0.039000,
3605,50088,SALT LAKE CITY 12,3606,40.62586066567570240000,-111.91974868176200200000,0.760000,0.760000,
3606,50089,SALT LAKE CITY 13,3607,40.65916504920379990000,-111.99829812442500600000,0.750000,0.750000,
3607,50090,NORTH SALT LAKE,3608,40.90689942422520180000,-111.85222879022200000000,3.400000,3.400000,
3608,50091,SARATOGA SPRINGS,3609,40.39784422208499850000,-111.85437664889400400000,0.230000,0.230000,
3609,50092,OGDEN 9,3610,41.27323086880770120000,-111.95450918902399400000,0.580000,0.580000,
3610,50093,OGDEN 10,3611,41.09730818975599930000,-111.86101305196099500000,0.130000,0.130000,
3611,50094,FARMINGTON 1,3612,40.88911227670050150000,-111.89555587954500000000,1.800000,1.800000,
3612,50095,MIDVALE 1,3613,40.65717552096919720000,-111.81740033798999400000,0.560000,0.560000,
3613,50096,MIDVALE 2,3614,40.55134286323630020000,-111.93200746132899300000,0.460000,0.460000,
3614,50097,SALT LAKE CITY 14,3615,40.74600788949830130000,-111.96765427983200400000,0.290000,0.290000,
3615,50098,SANDY 3,3616,40.60776936732850120000,-111.79544327073300300000,0.280000,0.280000,
3616,50099,SALT LAKE CITY 15,3617,40.59261326304410030000,-111.95561095959500600000,1.100000,1.100000,
3617,50100,SALT LAKE CITY 16,3618,40.62669941066270240000,-111.93402983320800100000,0.150000,0.150000,
3618,50101,CENTERVILLE 2,3619,40.88964889155280250000,-111.89212933345700700000,0.410000,0.410000,
3619,50102,SALT LAKE CITY 17,3620,40.78139622098949960000,-111.92867696162099400000,2.000000,2.000000,
3620,50103,SMITHFIELD,3621,41.74145242706960350000,-111.97381579320199300000,0.120000,0.120000,
3621,50104,LEHI 1,3622,40.46009860872489840000,-111.78940544346700400000,0.350000,0.350000,
3622,50105,LEHI 2,3623,40.38960058150529880000,-111.87696976530199300000,0.400000,0.400000,
3623,50106,DRAPER 1,3624,40.45642710893319820000,-111.82998323419799600000,1.900000,1.900000,
3624,50107,DRAPER 2,3625,40.45448934665699880000,-111.80308787912400700000,0.880000,0.880000,
3625,50108,BOUNTIFUL 1,3626,40.80187632657879960000,-111.78899217514299400000,0.077000,0.077000,
3626,50109,BOUNTIFUL 2,3627,40.93014708765529970000,-111.90010304769100500000,0.087000,0.087000,
3627,50110,NEPHI,3628,39.72944992279820300000,-111.87603051272300600000,0.250000,0.250000,
3628,50111,SALT LAKE CITY 18,3629,40.69355745549560060000,-111.76564857939300200000,1.900000,1.900000,
3629,50112,SANDY 4,3630,40.66013530219780140000,-111.85646752294300600000,0.470000,0.470000,
3630,50113,SANDY 5,3631,40.59191684474659920000,-111.77118328375600200000,0.150000,0.150000,
3631,50114,SALT LAKE CITY 19,3632,40.67685409072309710000,-111.79094529013299600000,0.600000,0.600000,
3632,50115,SALT LAKE CITY 20,3633,40.70620955806730020000,-111.90434229348899500000,0.530000,0.530000,
3633,50116,SALT LAKE CITY 21,3634,40.61818708503749780000,-111.78269182403599300000,0.170000,0.170000,
3634,50117,EDEN,3635,41.43441790719730020000,-111.74970584320099900000,0.980000,0.980000,
3635,50118,LEWISTON 1,3636,42.03033651034750310000,-111.83614097899599900000,0.095000,0.095000,
3636,50119,MONA 1,3637,39.82756795545019910000,-111.77934232867700400000,0.480000,0.480000,
3637,50120,SALT LAKE CITY 22,3638,40.71615346887750060000,-111.82001500262700200000,0.380000,0.380000,
3638,50121,LOGAN 1,3639,41.63726992105569740000,-111.93588579397899700000,3.800000,3.800000,
3639,50122,LOGAN 2,3640,41.74566503015240220000,-111.84883360093400000000,0.920000,0.920000,
3640,50123,PARADISE 3,3641,41.46493392836290330000,-111.93175635985400600000,0.170000,0.170000,
3641,50124,SALT LAKE CITY 23,3642,40.59769676938889660000,-111.79867692461699800000,0.130000,0.130000,
3642,50125,SANDY 6,3643,40.55151071227729890000,-111.89752127044499700000,0.990000,0.990000,
3643,50126,CENTERFIELD,3644,39.14906474296039820000,-111.74034239706800500000,0.100000,0.100000,
3644,50127,MILLVILLE,3645,41.69125180325430340000,-111.76183011993299500000,0.240000,0.240000,
3645,50128,HYDE PARK,3646,41.78009451091870120000,-111.90559947850799500000,2.000000,2.000000,
3646,50129,SALT LAKE CITY 24,3647,40.64453239584940290000,-111.85670146197900000000,0.190000,0.190000,
3647,50130,PROVIDENCE,3648,41.66975411729909950000,-111.86014188729400600000,0.910000,0.910000,
3648,50131,RICHMOND 6,3649,41.84540241272039650000,-111.72988327029000300000,0.054000,0.054000,
3649,50132,GUNNISON 1,3650,39.23118640251190210000,-111.89911706319800500000,0.160000,0.160000,
3650,50133,SANTAQUIN,3651,39.99408303504460350000,-111.88956322142000500000,0.960000,0.960000,
3651,50134,LOGAN 3,3652,41.71562292013440040000,-111.88306663994100600000,0.097000,0.097000,
3652,50135,ALPINE 2,3653,40.57623260135770240000,-111.78013702849899900000,0.011000,0.011000,
3653,50136,SALT LAKE CITY 25,3654,40.79259532409199810000,-111.72116578276400400000,2.900000,2.900000,
3654,50137,OREM 1,3655,40.31204997974020190000,-111.82083309837399600000,0.270000,0.270000,
3655,50138,OREM 2,3656,40.30023612959259790000,-111.74401358720800200000,0.025000,0.025000,
3656,50139,LINDON,3657,40.36790673789730020000,-111.72521333065799400000,1.500000,1.500000,
3657,50140,PAYSON 2,3658,39.96682551852150310000,-111.80604150247799600000,0.300000,0.300000,
3658,50141,SALT LAKE CITY 26,3659,40.54736211960479860000,-111.72240584511399700000,0.900000,0.900000,
3659,50142,SALT LAKE CITY 27,3660,40.67310363599639800000,-111.63124383087699700000,0.680000,0.680000,
3660,50143,OREM 3,3661,40.24728369995740000000,-111.76622881780500000000,4.000000,4.000000,
3661,50144,OREM 4,3662,40.27615835066160340000,-111.79368889363900000000,0.500000,0.500000,
3662,50145,SANDY 7,3663,40.63476646394870070000,-111.65299908966500200000,0.430000,0.430000,
3663,50146,SANDY 8,3664,40.62164778831210300000,-111.77688366777199800000,0.350000,0.350000,
3664,50147,SALT LAKE CITY 28,3665,40.69623868551690290000,-111.67619838396500100000,0.690000,0.690000,
3665,50148,RICHFIELD,3666,38.65514442466420060000,-111.79062036388799600000,0.160000,0.160000,
3666,50149,PROVO 1,3667,40.16267161935199680000,-111.79518585092499400000,0.520000,0.520000,
3667,50150,PROVO 2,3668,40.15570938659139700000,-111.78186946416700200000,0.044000,0.044000,
3668,50151,SPANISH FORK 1,3669,40.07240948196349710000,-111.74505829794600200000,0.150000,0.150000,
3669,50152,SPANISH FORK 2,3670,40.10281039844600310000,-111.79221964799499700000,2.800000,2.800000,
3670,50153,AMERICAN FORK 1,3671,40.49401877679549950000,-111.63995118938299800000,0.410000,0.410000,
3671,50154,AMERICAN FORK 2,3672,40.49939201268310280000,-111.76667897675399400000,0.060000,0.060000,
3672,50155,MORGAN,3673,40.98888496938499770000,-111.66022907302900100000,0.081000,0.081000,
3673,50156,OREM 5,3674,40.33235772248109900000,-111.75719375306499600000,0.130000,0.130000,
3674,50157,PLEASANT GROVE 1,3675,40.51276753564430070000,-111.76665745656799800000,0.100000,0.100000,
3675,50158,PLEASANT GROVE 2,3676,40.49026885665900010000,-111.75926059437499300000,0.160000,0.160000,
3676,50159,HYRUM,3677,41.64489573022220270000,-111.66234811759099400000,4.100000,4.100000,
3677,50160,SALEM 14,3678,39.95715763351360290000,-111.57860541270500200000,6.000000,6.000000,
3678,50161,LOA,3679,38.46353683401439840000,-111.56791238089400000000,0.900000,0.900000,
3679,50162,SALINA,3680,38.93897121568190300000,-111.67643876297400100000,0.170000,0.170000,
3680,50163,PROVO 3,3681,40.12366082437969790000,-111.63041706290499600000,3.800000,3.800000,
3681,50164,PROVO 4,3682,40.19961006032750110000,-111.62969162864999400000,0.073000,0.073000,
3682,50165,HUNTSVILLE,3683,41.32729281895780100000,-111.68995758892600600000,0.120000,0.120000,
3683,50166,MANTI,3684,39.26915115250940150000,-111.51899718536199700000,0.710000,0.710000,
3684,50167,MORONI,3685,39.56275661442909810000,-111.68866498389499500000,0.330000,0.330000,
3685,50168,ESCALANTE,3686,37.78018071105069710000,-111.61136911161300100000,0.220000,0.220000,
3686,50169,PROVO 5,3687,40.31725778598799790000,-111.61878630475399600000,0.180000,0.180000,
3687,50170,PROVO 6,3688,40.31047254037260070000,-111.59719526052599300000,0.083000,0.083000,
3688,50171,MAPLETON,3689,40.17668556714559710000,-111.57917091097000600000,0.420000,0.420000,
3689,50172,EPHRAIM,3690,39.39199260062319750000,-111.46671726415999600000,0.380000,0.380000,
3690,50173,PARK CITY 1,3691,40.70618673641470050000,-111.59143090729000400000,0.400000,0.400000,
3691,50174,MIDWAY,3692,40.42765383097729880000,-111.48979191509400300000,0.240000,0.240000,
3692,50175,PARK CITY 2,3693,40.60762787627439960000,-111.48645178133300200000,0.130000,0.130000,
3693,50176,SPRINGVILLE 1,3694,40.24097234723620180000,-111.57784392670700400000,4.100000,4.100000,
3694,50177,SPRINGVILLE 2,3695,40.10930959292610250000,-111.40832327386900200000,0.059000,0.059000,
3695,50178,FAIRVIEW 2,3696,39.84520088010670240000,-111.46681953937300600000,0.180000,0.180000,
3696,50179,GARDEN CITY 1,3697,41.87194970841679980000,-111.36587343589400200000,0.064000,0.064000,
3697,50180,MOUNT PLEASANT,3698,39.57653469594840350000,-111.46932332084900000000,0.350000,0.350000,
3698,50181,HEBER CITY,3699,40.55080139512659800000,-111.31701781471400600000,0.830000,0.830000,
3699,50182,COALVILLE,3700,40.93778629655609790000,-111.21151182095900400000,0.072000,0.072000,
3700,50183,ORANGEVILLE,3701,39.32585284564250120000,-111.20410437523899800000,0.067000,0.067000,
3701,50184,OAKLEY 3,3702,40.61873373371749810000,-111.23512040743000300000,0.110000,0.110000,
3702,50185,FERRON,3703,39.18846836319249860000,-111.24772384781300600000,0.230000,0.230000,
3703,50186,HUNTINGTON 1,3704,39.46314487570889900000,-111.01382133385800400000,0.170000,0.170000,
3704,50187,KAMAS,3705,40.72240407362600220000,-110.92751976225399400000,0.091000,0.091000,
3705,50188,CASTLE DALE 1,3706,39.16951136362540350000,-110.96692340711899800000,0.420000,0.420000,
3706,50189,HELPER 1,3707,39.78287247907530140000,-110.96680925184099900000,0.500000,0.500000,
3707,50190,PRICE,3708,39.62619983112760020000,-110.66611763170099900000,0.180000,0.180000,
3708,50191,WELLINGTON 2,3709,39.51879646749910080000,-110.74855546144499400000,0.910000,0.910000,
3709,50192,EVANSTON 1,3710,41.10705029262359740000,-110.63219631615200500000,0.270000,0.270000,
3710,50193,DUCHESNE,3711,40.07327803255019920000,-110.60914605158700400000,0.340000,0.340000,
3711,50194,EAST CARBON,3712,39.48032238168259770000,-110.51070573686699600000,0.100000,0.100000,
3712,50195,ALTAMONT,3713,40.39061338702889970000,-110.36891275651800000000,0.021000,0.021000,
3713,50196,GREEN RIVER 1,3714,39.09502638228720170000,-110.06896796385099400000,4.300000,4.300000,
3714,50197,ROOSEVELT 3,3715,40.30856737903359740000,-110.11609647640600000000,1.000000,1.000000,
3715,50198,NEOLA,3716,40.50468527393110210000,-110.05897337951499500000,0.360000,0.360000,
3716,50199,MYTON,3717,40.12789084500860070000,-110.07886892646199300000,0.290000,0.290000,
3717,50200,FORT DUCHESNE,3718,40.33760934152469700000,-109.82618981812000000000,0.940000,0.940000,
3718,50201,LAPOINT,3719,40.53810891185830200000,-109.79794191058900300000,1.800000,1.800000,
3719,50202,BLUFF,3720,37.11125662215940220000,-109.62586268720500000000,0.240000,0.240000,
3720,50203,MONTICELLO,3721,37.90823863237469740000,-109.47044287882199800000,0.450000,0.450000,
3721,50204,MOAB,3722,38.60715099643829970000,-109.57451193617200200000,0.330000,0.330000,
3722,50205,VERNAL 1,3723,40.61916771065409650000,-109.56827637647199900000,0.910000,0.910000,
3723,50206,VERNAL 2,3724,40.58803572290020160000,-109.53265545292900600000,0.230000,0.230000,
3724,50207,BLANDING,3725,37.60454660945440250000,-109.34589144110300600000,0.083000,0.083000,
3725,50208,MONTEZUMA CREEK,3726,37.19452648665679820000,-109.18662595135799600000,0.047000,0.047000,
3726,50209,JENSEN,3727,40.34460452699809710000,-109.18111181508399400000,0.073000,0.073000,
3727,50210,OREM 6,3728,40.33166700000000300000,-111.75416699999999500000,0.670000,0.670000,
3728,50211,SUNNYSIDE 2,3729,39.54719999999999660000,-110.39170000000000000000,0.880000,0.880000,
3729,50212,SALT LAKE CITY 29,3730,40.79310000000000260000,-111.90380000000000400000,0.210000,0.210000,
3730,50213,SALT LAKE CITY 30,3731,40.66669999999999870000,-112.03170000000000100000,0.084000,0.084000,
3731,50214,COLLINSTON,3732,41.83470200000000010000,-112.05211400000000300000,0.140000,0.140000,
3732,50215,VERNAL 3,3733,40.08639999999999760000,-109.28440000000000500000,0.120000,0.120000,
3733,50216,DELTA 2,3734,39.50973100000000220000,-112.58017999999999900000,3.700000,3.700000,
3734,50217,MILFORD 2,3735,38.48890000000000100000,-112.85330000000000400000,0.130000,0.130000,
3735,50218,BEAVER 2,3736,38.56027799999999670000,-112.58111100000000700000,0.820000,0.820000,
3736,50219,CASTLE DALE 2,3737,39.17470000000000140000,-111.02889999999999300000,0.130000,0.130000,
3737,50220,MONA 2,3738,39.82144000000000260000,-111.89345000000000100000,1.800000,1.800000,
3738,50221,MILFORD 3,3739,38.53569000000000240000,-112.93500000000000200000,0.820000,0.820000,
3739,50222,BOUNTIFUL 3,3740,40.88686700000000230000,-111.88533200000000500000,0.360000,0.360000,
3740,50223,HELPER 2,3741,39.72720000000000340000,-110.86440000000000300000,0.100000,0.100000,
3741,50224,MILFORD 4,3742,38.58523000000000280000,-112.93099999999999700000,0.240000,0.240000,
3742,50225,PAYSON 3,3743,40.06139999999999900000,-111.72939999999999800000,1.000000,1.000000,
3743,50226,EVANSTON 2,3744,41.28739999999999810000,-110.55559999999999800000,0.360000,0.360000,
3744,50227,SALT LAKE CITY 31,3745,40.67000000000000170000,-111.89000000000000100000,0.075000,0.075000,
3745,50228,MAGNA 3,3746,40.71190000000000000000,-112.12250000000000200000,0.072000,0.072000,
3746,50229,SALT LAKE CITY 32,3747,40.76859999999999930000,-111.92889999999999900000,0.220000,0.220000,
3747,50230,HUNTINGTON 2,3748,39.37919999999999730000,-111.07810000000000600000,0.430000,0.430000,
3748,50231,GRANTSVILLE 2,3749,40.91333300000000150000,-112.73388900000000500000,0.290000,0.290000,
3749,50232,SAINT GEORGE 5,3750,37.11209199999999700000,-113.51658100000000200000,3.800000,3.800000,
3750,50233,DUTCH JOHN,3751,40.91464599999999760000,-109.42166199999999800000,0.320000,0.320000,
3751,53000,LAS VEGAS 79,3752,35.57526465347100240000,-104.89817631653799900000,0.480000,0.480000,
3752,53001,ANGEL FIRE,3753,36.40009784365449970000,-105.28668739084399400000,0.560000,0.560000,
3753,53002,CAPITAN,3754,33.70603652332790290000,-105.24599974219499600000,0.740000,0.740000,
3754,53003,MORA,3755,35.89522907044199940000,-105.43337672192799900000,0.900000,0.900000,
3755,53004,TAOS,3756,36.40135878181060040000,-105.52668708310099500000,0.820000,0.820000,
3756,53005,QUESTA,3757,36.80055031453260030000,-105.51976602894599500000,0.370000,0.370000,
3757,53006,RIBERA,3758,35.29145624492679900000,-105.60375914317799600000,0.160000,0.160000,
3758,53007,RUIDOSO DOWNS,3759,33.32296857140819670000,-105.55464786532499500000,0.710000,0.710000,
3759,53008,MESCALERO,3760,33.19368272612710060000,-105.60639294169399700000,0.400000,0.400000,
3760,53009,PECOS,3761,35.59718898875760120000,-105.65681983373799800000,0.045000,0.045000,
3761,53010,EL PRADO,3762,36.46118584048719670000,-105.53192989338600700000,0.023000,0.023000,
3762,53011,ALTO,3763,33.44719991270550000000,-105.75211975986900400000,0.071000,0.071000,
3763,53012,RUIDOSO,3764,33.42888990209539910000,-105.59606883582300400000,0.190000,0.190000,
3764,53013,RANCHOS DE TAOS,3765,36.36795776966769720000,-105.67266757141600000000,0.380000,0.380000,
3765,53014,CARRIZOZO,3766,33.88306173510780180000,-105.80671552430300200000,0.960000,0.960000,
3766,53015,CHIMAYO,3767,35.92416719273970220000,-105.71916304970700600000,0.067000,0.067000,
3767,53016,SANTA FE 1,3768,35.80948390074360080000,-105.85807546421099800000,0.160000,0.160000,
3768,53017,SANTA FE 2,3769,35.59711111272749660000,-105.83323923420100200000,0.280000,0.280000,
3769,53018,SANTA FE 3,3770,35.67861636108860070000,-105.84914827613799600000,0.410000,0.410000,
3770,53019,LA LUZ,3771,33.08587347848749970000,-105.81789354455399600000,0.100000,0.100000,
3771,53020,ESTANCIA,3772,34.82296339329040080000,-105.90181314955799500000,0.270000,0.270000,
3772,53021,ALCALDE,3773,36.04722326603570080000,-106.01179923504399500000,0.440000,0.440000,
3773,53022,MORIARTY,3774,34.95265821269639870000,-106.00418915045300100000,0.024000,0.024000,
3774,53023,SANTA FE 4,3775,35.48272555571730180000,-105.98592917915300400000,0.220000,0.220000,
3775,53024,SANTA FE 5,3776,35.90088332591000150000,-105.92102382300800000000,0.260000,0.260000,
3776,53025,TULAROSA,3777,33.23021594236900000000,-106.07996377332999300000,0.110000,0.110000,
3777,53026,ALAMOGORDO 1,3778,32.63585483859640140000,-106.16437265520899300000,0.420000,0.420000,
3778,53027,ALAMOGORDO 2,3779,32.72611708849559880000,-106.03427610681799800000,0.310000,0.310000,
3779,53028,HOLLOMAN AIR FORCE BASE,3780,32.82941702422549920000,-106.07678548313299400000,0.490000,0.490000,
3780,53029,ESPANOLA,3781,35.99576017264679710000,-106.14539445392100000000,0.100000,0.100000,
3781,53030,SANTA FE 6,3782,35.54809978271200070000,-106.10110150503500400000,1.100000,1.100000,
3782,53031,SANTA FE 7,3783,35.68261513746389820000,-106.02749815619400000000,4.600000,4.600000,
3783,53032,EDGEWOOD,3784,35.04373637135029900000,-106.25630396231000000000,3.100000,3.100000,
3784,53033,CHAPARRAL,3785,32.17133722456849650000,-106.30404247043600200000,0.340000,0.340000,
3785,53034,MOUNTAINAIR,3786,34.34529131433910010000,-106.22072400823499600000,0.052000,0.052000,
3786,53035,LOS ALAMOS,3787,35.80986635344999770000,-106.31897727533800000000,0.150000,0.150000,
3787,53036,SANDIA PARK,3788,35.20432597339050320000,-106.24870234055400400000,3.800000,3.800000,
3788,53037,TIJERAS,3789,34.93976028733369790000,-106.39617153024100600000,0.140000,0.140000,
3789,53038,ALGODONES 1,3790,35.43147782395300280000,-106.39655415821400200000,0.830000,0.830000,
3790,53039,ABIQUIU,3791,36.29428417575930150000,-106.42264419533199800000,0.081000,0.081000,
3791,53040,PLACITAS,3792,35.26003037123469850000,-106.36894953349700200000,0.240000,0.240000,
3792,53041,ALBUQUERQUE 1,3793,34.96912809958119790000,-106.54956158797300200000,0.390000,0.390000,
3793,53042,ALBUQUERQUE 2,3794,34.98099453108380170000,-106.41380976308299500000,0.660000,0.660000,
3794,53043,ALBUQUERQUE 3,3795,35.13606630541700330000,-106.46262100894399800000,0.350000,0.350000,
3795,53044,ALBUQUERQUE 4,3796,35.15409399771360200000,-106.47482932235199400000,0.210000,0.210000,
3796,53045,ALBUQUERQUE 5,3797,35.18477151543579850000,-106.44077470031000100000,1.000000,1.000000,
3797,53046,ALBUQUERQUE 6,3798,35.16422208831890120000,-106.42028921049799800000,4.700000,4.700000,
3798,53047,ALBUQUERQUE 7,3799,35.08283724106100010000,-106.55831054798899500000,0.870000,0.870000,
3799,53048,ALBUQUERQUE 8,3800,35.17294032219499660000,-106.60688979763800400000,0.430000,0.430000,
3800,53049,ALBUQUERQUE 9,3801,35.23967198238720040000,-106.53023738185399300000,0.110000,0.110000,
3801,53050,ALBUQUERQUE 10,3802,35.04431381618969960000,-106.48291553512399300000,0.480000,0.480000,
3802,53051,ALBUQUERQUE 11,3803,35.09163860068429840000,-106.54341817996700600000,0.067000,0.067000,
3803,53052,ALBUQUERQUE 12,3804,34.99471200912350360000,-106.60091738577300200000,0.180000,0.180000,
3804,53053,ALBUQUERQUE 13,3805,34.99214820352359820000,-106.50049045935600100000,0.010000,0.010000,
3805,53054,ALBUQUERQUE 14,3806,35.15983355581069960000,-106.51429358529000500000,0.022000,0.022000,
3806,53055,BERNALILLO,3807,35.37476789659250190000,-106.49995435773800500000,1.900000,1.900000,
3807,53056,SUNLAND PARK 1,3808,31.87228507772410070000,-106.68701730775200100000,3.500000,3.500000,
3808,53057,ALBUQUERQUE 15,3809,35.05126631730310290000,-106.54327262043200600000,0.190000,0.190000,
3809,53058,ALBUQUERQUE 16,3810,35.05842971881330070000,-106.69091971168900600000,0.070000,0.070000,
3810,53059,VADO,3811,32.05990863582089640000,-106.54772437655700000000,0.780000,0.780000,
3811,53060,ALBUQUERQUE 17,3812,34.96913483687829680000,-106.57376257897199400000,0.230000,0.230000,
3812,53061,ALBUQUERQUE 18,3813,35.02101933749170120000,-106.57482489365000300000,0.110000,0.110000,
3813,53062,CORRALES,3814,35.19572186111240340000,-106.61666817428100300000,0.700000,0.700000,
3814,53063,ALBUQUERQUE 19,3815,35.21220983670500000000,-106.66789756676300300000,0.400000,0.400000,
3815,53064,ALBUQUERQUE 20,3816,35.06615492344030120000,-106.70377882607199600000,4.700000,4.700000,
3816,53065,ALBUQUERQUE 21,3817,35.14852370262030230000,-106.69178717604400200000,0.990000,0.990000,
3817,53066,LAS CRUCES 1,3818,32.28211036636010080000,-106.58072460604799400000,0.440000,0.440000,
3818,53067,LAS CRUCES 2,3819,32.37336732511440120000,-106.71352670081600400000,0.160000,0.160000,
3819,53068,VEGUITA,3820,34.42908775294299770000,-106.68067451106800600000,0.580000,0.580000,
3820,53069,BELEN 1,3821,34.70024753069189670000,-106.56307192912700500000,0.140000,0.140000,
3821,53070,MESQUITE 2,3822,32.22409572134510110000,-106.58822181173700000000,0.310000,0.310000,
3822,53071,ALBUQUERQUE 22,3823,35.08304777505409790000,-106.60158780164300600000,0.140000,0.140000,
3823,53072,SANTA TERESA,3824,31.76829854479050040000,-106.51504804511199600000,0.380000,0.380000,
3824,53073,ALBUQUERQUE 23,3825,35.27922868029420300000,-106.66609981761800400000,0.160000,0.160000,
3825,53074,ALBUQUERQUE 24,3826,35.22753556935700200000,-106.65824205375399500000,0.330000,0.330000,
3826,53075,PERALTA,3827,34.91438293378610070000,-106.64137888468299300000,0.170000,0.170000,
3827,53076,RIO RANCHO 1,3828,35.34821280159639660000,-106.72865009553299800000,0.160000,0.160000,
3828,53077,RIO RANCHO 2,3829,35.24797426674160050000,-106.63194530288400600000,0.190000,0.190000,
3829,53078,JEMEZ PUEBLO,3830,35.60113536016319810000,-106.71556156205799900000,0.150000,0.150000,
3830,53079,LAS CRUCES 3,3831,32.23923689253579990000,-106.78734515950800700000,0.990000,0.990000,
3831,53080,LAS CRUCES 4,3832,32.32782594981019740000,-106.76713935497899400000,0.550000,0.550000,
3832,53081,ALBUQUERQUE 25,3833,35.16450074857449690000,-106.77075331254700100000,0.110000,0.110000,
3833,53082,ALBUQUERQUE 26,3834,35.23292569327909970000,-106.83498883955199700000,0.130000,0.130000,
3834,53083,LAS CRUCES 5,3835,32.60235722382729760000,-106.78030590439999500000,0.051000,0.051000,
3835,53084,LAS CRUCES 6,3836,32.55235860830819660000,-106.72251309420799700000,0.350000,0.350000,
3836,53085,RIO RANCHO 3,3837,35.34816790479249700000,-106.81695582147899900000,0.310000,0.310000,
3837,53086,RIO RANCHO 4,3838,35.22169170210789700000,-106.86358665414699900000,0.270000,0.270000,
3838,53087,LA MESA 4,3839,32.08657808122330120000,-106.72520820189299700000,0.170000,0.170000,
3839,53088,LAS CRUCES 7,3840,32.35592123218400220000,-106.75100130050999800000,0.280000,0.280000,
3840,53089,LAS CRUCES 8,3841,32.26543174022840080000,-106.74066728598499800000,0.170000,0.170000,
3841,53090,SOCORRO,3842,34.04469447627810300000,-106.83809199510200500000,0.130000,0.130000,
3842,53091,ALBUQUERQUE 27,3843,35.05068286368680220000,-106.87052759241500200000,0.041000,0.041000,
3843,53092,ALBUQUERQUE 28,3844,35.17124140035439690000,-106.85657646974100000000,0.310000,0.310000,
3844,53093,ALBUQUERQUE 29,3845,35.10640053453710150000,-106.88979272742899700000,0.220000,0.220000,
3845,53094,LAS CRUCES 9,3846,32.40295187492179710000,-106.97862021493199300000,0.086000,0.086000,
3846,53095,DULCE,3847,36.68550034444489680000,-106.89258150126499900000,0.086000,0.086000,
3847,53096,ANTHONY 1,3848,31.89770439764929930000,-106.97721938471400400000,0.032000,0.032000,
3848,53097,LOS LUNAS 1,3849,34.71747970550799780000,-107.02881819675799600000,0.120000,0.120000,
3849,53098,LOS LUNAS 2,3850,34.73448434265669960000,-107.00366690479100400000,0.280000,0.280000,
3850,53099,TRUTH OR CONSEQUENCES,3851,33.30973149717839730000,-107.18461464462700400000,0.180000,0.180000,
3851,53100,HATCH,3852,32.58623499893460010000,-107.16576141579099600000,0.170000,0.170000,
3852,53101,LAGUNA,3853,34.88135163182810320000,-107.23731746682399600000,0.330000,0.330000,
3853,53102,CUBA,3854,35.86220993301819960000,-107.46967700815000100000,0.420000,0.420000,
3854,53103,ARREY,3855,32.88808653247620130000,-107.35924083865600700000,0.380000,0.380000,
3855,53104,PUEBLO OF ACOMA,3856,34.72104065389790150000,-107.65481424577200200000,0.580000,0.580000,
3856,53105,MAGDALENA,3857,33.78784246017360000000,-107.74579164273200200000,5.000000,5.000000,
3857,53106,COLUMBUS 1,3858,31.76600489842689970000,-108.20836224766800600000,0.140000,0.140000,
3858,53107,DEMING 1,3859,32.21455718741000140000,-107.75076884970299300000,0.990000,0.990000,
3859,53108,MILAN,3860,35.19497307564589760000,-107.85415033733700300000,0.084000,0.084000,
3860,53109,AZTEC,3861,36.90801088967089780000,-107.91509553530799800000,0.120000,0.120000,
3861,53110,GRANTS,3862,34.91414243744529960000,-107.91553236807399700000,0.850000,0.850000,
3862,53111,BLOOMFIELD 1,3863,36.44210102239360080000,-108.04000706300300300000,0.180000,0.180000,
3863,53112,CROWNPOINT,3864,35.89847264457660000000,-108.14154242936200500000,0.360000,0.360000,
3864,53113,BAYARD,3865,32.76355151165319770000,-108.13861875591800300000,0.340000,0.340000,
3865,53114,FARMINGTON 2,3866,36.82910760169460220000,-108.16825979343299500000,1.500000,1.500000,
3866,53115,FARMINGTON 3,3867,36.69445324802079970000,-108.17105032114200500000,0.480000,0.480000,
3867,53116,FARMINGTON 4,3868,36.74910332657390200000,-108.09321458552000200000,0.340000,0.340000,
3868,53117,THOREAU,3869,35.35816376957159690000,-108.28492524621799500000,0.046000,0.046000,
3869,53118,SILVER CITY,3870,32.56618234092609750000,-108.23981603321699600000,0.140000,0.140000,
3870,53119,KIRTLAND,3871,36.73567134050369990000,-108.41249738258000000000,0.380000,0.380000,
3871,53120,RAMAH,3872,34.93396973538990120000,-108.30930941924100400000,0.054000,0.054000,
3872,53121,FRUITLAND 1,3873,36.65579242423469710000,-108.50257049198799600000,0.230000,0.230000,
3873,53122,CHURCH ROCK,3874,35.53895869236050230000,-108.56010633218899400000,0.300000,0.300000,
3874,53123,TOHATCHI,3875,36.09254603932029680000,-108.62770664743200700000,0.380000,0.380000,
3875,53124,GALLUP 1,3876,35.50567849032979950000,-108.82090659930399600000,0.170000,0.170000,
3876,53125,RESERVE,3877,33.76571547513930230000,-108.80969107937400500000,0.990000,0.990000,
3877,53126,YATAHEY,3878,35.59186537285459910000,-108.70644367475800600000,0.450000,0.450000,
3878,53127,ZUNI,3879,34.98100723287549840000,-108.86561112672400500000,0.089000,0.089000,
3879,53128,GALLUP 2,3880,35.39374289979240020000,-108.71616915155100000000,0.210000,0.210000,
3880,53129,SHIPROCK,3881,36.86328168851869690000,-108.86913408266900700000,0.120000,0.120000,
3881,53130,WATERFLOW,3882,36.80060000000000290000,-108.43859999999999400000,0.064000,0.064000,
3882,53131,FARMINGTON 5,3883,36.80610000000000070000,-107.61310000000000300000,0.390000,0.390000,
3883,53132,DEMING 2,3884,32.55434000000000340000,-107.50928999999999300000,4.400000,4.400000,
3884,53133,PREWITT,3885,35.41590000000000060000,-108.08199999999999400000,0.150000,0.150000,
3885,53134,TYRONE,3886,32.66176000000000100000,-108.36279999999999300000,0.160000,0.160000,
3886,53135,SUNLAND PARK 2,3887,31.80470000000000040000,-106.54720000000000400000,0.440000,0.440000,
3887,53136,LORDSBURG 1,3888,32.35050999999999990000,-108.69799000000000400000,0.052000,0.052000,
3888,53137,ALGODONES 2,3889,35.38444400000000200000,-106.46416700000000300000,0.120000,0.120000,
3889,53138,DEMING 3,3890,32.29934899999999940000,-107.78340000000000000000,0.380000,0.380000,
3890,53139,BELEN 2,3891,34.61154899999999660000,-106.73223400000000500000,0.210000,0.210000,
3891,53140,LA MESA 5,3892,31.79277799999999840000,-106.67333300000000000000,0.520000,0.520000,
3892,53141,ALBUQUERQUE 30,3893,35.02600000000000340000,-106.64400000000000600000,0.330000,0.330000,
3893,53142,WILLARD 2,3894,34.46666700000000110000,-105.96250000000000600000,0.083000,0.083000,
3894,53143,CUBERO,3895,35.26890000000000210000,-107.38280000000000300000,0.110000,0.110000,
3895,53144,BLOOMFIELD 2,3896,36.73669999999999900000,-107.94169999999999700000,0.086000,0.086000,
3896,53145,HURLEY,3897,32.69559999999999890000,-108.12250000000000200000,0.088000,0.088000,
3897,53146,LORDSBURG 2,3898,32.23630000000000000000,-108.54940000000000600000,0.640000,0.640000,
3898,53147,LA MESA 6,3899,32.11418499999999910000,-106.84648300000000600000,0.190000,0.190000,
3899,53148,FRUITLAND 2,3900,36.68999999999999770000,-108.48139999999999400000,0.110000,0.110000,
3900,53149,DEMING 4,3901,32.57000000000000030000,-107.48000000000000400000,0.048000,0.048000,
3901,53150,FARMINGTON 6,3902,36.71662800000000000000,-108.21528200000000200000,0.110000,0.110000,
3902,53151,ALBUQUERQUE 31,3903,35.17099999999999940000,-106.60190000000000000000,0.190000,0.190000,
3903,53152,DOVE CREEK,3904,37.63408742844350030000,-108.94085259652200600000,0.067000,0.067000,
3904,60000,FRUITA,3905,39.05878786796250070000,-108.74323585743999800000,0.100000,0.100000,
3905,60001,LOMA,3906,39.20786766841300160000,-108.78087862669299600000,0.690000,0.690000,
3906,60002,CORTEZ,3907,37.35136584744459750000,-108.72207789106200000000,0.120000,0.120000,
3907,60003,RANGELY,3908,40.00130445536480290000,-108.63482508241000400000,0.320000,0.320000,
3908,60004,GRAND JUNCTION 1,3909,39.09999969635180150000,-108.68088111762500600000,0.930000,0.930000,
3909,60005,GRAND JUNCTION 2,3910,39.15193995894939860000,-108.49283868738399400000,0.490000,0.490000,
3910,60006,GRAND JUNCTION 3,3911,39.20366074795889940000,-108.46734198287200000000,0.100000,0.100000,
3911,60007,GRAND JUNCTION 4,3912,39.04275022262900310000,-108.59257266437700200000,0.097000,0.097000,
3912,60008,GRAND JUNCTION 5,3913,39.09255017445470060000,-108.58048660988799800000,0.160000,0.160000,
3913,60009,GRAND JUNCTION 6,3914,39.02051299726080200000,-108.47636521314899500000,0.056000,0.056000,
3914,60010,WHITEWATER,3915,38.70057826802550240000,-108.53858113642900200000,0.210000,0.210000,
3915,60011,GRAND JUNCTION 7,3916,38.94383451440660340000,-108.36652325245100300000,0.210000,0.210000,
3916,60012,CLIFTON 2,3917,39.16665817005529960000,-108.49700061626400300000,0.180000,0.180000,
3917,60013,NORWOOD,3918,38.11685556387420350000,-108.46967954559599400000,0.019000,0.019000,
3918,60014,PALISADE,3919,39.04178357520650170000,-108.29784596141500700000,0.210000,0.210000,
3919,60015,MANCOS,3920,37.33074460765430300000,-108.30895160908899300000,2.400000,2.400000,
3920,60016,OLATHE,3921,38.56257970563049750000,-108.16308780118899300000,0.170000,0.170000,
3921,60017,HESPERUS,3922,37.22569504476909690000,-108.23507564204399500000,0.770000,0.770000,
3922,60018,DELTA 3,3923,38.68968629969629800000,-108.17751792598500100000,0.340000,0.340000,
3923,60019,DOLORES,3924,37.69423705604130250000,-108.09483316674000300000,0.660000,0.660000,
3924,60020,RIFLE 1,3925,39.65615453894630350000,-108.15765959534900300000,2.700000,2.700000,
3925,60021,PARACHUTE,3926,39.40534903788309860000,-107.95458516423799700000,0.380000,0.380000,
3926,60022,ECKERT,3927,38.74904553913680160000,-108.00649693350999300000,3.600000,3.600000,
3927,60023,MONTROSE 1,3928,38.35438011320769650000,-107.99762900398400200000,0.097000,0.097000,
3928,60024,CEDAREDGE,3929,39.01373689911510210000,-108.04413146636099400000,0.130000,0.130000,
3929,60025,DURANGO 1,3930,37.13780498295640340000,-107.95944163668599500000,0.120000,0.120000,
3930,60026,TELLURIDE,3931,37.84010974270540120000,-107.94877884859499800000,0.150000,0.150000,
3931,60027,DURANGO 2,3932,37.44985802322690200000,-107.84050745792400500000,0.400000,0.400000,
3932,60028,DURANGO 3,3933,37.39017265659830260000,-107.80553156224900100000,0.670000,0.670000,
3933,60029,MONTROSE 2,3934,38.46969299581709830000,-107.86078801044800500000,0.150000,0.150000,
3934,60030,RIDGWAY,3935,38.03087566593669780000,-107.68791638076599800000,0.160000,0.160000,
3935,60031,MEEKER,3936,40.05042731855299820000,-107.66820416139999800000,0.065000,0.065000,
3936,60032,HOTCHKISS,3937,38.95186996310079760000,-107.66092432543099700000,0.880000,0.880000,
3937,60033,CRAIG 1,3938,40.66232949086960250000,-107.67595688132999500000,2.700000,2.700000,
3938,60034,SILT,3939,39.52568436749650260000,-107.63995147234300000000,2.400000,2.400000,
3939,60035,IGNACIO,3940,37.08695568348579740000,-107.54146378921500100000,0.058000,0.058000,
3940,60036,PAONIA,3941,38.90688822352350230000,-107.56792079171600600000,1.600000,1.600000,
3941,60037,NEW CASTLE,3942,39.53461458901340110000,-107.51823327769500300000,1.100000,1.100000,
3942,60038,BAYFIELD,3943,37.40698086189029680000,-107.57490899324800200000,0.130000,0.130000,
3943,60039,GLENWOOD SPRINGS,3944,39.69956692900530020000,-107.34660319136399700000,0.100000,0.100000,
3944,60040,HAYDEN 1,3945,40.48822552256370240000,-107.15180599890800300000,2.800000,2.800000,
3945,60041,CARBONDALE,3946,39.22882750362270340000,-107.24657841573899500000,1.600000,1.600000,
3946,60042,GYPSUM,3947,39.79078410879470340000,-107.15775767280699400000,0.230000,0.230000,
3947,60043,PAGOSA SPRINGS,3948,37.40079880349180290000,-107.13832019887000500000,0.300000,0.300000,
3948,60044,GUNNISON 2,3949,38.32449309370790050000,-106.92191691526400600000,0.072000,0.072000,
3949,60045,CRESTED BUTTE,3950,38.87917291512869870000,-106.90065687318100600000,0.280000,0.280000,
3950,60046,SNOWMASS VILLAGE,3951,39.14609324090179850000,-107.01848909927500100000,0.200000,0.200000,
3951,60047,BASALT,3952,39.35120711493050290000,-106.89244456052100000000,0.700000,0.700000,
3952,60048,STEAMBOAT SPRINGS,3953,40.47486228732619650000,-106.80351385241900200000,0.061000,0.061000,
3953,60049,OAK CREEK,3954,40.15933423722439950000,-106.77114657207100400000,0.840000,0.840000,
3954,60050,EAGLE 1,3955,39.61125484194869980000,-106.66865163292399600000,0.220000,0.220000,
3955,60051,ASPEN,3956,39.23922379061300350000,-106.69983291946900300000,0.078000,0.078000,
3956,60052,EDWARDS,3957,39.56120593024439810000,-106.58259551587299500000,0.100000,0.100000,
3957,60053,AVON,3958,39.62286033768189950000,-106.50826711985500600000,0.350000,0.350000,
3958,60054,KREMMLING 1,3959,40.16605896085920340000,-106.47098625481599800000,0.150000,0.150000,
3959,60055,DEL NORTE,3960,37.71148643095499860000,-106.50757821992699800000,0.860000,0.860000,
3960,60056,BUENA VISTA,3961,38.99224489579759730000,-106.40231632155199300000,0.054000,0.054000,
3961,60057,WALDEN,3962,40.75894675176660090000,-106.43057397245499400000,0.070000,0.070000,
3962,60058,ANTONITO,3963,37.15342876089960100000,-106.38869777799699500000,0.200000,0.200000,
3963,60059,LEADVILLE 1,3964,39.15138749208969670000,-106.24804792794900300000,0.160000,0.160000,
3964,60060,VAIL 2,3965,39.74689680297640140000,-106.34201550533900600000,0.071000,0.071000,
3965,60061,SILVERTHORNE,3966,39.66669939728920010000,-106.28200166803100000000,0.083000,0.083000,
3966,60062,FRISCO,3967,39.48192956543449840000,-106.16401223749099400000,0.430000,0.430000,
3967,60063,MONTE VISTA,3968,37.49077752330470050000,-106.07729918762299800000,0.053000,0.053000,
3968,60064,LA JARA,3969,37.36222427868209910000,-106.05712383474400400000,0.380000,0.380000,
3969,60065,CENTER,3970,37.82133831961370160000,-106.04000579876300500000,0.290000,0.290000,
3970,60066,SALIDA,3971,38.51183959955540100000,-106.09415303872700100000,0.320000,0.320000,
3971,60067,BRECKENRIDGE,3972,39.42497084564249830000,-105.99197175878599400000,0.330000,0.330000,
3972,60068,FAIRPLAY,3973,39.32046372021250140000,-105.98731499781899900000,0.380000,0.380000,
3973,60069,GRANBY,3974,40.09698662817049810000,-105.90925136254800500000,0.520000,0.520000,
3974,60070,DILLON 1,3975,39.63277682623660070000,-105.98471860819600500000,0.320000,0.320000,
3975,60071,FRASER,3976,39.91649403769059750000,-105.81558026228799500000,0.130000,0.130000,
3976,60072,ALAMOSA 1,3977,37.39941993728280070000,-105.89835080474900000000,0.300000,0.300000,
3977,60073,SANFORD,3978,37.20798380276969650000,-105.73048437200199600000,0.620000,0.620000,
3978,60074,GRAND LAKE,3979,40.25058728516160040000,-105.80488263007100600000,4.700000,4.700000,
3979,60075,IDAHO SPRINGS,3980,39.66118210603200110000,-105.73771486202800000000,0.051000,0.051000,
3980,60076,COTOPAXI,3981,38.29573798534499930000,-105.59496439604299700000,3.400000,3.400000,
3981,60077,ESTES PARK 1,3982,40.48212539066570060000,-105.60839577520700100000,0.400000,0.400000,
3982,60078,BELLVUE,3983,40.64367282456839800000,-105.54322357428000600000,2.800000,2.800000,
3983,60079,BLACK HAWK,3984,39.93418271425029790000,-105.51017406826599600000,0.380000,0.380000,
3984,60080,BAILEY,3985,39.38924214121080070000,-105.41305947478099400000,0.520000,0.520000,
3985,60081,EVERGREEN,3986,39.62248017975110060000,-105.42099725980999400000,0.360000,0.360000,
3986,60082,WESTCLIFFE,3987,38.15407430315809730000,-105.40546096322999900000,15.900000,15.900000,
3987,60083,SAN LUIS 3,3988,37.01549340883570240000,-105.36352471448300600000,0.070000,0.070000,
3988,60084,CANON CITY 1,3989,38.49636478737460270000,-105.34052045660000400000,3.600000,3.600000,
3989,60085,CANON CITY 2,3990,38.60008600197429730000,-105.44543808999600300000,4.400000,4.400000,
3990,60086,BOULDER 1,3991,39.98782441955869870000,-105.36328916240900400000,0.094000,0.094000,
3991,60087,BOULDER 2,3992,39.97439740965329950000,-105.43461970027600200000,0.120000,0.120000,
3992,60088,LIVERMORE 7,3993,40.83995013820239710000,-105.44023832693700600000,4.700000,4.700000,
3993,60089,LYONS 2,3994,40.29817933994080190000,-105.35999754000900400000,0.260000,0.260000,
3994,60090,PINE 2,3995,39.43220809323420180000,-105.36700020449599400000,0.490000,0.490000,
3995,60091,FLORISSANT,3996,38.81321436817510320000,-105.39039591679599500000,3.300000,3.300000,
3996,60092,GOLDEN 1,3997,39.88588804239979880000,-105.28179598186899600000,0.190000,0.190000,
3997,60093,BOULDER 3,3998,40.04080387934629930000,-105.29196668298399700000,0.370000,0.370000,
3998,60094,BOULDER 4,3999,39.99097336140520300000,-105.33170145801599900000,0.720000,0.720000,
3999,60095,BOULDER 5,4000,40.03522480670780230000,-105.22510055670299800000,0.470000,0.470000,
4000,60096,CONIFER,4001,39.40306198933699730000,-105.25053752341899800000,0.044000,0.044000,
4001,60097,BOULDER 6,4002,39.87937079153140020000,-105.22050022175200500000,0.100000,0.100000,
4002,60098,GOLDEN 2,4003,39.65009400026119830000,-105.22070743004100300000,0.440000,0.440000,
4003,60099,GOLDEN 3,4004,39.67798394945059930000,-105.17885408260100600000,0.100000,0.100000,
4004,60100,LONGMONT 1,4005,40.23139691615730130000,-105.17834630114900600000,0.460000,0.460000,
4005,60101,LONGMONT 2,4006,40.14443727990539660000,-105.21718144874900200000,0.110000,0.110000,
4006,60102,BOULDER 7,4007,39.90453092218619700000,-105.26585533277899700000,0.980000,0.980000,
4007,60103,MORRISON,4008,39.69935831568020040000,-105.29720304067299700000,0.260000,0.260000,
4008,60104,BOULDER 8,4009,40.03538102879429770000,-105.14869008581699500000,0.190000,0.190000,
4009,60105,ARVADA 1,4010,39.81732707202129970000,-105.20984202459600000000,0.072000,0.072000,
4010,60106,DIVIDE,4011,38.89159156333410290000,-105.18815717994900200000,0.220000,0.220000,
4011,60107,LAPORTE,4012,40.79152584071029960000,-105.15361720855300100000,0.033000,0.033000,
4012,60108,LOVELAND 1,4013,40.31891893453769880000,-105.11007949543500200000,0.012000,0.012000,
4013,60109,LOVELAND 2,4014,40.39919020702949840000,-105.10958576902099500000,0.084000,0.084000,
4014,60110,DENVER 1,4015,39.64720149834260350000,-105.21038380689400100000,0.820000,0.820000,
4015,60111,DENVER 2,4016,39.77339640426360030000,-105.11254487569000600000,0.270000,0.270000,
4016,60112,LITTLETON 1,4017,39.43183760668450330000,-105.17412505939400100000,0.057000,0.057000,
4017,60113,LITTLETON 2,4018,39.50186288860459880000,-105.18602491392199700000,0.950000,0.950000,
4018,60114,LOUISVILLE,4019,40.01080277080559710000,-105.21506242273000000000,0.850000,0.850000,
4019,60115,SEDALIA,4020,39.23111162682930340000,-105.12353622535499600000,0.025000,0.025000,
4020,60116,CRIPPLE CREEK,4021,38.76747398791639650000,-105.19672990389399600000,0.036000,0.036000,
4021,60117,FORT COLLINS 1,4022,40.42184483101439700000,-105.22333191529899900000,0.930000,0.930000,
4022,60118,FORT COLLINS 2,4023,40.47634718765100100000,-105.07492185273800100000,0.910000,0.910000,
4023,60119,FLORENCE 4,4024,38.31552646594629860000,-105.05023126169200500000,0.370000,0.370000,
4024,60120,ARVADA 2,4025,39.90859325588559870000,-105.06465677611899400000,0.100000,0.100000,
4025,60121,ARVADA 3,4026,39.86630114515079980000,-105.14627447041199600000,3.400000,3.400000,
4026,60122,FORT COLLINS 3,4027,40.60369497777850260000,-105.19214946313700000000,4.200000,4.200000,
4027,60123,FORT COLLINS 4,4028,40.59269807643629950000,-105.20875921364600500000,0.440000,0.440000,
4028,60124,ARVADA 4,4029,39.84567618476199870000,-105.08202937727199400000,0.290000,0.290000,
4029,60125,ARVADA 5,4030,39.88240435501389670000,-105.14285224536800500000,0.360000,0.360000,
4030,60126,DENVER 3,4031,39.80580725620170310000,-105.19143847982400100000,0.200000,0.200000,
4031,60127,BROOMFIELD 1,4032,39.80673366365709850000,-105.05260504811299400000,0.880000,0.880000,
4032,60128,BROOMFIELD 2,4033,39.79154020518969760000,-105.12735726595799700000,0.340000,0.340000,
4033,60129,WOODLAND PARK,4034,38.99576229779869860000,-105.10654599011600400000,0.110000,0.110000,
4034,60130,LA VETA,4035,37.54295849101409740000,-105.02765627430399300000,0.120000,0.120000,
4035,60131,ARVADA 6,4036,39.77702926087790300000,-105.09356492997800100000,0.370000,0.370000,
4036,60132,BERTHOUD,4037,40.28787610959120260000,-105.02031534108600400000,0.420000,0.420000,
4037,60133,LONGMONT 3,4038,40.15133932138419940000,-105.13199286919399400000,4.000000,4.000000,
4038,60134,LONGMONT 4,4039,40.25979854170250150000,-105.12728375878199900000,0.016000,0.016000,
4039,60135,WHEAT RIDGE,4040,39.69732879686650050000,-105.05352697705299600000,0.870000,0.870000,
4040,60136,LAFAYETTE 2,4041,39.92845430369680320000,-105.07859163481200000000,0.054000,0.054000,
4041,60137,LAFAYETTE 3,4042,39.94085832355389700000,-105.19481992812100700000,0.460000,0.460000,
4042,60138,DENVER 4,4043,39.74142477772529960000,-105.14820795149400100000,4.000000,4.000000,
4043,60139,DENVER 5,4044,39.62221162452730280000,-105.04802833247799800000,3.000000,3.000000,
4044,60140,DENVER 6,4045,39.59413389106020280000,-105.01176368916199500000,0.170000,0.170000,
4045,60141,DENVER 7,4046,39.74282607465080020000,-105.09343176423600100000,0.670000,0.670000,
4046,60142,DENVER 8,4047,39.73099501869120330000,-105.18159526809600400000,4.700000,4.700000,
4047,60143,DENVER 9,4048,39.55803023178930290000,-105.13787675399800000000,0.700000,0.700000,
4048,60144,LITTLETON 3,4049,39.52265485620549870000,-105.08292727465999400000,0.029000,0.029000,
4049,60145,LITTLETON 4,4050,39.51354516709219670000,-105.09192479528300600000,0.250000,0.250000,
4050,60146,BROOMFIELD 3,4051,39.86035897847369820000,-105.03965678104400200000,0.066000,0.066000,
4051,60147,BROOMFIELD 4,4052,39.96689815502089970000,-105.16273476674599900000,1.200000,1.200000,
4052,60148,LITTLETON 5,4053,39.63970071437220360000,-105.01196217681899700000,0.013000,0.013000,
4053,60149,LITTLETON 6,4054,39.60684570618690260000,-105.08971415999799600000,0.490000,0.490000,
4054,60150,DENVER 10,4055,39.79878540214200200000,-105.09817377407999600000,0.350000,0.350000,
4055,60151,ARVADA 7,4056,39.89961903438670280000,-105.02480840664399900000,0.350000,0.350000,
4056,60152,ARVADA 8,4057,39.75104156836229660000,-105.05446720124699300000,0.063000,0.063000,
4057,60153,LITTLETON 7,4058,39.49155511211520060000,-105.03762154449400200000,0.600000,0.600000,
4058,60154,LOVELAND 3,4059,40.42653400942830190000,-105.11337492461800000000,0.490000,0.490000,
4059,60155,LOVELAND 4,4060,40.42439197709830270000,-105.08556087775200200000,0.140000,0.140000,
4060,60156,WELLINGTON 3,4061,40.88659031499999940000,-105.12114111088999400000,0.130000,0.130000,
4061,60157,DENVER 11,4062,39.73995985205070270000,-105.09983939785199400000,0.480000,0.480000,
4062,60158,DENVER 12,4063,39.69778021567339720000,-105.01942242164300000000,0.660000,0.660000,
4063,60159,WESTMINSTER 4,4064,39.96744488141330010000,-104.99712188116299700000,4.100000,4.100000,
4064,60160,WESTMINSTER 5,4065,39.79339163163790260000,-105.07203124134599600000,0.066000,0.066000,
4065,60161,WESTMINSTER 6,4066,39.87971533236439820000,-105.06273359442900500000,0.670000,0.670000,
4066,60162,FORT COLLINS 5,4067,40.58992208074260330000,-104.94107234219400500000,2.200000,2.200000,
4067,60163,FORT COLLINS 6,4068,40.51418401753210220000,-105.11774374853099800000,0.160000,0.160000,
4068,60164,DENVER 13,4069,39.75493053981499970000,-105.05063582131100500000,0.320000,0.320000,
4069,60165,DENVER 14,4070,39.77091701731289670000,-104.99826199413000400000,3.300000,3.300000,
4070,60166,PENROSE,4071,38.41457561545929880000,-104.95841739665999600000,0.120000,0.120000,
4071,60167,LONGMONT 5,4072,40.20363038313559660000,-104.93235406787999900000,0.600000,0.600000,
4072,60168,LONGMONT 6,4073,40.13377315697719890000,-104.98591528561600200000,4.700000,4.700000,
4073,60169,FORT COLLINS 7,4074,40.73253712907129650000,-104.99518180645800700000,0.290000,0.290000,
4074,60170,FORT COLLINS 8,4075,40.70306290695629770000,-104.99425228841299400000,0.140000,0.140000,
4075,60171,ERIE,4076,40.01803920952770000000,-105.03972903949799900000,0.200000,0.200000,
4076,60172,DENVER 15,4077,39.67019250818140110000,-105.01190973408900200000,0.130000,0.130000,
4077,60173,DENVER 16,4078,39.64666198795109860000,-105.04489088777499700000,0.120000,0.120000,
4078,60174,DENVER 17,4079,39.79219201024640280000,-104.94905087217000500000,0.440000,0.440000,
4079,60175,DENVER 18,4080,39.78186656109529910000,-105.10579371669500400000,0.280000,0.280000,
4080,60176,LITTLETON 8,4081,39.65400046638860230000,-105.01195037118499400000,0.071000,0.071000,
4081,60177,LITTLETON 9,4082,39.65829358192080180000,-105.08150708944400300000,0.830000,0.830000,
4082,60178,ENGLEWOOD 1,4083,39.57615043797360240000,-105.02832417582399700000,4.700000,4.700000,
4083,60179,DENVER 19,4084,39.79345853556729650000,-105.08951406657399700000,0.048000,0.048000,
4084,60180,DENVER 20,4085,39.80528610493460210000,-104.98067099644100600000,0.150000,0.150000,
4085,60181,LITTLETON 10,4086,39.45894327365100200000,-105.02067662624199300000,1.500000,1.500000,
4086,60182,LITTLETON 11,4087,39.55348021901200180000,-104.98594961711999900000,2.900000,2.900000,
4087,60183,BROOMFIELD 5,4088,39.92562342138020170000,-104.98564586233300100000,0.110000,0.110000,
4088,60184,DENVER 21,4089,39.87810985169750210000,-105.04745183017300300000,0.069000,0.069000,
4089,60185,DENVER 22,4090,39.77472719604369900000,-104.97440332886400000000,2.200000,2.200000,
4090,60186,FORT COLLINS 9,4091,40.44432040164989670000,-104.92147952386200400000,0.017000,0.017000,
4091,60187,DENVER 23,4092,39.66893719073829770000,-105.09480809469299300000,0.900000,0.900000,
4092,60188,DENVER 24,4093,39.82258499562310310000,-104.91355358801500600000,0.510000,0.510000,
4093,60189,DENVER 25,4094,39.87145804224520160000,-104.94082426599200600000,0.270000,0.270000,
4094,60190,DENVER 26,4095,39.82152461162129950000,-105.05720075357899600000,0.091000,0.091000,
4095,60191,DENVER 27,4096,39.79924389321269730000,-104.97169887469900100000,0.029000,0.029000,
4096,60192,DENVER 28,4097,39.68839729353990010000,-104.95795501188500500000,0.150000,0.150000,
4097,60193,DENVER 29,4098,39.69828143277170080000,-104.87824770941800500000,0.089000,0.089000,
4098,60194,ENGLEWOOD 2,4099,39.64384008088840260000,-104.95244523291100300000,0.180000,0.180000,
4099,60195,DENVER 30,4100,39.70468341247929800000,-104.94713980816500500000,0.510000,0.510000,
4100,60196,DENVER 31,4101,39.61903841051000090000,-105.05298182504100200000,0.130000,0.130000,
4101,60197,DENVER 32,4102,39.73038489621379910000,-105.00752631512999400000,0.320000,0.320000,
4102,60198,LITTLETON 12,4103,39.54621672484670110000,-104.98731100992499400000,0.770000,0.770000,
4103,60199,LITTLETON 13,4104,39.59728782257219850000,-104.86514948074800200000,0.160000,0.160000,
4104,60200,DENVER 33,4105,39.72875701209480330000,-104.98450838201300400000,0.440000,0.440000,
4105,60201,DENVER 34,4106,39.82335070553610020000,-104.87205665954600400000,0.900000,0.900000,
4106,60202,DENVER 35,4107,39.85968444046770290000,-104.95724599249200500000,0.024000,0.024000,
4107,60203,DACONO,4108,40.05814439987049980000,-105.04987434902300000000,0.320000,0.320000,
4108,60204,LITTLETON 14,4109,39.62934132154860120000,-104.96384432018099600000,0.330000,0.330000,
4109,60205,LITTLETON 15,4110,39.54051273751419870000,-105.04791474225500300000,0.120000,0.120000,
4110,60206,THORNTON 1,4111,39.83196122400649840000,-104.99785615546800000000,0.082000,0.082000,
4111,60207,THORNTON 2,4112,40.01507023084310080000,-104.97108125905299400000,0.890000,0.890000,
4112,60208,LITTLETON 16,4113,39.53909855088539870000,-104.90175261963500500000,4.300000,4.300000,
4113,60209,DENVER 36,4114,39.69541671282159710000,-104.87323119957500200000,0.270000,0.270000,
4114,60210,DENVER 37,4115,39.94801796061369710000,-104.94621557147900200000,0.490000,0.490000,
4115,60211,DENVER 38,4116,39.86997657760520040000,-104.93497446851000600000,4.100000,4.100000,
4116,60212,JOHNSTOWN,4117,40.33387449505470100000,-105.03494739133100200000,0.018000,0.018000,
4117,60213,DENVER 39,4118,39.62736793045920080000,-105.01294199957200700000,1.400000,1.400000,
4118,60214,DENVER 40,4119,39.68920714314310060000,-104.87314526734000700000,0.390000,0.390000,
4119,60215,LITTLETON 17,4120,39.48330346086390110000,-104.83795543402300200000,3.400000,3.400000,
4120,60216,LITTLETON 18,4121,39.62266764732380150000,-104.95338384473299700000,0.330000,0.330000,
4121,60217,DENVER 41,4122,39.82759696836640020000,-104.86196865551799800000,0.480000,0.480000,
4122,60218,DENVER 42,4123,39.64142790516550010000,-104.83926797785299800000,0.019000,0.019000,
4123,60219,DENVER 43,4124,39.67052737984010240000,-104.87546541642599600000,0.210000,0.210000,
4124,60220,BRIGHTON 1,4125,39.88814563543910200000,-104.94724640390799700000,0.076000,0.076000,
4125,60221,BRIGHTON 2,4126,40.00007299234160030000,-104.88302412114799700000,0.050000,0.050000,
4126,60222,DENVER 44,4127,39.68876690001589940000,-104.93795425214099700000,0.290000,0.290000,
4127,60223,COLORADO SPRINGS 1,4128,39.02027922037559900000,-104.83469723889500400000,0.430000,0.430000,
4128,60224,LARKSPUR,4129,39.19709688330669910000,-104.98302817139099800000,0.088000,0.088000,
4129,60225,RYE,4130,37.92207744990540160000,-105.00273580239499400000,0.130000,0.130000,
4130,60226,DENVER 45,4131,39.72203628537779710000,-104.89134001983900600000,0.012000,0.012000,
4131,60227,CASTLE ROCK 2,4132,39.42672309404459700000,-104.98575967131199600000,0.160000,0.160000,
4132,60228,WINDSOR 3,4133,40.53483814780550180000,-104.91613798837200000000,0.070000,0.070000,
4133,60229,LONE TREE,4134,39.46841115645489850000,-104.95994066021199800000,4.600000,4.600000,
4134,60230,DENVER 46,4135,39.78746265065520050000,-104.91899290047000200000,0.330000,0.330000,
4135,60231,DENVER 47,4136,39.59294102128839650000,-104.87111007907799400000,0.280000,0.280000,
4136,60232,DENVER 48,4137,39.59045955773579810000,-104.80918207763099300000,0.150000,0.150000,
4137,60233,HENDERSON 16,4138,39.97366357052499810000,-104.91971375600100200000,0.088000,0.088000,
4138,60234,DENVER 49,4139,39.79062752461400270000,-104.86215190133900400000,0.180000,0.180000,
4139,60235,DENVER 50,4140,39.72936609722110290000,-104.81988780412700600000,0.048000,0.048000,
4140,60236,DENVER 51,4141,39.79541663958409710000,-104.78921273570900000000,0.065000,0.065000,
4141,60237,COLORADO SPRINGS 2,4142,38.73708066596159940000,-104.90244831041400200000,0.350000,0.350000,
4142,60238,COLORADO SPRINGS 3,4143,38.81857193489140200000,-104.90163830024100400000,0.430000,0.430000,
4143,60239,ENGLEWOOD 3,4144,39.60441106154289770000,-104.80848418128600500000,0.300000,0.300000,
4144,60240,ENGLEWOOD 4,4145,39.53886589457660250000,-104.92639140556400400000,0.190000,0.190000,
4145,60241,COLORADO SPRINGS 4,4146,38.78205401368690280000,-104.81640690198300100000,0.180000,0.180000,
4146,60242,AURORA 2,4147,39.83323808000159970000,-104.94178094884800600000,0.073000,0.073000,
4147,60243,AURORA 3,4148,39.79090768399279910000,-104.81815858172500100000,0.170000,0.170000,
4148,60244,U S A F ACADEMY,4149,39.05527322819659730000,-104.80952946409100000000,0.120000,0.120000,
4149,60245,ENGLEWOOD 5,4150,39.57137680621590190000,-104.89207571662200300000,0.610000,0.610000,
4150,60246,ENGLEWOOD 6,4151,39.48829762708029990000,-104.91593936069300200000,0.099000,0.099000,
4151,60247,CASTLE ROCK 3,4152,39.36402668910390190000,-104.76042397891400500000,0.960000,0.960000,
4152,60248,COLORADO SPRINGS 5,4153,38.82859434566609740000,-104.86591559554099700000,0.300000,0.300000,
4153,60249,COLORADO SPRINGS 6,4154,38.89428240489630180000,-104.87900155195299600000,0.023000,0.023000,
4154,60250,MILLIKEN,4155,40.33518502634510130000,-104.83451494378100200000,0.260000,0.260000,
4155,60251,MONUMENT,4156,39.07895663880150040000,-104.82473636726800200000,0.830000,0.830000,
4156,60252,DENVER 52,4157,39.85630041466819760000,-104.89494084774999300000,0.200000,0.200000,
4157,60253,DENVER 53,4158,39.81854075623579800000,-104.89114929151999400000,0.150000,0.150000,
4158,60254,COLORADO SPRINGS 7,4159,38.74793303609489920000,-104.75973743868800600000,0.052000,0.052000,
4159,60255,AURORA 4,4160,39.68336449638910320000,-104.77598931168499500000,3.000000,3.000000,
4160,60256,AURORA 5,4161,39.63739401249839740000,-104.83768634848699700000,4.000000,4.000000,
4161,60257,AURORA 6,4162,39.63871296735609920000,-104.88795157776400000000,0.068000,0.068000,
4162,60258,AURORA 7,4163,39.67288575228170090000,-104.92026645666800300000,0.610000,0.610000,
4163,60259,CASTLE ROCK 4,4164,39.31172704206380080000,-104.90631679890100300000,0.025000,0.025000,
4164,60260,CASTLE ROCK 5,4165,39.19638836204819650000,-104.76396172289000200000,0.310000,0.310000,
4165,60261,COLORADO SPRINGS 8,4166,38.95116049792110150000,-104.76530489810400600000,0.930000,0.930000,
4166,60262,COLORADO SPRINGS 9,4167,38.90672904507469810000,-104.88230482802200100000,0.072000,0.072000,
4167,60263,COLORADO SPRINGS 10,4168,38.90422447530939820000,-104.72436416502600300000,0.310000,0.310000,
4168,60264,PUEBLO 1,4169,38.13748593657619780000,-104.74149852517000200000,0.130000,0.130000,
4169,60265,PUEBLO 2,4170,38.16394705635210020000,-104.87127236274399400000,0.790000,0.790000,
4170,60266,PLATTEVILLE 1,4171,40.30525798499159860000,-104.90870467837200400000,0.380000,0.380000,
4171,60267,COLORADO SPRINGS 11,4172,38.72318895165769700000,-104.86966234264899400000,0.160000,0.160000,
4172,60268,BRIGHTON 3,4173,40.05505932524219760000,-104.74211524661700400000,1.000000,1.000000,
4173,60269,BRIGHTON 4,4174,39.93945208886260190000,-104.77762938424800200000,0.085000,0.085000,
4174,60270,FORT LUPTON 1,4175,40.19582117098980230000,-104.82764651698700200000,0.087000,0.087000,
4175,60271,COMMERCE CITY 1,4176,39.78352459066790200000,-104.76521329241700200000,0.130000,0.130000,
4176,60272,COMMERCE CITY 2,4177,39.88256960919319740000,-104.78541763830800400000,0.053000,0.053000,
4177,60273,GREELEY 1,4178,40.40258907964099680000,-104.73122451154499400000,1.100000,1.100000,
4178,60274,GREELEY 2,4179,40.34522329724160270000,-104.80227882127799400000,0.430000,0.430000,
4179,60275,AURORA 8,4180,39.60399006339130070000,-104.71569334566000000000,0.500000,0.500000,
4180,60276,AURORA 9,4181,39.64795152308950320000,-104.70058313588299400000,0.750000,0.750000,
4181,60277,AURORA 10,4182,39.75319900693669690000,-104.79741107424899800000,4.800000,4.800000,
4182,60278,AURORA 11,4183,39.71580694692629980000,-104.79856182247600300000,1.400000,1.400000,
4183,60279,COLORADO SPRINGS 12,4184,38.98797560675590290000,-104.81030150747399400000,0.320000,0.320000,
4184,60280,COLORADO SPRINGS 13,4185,38.96817714474700270000,-104.84635488497400500000,0.320000,0.320000,
4185,60281,AURORA 12,4186,39.57177223409890130000,-104.71684575889099700000,0.047000,0.047000,
4186,60282,AURORA 13,4187,39.65153628428819840000,-104.77300758474200400000,0.970000,0.970000,
4187,60283,PARKER 2,4188,39.55361377665410320000,-104.83883834214499600000,0.110000,0.110000,
4188,60284,PARKER 3,4189,39.55222108311519950000,-104.83626911783099400000,0.650000,0.650000,
4189,60285,COLORADO SPRINGS 14,4190,38.75499063230969910000,-104.82054743793800400000,0.032000,0.032000,
4190,60286,COLORADO SPRINGS 15,4191,38.78455097996999970000,-104.84358063861900200000,0.960000,0.960000,
4191,60287,COLORADO SPRINGS 16,4192,38.79927722578120350000,-104.80170071711499700000,0.320000,0.320000,
4192,60288,COLORADO SPRINGS 17,4193,38.78173939518929810000,-104.86353801314599800000,0.017000,0.017000,
4193,60289,PUEBLO 3,4194,38.45730734001399750000,-104.72403324214600700000,4.500000,4.500000,
4194,60290,PUEBLO 4,4195,38.45470125823649710000,-104.77670059798700200000,0.091000,0.091000,
4195,60291,COLORADO SPRINGS 18,4196,39.04796559785020090000,-104.69211587912499800000,0.710000,0.710000,
4196,60292,COLORADO SPRINGS 19,4197,38.89882003800040170000,-104.84173771827100600000,0.240000,0.240000,
4197,60293,AURORA 14,4198,39.61274374644629860000,-104.79668697409400100000,0.130000,0.130000,
4198,60294,AURORA 15,4199,39.61462166882569850000,-104.75632185228199900000,0.150000,0.150000,
4199,60295,COLORADO SPRINGS 20,4200,38.95258989443409800000,-104.65201733561700300000,4.500000,4.500000,
4200,60296,COLORADO SPRINGS 21,4201,38.78782087768539810000,-104.84315536061299700000,0.065000,0.065000,
4201,60297,WALSENBURG,4202,37.58384852740559980000,-104.64240803897199300000,4.600000,4.600000,
4202,60298,BRIGHTON 5,4203,39.93598494578129990000,-104.67163874202999800000,0.053000,0.053000,
4203,60299,COLORADO SPRINGS 22,4204,38.68965777501200160000,-104.79505915109800200000,0.830000,0.830000,
4204,60300,COLORADO SPRINGS 23,4205,38.77544846219949900000,-104.76219025726599900000,0.016000,0.016000,
4205,60301,EVANS,4206,40.33856737725749750000,-104.80207104762999400000,0.250000,0.250000,
4206,60302,COLORADO SPRINGS 24,4207,38.93826091140879700000,-104.76179474161800400000,0.880000,0.880000,
4207,60303,COLORADO SPRINGS 25,4208,39.01601321334349850000,-104.75600737106400100000,0.350000,0.350000,
4208,60304,COLORADO SPRINGS 26,4209,38.98566468580479950000,-104.65543151322199800000,0.240000,0.240000,
4209,60305,PUEBLO 5,4210,37.99981379854470020000,-104.76741642365399800000,0.490000,0.490000,
4210,60306,PUEBLO 6,4211,38.10633921331079680000,-104.66996889026199800000,0.530000,0.530000,
4211,60307,FRANKTOWN,4212,39.31379673249809770000,-104.66323714230300400000,0.190000,0.190000,
4212,60308,COLORADO SPRINGS 27,4213,38.88970986341980310000,-104.73159126919399800000,0.200000,0.200000,
4213,60309,COLORADO SPRINGS 28,4214,38.80181152432709980000,-104.61286129937299400000,0.380000,0.380000,
4214,60310,AURORA 16,4215,39.69902475432289890000,-104.61010536317799300000,0.130000,0.130000,
4215,60311,AURORA 17,4216,39.51744708012520140000,-104.72935321996899900000,0.051000,0.051000,
4216,60312,COLORADO SPRINGS 29,4217,38.95472540803250180000,-104.68635317989800600000,0.150000,0.150000,
4217,60313,COLORADO SPRINGS 30,4218,38.95947772482630000000,-104.71455010167000000000,0.320000,0.320000,
4218,60314,DENVER 54,4219,39.92640396787859910000,-104.65267875124999400000,1.700000,1.700000,
4219,60315,COLORADO SPRINGS 31,4220,38.98302927522289710000,-104.73444670577700300000,0.160000,0.160000,
4220,60316,AURORA 18,4221,39.66688151074119870000,-104.68035316395699400000,0.330000,0.330000,
4221,60317,FOUNTAIN 1,4222,38.71070222757379750000,-104.73645890595399500000,0.079000,0.079000,
4222,60318,FOUNTAIN 2,4223,38.58425498548219680000,-104.66251163347000400000,0.490000,0.490000,
4223,60319,GREELEY 3,4224,40.36150719804739850000,-104.59625299356399400000,0.550000,0.550000,
4224,60320,GREELEY 4,4225,40.38292217825659950000,-104.58402140277300400000,0.130000,0.130000,
4225,60321,PARKER 4,4226,39.56359543296019860000,-104.59229911098600500000,0.140000,0.140000,
4226,60322,PARKER 5,4227,39.57003898777819730000,-104.76904049540999600000,0.230000,0.230000,
4227,60323,LA SALLE,4228,40.41095870170550340000,-104.62616402155700300000,0.160000,0.160000,
4228,60324,COLORADO SPRINGS 32,4229,38.71419210913570200000,-104.60389172442299400000,0.350000,0.350000,
4229,60325,EATON,4230,40.46082548117990290000,-104.68286589807100000000,0.220000,0.220000,
4230,60326,PUEBLO 7,4231,38.20010006695959960000,-104.65350797715299800000,0.310000,0.310000,
4231,60327,PUEBLO 8,4232,38.41273845779579690000,-104.58214131010099400000,0.110000,0.110000,
4232,60328,HUDSON,4233,40.05783630644530290000,-104.53946653671100400000,0.098000,0.098000,
4233,60329,AULT,4234,40.73663492284970290000,-104.51103720293799900000,0.150000,0.150000,
4234,60330,ELIZABETH,4235,39.36943110173479710000,-104.49846524188500000000,3.100000,3.100000,
4235,60331,PUEBLO 9,4236,38.26282361657690250000,-104.56713114469199900000,0.260000,0.260000,
4236,60332,PUEBLO 10,4237,38.38719637674820010000,-104.58363691117300200000,0.045000,0.045000,
4237,60333,TRINIDAD,4238,37.23394445978809840000,-104.47025986631399500000,0.880000,0.880000,
4238,60334,ELBERT,4239,39.28143473920390250000,-104.53215935415299500000,0.480000,0.480000,
4239,60335,PUEBLO 11,4240,38.32646314075350350000,-104.47238468410799300000,0.500000,0.500000,
4240,60336,PEYTON,4241,39.07404246160209740000,-104.45094647637900200000,0.300000,0.300000,
4241,60337,KEENESBURG 1,4242,40.19871443987889850000,-104.46856451524099900000,0.320000,0.320000,
4242,60338,KERSEY,4243,40.35420847048769840000,-104.47583445330400300000,0.140000,0.140000,
4243,60339,BENNETT,4244,39.69758524718650250000,-104.53791509999000200000,0.350000,0.350000,
4244,60340,KIOWA,4245,39.44887469919059700000,-104.35005402371899700000,0.650000,0.650000,
4245,60341,CALHAN,4246,39.05485558284439660000,-104.34979833262299600000,3.500000,3.500000,
4246,60342,STRASBURG,4247,39.76036682856430100000,-104.34232714693200700000,0.050000,0.050000,
4247,60343,YODER,4248,38.60147513084550040000,-104.17459065096099400000,0.044000,0.044000,
4248,60344,BYERS,4249,39.78126401816390260000,-104.15735852373100600000,0.120000,0.120000,
4249,60345,FOWLER,4250,37.86484819583269970000,-104.10879153565899500000,4.600000,4.600000,
4250,60346,WIGGINS,4251,40.23624882746390340000,-104.10162697598700300000,0.150000,0.150000,
4251,60347,OLNEY SPRINGS,4252,38.29216166294639830000,-103.86828865009900400000,4.100000,4.100000,
4252,60348,FORT MORGAN,4253,40.16189980716529820000,-103.74845079017200100000,0.047000,0.047000,
4253,60349,ROCKY FORD,4254,37.93659945887930010000,-103.76017682190199300000,0.910000,0.910000,
4254,60350,ORDWAY,4255,38.33584763064759930000,-103.77744400647199500000,0.140000,0.140000,
4255,60351,LIMON 1,4256,39.37488716782039690000,-103.66746238357100600000,0.120000,0.120000,
4256,60352,BRUSH 1,4257,40.13572318510600210000,-103.60751600483000400000,0.170000,0.170000,
4257,60353,LA JUNTA,4258,37.85585110767659960000,-103.50026336770099500000,0.460000,0.460000,
4258,60354,STERLING,4259,40.56085970800469910000,-103.28243993290099900000,0.160000,0.160000,
4259,60355,AKRON,4260,40.06186511419100070000,-103.28043940726999500000,0.350000,0.350000,
4260,60356,LAS ANIMAS,4261,37.98157255648820300000,-103.23750038344400100000,0.270000,0.270000,
4261,60357,FLAGLER,4262,39.43414128537089880000,-103.03283078101000600000,0.190000,0.190000,
4262,60358,SPRINGFIELD 6,4263,37.43532686890279850000,-102.72340235842899900000,0.082000,0.082000,
4263,60359,YUMA 9,4264,40.13088878045549990000,-102.68527702735599400000,0.380000,0.380000,
4264,60360,LAMAR 1,4265,37.99585204356360180000,-102.66983398662100100000,2.500000,2.500000,
4265,60361,HAXTUN,4266,40.63000761600640230000,-102.58664730299399500000,0.260000,0.260000,
4266,60362,CHEYENNE WELLS,4267,38.79755357276609830000,-102.45584335741899900000,0.067000,0.067000,
4267,60363,HOLYOKE,4268,40.49352970314959780000,-102.28282351013800200000,0.100000,0.100000,
4268,60364,BURLINGTON 3,4269,39.31252700243710050000,-102.23376530191700300000,0.027000,0.027000,
4269,60365,WALSH,4270,37.26133372605200120000,-102.15365115451800200000,0.360000,0.360000,
4270,60366,WRAY,4271,40.09636843894200100000,-102.26250874777200300000,0.400000,0.400000,
4271,60367,JULESBURG,4272,40.83282088302789960000,-102.26585874696000600000,0.067000,0.067000,
4272,60368,HOLLY,4273,38.15429726474010150000,-102.07583313731299800000,0.310000,0.310000,
4273,60369,PEETZ 1,4274,40.94100000000000250000,-103.25900000000000000000,0.019000,0.019000,
4274,60370,PEETZ 2,4275,40.98810000000000290000,-102.89690000000000200000,0.290000,0.290000,
4275,60371,FOUNTAIN 3,4276,38.55689999999999880000,-104.68750000000000000000,0.160000,0.160000,
4276,60372,GROVER,4277,40.89439999999999740000,-104.02060000000000200000,0.380000,0.380000,
4277,60373,LIMON 2,4278,39.42178700000000190000,-103.67813999999999900000,0.110000,0.110000,
4278,60374,PEETZ 3,4279,40.98599999999999710000,-103.43600000000000700000,0.610000,0.610000,
4279,60375,PUEBLO 12,4280,38.20810000000000170000,-104.57470000000000700000,0.056000,0.056000,
4280,60376,LIMON 3,4281,39.38097499999999940000,-103.57323599999999400000,0.150000,0.150000,
4281,60377,FORT LUPTON 2,4282,40.09859999999999760000,-104.77360000000000200000,2.100000,2.100000,
4282,60378,BOULDER 9,4283,40.01950000000000070000,-105.20199999999999800000,0.300000,0.300000,
4283,60379,BURLINGTON 4,4284,39.35609999999999790000,-102.24309999999999800000,0.300000,0.300000,
4284,60380,PLATTEVILLE 2,4285,40.24609999999999840000,-104.87420000000000200000,0.900000,0.900000,
4285,60381,ALAMOSA 2,4286,37.45940000000000220000,-105.89470000000000000000,0.110000,0.110000,
4286,60382,LAMAR 2,4287,38.03332699999999990000,-102.53791499999999800000,0.170000,0.170000,
4287,60383,LAMAR 3,4288,37.67349999999999710000,-102.86220000000000100000,0.085000,0.085000,
4288,60384,HAYDEN 2,4289,40.48559999999999800000,-107.18500000000000200000,1.800000,1.800000,
4289,60385,NEW RAYMER,4290,40.94749999999999800000,-103.78388900000000200000,0.310000,0.310000,
4290,60386,AURORA 19,4291,39.74787500000000050000,-104.68140400000000100000,0.920000,0.920000,
4291,60387,VONA,4292,39.35333299999999920000,-103.47416699999999400000,0.094000,0.094000,
4292,60388,LOVELAND 5,4293,40.36505600000000270000,-105.32507400000000100000,3.700000,3.700000,
4293,60389,DENVER 55,4294,39.80727499999999710000,-104.96454799999999400000,0.140000,0.140000,
4294,60390,BRUSH 2,4295,40.24150000000000200000,-103.63100000000000000000,1.700000,1.700000,
4295,60391,NUCLA,4296,38.23830000000000240000,-108.50690000000000200000,0.200000,0.200000,
4296,60392,GEORGETOWN,4297,39.65509999999999740000,-105.70879999999999600000,0.180000,0.180000,
4297,60393,BRUSH 3,4298,40.22169999999999850000,-103.68030000000000300000,0.099000,0.099000,
4298,60394,COMMERCE CITY 3,4299,39.94112899999999660000,-104.68201500000000700000,1.300000,1.300000,
4299,60395,LAMAR 4,4300,37.70329999999999870000,-102.62309999999999400000,0.470000,0.470000,
4300,60396,COLORADO SPRINGS 33,4301,38.88138899999999860000,-104.81694400000000700000,0.770000,0.770000,
4301,60397,MONTROSE 3,4302,38.51057300000000080000,-107.62533500000000700000,0.130000,0.130000,
4302,60398,LIMON 4,4303,39.20380000000000110000,-103.70050000000000500000,0.220000,0.220000,
4303,60399,ARVADA 9,4304,39.85749899999999710000,-105.22596699999999700000,0.430000,0.430000,
4304,60400,FOUNTAIN 4,4305,38.63345100000000090000,-104.70577000000000100000,0.190000,0.190000,
4305,60401,LIMON 5,4306,39.34138899999999950000,-103.58111100000000700000,0.090000,0.090000,
4306,60402,LYONS 3,4307,40.36499599999999790000,-105.23603199999999400000,0.250000,0.250000,
4307,60403,PUEBLO 13,4308,38.32083300000000040000,-104.52639000000000600000,0.320000,0.320000,
4308,60404,KREMMLING 2,4309,39.87880499999999980000,-106.33272499999999600000,0.590000,0.590000,
4309,60405,MOSCA,4310,37.69453500000000190000,-105.92762200000000000000,0.091000,0.091000,
4310,60406,MONTROSE 4,4311,38.45175299999999650000,-107.53929900000000000000,0.490000,0.490000,
4311,60407,DENVER 56,4312,39.73734799999999720000,-105.01699100000000400000,0.096000,0.096000,
4312,60408,MONTROSE 5,4313,38.45319099999999680000,-107.33748300000000600000,0.570000,0.570000,
4313,60409,BRUSH 4,4314,40.21714300000000010000,-103.68504000000000100000,0.093000,0.093000,
4314,60410,FLEMING,4315,40.75694399999999720000,-102.74305499999999800000,0.070000,0.070000,
4315,60411,BURLINGTON 5,4316,39.33829999999999670000,-102.35330000000000400000,4.500000,4.500000,
4316,60412,BOULDER 10,4317,40.02049999999999840000,-105.20090000000000400000,0.015000,0.015000,
4317,60413,LEADVILLE 2,4318,39.09419700000000120000,-106.35233100000000700000,0.230000,0.230000,
4318,60414,KEENESBURG 2,4319,40.09080000000000150000,-104.59529999999999500000,0.400000,0.400000,
4319,60415,DENVER 57,4320,39.66919999999999650000,-105.00180000000000300000,0.130000,0.130000,
4320,60416,FORT LUPTON 3,4321,40.09219999999999830000,-104.79600000000000600000,0.720000,0.720000,
4321,60417,RIFLE 2,4322,39.51729999999999880000,-107.72990000000000100000,3.500000,3.500000,
4322,60418,ARVADA 10,4323,39.85860000000000270000,-105.22560000000000000000,3.200000,3.200000,
4323,60419,COLORADO SPRINGS 34,4324,38.82444399999999970000,-104.83333299999999600000,0.150000,0.150000,
4324,60420,ESTES PARK 2,4325,40.37677099999999800000,-105.50966499999999800000,1.100000,1.100000,
4325,60421,FREDERICK,4326,40.09219199999999720000,-104.88784400000000100000,3.400000,3.400000,
4326,60422,PEETZ 4,4327,40.98299999999999700000,-102.96469999999999300000,0.910000,0.910000,
4327,60423,CRAIG 2,4328,40.46269999999999810000,-107.59120000000000100000,0.032000,0.032000,
4328,60424,PEETZ 5,4329,40.96416700000000330000,-103.07722200000000600000,0.022000,0.022000,
4329,60425,FOUNTAIN 5,4330,38.62810000000000340000,-104.70690000000000400000,0.100000,0.100000,
4330,60426,WELLINGTON 4,4331,40.86090500000000250000,-105.02120700000000400000,0.036000,0.036000,
4331,70000,WILSON,4332,43.48459882369770210000,-111.03492540690700700000,0.260000,0.260000,
4332,70001,THAYNE,4333,43.04220160163490050000,-110.95786728505899500000,0.420000,0.420000,
4333,70002,AFTON,4334,42.75417210114130030000,-110.88140533203400600000,0.066000,0.066000,
4334,70003,ALPINE 3,4335,43.01108465458339940000,-110.72706348123500700000,0.140000,0.140000,
4335,70004,JACKSON 3,4336,43.33300349058440300000,-110.54257515055499500000,0.220000,0.220000,
4336,70005,KEMMERER 1,4337,41.92534330121070240000,-110.60450451849399700000,0.450000,0.450000,
4337,70006,LYMAN,4338,41.35420322272109670000,-110.29504436710500700000,0.210000,0.210000,
4338,70007,BIG PINEY,4339,42.46726973859710340000,-110.20743285016699500000,0.100000,0.100000,
4339,70008,PINEDALE,4340,42.85667759198099700000,-109.70561523046299600000,0.320000,0.320000,
4340,70009,DUBOIS,4341,43.55100828764369680000,-109.74647811783700000000,0.620000,0.620000,
4341,70010,GREEN RIVER 2,4342,41.75556068112449990000,-109.75715690075699600000,0.340000,0.340000,
4342,70011,CODY,4343,44.39829475795559690000,-109.58883947091999300000,9.700000,9.700000,
4343,70012,ROCK SPRINGS 1,4344,41.46096509842639930000,-109.04594423242200200000,0.029000,0.029000,
4344,70013,ROCK SPRINGS 2,4345,41.43170095697980320000,-108.97597948721400500000,0.032000,0.032000,
4345,70014,FORT WASHAKIE,4346,42.94895891514079980000,-108.98169232189999900000,0.087000,0.087000,
4346,70015,POWELL,4347,44.88649671843170100000,-108.84366767667299300000,2.100000,2.100000,
4347,70016,LANDER,4348,42.75500539025659920000,-108.53524968209799800000,0.430000,0.430000,
4348,70017,THERMOPOLIS,4349,43.68885452841900020000,-108.44142843196100000000,0.027000,0.027000,
4349,70018,RIVERTON 3,4350,42.98562445066330180000,-108.21581695862700200000,0.370000,0.370000,
4350,70019,LOVELL,4351,44.84570937783840350000,-108.13679224214600100000,0.390000,0.390000,
4351,70020,WORLAND,4352,43.92277638380809890000,-108.13317993888999500000,0.120000,0.120000,
4352,70021,BASIN,4353,44.29307983999839850000,-108.13349246504600400000,0.080000,0.080000,
4353,70022,GREYBULL,4354,44.49797946791890270000,-107.66420934175400200000,0.053000,0.053000,
4354,70023,RAWLINS,4355,41.81537691893880290000,-107.49813485778800300000,0.033000,0.033000,
4355,70024,RANCHESTER,4356,44.92943857578070070000,-107.23155162029699700000,0.058000,0.058000,
4356,70025,STORY,4357,44.49443245714620330000,-106.91014260863599400000,0.450000,0.450000,
4357,70026,SARATOGA 3,4358,41.33877963071520160000,-106.78361667840799500000,1.900000,1.900000,
4358,70027,CASPER 1,4359,42.76444593397089730000,-106.83886590750700000000,0.074000,0.074000,
4359,70028,CASPER 2,4360,42.88213604004130280000,-106.81315600425399700000,0.200000,0.200000,
4360,70029,BUFFALO,4361,44.16881971761269910000,-106.65450033424599500000,0.340000,0.340000,
4361,70030,CASPER 3,4362,43.05318312966929990000,-106.41516435842700600000,0.380000,0.380000,
4362,70031,CASPER 4,4363,42.98986054409800060000,-106.36994561567399800000,0.200000,0.200000,
4363,70032,CASPER 5,4364,42.71171622912390120000,-106.10064718230900400000,0.280000,0.280000,
4364,70033,EVANSVILLE,4365,42.85297276460219960000,-106.12735739413300000000,0.360000,0.360000,
4365,70034,GLENROCK 1,4366,42.76578497090299890000,-105.79734536202700200000,0.200000,0.200000,
4366,70035,LARAMIE 1,4367,41.20034760457100020000,-105.89463410954100200000,0.660000,0.660000,
4367,70036,GILLETTE 1,4368,44.41735594777450300000,-105.72788960916399500000,0.240000,0.240000,
4368,70037,GILLETTE 2,4369,43.96751017465540200000,-105.70869578450199800000,0.088000,0.088000,
4369,70038,WRIGHT 1,4370,43.78642821078810240000,-105.53526683643299600000,0.180000,0.180000,
4370,70039,LARAMIE 2,4371,41.49186782573109870000,-105.55344494413100200000,0.085000,0.085000,
4371,70040,DOUGLAS 3,4372,43.00827974515360100000,-105.32421104796499400000,0.190000,0.190000,
4372,70041,WHEATLAND 1,4373,41.93466540300769910000,-105.05467532143200100000,0.860000,0.860000,
4373,70042,CHEYENNE 1,4374,41.05971404438000150000,-105.00821819622099400000,3.400000,3.400000,
4374,70043,CHEYENNE 2,4375,41.06371626540369850000,-105.01581455730300300000,0.074000,0.074000,
4375,70044,MOORCROFT,4376,44.41140542990279980000,-104.85996982595399600000,1.300000,1.300000,
4376,70045,CHEYENNE 3,4377,41.36099034573530280000,-104.94513864875600000000,0.130000,0.130000,
4377,70046,CHEYENNE 4,4378,41.45374688294030110000,-104.75643718741200400000,0.680000,0.680000,
4378,70047,GUERNSEY,4379,42.16258529211800270000,-104.76314727956399500000,0.150000,0.150000,
4379,70048,CHEYENNE 5,4380,41.14357733987269940000,-104.77615992298599700000,0.270000,0.270000,
4380,70049,UPTON,4381,43.95354549900019950000,-104.61671129124600600000,0.210000,0.210000,
4381,70050,SUNDANCE,4382,44.40682821363070330000,-104.36161740594199900000,0.360000,0.360000,
4382,70051,BURNS 2,4383,41.22600117582310020000,-104.35685586321599800000,4.100000,4.100000,
4383,70052,LUSK,4384,42.96045480544899680000,-104.38965789941299500000,0.180000,0.180000,
4384,70053,TORRINGTON,4385,42.22944321198789910000,-104.13325163943700600000,0.160000,0.160000,
4385,70054,GLENROCK 2,4386,42.83780000000000140000,-105.77689999999999800000,0.120000,0.120000,
4386,70055,GLENROCK 3,4387,42.92580000000000240000,-105.78719999999999900000,0.460000,0.460000,
4387,70056,GILLETTE 3,4388,44.28580000000000180000,-105.38330000000000600000,0.450000,0.450000,
4388,70057,CHEYENNE 6,4389,41.12968000000000050000,-105.02400000000000100000,0.100000,0.100000,
4389,70058,GILLETTE 4,4390,44.28560000000000230000,-105.38330000000000600000,0.500000,0.500000,
4390,70059,ALCOVA 1,4391,42.47659999999999770000,-106.79590100000000100000,0.098000,0.098000,
4391,70060,ROCK RIVER 1,4392,41.67505200000000090000,-106.01112399999999500000,0.060000,0.060000,
4392,70061,WRIGHT 2,4393,44.38888899999999890000,-105.46083299999999400000,3.500000,3.500000,
4393,70062,KEMMERER 2,4394,41.75809999999999890000,-110.59829999999999500000,0.140000,0.140000,
4394,70063,ROCK RIVER 2,4395,41.67439999999999860000,-106.18049999999999500000,0.360000,0.360000,
4395,70064,MOUNTAIN VIEW 6,4396,41.28805599999999740000,-110.48074099999999500000,0.920000,0.920000,
4396,70065,GILLETTE 5,4397,44.29012800000000280000,-105.38148200000000500000,0.330000,0.330000,
4397,70066,CHEYENNE 7,4398,41.12361099999999680000,-104.71999999999999900000,0.340000,0.340000,
4398,70067,MEDICINE BOW 1,4399,42.04361099999999850000,-106.16027800000000500000,0.600000,0.600000,
4399,70068,GREEN RIVER 3,4400,41.62166700000000220000,-109.81194399999999700000,0.380000,0.380000,
4400,70069,GLENROCK 4,4401,43.01454999999999980000,-105.99899999999999500000,0.500000,0.500000,
4401,70070,POINT OF ROCKS,4402,41.73780000000000000000,-108.78749999999999400000,0.290000,0.290000,
4402,70071,GLENROCK 5,4403,43.05720000000000170000,-105.85429999999999500000,0.680000,0.680000,
4403,70072,ALCOVA 2,4404,42.54841199999999900000,-106.71753599999999600000,3.000000,3.000000,
4404,70073,GILLETTE 6,4405,44.28499999999999660000,-105.37860000000000600000,0.170000,0.170000,
4405,70074,MOUNTAIN VIEW 7,4406,41.26388899999999890000,-110.54444399999999900000,0.850000,0.850000,
4406,70075,WHEATLAND 2,4407,42.10888899999999780000,-104.88249999999999300000,0.048000,0.048000,
4407,70076,GILLETTE 7,4408,44.29189999999999830000,-105.38060000000000100000,0.110000,0.110000,
4408,70077,MEDICINE BOW 2,4409,41.92029999999999750000,-106.37579999999999800000,0.150000,0.150000,
4409,70078,GLENROCK 6,4410,43.01809999999999690000,-105.83527800000000200000,0.130000,0.130000,
4410,70079,SINCLAIR,4411,42.15612699999999790000,-106.90848300000000400000,0.190000,0.190000,
4411,70080,GILLETTE 8,4412,44.29189999999999830000,-105.38110000000000400000,2.900000,2.900000,
4412,70081,KEMMERER 3,4413,41.88049999999999780000,-110.09040000000000200000,4.000000,4.000000,
4413,74000,NYSSA,4414,43.58212319256789870000,-117.39724971698700500000,2.900000,2.900000,
4414,74001,HOMEDALE,4415,43.52316358924259990000,-116.90821343224899900000,0.035000,0.035000,
4415,74002,POST FALLS 1,4416,47.75733153944609910000,-116.93725002825399900000,0.200000,0.200000,
4416,74003,POST FALLS 2,4417,47.69117392143660080000,-116.96544412057500000000,0.600000,0.600000,
4417,74004,WEISER,4418,44.29886997208860320000,-117.02618070044300700000,3.100000,3.100000,
4418,74005,RATHDRUM 1,4419,47.92465587845480000000,-116.99831897359899800000,0.140000,0.140000,
4419,74006,MOSCOW 1,4420,46.71327716514510090000,-116.93980323441100200000,0.390000,0.390000,
4420,74007,MOSCOW 2,4421,46.78238760889969680000,-117.01452280912100400000,0.024000,0.024000,
4421,74008,PARMA,4422,43.80324264631470040000,-116.97117695086500100000,0.150000,0.150000,
4422,74009,LEWISTON 2,4423,46.12626706748999790000,-116.97373108618600700000,0.220000,0.220000,
4423,74010,LEWISTON 3,4424,46.23599022208959750000,-116.85738478201300000000,0.280000,0.280000,
4424,74011,PLUMMER,4425,47.35412008479450210000,-116.98962635541100500000,0.160000,0.160000,
4425,74012,FRUITLAND 3,4426,43.96299966444710350000,-116.82044980354700700000,0.170000,0.170000,
4426,74013,PRIEST RIVER,4427,48.27693690532770180000,-117.00008123193900600000,0.100000,0.100000,
4427,74014,WILDER,4428,43.56702471428020120000,-116.96983822614200200000,3.100000,3.100000,
4428,74015,SPIRIT LAKE,4429,48.03468438157030110000,-116.97290541847499400000,0.260000,0.260000,
4429,74016,POTLATCH,4430,47.04003738008660210000,-116.92542819052400200000,3.300000,3.300000,
4430,74017,COEUR D ALENE 1,4431,47.72110689363049830000,-116.74708813206599700000,0.180000,0.180000,
4431,74018,COEUR D ALENE 2,4432,47.64156047462110170000,-116.86530468433400600000,0.063000,0.063000,
4432,74019,CALDWELL 1,4433,43.68308487920320000000,-116.70506836367199800000,4.300000,4.300000,
4433,74020,TROY 1,4434,46.75431628770979840000,-116.76405227439599300000,0.340000,0.340000,
4434,74021,PAYETTE,4435,43.99348816803880170000,-116.77395137409399700000,0.140000,0.140000,
4435,74022,ATHOL,4436,48.02757572967779960000,-116.58417703713800500000,0.120000,0.120000,
4436,74023,HAYDEN 3,4437,47.72260203751829980000,-116.71948350890899400000,0.440000,0.440000,
4437,74024,CALDWELL 2,4438,43.68291728561810320000,-116.73540386228100400000,0.440000,0.440000,
4438,74025,CALDWELL 3,4439,43.56643417304609760000,-116.63529266650999700000,0.130000,0.130000,
4439,74026,COEUR D ALENE 3,4440,47.59842303308639800000,-116.66514255619600200000,0.440000,0.440000,
4440,74027,NAMPA 1,4441,43.62465962663539900000,-116.63390118914999500000,0.850000,0.850000,
4441,74028,NAMPA 2,4442,43.53895655976590010000,-116.59545646342799300000,0.190000,0.190000,
4442,74029,NAMPA 3,4443,43.53094046642370070000,-116.60828067157800100000,3.200000,3.200000,
4443,74030,NAMPA 4,4444,43.40533434263460320000,-116.65138809413299700000,0.500000,0.500000,
4444,74031,MIDDLETON,4445,43.83134492333749680000,-116.52179316220400600000,0.200000,0.200000,
4445,74032,BONNERS FERRY,4446,48.84290110116899800000,-116.52468161481199600000,0.710000,0.710000,
4446,74033,SAINT MARIES,4447,47.31575627400499680000,-116.60623306335399700000,0.470000,0.470000,
4447,74034,SAGLE,4448,48.16411124991719820000,-116.53099388245699700000,0.890000,0.890000,
4448,74035,NAMPA 5,4449,43.61369691554359920000,-116.60052879088199500000,0.200000,0.200000,
4449,74036,NAMPA 6,4450,43.65446561323420130000,-116.45007621116100400000,0.091000,0.091000,
4450,74037,SANDPOINT,4451,48.36080632216790320000,-116.57676196765500300000,0.630000,0.630000,
4451,74038,EMMETT,4452,43.92626143072070020000,-116.41509622962399800000,0.020000,0.020000,
4452,74039,STAR,4453,43.81894221199659970000,-116.45603532585400300000,0.200000,0.200000,
4453,74040,MERIDIAN 1,4454,43.55420532810899910000,-116.37967654260499700000,0.290000,0.290000,
4454,74041,MERIDIAN 2,4455,43.57893499712150030000,-116.39616316565799500000,0.480000,0.480000,
4455,74042,MERIDIAN 3,4456,43.51725740628899790000,-116.43828609028099700000,1.800000,1.800000,
4456,74043,MERIDIAN 4,4457,43.66058675467780150000,-116.33910764489600400000,0.026000,0.026000,
4457,74044,EAGLE 2,4458,43.79985481225119770000,-116.43666139638199300000,0.100000,0.100000,
4458,74045,BOISE 1,4459,43.55806868352549800000,-116.35775418737199500000,0.410000,0.410000,
4459,74046,BOISE 2,4460,43.61509282085530260000,-116.26762655493500600000,0.450000,0.450000,
4460,74047,KUNA 1,4461,43.44443742700750020000,-116.26441350945900400000,0.420000,0.420000,
4461,74048,BOISE 3,4462,43.54358140002430130000,-116.35246055391199600000,0.085000,0.085000,
4462,74049,BOISE 4,4463,43.55293305260990170000,-116.21895760649700000000,0.660000,0.660000,
4463,74050,GARDEN CITY 2,4464,43.75900659995370030000,-116.37288955460699900000,0.180000,0.180000,
4464,74051,BOISE 5,4465,43.52847176173919760000,-116.28200168502199600000,0.160000,0.160000,
4465,74052,BOISE 6,4466,43.55171812939820340000,-116.22943627910700600000,2.000000,2.000000,
4466,74053,BOISE 7,4467,43.70166999016340270000,-116.29329273895099600000,4.600000,4.600000,
4467,74054,BOISE 8,4468,43.61475198926270020000,-116.21915866219900700000,2.800000,2.800000,
4468,74055,BOISE 9,4469,43.49974721036849700000,-116.18467233940799600000,0.230000,0.230000,
4469,74056,BOISE 10,4470,43.58906174799859910000,-116.11470980972299600000,0.360000,0.360000,
4470,74057,OWYHEE,4471,41.99637021497409960000,-116.13602844471199700000,0.380000,0.380000,
4471,74058,BOISE 11,4472,43.73409475078459960000,-116.19043006670399600000,0.150000,0.150000,
4472,74059,OROFINO,4473,46.50815061401389980000,-116.21664367042899400000,0.074000,0.074000,
4473,74060,HORSESHOE BEND,4474,44.00172017714869810000,-116.05946825739100400000,0.120000,0.120000,
4474,74061,KELLOGG,4475,47.54275038128500340000,-116.05523620791299800000,0.160000,0.160000,
4475,74062,BOISE 12,4476,43.62419398223949680000,-116.13478012622999800000,0.490000,0.490000,
4476,74063,GRANGEVILLE,4477,45.85131753970340180000,-116.18261439776699700000,0.042000,0.042000,
4477,74064,DONNELLY,4478,44.65072152018569800000,-116.10325201629099500000,4.100000,4.100000,
4478,74065,KAMIAH,4479,46.30691601740569750000,-115.94129997400999300000,0.170000,0.170000,
4479,74066,MCCALL,4480,45.04686493857560240000,-115.90862582003499900000,0.065000,0.065000,
4480,74067,BOISE 13,4481,43.50215648100770240000,-115.95100514439499800000,0.750000,0.750000,
4481,74068,MOUNTAIN HOME 1,4482,43.34340352808850130000,-115.61045949165800600000,0.150000,0.150000,
4482,74069,CASCADE 1,4483,44.75507156722999720000,-115.37914902205800200000,0.450000,0.450000,
4483,74070,KOOSKIA,4484,46.12403645508980080000,-115.02840353262199400000,0.057000,0.057000,
4484,74071,BUHL,4485,42.69560734881910240000,-114.96473411944900500000,0.068000,0.068000,
4485,74072,WENDELL,4486,42.73288464201539940000,-114.64309093547400700000,0.180000,0.180000,
4486,74073,GOODING,4487,43.02242122276779670000,-114.75210439179099400000,0.091000,0.091000,
4487,74074,KETCHUM,4488,43.67432114603379740000,-114.69159562562299500000,0.057000,0.057000,
4488,74075,FILER,4489,42.56569539454280000000,-114.69460766984799700000,0.270000,0.270000,
4489,74076,TWIN FALLS 1,4490,42.48338857908149890000,-114.48536217375100000000,0.980000,0.980000,
4490,74077,TWIN FALLS 2,4491,42.46515551628039730000,-114.45833834719900300000,0.440000,0.440000,
4491,74078,LOLO,4492,46.71331391849179940000,-114.41862971745099700000,0.470000,0.470000,
4492,74079,JEROME,4493,42.69363596875589910000,-114.49234970658200400000,0.160000,0.160000,
4493,74080,SHOSHONE,4494,43.02927753633319700000,-114.39332869692100300000,3.900000,3.900000,
4494,74081,KIMBERLY 1,4495,42.37559061002789920000,-114.31005786659399400000,0.420000,0.420000,
4495,74082,CHALLIS,4496,44.63766197253070090000,-114.30523524997100500000,1.700000,1.700000,
4496,74083,HAILEY,4497,43.64717061258299680000,-114.27845984377400200000,0.280000,0.280000,
4497,74084,BELLEVUE 8,4498,43.29816365256429830000,-114.17905209685399400000,0.900000,0.900000,
4498,74085,HAZELTON,4499,42.52056735843240180000,-114.14758256138600200000,0.270000,0.270000,
4499,74086,SALMON,4500,45.06920995664150100000,-113.83995545113199900000,0.026000,0.026000,
4500,74087,HEYBURN,4501,42.60475759932680260000,-113.90171348695500300000,0.120000,0.120000,
4501,74088,BURLEY 1,4502,42.50189121816529790000,-113.75949409979800500000,0.300000,0.300000,
4502,74089,PAUL,4503,42.66521187133839990000,-113.78277919337999400000,0.820000,0.820000,
4503,74090,RUPERT 1,4504,42.67668198759839980000,-113.57554030671200000000,0.710000,0.710000,
4504,74091,DECLO,4505,42.44746219336060020000,-113.43279934309900600000,0.200000,0.200000,
4505,74092,ARCO,4506,43.56993822439019940000,-113.20249156733000000000,0.110000,0.110000,
4506,74093,AMERICAN FALLS 1,4507,42.64493857079899900000,-112.98802177659899800000,3.500000,3.500000,
4507,74094,ABERDEEN 3,4508,43.00694964386359940000,-112.81687602504699400000,0.280000,0.280000,
4508,74095,POCATELLO 1,4509,42.85617992685219950000,-112.66882023120800200000,2.400000,2.400000,
4509,74096,BLACKFOOT 1,4510,43.26076503077720050000,-112.49724678849099800000,0.400000,0.400000,
4510,74097,BLACKFOOT 2,4511,43.25189736949059950000,-112.51413463629900500000,0.300000,0.300000,
4511,74098,MALAD CITY,4512,42.24431973861170060000,-112.42547378561799600000,0.540000,0.540000,
4512,74099,POCATELLO 2,4513,42.99688012740929820000,-112.35298050591799800000,0.470000,0.470000,
4513,74100,POCATELLO 3,4514,42.86432719412029970000,-112.36568322215900600000,0.900000,0.900000,
4514,74101,INKOM,4515,42.78300523370639750000,-112.11438153943700500000,0.960000,0.960000,
4515,74102,POCATELLO 4,4516,42.91217403629030260000,-112.24749594923800100000,4.800000,4.800000,
4516,74103,IDAHO FALLS 1,4517,43.61071565890860310000,-112.17229973648500200000,0.810000,0.810000,
4517,74104,IDAHO FALLS 2,4518,43.47999612910349750000,-112.18149841943000000000,0.190000,0.190000,
4518,74105,SHELLEY,4519,43.44663055801009930000,-112.19755440012599500000,0.350000,0.350000,
4519,74106,IDAHO FALLS 3,4520,43.41318092016800280000,-112.00072906518900600000,0.089000,0.089000,
4520,74107,RIGBY,4521,43.69015817077239920000,-111.83436345243200100000,0.470000,0.470000,
4521,74108,IDAHO FALLS 4,4522,43.61973733157169870000,-111.95544438071900100000,0.300000,0.300000,
4522,74109,IDAHO FALLS 5,4523,43.52527915775350210000,-111.93924241026499500000,0.160000,0.160000,
4523,74110,FIRTH,4524,43.14234401085580120000,-111.91377963539000000000,0.480000,0.480000,
4524,74111,REXBURG 1,4525,43.80415609994840050000,-111.72440029882299900000,0.074000,0.074000,
4525,74112,REXBURG 2,4526,43.79758718054370090000,-111.84398688871800700000,0.130000,0.130000,
4526,74113,IDAHO FALLS 6,4527,43.45314475394390290000,-111.85047140932499600000,0.130000,0.130000,
4527,74114,SAINT ANTHONY,4528,43.88784720042060170000,-111.79641375625900000000,0.130000,0.130000,
4528,74115,GRACE 1,4529,42.58839831744789710000,-111.84955517602399800000,0.340000,0.340000,
4529,74116,PRESTON 1,4530,42.08607884874619740000,-111.74988097532499900000,0.082000,0.082000,
4530,74117,SODA SPRINGS,4531,42.71624344895970180000,-111.49183417947399700000,0.083000,0.083000,
4531,74118,ASHTON,4532,44.07440232792460220000,-111.43685021332400700000,0.230000,0.230000,
4532,74119,MONTPELIER,4533,42.38095335320650040000,-111.17352313847399600000,0.840000,0.840000,
4533,74120,VICTOR 1,4534,43.61500988681159900000,-111.17322232405099700000,0.190000,0.190000,
4534,74121,IRWIN,4535,43.33484899999999840000,-111.20575200000000400000,0.560000,0.560000,
4535,74122,HAGERMAN 1,4536,42.84160800000000080000,-114.90361099999999800000,0.360000,0.360000,
4536,74123,MOUNTAIN HOME 2,4537,43.14715300000000300000,-115.66663699999999400000,0.100000,0.100000,
4537,74124,RATHDRUM 2,4538,47.78580000000000180000,-116.92029999999999700000,0.070000,0.070000,
4538,74125,LEWISTON 4,4539,46.42305600000000250000,-116.97638899999999800000,0.540000,0.540000,
4539,74126,BOISE 14,4540,43.52799999999999870000,-116.05830000000000300000,0.480000,0.480000,
4540,74127,MOUNTAIN HOME 3,4541,43.17917599999999820000,-115.73431499999999500000,0.150000,0.150000,
4541,74128,IDAHO FALLS 7,4542,43.41949999999999930000,-111.82940000000000700000,0.800000,0.800000,
4542,74129,HAGERMAN 2,4543,42.87440000000000140000,-115.01720000000000200000,0.170000,0.170000,
4543,74130,KUNA 2,4544,43.24349999999999740000,-116.37909999999999400000,0.110000,0.110000,
4544,74131,HAGERMAN 3,4545,42.77083300000000320000,-114.98861100000000600000,0.930000,0.930000,
4545,74132,CLARK FORK,4546,48.08444399999999770000,-116.05305599999999800000,0.180000,0.180000,
4546,74133,RATHDRUM 3,4547,47.80427000000000250000,-116.86731199999999800000,0.058000,0.058000,
4547,74134,RUPERT 2,4548,42.66989900000000090000,-113.48317500000000300000,3.500000,3.500000,
4548,74135,CAMBRIDGE,4549,44.83670000000000040000,-116.89749999999999400000,0.030000,0.030000,
4549,74136,HAGERMAN 4,4550,42.82527799999999730000,-115.01083300000000500000,0.150000,0.150000,
4550,74137,BLISS,4551,42.91378600000000180000,-115.07098600000000500000,0.370000,0.370000,
4551,74138,AMERICAN FALLS 2,4552,42.67472200000000270000,-112.90194400000000000000,0.080000,0.080000,
4552,74139,PONDERAY,4553,48.95954700000000060000,-116.55737499999999300000,0.089000,0.089000,
4553,74140,IDAHO FALLS 8,4554,43.46867900000000160000,-112.06249900000000200000,0.120000,0.120000,
4554,74141,GLENNS FERRY 1,4555,43.02805599999999940000,-115.40046900000000100000,0.130000,0.130000,
4555,74142,IONA 1,4556,43.38638900000000120000,-111.72638899999999800000,0.320000,0.320000,
4556,74143,AHSAHKA,4557,46.51429999999999860000,-116.29770000000000600000,0.250000,0.250000,
4557,74144,IDAHO FALLS 9,4558,43.52442899999999780000,-111.80392100000000300000,0.460000,0.460000,
4558,74145,GLENNS FERRY 2,4559,43.05662199999999730000,-115.45202500000000600000,0.190000,0.190000,
4559,74146,PRESTON 2,4560,42.26777400000000280000,-111.74853100000000000000,1.000000,1.000000,
4560,74147,HAGERMAN 5,4561,42.84055599999999940000,-114.98972200000000000000,0.490000,0.490000,
4561,74148,GLENNS FERRY 3,4562,43.03378099999999760000,-115.48259199999999700000,0.380000,0.380000,
4562,74149,MOUNTAIN HOME 4,4563,43.35706600000000320000,-115.45151699999999600000,0.370000,0.370000,
4563,74150,OLDTOWN,4564,48.18024499999999930000,-116.99858999999999300000,0.190000,0.190000,
4564,74151,AMERICAN FALLS 3,4565,42.73888900000000040000,-112.74861099999999700000,0.130000,0.130000,
4565,74152,MALTA 1,4566,42.09941700000000250000,-113.38245000000000600000,0.110000,0.110000,
4566,74153,BRUNEAU,4567,42.94486899999999710000,-115.97785799999999800000,0.430000,0.430000,
4567,74154,IONA 2,4568,43.46705699999999690000,-111.83638100000000300000,0.890000,0.890000,
4568,74155,AMERICAN FALLS 4,4569,42.77779999999999920000,-112.87640000000000400000,0.620000,0.620000,
4569,74156,GRACE 2,4570,42.53674999999999780000,-111.79396699999999500000,0.470000,0.470000,
4570,74157,KIMBERLY 2,4571,42.58919999999999820000,-114.35530000000000000000,0.960000,0.960000,
4571,74158,MURTAUGH,4572,42.52678600000000130000,-114.03688900000000200000,1.100000,1.100000,
4572,74159,NEW PLYMOUTH,4573,43.90444399999999800000,-116.81972199999999900000,0.470000,0.470000,
4573,74160,HAGERMAN 6,4574,42.76742200000000340000,-114.92469199999999300000,0.730000,0.730000,
4574,74161,HAGERMAN 7,4575,42.88000000000000260000,-115.03666699999999400000,0.960000,0.960000,
4575,74162,BURLEY 2,4576,42.49034100000000080000,-113.92660499999999500000,4.800000,4.800000,
4576,77000,LAME DEER,4577,45.59803075500860100000,-106.72777587029600000000,0.091000,0.091000,
4577,77001,FORSYTH,4578,46.30574759611540260000,-106.59580953784299600000,0.056000,0.056000,
4578,77002,SHERIDAN 2,4579,44.92878280165140130000,-106.85624632512299600000,0.033000,0.033000,
4579,77003,GLASGOW 1,4580,48.06220049653720140000,-106.88860703475199900000,0.200000,0.200000,
4580,77004,CROW AGENCY,4581,45.52187373896600060000,-107.22769172617799400000,0.150000,0.150000,
4581,77005,LODGE GRASS,4582,45.27712813607310240000,-107.61705867347400600000,0.420000,0.420000,
4582,77006,HARDIN 1,4583,45.67537874727540270000,-107.65189800190300700000,0.920000,0.920000,
4583,77007,MALTA 2,4584,48.05197804151350030000,-107.75538120328799600000,0.100000,0.100000,
4584,77008,WORDEN,4585,46.03774993745830100000,-108.12059583115500100000,0.220000,0.220000,
4585,77009,SHEPHERD,4586,46.13213991560810000000,-108.37362963092199700000,1.200000,1.200000,
4586,77010,BILLINGS 1,4587,45.70181490757030220000,-108.33897001793700100000,0.260000,0.260000,
4587,77011,BILLINGS 2,4588,45.59419373936120220000,-108.29671452633999700000,0.410000,0.410000,
4588,77012,BILLINGS 3,4589,45.97471270042220230000,-108.44532086770900000000,4.500000,4.500000,
4589,77013,BILLINGS 4,4590,45.93554693358740340000,-108.44418758839199800000,1.400000,1.400000,
4590,77014,ROUNDUP,4591,46.48344003744249880000,-108.56837887835899900000,0.350000,0.350000,
4591,77015,BILLINGS 5,4592,45.81605421054550220000,-108.56137237854000000000,3.400000,3.400000,
4592,77016,BILLINGS 6,4593,45.79650086583959730000,-108.64104945596000100000,0.170000,0.170000,
4593,77017,BILLINGS 7,4594,45.90551146734080130000,-108.66013786755600300000,4.000000,4.000000,
4594,77018,HARLEM,4595,48.50398315846879880000,-108.78844596971799800000,0.820000,0.820000,
4595,77019,LAUREL,4596,45.59097782042759660000,-108.62857970651799600000,0.081000,0.081000,
4596,77020,HAYS,4597,48.06973908852489790000,-108.70944414753799400000,0.100000,0.100000,
4597,77021,BRIDGER,4598,45.15760011638450070000,-108.76807861829100000000,0.290000,0.290000,
4598,77022,PARK CITY 3,4599,45.74875569775780090000,-109.03869428334400000000,0.200000,0.200000,
4599,77023,JOLIET,4600,45.50288408018940340000,-108.89896319484799400000,0.210000,0.210000,
4600,77024,COLUMBUS 2,4601,45.66077025134740100000,-109.19898951356999800000,0.350000,0.350000,
4601,77025,CHINOOK,4602,48.52016225244250340000,-109.28824428414699800000,0.026000,0.026000,
4602,77026,LEWISTOWN,4603,47.15006833550479830000,-109.38956332037599800000,0.330000,0.330000,
4603,77027,RED LODGE,4604,45.02539928608049990000,-109.41612659188200500000,0.120000,0.120000,
4604,77028,ABSAROKEE,4605,45.60427378202089700000,-109.44102883079399600000,0.880000,0.880000,
4605,77029,HAVRE,4606,48.59988290955620020000,-109.79014319184800300000,3.000000,3.000000,
4606,77030,BOX ELDER,4607,48.29476438807070340000,-109.86419882822100600000,0.660000,0.660000,
4607,77031,HARLOWTON,4608,46.54903419716840320000,-109.87471087151800500000,2.300000,2.300000,
4608,77032,BIG TIMBER,4609,45.88487867675679870000,-109.88754885654199700000,0.840000,0.840000,
4609,77033,GARDINER,4610,45.06275923900719960000,-110.44828981013900200000,0.170000,0.170000,
4610,77034,LIVINGSTON 2,4611,45.55501724504259900000,-110.66418213938200700000,0.720000,0.720000,
4611,77035,FORT BENTON,4612,47.98088518123729780000,-110.62719670681200100000,0.071000,0.071000,
4612,77036,BELT,4613,47.30140715476070310000,-110.87680858576699400000,0.350000,0.350000,
4613,77037,BOZEMAN 1,4614,45.82841299765080120000,-110.82601160094199600000,0.560000,0.560000,
4614,77038,BOZEMAN 2,4615,45.87083536604799860000,-110.90730055624800300000,0.260000,0.260000,
4615,77039,CHESTER,4616,48.60296753019319740000,-111.08914578541799800000,0.055000,0.055000,
4616,77040,WHITE SULPHUR SPRINGS,4617,46.65340080325000120000,-111.13887970199199600000,2.200000,2.200000,
4617,77041,BOZEMAN 3,4618,45.66388980802260280000,-111.09746995530500200000,0.800000,0.800000,
4618,77042,BOZEMAN 4,4619,45.50533093970449980000,-111.15269278215400600000,0.930000,0.930000,
4619,77043,BELGRADE,4620,46.07205299491509720000,-111.03149325712500700000,0.540000,0.540000,
4620,77044,GALLATIN GATEWAY,4621,45.34320783289940240000,-111.09038951946899900000,0.540000,0.540000,
4621,77045,WEST YELLOWSTONE,4622,44.76241549499560080000,-111.26832515959300400000,0.070000,0.070000,
4622,77046,GREAT FALLS 1,4623,47.50356223114729910000,-111.22778337862199300000,0.750000,0.750000,
4623,77047,GREAT FALLS 2,4624,47.22375906032910110000,-111.21942170993899900000,0.150000,0.150000,
4624,77048,GREAT FALLS 3,4625,47.34503618407519810000,-111.27207022717300300000,0.290000,0.290000,
4625,77049,GREAT FALLS 4,4626,47.66196834188539810000,-111.31484676059500300000,0.430000,0.430000,
4626,77050,GREAT FALLS 5,4627,47.55220032128639930000,-111.33150041700399400000,1.600000,1.600000,
4627,77051,MANHATTAN,4628,45.82901789788019900000,-111.46145031453700400000,0.890000,0.890000,
4628,77052,TOWNSEND,4629,46.49997971292960130000,-111.50860179057899300000,0.460000,0.460000,
4629,77053,THREE FORKS,4630,45.95458068837699980000,-111.47839640701700200000,0.340000,0.340000,
4630,77054,VAUGHN,4631,47.59554299058530090000,-111.68727367963100500000,3.900000,3.900000,
4631,77055,ENNIS,4632,45.21761567625890170000,-111.62396962378800000000,0.150000,0.150000,
4632,77056,SHELBY,4633,48.52127675665560250000,-111.67111290600300300000,0.100000,0.100000,
4633,77057,CASCADE 2,4634,47.17311788235809900000,-111.79715401720500300000,0.059000,0.059000,
4634,77058,EAST HELENA,4635,46.61252057021810200000,-111.76349547895600300000,0.150000,0.150000,
4635,77059,CONRAD,4636,48.20698973081150030000,-111.91949337334000400000,0.300000,0.300000,
4636,77060,HELENA 1,4637,46.66629888286369980000,-111.83068488571599600000,3.900000,3.900000,
4637,77061,CLANCY,4638,46.39014395117129650000,-111.92663644334200500000,0.200000,0.200000,
4638,77062,SHERIDAN 3,4639,45.36712652300639800000,-112.16853892496399700000,0.086000,0.086000,
4639,77063,WHITEHALL,4640,45.81245534382910020000,-112.21158856195600600000,2.700000,2.700000,
4640,77064,HELENA 2,4641,46.59265924960060090000,-112.24158643528899400000,0.110000,0.110000,
4641,77065,HELENA 3,4642,46.59270566979110130000,-112.18061504946099700000,0.600000,0.600000,
4642,77066,VALIER,4643,48.24224689224659810000,-112.31626587099499700000,0.550000,0.550000,
4643,77067,CHOTEAU,4644,47.88081529033539850000,-112.39048622833900000000,0.170000,0.170000,
4644,77068,BUTTE 1,4645,46.06838842444599890000,-112.50638356523499800000,0.034000,0.034000,
4645,77069,BUTTE 2,4646,45.98983108500559780000,-112.40625641609399600000,0.091000,0.091000,
4646,77070,CUT BANK,4647,48.72211392924700140000,-112.53169872481899500000,0.150000,0.150000,
4647,77071,LINCOLN 4,4648,47.03443614058989650000,-112.64011860417599600000,0.120000,0.120000,
4648,77072,DEER LODGE,4649,46.32994746716389760000,-112.75481062859600500000,0.200000,0.200000,
4649,77073,DILLON 2,4650,45.04163930707299810000,-112.76786120910399800000,0.090000,0.090000,
4650,77074,BROWNING,4651,48.60492554100130040000,-113.09352065657000700000,0.540000,0.540000,
4651,77075,ANACONDA 1,4652,46.06710717350019730000,-113.15872238279600000000,0.910000,0.910000,
4652,77076,PHILIPSBURG,4653,46.19647681800039860000,-113.40371366278799300000,0.180000,0.180000,
4653,77077,SEELEY LAKE,4654,47.29694706171859760000,-113.56358151272699800000,2.800000,2.800000,
4654,77078,CLINTON 2,4655,46.63200425024920290000,-113.77279748472099600000,0.180000,0.180000,
4655,77079,BIGFORK,4656,47.65603376353639930000,-113.65313807176299600000,0.310000,0.310000,
4656,77080,MISSOULA 1,4657,46.90327895106700140000,-113.87792098007699300000,0.410000,0.410000,
4657,77081,MISSOULA 2,4658,46.74766788450860130000,-114.04974193312099800000,0.066000,0.066000,
4658,77082,CORVALLIS 4,4659,46.26778488667309830000,-113.92494301006000500000,0.053000,0.053000,
4659,77083,SAINT IGNATIUS,4660,47.31031397206130150000,-113.94750438885699800000,0.019000,0.019000,
4660,77084,MISSOULA 3,4661,46.91636335306790070000,-114.10671902836199400000,0.490000,0.490000,
4661,77085,MISSOULA 4,4662,46.95425783152590070000,-113.99803216821899800000,0.130000,0.130000,
4662,77086,FLORENCE 5,4663,46.65442705541300230000,-114.09992535438499300000,0.033000,0.033000,
4663,77087,STEVENSVILLE,4664,46.57295303991450200000,-113.98580323778500700000,0.051000,0.051000,
4664,77088,ARLEE,4665,47.21756399039750110000,-114.05417041059600100000,4.500000,4.500000,
4665,77089,MISSOULA 5,4666,47.05806681600900280000,-114.04370306804699400000,0.079000,0.079000,
4666,77090,RONAN,4667,47.44587975004890270000,-114.02200800930400200000,0.120000,0.120000,
4667,77091,COLUMBIA FALLS,4668,48.31171974361490130000,-114.21822971433199700000,0.990000,0.990000,
4668,77092,POLSON 1,4669,47.73964614987789900000,-114.10019764549800000000,0.150000,0.150000,
4669,77093,LAKESIDE 4,4670,47.92465243963680170000,-114.21595418386600300000,0.088000,0.088000,
4670,77094,HAMILTON,4671,46.24224320336949740000,-114.17130802235300300000,0.180000,0.180000,
4671,77095,FRENCHTOWN,4672,47.14739621840730170000,-114.28006792561500000000,0.040000,0.040000,
4672,77096,MISSOULA 6,4673,46.84820996117589690000,-114.33145180423899500000,2.500000,2.500000,
4673,77097,DARBY,4674,45.69908827662089830000,-114.38840660521600500000,0.390000,0.390000,
4674,77098,VICTOR 2,4675,46.48653804651770120000,-114.26322636979699600000,0.021000,0.021000,
4675,77099,KALISPELL 1,4676,48.26827169331640020000,-114.48259282983400400000,1.800000,1.800000,
4676,77100,KALISPELL 2,4677,48.31767912566080270000,-114.29574940377999300000,0.130000,0.130000,
4677,77101,HUSON,4678,47.07189668054829920000,-114.52247872804899500000,0.220000,0.220000,
4678,77102,WHITEFISH,4679,48.49125199791450310000,-114.54875692274700300000,0.370000,0.370000,
4679,77103,KILA,4680,47.98354369761619860000,-114.61371796161300600000,0.150000,0.150000,
4680,77104,PLAINS,4681,47.56453252803070340000,-114.82919883255600300000,0.510000,0.510000,
4681,77105,EUREKA 5,4682,48.99032527264670020000,-114.95958322308999300000,0.930000,0.930000,
4682,77106,SUPERIOR 2,4683,47.07814193156259820000,-114.88771834524500600000,0.440000,0.440000,
4683,77107,THOMPSON FALLS 1,4684,47.64975522042160350000,-115.35790621925599400000,0.170000,0.170000,
4684,77108,LIBBY 1,4685,48.31630584759800230000,-115.32815301857000600000,0.038000,0.038000,
4685,77109,TROUT CREEK,4686,47.86752704187099990000,-115.58202479508599900000,0.023000,0.023000,
4686,77110,TROY 2,4687,48.58846255986640020000,-115.73880866801900400000,0.880000,0.880000,
4687,77111,LIBBY 2,4688,48.40979999999999710000,-115.31430000000000300000,0.092000,0.092000,
4688,77112,ANACONDA 2,4689,46.10471299999999670000,-112.87660499999999800000,0.490000,0.490000,
4689,77113,COLSTRIP 1,4690,45.97520000000000100000,-106.65470000000000500000,0.220000,0.220000,
4690,77114,GREAT FALLS 6,4691,47.52133100000000350000,-111.26144200000000200000,0.340000,0.340000,
4691,77115,FAIRFIELD 5,4692,48.50999999999999800000,-112.10970000000000400000,1.100000,1.100000,
4692,77116,TWO DOT,4693,46.44944399999999970000,-110.08722199999999700000,0.200000,0.200000,
4693,77117,BILLINGS 8,4694,45.77562000000000350000,-108.48099899999999700000,0.018000,0.018000,
4694,77118,HARDIN 2,4695,45.30740600000000030000,-107.95751500000000100000,0.180000,0.180000,
4695,77119,HUNGRY HORSE,4696,48.34152100000000020000,-114.01443000000000400000,0.250000,0.250000,
4696,77120,HELENA 4,4697,46.64902599999999920000,-111.72787400000000000000,0.240000,0.240000,
4697,77121,FAIRFIELD 6,4698,47.72333299999999670000,-111.96527799999999800000,0.082000,0.082000,
4698,77122,POLSON 2,4699,47.67770000000000150000,-114.23390000000000600000,0.150000,0.150000,
4699,77123,GLASGOW 2,4700,48.01220000000000000000,-106.41230000000000200000,0.120000,0.120000,
4700,77124,BILLINGS 9,4701,45.81170000000000190000,-108.42780000000000500000,0.029000,0.029000,
4701,77125,SHAWMUT,4702,46.27527800000000010000,-109.48277799999999600000,0.110000,0.110000,
4702,77126,THOMPSON FALLS 2,4703,47.59315500000000300000,-115.35823700000000300000,0.300000,0.300000,
4703,77127,COLSTRIP 2,4704,45.88309999999999890000,-106.61400000000000400000,2.300000,2.300000,
4704,77128,BUTTE 3,4705,45.92929999999999780000,-112.51940000000000400000,0.190000,0.190000,
4705,77129,GREAT FALLS 7,4706,47.53439999999999800000,-111.20449999999999600000,0.073000,0.073000,
4706,77130,GREAT FALLS 8,4707,47.53750000000000140000,-111.19496900000000000000,0.330000,0.330000,
4707,77131,WOLF CREEK,4708,46.99150000000000200000,-112.00470000000000000000,0.060000,0.060000,
4708,77132,NOXON,4709,47.95388899999999670000,-115.73361099999999600000,0.017000,0.017000,
4709,77133,FAIRFIELD 7,4710,48.53329999999999700000,-112.18470000000000600000,0.220000,0.220000,
4710,77134,HARDIN 3,4711,45.75780000000000310000,-107.59999999999999400000,0.056000,0.056000,
4711,77135,KEVIN,4712,48.82027800000000180000,-112.10333300000000600000,0.025000,0.025000,
4712,77136,GREAT FALLS 9,4713,47.55166700000000190000,-111.03444399999999400000,0.250000,0.250000,
4713,77137,GREAT FALLS 10,4714,47.56993899999999800000,-111.12254600000000000000,0.320000,0.320000,
4714,77138,GREAT FALLS 11,4715,47.58173699999999680000,-111.06089799999999500000,0.170000,0.170000,
4715,80000,EL PASO 1,4716,31.85545579021290050000,-106.70320966102900700000,0.012000,0.012000,
4716,80001,ANTHONY 2,4717,32.03152987790969770000,-106.56948526270599600000,0.170000,0.170000,
4717,80002,CANUTILLO,4718,31.86812940487680020000,-106.67293509044699800000,0.690000,0.690000,
4718,80003,EL PASO 2,4719,31.75832598007119860000,-106.50333419103699800000,0.440000,0.440000,
4719,80004,EL PASO 3,4720,31.87607005843809920000,-106.48973864350500700000,0.150000,0.150000,
4720,80005,EL PASO 4,4721,31.82778831177860110000,-106.48935467075500600000,0.960000,0.960000,
4721,80006,EL PASO 5,4722,31.81451982899420020000,-106.53799515970399600000,0.700000,0.700000,
4722,80007,EL PASO 6,4723,31.88151914644529940000,-106.47198847526800600000,2.100000,2.100000,
4723,80008,EL PASO 7,4724,31.89403837620550060000,-106.55626686117399500000,0.470000,0.470000,
4724,80009,EL PASO 8,4725,31.85280426570420080000,-106.58007847858600300000,0.068000,0.068000,
4725,80010,EL PASO 9,4726,31.69399288958300080000,-106.34830388998800300000,0.210000,0.210000,
4726,80011,EL PASO 10,4727,31.93141633057119930000,-106.38956973771499300000,0.053000,0.053000,
4727,80012,EL PASO 11,4728,31.85581309045949890000,-106.40428040386800000000,0.180000,0.180000,
4728,80013,EL PASO 12,4729,31.72764979852059850000,-106.36667773796800400000,0.032000,0.032000,
4729,80014,EL PASO 13,4730,32.02513762759910070000,-106.51567153776800000000,0.280000,0.280000,
4730,80015,EL PASO 14,4731,31.80656262041329900000,-106.37206774996200000000,3.800000,3.800000,
4731,80016,EL PASO 15,4732,31.69102245872370100000,-106.34695521833700100000,0.260000,0.260000,
4732,80017,FORT BLISS,4733,31.85488462277940160000,-106.49792806308400400000,0.086000,0.086000,
4733,80018,EL PASO 16,4734,31.92135787847789880000,-106.40546101397400500000,0.400000,0.400000,
4734,80019,EL PASO 17,4735,31.97673088370019910000,-106.38769317147900000000,0.880000,0.880000,
4735,80020,EL PASO 18,4736,31.74720376337479880000,-106.40902909810999700000,0.030000,0.030000,
4736,80021,EL PASO 19,4737,31.80561580825489900000,-106.45329920056700200000,0.110000,0.110000,
4737,80022,EL PASO 20,4738,31.76800437847130000000,-106.32318499632799600000,0.480000,0.480000,
4738,80023,EL PASO 21,4739,31.72371666911769950000,-106.30150313632199800000,0.160000,0.160000,
4739,80024,EL PASO 22,4740,31.85242793040519870000,-106.40657011856400500000,0.360000,0.360000,
4740,80025,EL PASO 23,4741,31.88626017341270110000,-106.35405828325500000000,0.940000,0.940000,
4741,80026,EL PASO 24,4742,31.78761631909020120000,-106.25745532148999900000,0.820000,0.820000,
4742,80027,EL PASO 25,4743,31.67644230142600040000,-106.30431702128599600000,0.430000,0.430000,
4743,80028,EL PASO 26,4744,31.61007797571900110000,-106.29901011678599300000,0.061000,0.061000,
4744,80029,EL PASO 27,4745,31.81892014052419880000,-106.26057452471600600000,2.000000,2.000000,
4745,80030,EL PASO 28,4746,31.76231052611809960000,-106.21628370083300300000,0.280000,0.280000,
4746,80031,EL PASO 29,4747,31.80347555455670160000,-106.35499201650100100000,0.130000,0.130000,
4747,80032,EL PASO 30,4748,31.69105121247849870000,-106.33478609633199600000,0.062000,0.062000,
4748,80033,EL PASO 31,4749,31.64420861782570070000,-106.31943221978599500000,2.600000,2.600000,
4749,80034,SAN ELIZARIO,4750,31.61852649800729860000,-106.23580521533899900000,4.100000,4.100000,
4750,80035,CLINT,4751,31.48621896592720050000,-106.20134624347400600000,3.400000,3.400000,
4751,80036,FABENS,4752,31.54499949481279940000,-106.14961858719800600000,0.400000,0.400000,
4752,80037,EL PASO 32,4753,31.55194120732749850000,-106.13912222598000300000,0.750000,0.750000,
4753,80038,EL PASO 33,4754,31.57733643400419860000,-106.19134300966599900000,0.170000,0.170000,
4754,80039,TORNILLO,4755,31.43115502559239970000,-105.98159022542400000000,0.320000,0.320000,
4755,80040,EL PASO 34,4756,31.91791171279620090000,-105.93768558807400400000,0.089000,0.089000,
4756,80041,EL PASO 35,4757,31.91739320817270100000,-105.99095971361200000000,0.110000,0.110000,
4757,80042,FORT HANCOCK,4758,31.40093737140179900000,-105.97437339822700200000,0.076000,0.076000,
4758,80043,SIERRA BLANCA,4759,31.27090730139169850000,-105.23364094112299900000,0.150000,0.150000,
4759,80044,EL PASO 36,4760,31.75690000000000170000,-106.37500000000000000000,0.380000,0.380000,
4760,80045,EL PASO 37,4761,31.98358700000000000000,-106.43177699999999700000,0.026000,0.026000,
4761,80046,EL PASO 38,4762,31.97833299999999920000,-106.42749999999999500000,0.500000,0.500000,
