,BusNum,BusNum:1,LineCircuit,BranchDeviceType,LineStatus,NormLineStatus,SeriesCapStatus,LineMeter:1,LineXFType,XFAuto,XFRegBus,XFUseLDCRCC,XFRLDCRCC,XFXLDCRCC,XFRegMax,XFRegMin,XFRegTargetType,XFMVABase,XFNominalKV,XFNominalKV:1,LineR:1,LineX:1,LineG:1,LineC:1,XfrmerMagnetizingG:1,XfrmerMagnetizingB:1,XFFixedTap,XFFixedTap:1,XFTapMax:1,XFTapMin:1,XFStep:1,LineTap:1,LinePhase,XFTableNum,LineLength,LineMonEle,LSName,LineAMVA,LineAMVA:1,LineAMVA:2,LineAMVA:3,LineAMVA:4,LineAMVA:5,LineAMVA:6,LineAMVA:7,LineAMVA:8,LineAMVA:9,LineAMVA:10,LineAMVA:11,LineAMVA:12,LineAMVA:13,LineAMVA:14,OwnerNum,OwnPercent,OwnerNum:1,OwnPercent:1,OwnerNum:2,OwnPercent:2,OwnerNum:3,OwnPercent:3,OwnerNum:4,OwnPercent:4,OwnerNum:5,OwnPercent:5,OwnerNum:6,OwnPercent:6,OwnerNum:7,OwnPercent:7,EMSType,EMSDeviceID,EMSDeviceID:1,EMSType:1,EMSDeviceID:2,EMSDeviceID:3,DataMaintainerAssign,AllLabels
0,10013,10012,1,Transformer,Closed,Closed,NO,10013,Fixed,NO,10013,NO ,0.000000,0.000100,1.010000,0.990000,Middle,100.000000,138.000000,345.000000,0.000261,0.019344,0.000000,0.000000,0.000000,0.000000,1.000000,1.000000,1.100000,0.900000,0.006250,1.000000,0.000000,0,0.000000,YES,Default,473.627901,0.000000,0.000000,0.000000,0.000000,0.000000,0.000000,0.000000,0.000000,0.000000,0.000000,0.000000,0.000000,0.000000,0.000000,1,100.000000,,,,,,,,,,,,,,,,,,,,,,
1,10020,10019,1,Transformer,Closed,Closed,NO,10020,LTC,YES,10020,NO ,0.000000,0.000100,1.045000,1.010000,Middle,100.000000,138.000000,345.000000,0.000533,0.033552,0.000000,0.000000,0.000000,0.000000,1.000000,1.000000,1.100000,0.900000,0.006250,0.975000,0.000000,0,0.000000,YES,Default,445.045996,0.000000,0.000000,0.000000,0.000000,0.000000,0.000000,0.000000,0.000000,0.000000,0.000000,0.000000,0.000000,0.000000,0.000000,1,100.000000,,,,,,,,,,,,,,,,,,,,,,
2,10024,10023,1,Transformer,Closed,Closed,NO,10024,LTC,YES,10024,NO ,0.000000,0.000100,1.072000,1.022000,Middle,100.000000,138.000000,345.000000,0.000558,0.024885,0.000000,0.000000,0.000000,0.000000,1.000000,1.000000,1.100000,0.900000,0.006250,1.031250,0.000000,0,0.000000,YES,Default,465.767670,0.000000,0.000000,0.000000,0.000000,0.000000,0.000000,0.000000,0.000000,0.000000,0.000000,0.000000,0.000000,0.000000,0.000000,1,100.000000,,,,,,,,,,,,,,,,,,,,,,
3,10058,10057,1,Transformer,Closed,Closed,NO,10058,Fixed,NO,10058,NO ,0.000000,0.000100,1.010000,0.990000,Middle,100.000000,138.000000,345.000000,0.000543,0.025187,0.000000,0.000000,0.000000,0.000000,1.000000,1.000000,1.100000,0.900000,0.006250,1.000000,0.000000,0,0.000000,YES,Default,466.208601,0.000000,0.000000,0.000000,0.000000,0.000000,0.000000,0.000000,0.000000,0.000000,0.000000,0.000000,0.000000,0.000000,0.000000,1,100.000000,,,,,,,,,,,,,,,,,,,,,,
4,10128,10127,1,Transformer,Closed,Closed,NO,10128,Fixed,NO,10128,NO ,0.000000,0.000100,1.010000,0.990000,Middle,100.000000,138.000000,345.000000,0.000312,0.020028,0.000000,0.000000,0.000000,0.000000,1.000000,1.000000,1.100000,0.900000,0.006250,1.056250,0.000000,0,0.000000,YES,Default,562.170506,0.000000,0.000000,0.000000,0.000000,0.000000,0.000000,0.000000,0.000000,0.000000,0.000000,0.000000,0.000000,0.000000,0.000000,1,100.000000,,,,,,,,,,,,,,,,,,,,,,
5,10197,10196,1,Transformer,Closed,Closed,NO,10197,LTC,YES,10197,NO ,0.000000,0.000100,1.070000,1.020000,Middle,100.000000,138.000000,345.000000,0.000476,0.029957,0.000000,0.000000,0.000000,0.000000,1.000000,1.000000,1.100000,0.900000,0.006250,1.056250,0.000000,0,0.000000,YES,Default,499.643469,0.000000,0.000000,0.000000,0.000000,0.000000,0.000000,0.000000,0.000000,0.000000,0.000000,0.000000,0.000000,0.000000,0.000000,1,100.000000,,,,,,,,,,,,,,,,,,,,,,
6,10276,10275,1,Transformer,Closed,Closed,NO,10276,Fixed,NO,10276,NO ,0.000000,0.000100,1.010000,0.990000,Middle,100.000000,138.000000,345.000000,0.000351,0.019585,0.000000,0.000000,0.000000,0.000000,1.000000,1.000000,1.100000,0.900000,0.006250,1.000000,0.000000,0,0.000000,YES,Default,614.723587,0.000000,0.000000,0.000000,0.000000,0.000000,0.000000,0.000000,0.000000,0.000000,0.000000,0.000000,0.000000,0.000000,0.000000,1,100.000000,,,,,,,,,,,,,,,,,,,,,,
7,10276,10275,2,Transformer,Closed,Closed,NO,10276,Fixed,NO,10276,NO ,0.000000,0.000100,1.010000,0.990000,Middle,100.000000,138.000000,345.000000,0.000351,0.019585,0.000000,0.000000,0.000000,0.000000,1.000000,1.000000,1.100000,0.900000,0.006250,1.000000,0.000000,0,0.000000,YES,Default,614.723587,0.000000,0.000000,0.000000,0.000000,0.000000,0.000000,0.000000,0.000000,0.000000,0.000000,0.000000,0.000000,0.000000,0.000000,1,100.000000,,,,,,,,,,,,,,,,,,,,,,
8,10276,10275,3,Transformer,Closed,Closed,NO,10276,Fixed,NO,10276,NO ,0.000000,0.000100,1.010000,0.990000,Middle,100.000000,138.000000,345.000000,0.000351,0.019585,0.000000,0.000000,0.000000,0.000000,1.000000,1.000000,1.100000,0.900000,0.006250,1.000000,0.000000,0,0.000000,YES,Default,614.723587,0.000000,0.000000,0.000000,0.000000,0.000000,0.000000,0.000000,0.000000,0.000000,0.000000,0.000000,0.000000,0.000000,0.000000,1,100.000000,,,,,,,,,,,,,,,,,,,,,,
9,10331,10330,1,Transformer,Closed,Closed,NO,10331,LTC,YES,10331,NO ,0.000000,0.000100,1.062000,1.012000,Middle,100.000000,138.000000,345.000000,0.000370,0.024663,0.000000,0.000000,0.000000,0.000000,1.000000,1.000000,1.100000,0.900000,0.006250,1.100000,0.000000,0,0.000000,YES,Default,594.298887,0.000000,0.000000,0.000000,0.000000,0.000000,0.000000,0.000000,0.000000,0.000000,0.000000,0.000000,0.000000,0.000000,0.000000,1,100.000000,,,,,,,,,,,,,,,,,,,,,,
10,10331,10330,2,Transformer,Closed,Closed,NO,10331,LTC,YES,10331,NO ,0.000000,0.000100,1.062000,1.012000,Middle,100.000000,138.000000,345.000000,0.000370,0.024663,0.000000,0.000000,0.000000,0.000000,1.000000,1.000000,1.100000,0.900000,0.006250,1.100000,0.000000,0,0.000000,YES,Default,594.298887,0.000000,0.000000,0.000000,0.000000,0.000000,0.000000,0.000000,0.000000,0.000000,0.000000,0.000000,0.000000,0.000000,0.000000,1,100.000000,,,,,,,,,,,,,,,,,,,,,,
11,10331,10330,3,Transformer,Closed,Closed,NO,10331,Fixed,NO,10331,NO ,0.000000,0.000100,1.010000,0.990000,Middle,100.000000,138.000000,345.000000,0.000370,0.024663,0.000000,0.000000,0.000000,0.000000,1.000000,1.000000,1.100000,0.900000,0.006250,1.018750,0.000000,0,0.000000,YES,Default,594.298887,0.000000,0.000000,0.000000,0.000000,0.000000,0.000000,0.000000,0.000000,0.000000,0.000000,0.000000,0.000000,0.000000,0.000000,1,100.000000,,,,,,,,,,,,,,,,,,,,,,
12,10334,10333,1,Transformer,Closed,Closed,NO,10334,Fixed,NO,10334,NO ,0.000000,0.000100,1.010000,0.990000,Middle,100.000000,138.000000,345.000000,0.000363,0.028297,0.000000,0.000000,0.000000,0.000000,1.000000,1.000000,1.100000,0.900000,0.006250,1.000000,0.000000,0,0.000000,YES,Default,509.387445,0.000000,0.000000,0.000000,0.000000,0.000000,0.000000,0.000000,0.000000,0.000000,0.000000,0.000000,0.000000,0.000000,0.000000,1,100.000000,,,,,,,,,,,,,,,,,,,,,,
13,10370,10369,1,Transformer,Closed,Closed,NO,10370,Fixed,NO,10370,NO ,0.000000,0.000100,1.010000,0.990000,Middle,100.000000,138.000000,345.000000,0.000216,0.014471,0.000000,0.000000,0.000000,0.000000,1.000000,1.000000,1.100000,0.900000,0.006250,1.000000,0.000000,0,0.000000,YES,Default,552.872181,0.000000,0.000000,0.000000,0.000000,0.000000,0.000000,0.000000,0.000000,0.000000,0.000000,0.000000,0.000000,0.000000,0.000000,1,100.000000,,,,,,,,,,,,,,,,,,,,,,
14,10415,10414,1,Transformer,Closed,Closed,NO,10415,Fixed,NO,10415,NO ,0.000000,0.000100,1.010000,0.990000,Middle,100.000000,138.000000,345.000000,0.000783,0.032030,0.000000,0.000000,0.000000,0.000000,1.000000,1.000000,1.100000,0.900000,0.006250,1.000000,0.000000,0,0.000000,YES,Default,537.755585,0.000000,0.000000,0.000000,0.000000,0.000000,0.000000,0.000000,0.000000,0.000000,0.000000,0.000000,0.000000,0.000000,0.000000,1,100.000000,,,,,,,,,,,,,,,,,,,,,,
15,10428,10427,1,Transformer,Closed,Closed,NO,10428,Fixed,NO,10428,NO ,0.000000,0.000100,1.010000,0.990000,Middle,100.000000,138.000000,345.000000,0.000547,0.024233,0.000000,0.000000,0.000000,0.000000,1.000000,1.000000,1.100000,0.900000,0.006250,1.056250,0.000000,0,0.000000,YES,Default,483.764982,0.000000,0.000000,0.000000,0.000000,0.000000,0.000000,0.000000,0.000000,0.000000,0.000000,0.000000,0.000000,0.000000,0.000000,1,100.000000,,,,,,,,,,,,,,,,,,,,,,
16,10433,10432,1,Transformer,Closed,Closed,NO,10433,Fixed,NO,10433,NO ,0.000000,0.000100,1.010000,0.990000,Middle,100.000000,138.000000,345.000000,0.000265,0.019062,0.000000,0.000000,0.000000,0.000000,1.000000,1.000000,1.100000,0.900000,0.006250,1.012500,0.000000,0,0.000000,YES,Default,509.572315,0.000000,0.000000,0.000000,0.000000,0.000000,0.000000,0.000000,0.000000,0.000000,0.000000,0.000000,0.000000,0.000000,0.000000,1,100.000000,,,,,,,,,,,,,,,,,,,,,,
17,10460,10459,1,Transformer,Closed,Closed,NO,10460,Fixed,NO,10460,NO ,0.000000,0.000100,1.010000,0.990000,Middle,100.000000,138.000000,345.000000,0.000165,0.010577,0.000000,0.000000,0.000000,0.000000,1.000000,1.000000,1.100000,0.900000,0.006250,1.025000,0.000000,0,0.000000,YES,Default,650.114059,0.000000,0.000000,0.000000,0.000000,0.000000,0.000000,0.000000,0.000000,0.000000,0.000000,0.000000,0.000000,0.000000,0.000000,1,100.000000,,,,,,,,,,,,,,,,,,,,,,
18,10460,10459,2,Transformer,Closed,Closed,NO,10460,Fixed,NO,10460,NO ,0.000000,0.000100,1.010000,0.990000,Middle,100.000000,138.000000,345.000000,0.000165,0.010577,0.000000,0.000000,0.000000,0.000000,1.000000,1.000000,1.100000,0.900000,0.006250,1.025000,0.000000,0,0.000000,YES,Default,650.114059,0.000000,0.000000,0.000000,0.000000,0.000000,0.000000,0.000000,0.000000,0.000000,0.000000,0.000000,0.000000,0.000000,0.000000,1,100.000000,,,,,,,,,,,,,,,,,,,,,,
19,10460,10459,3,Transformer,Closed,Closed,NO,10460,LTC,YES,10460,NO ,0.000000,0.000100,1.071000,1.021000,Middle,100.000000,138.000000,345.000000,0.000165,0.010577,0.000000,0.000000,0.000000,0.000000,1.000000,1.000000,1.100000,0.900000,0.006250,1.100000,0.000000,0,0.000000,YES,Default,800.000000,0.000000,0.000000,0.000000,0.000000,0.000000,0.000000,0.000000,0.000000,0.000000,0.000000,0.000000,0.000000,0.000000,0.000000,1,100.000000,,,,,,,,,,,,,,,,,,,,,,
20,10460,10459,4,Transformer,Closed,Closed,NO,10460,Fixed,NO,10460,NO ,0.000000,0.000100,1.010000,0.990000,Middle,100.000000,138.000000,345.000000,0.000165,0.010577,0.000000,0.000000,0.000000,0.000000,1.000000,1.000000,1.100000,0.900000,0.006250,1.025000,0.000000,0,0.000000,YES,Default,650.114059,0.000000,0.000000,0.000000,0.000000,0.000000,0.000000,0.000000,0.000000,0.000000,0.000000,0.000000,0.000000,0.000000,0.000000,1,100.000000,,,,,,,,,,,,,,,,,,,,,,
21,10463,10462,1,Transformer,Closed,Closed,NO,10463,Fixed,NO,10463,NO ,0.000000,0.000100,1.010000,0.990000,Middle,100.000000,138.000000,345.000000,0.000287,0.014033,0.000000,0.000000,0.000000,0.000000,1.000000,1.000000,1.100000,0.900000,0.006250,1.000000,0.000000,0,0.000000,YES,Default,641.961718,0.000000,0.000000,0.000000,0.000000,0.000000,0.000000,0.000000,0.000000,0.000000,0.000000,0.000000,0.000000,0.000000,0.000000,1,100.000000,,,,,,,,,,,,,,,,,,,,,,
22,10463,10462,2,Transformer,Closed,Closed,NO,10463,Fixed,NO,10463,NO ,0.000000,0.000100,1.010000,0.990000,Middle,100.000000,138.000000,345.000000,0.000287,0.014033,0.000000,0.000000,0.000000,0.000000,1.000000,1.000000,1.100000,0.900000,0.006250,1.000000,0.000000,0,0.000000,YES,Default,641.961718,0.000000,0.000000,0.000000,0.000000,0.000000,0.000000,0.000000,0.000000,0.000000,0.000000,0.000000,0.000000,0.000000,0.000000,1,100.000000,,,,,,,,,,,,,,,,,,,,,,
23,10463,10462,3,Transformer,Closed,Closed,NO,10463,Fixed,NO,10463,NO ,0.000000,0.000100,1.010000,0.990000,Middle,100.000000,138.000000,345.000000,0.000287,0.014033,0.000000,0.000000,0.000000,0.000000,1.000000,1.000000,1.100000,0.900000,0.006250,1.000000,0.000000,0,0.000000,YES,Default,641.961718,0.000000,0.000000,0.000000,0.000000,0.000000,0.000000,0.000000,0.000000,0.000000,0.000000,0.000000,0.000000,0.000000,0.000000,1,100.000000,,,,,,,,,,,,,,,,,,,,,,
24,10469,10468,1,Transformer,Closed,Closed,NO,10469,Fixed,NO,10469,NO ,0.000000,0.000100,1.010000,0.990000,Middle,100.000000,138.000000,345.000000,0.000622,0.033417,0.000000,0.000000,0.000000,0.000000,1.000000,1.000000,1.100000,0.900000,0.006250,1.037500,0.000000,0,0.000000,YES,Default,501.692581,0.000000,0.000000,0.000000,0.000000,0.000000,0.000000,0.000000,0.000000,0.000000,0.000000,0.000000,0.000000,0.000000,0.000000,1,100.000000,,,,,,,,,,,,,,,,,,,,,,
25,10535,10534,1,Transformer,Closed,Closed,NO,10535,LTC,YES,10535,NO ,0.000000,0.000100,1.060000,1.010000,Middle,100.000000,138.000000,345.000000,0.000780,0.040684,0.000000,0.000000,0.000000,0.000000,1.000000,1.000000,1.100000,0.900000,0.006250,1.031250,0.000000,0,0.000000,YES,Default,462.347984,0.000000,0.000000,0.000000,0.000000,0.000000,0.000000,0.000000,0.000000,0.000000,0.000000,0.000000,0.000000,0.000000,0.000000,1,100.000000,,,,,,,,,,,,,,,,,,,,,,
26,10587,10586,1,Transformer,Closed,Closed,NO,10587,LTC,YES,10587,NO ,0.000000,0.000100,1.075000,1.025000,Middle,100.000000,138.000000,345.000000,0.000611,0.026059,0.000000,0.000000,0.000000,0.000000,1.000000,1.000000,1.100000,0.900000,0.006250,1.012500,0.000000,0,0.000000,YES,Default,424.514246,0.000000,0.000000,0.000000,0.000000,0.000000,0.000000,0.000000,0.000000,0.000000,0.000000,0.000000,0.000000,0.000000,0.000000,1,100.000000,,,,,,,,,,,,,,,,,,,,,,
27,10662,10661,1,Transformer,Closed,Closed,NO,10662,Fixed,NO,10662,NO ,0.000000,0.000100,1.010000,0.990000,Middle,100.000000,138.000000,345.000000,0.000381,0.026172,0.000000,0.000000,0.000000,0.000000,1.000000,1.000000,1.100000,0.900000,0.006250,1.081250,0.000000,0,0.000000,YES,Default,521.117258,0.000000,0.000000,0.000000,0.000000,0.000000,0.000000,0.000000,0.000000,0.000000,0.000000,0.000000,0.000000,0.000000,0.000000,1,100.000000,,,,,,,,,,,,,,,,,,,,,,
28,10681,10680,1,Transformer,Closed,Closed,NO,10681,Fixed,NO,10681,NO ,0.000000,0.000100,1.010000,0.990000,Middle,100.000000,345.000000,765.000000,0.000117,0.008837,0.000000,0.000000,0.000000,0.000000,1.000000,1.000000,1.100000,0.900000,0.006250,1.000000,0.000000,0,0.000000,YES,Default,1409.300995,0.000000,0.000000,0.000000,0.000000,0.000000,0.000000,0.000000,0.000000,0.000000,0.000000,0.000000,0.000000,0.000000,0.000000,1,100.000000,,,,,,,,,,,,,,,,,,,,,,
29,10680,10683,1,Transformer,Closed,Closed,NO,10680,Fixed,NO,10680,NO ,0.000000,0.000100,1.010000,0.990000,Middle,100.000000,765.000000,18.000000,0.000097,0.008845,0.000000,0.000000,0.000000,0.000000,1.000000,1.000000,1.100000,0.900000,0.006250,1.000000,0.000000,0,0.000000,YES,Default,1374.961090,0.000000,0.000000,0.000000,0.000000,0.000000,0.000000,0.000000,0.000000,0.000000,0.000000,0.000000,0.000000,0.000000,0.000000,1,100.000000,,,,,,,,,,,,,,,,,,,,,,
30,10680,10684,1,Transformer,Closed,Closed,NO,10680,Fixed,NO,10680,NO ,0.000000,0.000100,1.010000,0.990000,Middle,100.000000,765.000000,20.000000,0.000110,0.009473,0.000000,0.000000,0.000000,0.000000,1.000000,1.000000,1.100000,0.900000,0.006250,1.031250,0.000000,0,0.000000,YES,Default,1371.622753,0.000000,0.000000,0.000000,0.000000,0.000000,0.000000,0.000000,0.000000,0.000000,0.000000,0.000000,0.000000,0.000000,0.000000,1,100.000000,,,,,,,,,,,,,,,,,,,,,,
31,10680,10685,1,Transformer,Closed,Closed,NO,10680,Fixed,NO,10680,NO ,0.000000,0.000100,1.010000,0.990000,Middle,100.000000,765.000000,13.800000,0.000114,0.009549,0.000000,0.000000,0.000000,0.000000,1.000000,1.000000,1.100000,0.900000,0.006250,1.031250,0.000000,0,0.000000,YES,Default,1369.651699,0.000000,0.000000,0.000000,0.000000,0.000000,0.000000,0.000000,0.000000,0.000000,0.000000,0.000000,0.000000,0.000000,0.000000,1,100.000000,,,,,,,,,,,,,,,,,,,,,,
32,10680,10686,1,Transformer,Closed,Closed,NO,10680,Fixed,NO,10680,NO ,0.000000,0.000100,1.010000,0.990000,Middle,100.000000,765.000000,13.800000,0.000075,0.006805,0.000000,0.000000,0.000000,0.000000,1.000000,1.000000,1.100000,0.900000,0.006250,1.000000,0.000000,0,0.000000,YES,Default,1369.554615,0.000000,0.000000,0.000000,0.000000,0.000000,0.000000,0.000000,0.000000,0.000000,0.000000,0.000000,0.000000,0.000000,0.000000,1,100.000000,,,,,,,,,,,,,,,,,,,,,,
33,10680,10687,1,Transformer,Closed,Closed,NO,10680,Fixed,NO,10680,NO ,0.000000,0.000100,1.010000,0.990000,Middle,100.000000,765.000000,13.200000,0.000094,0.007209,0.000000,0.000000,0.000000,0.000000,1.000000,1.000000,1.100000,0.900000,0.006250,1.031250,0.000000,0,0.000000,YES,Default,1369.408417,0.000000,0.000000,0.000000,0.000000,0.000000,0.000000,0.000000,0.000000,0.000000,0.000000,0.000000,0.000000,0.000000,0.000000,1,100.000000,,,,,,,,,,,,,,,,,,,,,,
34,10680,10688,1,Transformer,Closed,Closed,NO,10680,Fixed,NO,10680,NO ,0.000000,0.000100,1.010000,0.990000,Middle,100.000000,765.000000,13.800000,0.000144,0.010392,0.000000,0.000000,0.000000,0.000000,1.000000,1.000000,1.100000,0.900000,0.006250,1.031250,0.000000,0,0.000000,YES,Default,1368.199539,0.000000,0.000000,0.000000,0.000000,0.000000,0.000000,0.000000,0.000000,0.000000,0.000000,0.000000,0.000000,0.000000,0.000000,1,100.000000,,,,,,,,,,,,,,,,,,,,,,
35,10682,10681,1,Transformer,Closed,Closed,NO,10682,LTC,YES,10682,NO ,0.000000,0.000100,1.072000,1.022000,Middle,100.000000,138.000000,345.000000,0.000377,0.024336,0.000000,0.000000,0.000000,0.000000,1.000000,1.000000,1.100000,0.900000,0.006250,1.006250,0.000000,0,0.000000,YES,Default,427.607346,0.000000,0.000000,0.000000,0.000000,0.000000,0.000000,0.000000,0.000000,0.000000,0.000000,0.000000,0.000000,0.000000,0.000000,1,100.000000,,,,,,,,,,,,,,,,,,,,,,
36,10681,10689,1,Transformer,Closed,Closed,NO,10681,Fixed,NO,10681,NO ,0.000000,0.000100,1.010000,0.990000,Middle,100.000000,345.000000,24.000000,0.000751,0.047881,0.000000,0.000000,0.000000,0.000000,1.000000,1.000000,1.100000,0.900000,0.006250,1.043750,0.000000,0,0.000000,YES,Default,246.758580,0.000000,0.000000,0.000000,0.000000,0.000000,0.000000,0.000000,0.000000,0.000000,0.000000,0.000000,0.000000,0.000000,0.000000,1,100.000000,,,,,,,,,,,,,,,,,,,,,,
37,10690,10691,1,Transformer,Closed,Closed,NO,10690,Fixed,NO,10690,NO ,0.000000,0.000100,1.010000,0.990000,Middle,100.000000,138.000000,13.800000,0.003387,0.099890,0.000000,0.000000,0.000000,0.000000,1.000000,1.000000,1.100000,0.900000,0.006250,1.062500,0.000000,0,0.000000,YES,Default,128.569996,0.000000,0.000000,0.000000,0.000000,0.000000,0.000000,0.000000,0.000000,0.000000,0.000000,0.000000,0.000000,0.000000,0.000000,1,100.000000,,,,,,,,,,,,,,,,,,,,,,
38,10698,10697,1,Transformer,Closed,Closed,NO,10698,Fixed,NO,10698,NO ,0.000000,0.000100,1.010000,0.990000,Middle,100.000000,138.000000,345.000000,0.000671,0.041763,0.000000,0.000000,0.000000,0.000000,1.000000,1.000000,1.100000,0.900000,0.006250,1.000000,0.000000,0,0.000000,YES,Default,411.669159,0.000000,0.000000,0.000000,0.000000,0.000000,0.000000,0.000000,0.000000,0.000000,0.000000,0.000000,0.000000,0.000000,0.000000,1,100.000000,,,,,,,,,,,,,,,,,,,,,,
39,10697,10699,1,Transformer,Closed,Closed,NO,10697,Fixed,NO,10697,NO ,0.000000,0.000100,1.010000,0.990000,Middle,100.000000,345.000000,13.800000,0.000728,0.041443,0.000000,0.000000,0.000000,0.000000,1.000000,1.000000,1.100000,0.900000,0.006250,1.031250,0.000000,0,0.000000,YES,Default,420.328617,0.000000,0.000000,0.000000,0.000000,0.000000,0.000000,0.000000,0.000000,0.000000,0.000000,0.000000,0.000000,0.000000,0.000000,1,100.000000,,,,,,,,,,,,,,,,,,,,,,
40,10702,10703,1,Transformer,Closed,Closed,NO,10702,Fixed,NO,10702,NO ,0.000000,0.000100,1.010000,0.990000,Middle,100.000000,138.000000,18.000000,0.002458,0.078799,0.000000,0.000000,0.000000,0.000000,1.000000,1.000000,1.100000,0.900000,0.006250,1.000000,0.000000,0,0.000000,YES,Default,177.190006,0.000000,0.000000,0.000000,0.000000,0.000000,0.000000,0.000000,0.000000,0.000000,0.000000,0.000000,0.000000,0.000000,0.000000,1,100.000000,,,,,,,,,,,,,,,,,,,,,,
41,10708,10707,1,Transformer,Closed,Closed,NO,10708,LTC,YES,10708,NO ,0.000000,0.000100,1.077000,1.027000,Middle,100.000000,345.000000,765.000000,0.000122,0.008910,0.000000,0.000000,0.000000,0.000000,1.000000,1.000000,1.100000,0.900000,0.006250,1.012500,0.000000,0,0.000000,YES,Default,1500.226498,0.000000,0.000000,0.000000,0.000000,0.000000,0.000000,0.000000,0.000000,0.000000,0.000000,0.000000,0.000000,0.000000,0.000000,1,100.000000,,,,,,,,,,,,,,,,,,,,,,
42,10707,10710,1,Transformer,Closed,Closed,NO,10707,Fixed,NO,10707,NO ,0.000000,0.000100,1.010000,0.990000,Middle,100.000000,765.000000,13.800000,0.000128,0.010770,0.000000,0.000000,0.000000,0.000000,1.000000,1.000000,1.100000,0.900000,0.006250,1.018750,0.000000,0,0.000000,YES,Default,1518.589687,0.000000,0.000000,0.000000,0.000000,0.000000,0.000000,0.000000,0.000000,0.000000,0.000000,0.000000,0.000000,0.000000,0.000000,1,100.000000,,,,,,,,,,,,,,,,,,,,,,
43,10707,10711,1,Transformer,Closed,Closed,NO,10707,Fixed,NO,10707,NO ,0.000000,0.000100,1.010000,0.990000,Middle,100.000000,765.000000,13.800000,0.000098,0.007513,0.000000,0.000000,0.000000,0.000000,1.000000,1.000000,1.100000,0.900000,0.006250,1.018750,0.000000,0,0.000000,YES,Default,1517.030716,0.000000,0.000000,0.000000,0.000000,0.000000,0.000000,0.000000,0.000000,0.000000,0.000000,0.000000,0.000000,0.000000,0.000000,1,100.000000,,,,,,,,,,,,,,,,,,,,,,
44,10707,10712,1,Transformer,Closed,Closed,NO,10707,Fixed,NO,10707,NO ,0.000000,0.000100,1.010000,0.990000,Middle,100.000000,765.000000,13.800000,0.000131,0.009968,0.000000,0.000000,0.000000,0.000000,1.000000,1.000000,1.100000,0.900000,0.006250,1.018750,0.000000,0,0.000000,YES,Default,1515.266228,0.000000,0.000000,0.000000,0.000000,0.000000,0.000000,0.000000,0.000000,0.000000,0.000000,0.000000,0.000000,0.000000,0.000000,1,100.000000,,,,,,,,,,,,,,,,,,,,,,
45,10707,10713,1,Transformer,Closed,Closed,NO,10707,Fixed,NO,10707,NO ,0.000000,0.000100,1.010000,0.990000,Middle,100.000000,765.000000,18.000000,0.000084,0.006774,0.000000,0.000000,0.000000,0.000000,1.000000,1.000000,1.100000,0.900000,0.006250,1.018750,0.000000,0,0.000000,YES,Default,1513.228798,0.000000,0.000000,0.000000,0.000000,0.000000,0.000000,0.000000,0.000000,0.000000,0.000000,0.000000,0.000000,0.000000,0.000000,1,100.000000,,,,,,,,,,,,,,,,,,,,,,
46,10707,10714,1,Transformer,Closed,Closed,NO,10707,Fixed,NO,10707,NO ,0.000000,0.000100,1.010000,0.990000,Middle,100.000000,765.000000,18.000000,0.000091,0.007524,0.000000,0.000000,0.000000,0.000000,1.000000,1.000000,1.100000,0.900000,0.006250,1.000000,0.000000,0,0.000000,YES,Default,1509.966660,0.000000,0.000000,0.000000,0.000000,0.000000,0.000000,0.000000,0.000000,0.000000,0.000000,0.000000,0.000000,0.000000,0.000000,1,100.000000,,,,,,,,,,,,,,,,,,,,,,
47,10707,10715,1,Transformer,Closed,Closed,NO,10707,Fixed,NO,10707,NO ,0.000000,0.000100,1.010000,0.990000,Middle,100.000000,765.000000,13.800000,0.000050,0.003603,0.000000,0.000000,0.000000,0.000000,1.000000,1.000000,1.100000,0.900000,0.006250,1.012500,0.000000,0,0.000000,YES,Default,1505.341244,0.000000,0.000000,0.000000,0.000000,0.000000,0.000000,0.000000,0.000000,0.000000,0.000000,0.000000,0.000000,0.000000,0.000000,1,100.000000,,,,,,,,,,,,,,,,,,,,,,
48,10709,10708,1,Transformer,Closed,Closed,NO,10709,Fixed,NO,10709,NO ,0.000000,0.000100,1.010000,0.990000,Middle,100.000000,138.000000,345.000000,0.000443,0.028940,0.000000,0.000000,0.000000,0.000000,1.000000,1.000000,1.100000,0.900000,0.006250,1.006250,0.000000,0,0.000000,YES,Default,522.313929,0.000000,0.000000,0.000000,0.000000,0.000000,0.000000,0.000000,0.000000,0.000000,0.000000,0.000000,0.000000,0.000000,0.000000,1,100.000000,,,,,,,,,,,,,,,,,,,,,,
49,10718,10717,1,Transformer,Closed,Closed,NO,10718,Fixed,NO,10718,NO ,0.000000,0.000100,1.010000,0.990000,Middle,100.000000,345.000000,765.000000,0.000083,0.007694,0.000000,0.000000,0.000000,0.000000,1.000000,1.000000,1.100000,0.900000,0.006250,1.000000,0.000000,0,0.000000,YES,Default,1453.128147,0.000000,0.000000,0.000000,0.000000,0.000000,0.000000,0.000000,0.000000,0.000000,0.000000,0.000000,0.000000,0.000000,0.000000,1,100.000000,,,,,,,,,,,,,,,,,,,,,,
50,10717,10722,1,Transformer,Closed,Closed,NO,10717,Fixed,NO,10717,NO ,0.000000,0.000100,1.010000,0.990000,Middle,100.000000,765.000000,22.000000,0.000119,0.010190,0.000000,0.000000,0.000000,0.000000,1.000000,1.000000,1.100000,0.900000,0.006250,1.000000,0.000000,0,0.000000,YES,Default,1223.714828,0.000000,0.000000,0.000000,0.000000,0.000000,0.000000,0.000000,0.000000,0.000000,0.000000,0.000000,0.000000,0.000000,0.000000,1,100.000000,,,,,,,,,,,,,,,,,,,,,,
51,10717,10723,1,Transformer,Closed,Closed,NO,10717,Fixed,NO,10717,NO ,0.000000,0.000100,1.010000,0.990000,Middle,100.000000,765.000000,20.000000,0.000115,0.009029,0.000000,0.000000,0.000000,0.000000,1.000000,1.000000,1.100000,0.900000,0.006250,1.037500,0.000000,0,0.000000,YES,Default,1223.220730,0.000000,0.000000,0.000000,0.000000,0.000000,0.000000,0.000000,0.000000,0.000000,0.000000,0.000000,0.000000,0.000000,0.000000,1,100.000000,,,,,,,,,,,,,,,,,,,,,,
52,10717,10724,1,Transformer,Closed,Closed,NO,10717,Fixed,NO,10717,NO ,0.000000,0.000100,1.010000,0.990000,Middle,100.000000,765.000000,18.000000,0.000153,0.011674,0.000000,0.000000,0.000000,0.000000,1.000000,1.000000,1.100000,0.900000,0.006250,1.037500,0.000000,0,0.000000,YES,Default,1221.951103,0.000000,0.000000,0.000000,0.000000,0.000000,0.000000,0.000000,0.000000,0.000000,0.000000,0.000000,0.000000,0.000000,0.000000,1,100.000000,,,,,,,,,,,,,,,,,,,,,,
53,10717,10725,1,Transformer,Closed,Closed,NO,10717,Fixed,NO,10717,NO ,0.000000,0.000100,1.010000,0.990000,Middle,100.000000,765.000000,13.800000,0.000201,0.013611,0.000000,0.000000,0.000000,0.000000,1.000000,1.000000,1.100000,0.900000,0.006250,1.037500,0.000000,0,0.000000,YES,Default,1216.907406,0.000000,0.000000,0.000000,0.000000,0.000000,0.000000,0.000000,0.000000,0.000000,0.000000,0.000000,0.000000,0.000000,0.000000,1,100.000000,,,,,,,,,,,,,,,,,,,,,,
54,10717,10726,1,Transformer,Closed,Closed,NO,10717,Fixed,NO,10717,NO ,0.000000,0.000100,1.010000,0.990000,Middle,100.000000,765.000000,18.000000,0.000190,0.014406,0.000000,0.000000,0.000000,0.000000,1.000000,1.000000,1.100000,0.900000,0.006250,1.037500,0.000000,0,0.000000,YES,Default,1216.819286,0.000000,0.000000,0.000000,0.000000,0.000000,0.000000,0.000000,0.000000,0.000000,0.000000,0.000000,0.000000,0.000000,0.000000,1,100.000000,,,,,,,,,,,,,,,,,,,,,,
55,10717,10727,1,Transformer,Closed,Closed,NO,10717,Fixed,NO,10717,NO ,0.000000,0.000100,1.010000,0.990000,Middle,100.000000,765.000000,13.800000,0.000114,0.010215,0.000000,0.000000,0.000000,0.000000,1.000000,1.000000,1.100000,0.900000,0.006250,1.000000,0.000000,0,0.000000,YES,Default,1216.069031,0.000000,0.000000,0.000000,0.000000,0.000000,0.000000,0.000000,0.000000,0.000000,0.000000,0.000000,0.000000,0.000000,0.000000,1,100.000000,,,,,,,,,,,,,,,,,,,,,,
56,10729,10728,1,Transformer,Closed,Closed,NO,10729,LTC,YES,10729,NO ,0.000000,0.000100,1.060000,1.010000,Middle,100.000000,138.000000,345.000000,0.000587,0.030543,0.000000,0.000000,0.000000,0.000000,1.000000,1.000000,1.100000,0.900000,0.006250,1.050000,0.000000,0,0.000000,YES,Default,472.203350,0.000000,0.000000,0.000000,0.000000,0.000000,0.000000,0.000000,0.000000,0.000000,0.000000,0.000000,0.000000,0.000000,0.000000,1,100.000000,,,,,,,,,,,,,,,,,,,,,,
57,10735,10734,1,Transformer,Closed,Closed,NO,10735,LTC,YES,10735,NO ,0.000000,0.000100,1.071000,1.021000,Middle,100.000000,345.000000,765.000000,0.000071,0.006325,0.000000,0.000000,0.000000,0.000000,1.000000,1.000000,1.100000,0.900000,0.006250,1.100000,0.000000,0,0.000000,YES,Default,1777.253532,0.000000,0.000000,0.000000,0.000000,0.000000,0.000000,0.000000,0.000000,0.000000,0.000000,0.000000,0.000000,0.000000,0.000000,1,100.000000,,,,,,,,,,,,,,,,,,,,,,
58,10735,10734,2,Transformer,Closed,Closed,NO,10735,Fixed,NO,10735,NO ,0.000000,0.000100,1.010000,0.990000,Middle,100.000000,345.000000,765.000000,0.000071,0.006325,0.000000,0.000000,0.000000,0.000000,1.000000,1.000000,1.100000,0.900000,0.006250,1.012500,0.000000,0,0.000000,YES,Default,1777.253532,0.000000,0.000000,0.000000,0.000000,0.000000,0.000000,0.000000,0.000000,0.000000,0.000000,0.000000,0.000000,0.000000,0.000000,1,100.000000,,,,,,,,,,,,,,,,,,,,,,
59,10735,10734,3,Transformer,Closed,Closed,NO,10735,Fixed,NO,10735,NO ,0.000000,0.000100,1.010000,0.990000,Middle,100.000000,345.000000,765.000000,0.000071,0.006325,0.000000,0.000000,0.000000,0.000000,1.000000,1.000000,1.100000,0.900000,0.006250,1.012500,0.000000,0,0.000000,YES,Default,1777.253532,0.000000,0.000000,0.000000,0.000000,0.000000,0.000000,0.000000,0.000000,0.000000,0.000000,0.000000,0.000000,0.000000,0.000000,1,100.000000,,,,,,,,,,,,,,,,,,,,,,
60,10734,10737,1,Transformer,Closed,Closed,NO,10734,Fixed,NO,10734,NO ,0.000000,0.000100,1.010000,0.990000,Middle,100.000000,765.000000,24.000000,0.000103,0.007900,0.000000,0.000000,0.000000,0.000000,1.000000,1.000000,1.100000,0.900000,0.006250,1.000000,0.000000,0,0.000000,YES,Default,1367.625999,0.000000,0.000000,0.000000,0.000000,0.000000,0.000000,0.000000,0.000000,0.000000,0.000000,0.000000,0.000000,0.000000,0.000000,1,100.000000,,,,,,,,,,,,,,,,,,,,,,
61,10734,10738,1,Transformer,Closed,Closed,NO,10734,Fixed,NO,10734,NO ,0.000000,0.000100,1.010000,0.990000,Middle,100.000000,765.000000,13.800000,0.000094,0.008084,0.000000,0.000000,0.000000,0.000000,1.000000,1.000000,1.100000,0.900000,0.006250,1.000000,0.000000,0,0.000000,YES,Default,1366.920567,0.000000,0.000000,0.000000,0.000000,0.000000,0.000000,0.000000,0.000000,0.000000,0.000000,0.000000,0.000000,0.000000,0.000000,1,100.000000,,,,,,,,,,,,,,,,,,,,,,
62,10736,10735,1,Transformer,Closed,Closed,NO,10736,Fixed,NO,10736,NO ,0.000000,0.000100,1.010000,0.990000,Middle,100.000000,138.000000,345.000000,0.000470,0.032143,0.000000,0.000000,0.000000,0.000000,1.000000,1.000000,1.100000,0.900000,0.006250,1.031250,0.000000,0,0.000000,YES,Default,635.960388,0.000000,0.000000,0.000000,0.000000,0.000000,0.000000,0.000000,0.000000,0.000000,0.000000,0.000000,0.000000,0.000000,0.000000,1,100.000000,,,,,,,,,,,,,,,,,,,,,,
63,10736,10735,2,Transformer,Closed,Closed,NO,10736,LTC,YES,10736,NO ,0.000000,0.000100,1.068000,1.018000,Middle,100.000000,138.000000,345.000000,0.000470,0.032143,0.000000,0.000000,0.000000,0.000000,1.000000,1.000000,1.100000,0.900000,0.006250,1.031250,0.000000,0,0.000000,YES,Default,635.960388,0.000000,0.000000,0.000000,0.000000,0.000000,0.000000,0.000000,0.000000,0.000000,0.000000,0.000000,0.000000,0.000000,0.000000,1,100.000000,,,,,,,,,,,,,,,,,,,,,,
64,10736,10735,3,Transformer,Closed,Closed,NO,10736,LTC,YES,10736,NO ,0.000000,0.000100,1.068000,1.018000,Middle,100.000000,138.000000,345.000000,0.000470,0.032143,0.000000,0.000000,0.000000,0.000000,1.000000,1.000000,1.100000,0.900000,0.006250,1.031250,0.000000,0,0.000000,YES,Default,635.960388,0.000000,0.000000,0.000000,0.000000,0.000000,0.000000,0.000000,0.000000,0.000000,0.000000,0.000000,0.000000,0.000000,0.000000,1,100.000000,,,,,,,,,,,,,,,,,,,,,,
65,10740,10739,1,Transformer,Closed,Closed,NO,10740,Fixed,NO,10740,NO ,0.000000,0.000100,1.010000,0.990000,Middle,100.000000,345.000000,765.000000,0.000142,0.009907,0.000000,0.000000,0.000000,0.000000,1.000000,1.000000,1.100000,0.900000,0.006250,1.000000,0.000000,0,0.000000,YES,Default,1461.788464,0.000000,0.000000,0.000000,0.000000,0.000000,0.000000,0.000000,0.000000,0.000000,0.000000,0.000000,0.000000,0.000000,0.000000,1,100.000000,,,,,,,,,,,,,,,,,,,,,,
66,10739,10742,1,Transformer,Closed,Closed,NO,10739,Fixed,NO,10739,NO ,0.000000,0.000100,1.010000,0.990000,Middle,100.000000,765.000000,20.000000,0.000100,0.006783,0.000000,0.000000,0.000000,0.000000,1.000000,1.000000,1.100000,0.900000,0.006250,1.000000,0.000000,0,0.000000,YES,Default,1100.748158,0.000000,0.000000,0.000000,0.000000,0.000000,0.000000,0.000000,0.000000,0.000000,0.000000,0.000000,0.000000,0.000000,0.000000,1,100.000000,,,,,,,,,,,,,,,,,,,,,,
67,10739,10743,1,Transformer,Closed,Closed,NO,10739,Fixed,NO,10739,NO ,0.000000,0.000100,1.010000,0.990000,Middle,100.000000,765.000000,22.000000,0.000148,0.009913,0.000000,0.000000,0.000000,0.000000,1.000000,1.000000,1.100000,0.900000,0.006250,1.000000,0.000000,0,0.000000,YES,Default,1092.820454,0.000000,0.000000,0.000000,0.000000,0.000000,0.000000,0.000000,0.000000,0.000000,0.000000,0.000000,0.000000,0.000000,0.000000,1,100.000000,,,,,,,,,,,,,,,,,,,,,,
68,10739,10744,1,Transformer,Closed,Closed,NO,10739,Fixed,NO,10739,NO ,0.000000,0.000100,1.010000,0.990000,Middle,100.000000,765.000000,13.800000,0.000140,0.010367,0.000000,0.000000,0.000000,0.000000,1.000000,1.000000,1.100000,0.900000,0.006250,1.000000,0.000000,0,0.000000,YES,Default,1088.730049,0.000000,0.000000,0.000000,0.000000,0.000000,0.000000,0.000000,0.000000,0.000000,0.000000,0.000000,0.000000,0.000000,0.000000,1,100.000000,,,,,,,,,,,,,,,,,,,,,,
69,10741,10740,1,Transformer,Closed,Closed,NO,10741,Fixed,NO,10741,NO ,0.000000,0.000100,1.010000,0.990000,Middle,100.000000,138.000000,345.000000,0.000438,0.023334,0.000000,0.000000,0.000000,0.000000,1.000000,1.000000,1.100000,0.900000,0.006250,1.000000,0.000000,0,0.000000,YES,Default,443.908024,0.000000,0.000000,0.000000,0.000000,0.000000,0.000000,0.000000,0.000000,0.000000,0.000000,0.000000,0.000000,0.000000,0.000000,1,100.000000,,,,,,,,,,,,,,,,,,,,,,
70,10745,10746,1,Transformer,Closed,Closed,NO,10745,Fixed,NO,10745,NO ,0.000000,0.000100,1.010000,0.990000,Middle,100.000000,138.000000,18.000000,0.003229,0.108939,0.000000,0.000000,0.000000,0.000000,1.000000,1.000000,1.100000,0.900000,0.006250,1.000000,0.000000,0,0.000000,YES,Default,116.999996,0.000000,0.000000,0.000000,0.000000,0.000000,0.000000,0.000000,0.000000,0.000000,0.000000,0.000000,0.000000,0.000000,0.000000,1,100.000000,,,,,,,,,,,,,,,,,,,,,,
71,10748,10747,1,Transformer,Closed,Closed,NO,10748,Fixed,NO,10748,NO ,0.000000,0.000100,1.010000,0.990000,Middle,100.000000,345.000000,765.000000,0.000038,0.003145,0.000000,0.000000,0.000000,0.000000,1.000000,1.000000,1.100000,0.900000,0.006250,1.000000,0.000000,0,0.000000,YES,Default,1568.877697,0.000000,0.000000,0.000000,0.000000,0.000000,0.000000,0.000000,0.000000,0.000000,0.000000,0.000000,0.000000,0.000000,0.000000,1,100.000000,,,,,,,,,,,,,,,,,,,,,,
72,10747,10750,1,Transformer,Closed,Closed,NO,10747,Fixed,NO,10747,NO ,0.000000,0.000100,1.010000,0.990000,Middle,100.000000,765.000000,13.800000,0.000085,0.007250,0.000000,0.000000,0.000000,0.000000,1.000000,1.000000,1.100000,0.900000,0.006250,1.000000,0.000000,0,0.000000,YES,Default,1751.972198,0.000000,0.000000,0.000000,0.000000,0.000000,0.000000,0.000000,0.000000,0.000000,0.000000,0.000000,0.000000,0.000000,0.000000,1,100.000000,,,,,,,,,,,,,,,,,,,,,,
73,10747,10751,1,Transformer,Closed,Closed,NO,10747,Fixed,NO,10747,NO ,0.000000,0.000100,1.010000,0.990000,Middle,100.000000,765.000000,22.000000,0.000032,0.002470,0.000000,0.000000,0.000000,0.000000,1.000000,1.000000,1.100000,0.900000,0.006250,1.000000,0.000000,0,0.000000,YES,Default,1746.693993,0.000000,0.000000,0.000000,0.000000,0.000000,0.000000,0.000000,0.000000,0.000000,0.000000,0.000000,0.000000,0.000000,0.000000,1,100.000000,,,,,,,,,,,,,,,,,,,,,,
74,10747,10752,1,Transformer,Closed,Closed,NO,10747,Fixed,NO,10747,NO ,0.000000,0.000100,1.010000,0.990000,Middle,100.000000,765.000000,13.800000,0.000077,0.006647,0.000000,0.000000,0.000000,0.000000,1.000000,1.000000,1.100000,0.900000,0.006250,1.000000,0.000000,0,0.000000,YES,Default,1744.981956,0.000000,0.000000,0.000000,0.000000,0.000000,0.000000,0.000000,0.000000,0.000000,0.000000,0.000000,0.000000,0.000000,0.000000,1,100.000000,,,,,,,,,,,,,,,,,,,,,,
75,10747,10753,1,Transformer,Closed,Closed,NO,10747,Fixed,NO,10747,NO ,0.000000,0.000100,1.010000,0.990000,Middle,100.000000,765.000000,13.800000,0.000066,0.005051,0.000000,0.000000,0.000000,0.000000,1.000000,1.000000,1.100000,0.900000,0.006250,1.000000,0.000000,0,0.000000,YES,Default,1744.389153,0.000000,0.000000,0.000000,0.000000,0.000000,0.000000,0.000000,0.000000,0.000000,0.000000,0.000000,0.000000,0.000000,0.000000,1,100.000000,,,,,,,,,,,,,,,,,,,,,,
76,10747,10754,1,Transformer,Closed,Closed,NO,10747,Fixed,NO,10747,NO ,0.000000,0.000100,1.010000,0.990000,Middle,100.000000,765.000000,13.800000,0.000097,0.008412,0.000000,0.000000,0.000000,0.000000,1.000000,1.000000,1.100000,0.900000,0.006250,1.000000,0.000000,0,0.000000,YES,Default,1741.065979,0.000000,0.000000,0.000000,0.000000,0.000000,0.000000,0.000000,0.000000,0.000000,0.000000,0.000000,0.000000,0.000000,0.000000,1,100.000000,,,,,,,,,,,,,,,,,,,,,,
77,10747,10755,1,Transformer,Closed,Closed,NO,10747,Fixed,NO,10747,NO ,0.000000,0.000100,1.010000,0.990000,Middle,100.000000,765.000000,13.800000,0.000143,0.010350,0.000000,0.000000,0.000000,0.000000,1.000000,1.000000,1.100000,0.900000,0.006250,1.000000,0.000000,0,0.000000,YES,Default,1740.998459,0.000000,0.000000,0.000000,0.000000,0.000000,0.000000,0.000000,0.000000,0.000000,0.000000,0.000000,0.000000,0.000000,0.000000,1,100.000000,,,,,,,,,,,,,,,,,,,,,,
78,10749,10748,1,Transformer,Closed,Closed,NO,10749,Fixed,NO,10749,NO ,0.000000,0.000100,1.010000,0.990000,Middle,100.000000,138.000000,345.000000,0.000546,0.032224,0.000000,0.000000,0.000000,0.000000,1.000000,1.000000,1.100000,0.900000,0.006250,1.000000,0.000000,0,0.000000,YES,Default,383.659148,0.000000,0.000000,0.000000,0.000000,0.000000,0.000000,0.000000,0.000000,0.000000,0.000000,0.000000,0.000000,0.000000,0.000000,1,100.000000,,,,,,,,,,,,,,,,,,,,,,
79,10757,10756,1,Transformer,Closed,Closed,NO,10757,Fixed,NO,10757,NO ,0.000000,0.000100,1.010000,0.990000,Middle,100.000000,138.000000,345.000000,0.000497,0.025725,0.000000,0.000000,0.000000,0.000000,1.000000,1.000000,1.100000,0.900000,0.006250,1.000000,0.000000,0,0.000000,YES,Default,342.898941,0.000000,0.000000,0.000000,0.000000,0.000000,0.000000,0.000000,0.000000,0.000000,0.000000,0.000000,0.000000,0.000000,0.000000,1,100.000000,,,,,,,,,,,,,,,,,,,,,,
80,10759,10758,1,Transformer,Closed,Closed,NO,10759,Fixed,NO,10759,NO ,0.000000,0.000100,1.010000,0.990000,Middle,100.000000,138.000000,345.000000,0.000296,0.017731,0.000000,0.000000,0.000000,0.000000,1.000000,1.000000,1.100000,0.900000,0.006250,1.000000,0.000000,0,0.000000,YES,Default,445.003223,0.000000,0.000000,0.000000,0.000000,0.000000,0.000000,0.000000,0.000000,0.000000,0.000000,0.000000,0.000000,0.000000,0.000000,1,100.000000,,,,,,,,,,,,,,,,,,,,,,
81,10761,10760,1,Transformer,Closed,Closed,NO,10761,Fixed,NO,10761,NO ,0.000000,0.000100,1.010000,0.990000,Middle,100.000000,138.000000,345.000000,0.000400,0.024124,0.000000,0.000000,0.000000,0.000000,1.000000,1.000000,1.100000,0.900000,0.006250,1.018750,0.000000,0,0.000000,YES,Default,492.825794,0.000000,0.000000,0.000000,0.000000,0.000000,0.000000,0.000000,0.000000,0.000000,0.000000,0.000000,0.000000,0.000000,0.000000,1,100.000000,,,,,,,,,,,,,,,,,,,,,,
82,10767,10766,1,Transformer,Closed,Closed,NO,10767,LTC,YES,10767,NO ,0.000000,0.000100,1.075000,1.025000,Middle,100.000000,138.000000,345.000000,0.000768,0.038550,0.000000,0.000000,0.000000,0.000000,1.000000,1.000000,1.100000,0.900000,0.006250,1.006250,0.000000,0,0.000000,YES,Default,349.081850,0.000000,0.000000,0.000000,0.000000,0.000000,0.000000,0.000000,0.000000,0.000000,0.000000,0.000000,0.000000,0.000000,0.000000,1,100.000000,,,,,,,,,,,,,,,,,,,,,,
83,10766,10768,1,Transformer,Closed,Closed,NO,10766,Fixed,NO,10766,NO ,0.000000,0.000100,1.010000,0.990000,Middle,100.000000,345.000000,13.800000,0.000302,0.021447,0.000000,0.000000,0.000000,0.000000,1.000000,1.000000,1.100000,0.900000,0.006250,1.018750,0.000000,0,0.000000,YES,Default,582.494211,0.000000,0.000000,0.000000,0.000000,0.000000,0.000000,0.000000,0.000000,0.000000,0.000000,0.000000,0.000000,0.000000,0.000000,1,100.000000,,,,,,,,,,,,,,,,,,,,,,
84,10770,10769,1,Transformer,Closed,Closed,NO,10770,Fixed,NO,10770,NO ,0.000000,0.000100,1.010000,0.990000,Middle,100.000000,138.000000,345.000000,0.000291,0.018045,0.000000,0.000000,0.000000,0.000000,1.000000,1.000000,1.100000,0.900000,0.006250,1.000000,0.000000,0,0.000000,YES,Default,387.622190,0.000000,0.000000,0.000000,0.000000,0.000000,0.000000,0.000000,0.000000,0.000000,0.000000,0.000000,0.000000,0.000000,0.000000,1,100.000000,,,,,,,,,,,,,,,,,,,,,,
85,10769,10771,1,Transformer,Closed,Closed,NO,10769,Fixed,NO,10769,NO ,0.000000,0.000100,1.010000,0.990000,Middle,100.000000,345.000000,13.800000,0.000542,0.034268,0.000000,0.000000,0.000000,0.000000,1.000000,1.000000,1.100000,0.900000,0.006250,1.000000,0.000000,0,0.000000,YES,Default,338.291645,0.000000,0.000000,0.000000,0.000000,0.000000,0.000000,0.000000,0.000000,0.000000,0.000000,0.000000,0.000000,0.000000,0.000000,1,100.000000,,,,,,,,,,,,,,,,,,,,,,
86,10769,10772,1,Transformer,Closed,Closed,NO,10769,Fixed,NO,10769,NO ,0.000000,0.000100,1.010000,0.990000,Middle,100.000000,345.000000,13.800000,0.000739,0.039135,0.000000,0.000000,0.000000,0.000000,1.000000,1.000000,1.100000,0.900000,0.006250,1.000000,0.000000,0,0.000000,YES,Default,336.680889,0.000000,0.000000,0.000000,0.000000,0.000000,0.000000,0.000000,0.000000,0.000000,0.000000,0.000000,0.000000,0.000000,0.000000,1,100.000000,,,,,,,,,,,,,,,,,,,,,,
87,10769,10773,1,Transformer,Closed,Closed,NO,10769,Fixed,NO,10769,NO ,0.000000,0.000100,1.010000,0.990000,Middle,100.000000,345.000000,18.000000,0.000615,0.040206,0.000000,0.000000,0.000000,0.000000,1.000000,1.000000,1.100000,0.900000,0.006250,1.000000,0.000000,0,0.000000,YES,Default,335.577750,0.000000,0.000000,0.000000,0.000000,0.000000,0.000000,0.000000,0.000000,0.000000,0.000000,0.000000,0.000000,0.000000,0.000000,1,100.000000,,,,,,,,,,,,,,,,,,,,,,
88,10769,10774,1,Transformer,Closed,Closed,NO,10769,Fixed,NO,10769,NO ,0.000000,0.000100,1.010000,0.990000,Middle,100.000000,345.000000,13.800000,0.000524,0.028330,0.000000,0.000000,0.000000,0.000000,1.000000,1.000000,1.100000,0.900000,0.006250,1.000000,0.000000,0,0.000000,YES,Default,332.786536,0.000000,0.000000,0.000000,0.000000,0.000000,0.000000,0.000000,0.000000,0.000000,0.000000,0.000000,0.000000,0.000000,0.000000,1,100.000000,,,,,,,,,,,,,,,,,,,,,,
89,10775,10776,1,Transformer,Closed,Closed,NO,10775,Fixed,NO,10775,NO ,0.000000,0.000100,1.010000,0.990000,Middle,100.000000,138.000000,18.000000,0.005603,0.149224,0.000000,0.000000,0.000000,0.000000,1.000000,1.000000,1.100000,0.900000,0.006250,1.025000,0.000000,0,0.000000,YES,Default,84.975004,0.000000,0.000000,0.000000,0.000000,0.000000,0.000000,0.000000,0.000000,0.000000,0.000000,0.000000,0.000000,0.000000,0.000000,1,100.000000,,,,,,,,,,,,,,,,,,,,,,
90,10781,10782,1,Transformer,Closed,Closed,NO,10781,Fixed,NO,10781,NO ,0.000000,0.000100,1.010000,0.990000,Middle,100.000000,138.000000,13.800000,0.005502,0.170771,0.000000,0.000000,0.000000,0.000000,1.000000,1.000000,1.100000,0.900000,0.006250,1.000000,0.000000,0,0.000000,YES,Default,70.824134,0.000000,0.000000,0.000000,0.000000,0.000000,0.000000,0.000000,0.000000,0.000000,0.000000,0.000000,0.000000,0.000000,0.000000,1,100.000000,,,,,,,,,,,,,,,,,,,,,,
91,10781,10783,1,Transformer,Closed,Closed,NO,10781,Fixed,NO,10781,NO ,0.000000,0.000100,1.010000,0.990000,Middle,100.000000,138.000000,18.000000,0.015615,0.529781,0.000000,0.000000,0.000000,0.000000,1.000000,1.000000,1.100000,0.900000,0.006250,1.000000,0.000000,0,0.000000,YES,Default,29.869601,0.000000,0.000000,0.000000,0.000000,0.000000,0.000000,0.000000,0.000000,0.000000,0.000000,0.000000,0.000000,0.000000,0.000000,1,100.000000,,,,,,,,,,,,,,,,,,,,,,
92,10785,10784,1,Transformer,Closed,Closed,NO,10785,Fixed,NO,10785,NO ,0.000000,0.000100,1.010000,0.990000,Middle,100.000000,138.000000,345.000000,0.000456,0.025571,0.000000,0.000000,0.000000,0.000000,1.000000,1.000000,1.100000,0.900000,0.006250,1.000000,0.000000,0,0.000000,YES,Default,469.320536,0.000000,0.000000,0.000000,0.000000,0.000000,0.000000,0.000000,0.000000,0.000000,0.000000,0.000000,0.000000,0.000000,0.000000,1,100.000000,,,,,,,,,,,,,,,,,,,,,,
93,10784,10788,1,Transformer,Closed,Closed,NO,10784,Phase,NO,0,NO ,0.000000,0.000100,200.000000,300.000000,Middle,100.000000,345.000000,345.000000,0.000227,0.001011,0.000000,0.000000,0.000000,0.000000,1.000000,1.000000,30.000000,-30.000000,2.000000,1.000000,-12.000000,4,0.000000,YES,Default,0.000000,0.000000,0.000000,0.000000,0.000000,0.000000,0.000000,0.000000,0.000000,0.000000,0.000000,0.000000,0.000000,0.000000,0.000000,1,100.000000,,,,,,,,,,,,,,,,,,,,,,
94,10790,10789,1,Transformer,Closed,Closed,NO,10790,Fixed,NO,10790,NO ,0.000000,0.000100,1.010000,0.990000,Middle,100.000000,138.000000,345.000000,0.000372,0.023115,0.000000,0.000000,0.000000,0.000000,1.000000,1.000000,1.100000,0.900000,0.006250,1.000000,0.000000,0,0.000000,YES,Default,409.299517,0.000000,0.000000,0.000000,0.000000,0.000000,0.000000,0.000000,0.000000,0.000000,0.000000,0.000000,0.000000,0.000000,0.000000,1,100.000000,,,,,,,,,,,,,,,,,,,,,,
95,10789,10791,1,Transformer,Closed,Closed,NO,10789,Fixed,NO,10789,NO ,0.000000,0.000100,1.010000,0.990000,Middle,100.000000,345.000000,20.000000,0.000588,0.036587,0.000000,0.000000,0.000000,0.000000,1.000000,1.000000,1.100000,0.900000,0.006250,1.025000,0.000000,0,0.000000,YES,Default,432.387781,0.000000,0.000000,0.000000,0.000000,0.000000,0.000000,0.000000,0.000000,0.000000,0.000000,0.000000,0.000000,0.000000,0.000000,1,100.000000,,,,,,,,,,,,,,,,,,,,,,
96,10795,10794,1,Transformer,Closed,Closed,NO,10795,LTC,YES,10795,NO ,0.000000,0.000100,1.073000,1.023000,Middle,100.000000,138.000000,345.000000,0.000561,0.036276,0.000000,0.000000,0.000000,0.000000,1.000000,1.000000,1.100000,0.900000,0.006250,1.006250,0.000000,0,0.000000,YES,Default,400.135660,0.000000,0.000000,0.000000,0.000000,0.000000,0.000000,0.000000,0.000000,0.000000,0.000000,0.000000,0.000000,0.000000,0.000000,1,100.000000,,,,,,,,,,,,,,,,,,,,,,
97,10794,10796,1,Transformer,Closed,Closed,NO,10794,Fixed,NO,10794,NO ,0.000000,0.000100,1.010000,0.990000,Middle,100.000000,345.000000,22.000000,0.000551,0.033932,0.000000,0.000000,0.000000,0.000000,1.000000,1.000000,1.100000,0.900000,0.006250,1.000000,0.000000,0,0.000000,YES,Default,325.834894,0.000000,0.000000,0.000000,0.000000,0.000000,0.000000,0.000000,0.000000,0.000000,0.000000,0.000000,0.000000,0.000000,0.000000,1,100.000000,,,,,,,,,,,,,,,,,,,,,,
98,10794,10797,1,Transformer,Closed,Closed,NO,10794,Fixed,NO,10794,NO ,0.000000,0.000100,1.010000,0.990000,Middle,100.000000,345.000000,13.800000,0.000640,0.039291,0.000000,0.000000,0.000000,0.000000,1.000000,1.000000,1.100000,0.900000,0.006250,1.006250,0.000000,0,0.000000,YES,Default,403.190088,0.000000,0.000000,0.000000,0.000000,0.000000,0.000000,0.000000,0.000000,0.000000,0.000000,0.000000,0.000000,0.000000,0.000000,1,100.000000,,,,,,,,,,,,,,,,,,,,,,
99,10795,10798,1,Transformer,Closed,Closed,NO,10795,Fixed,NO,10795,NO ,0.000000,0.000100,1.010000,0.990000,Middle,100.000000,138.000000,18.000000,0.006997,0.224730,0.000000,0.000000,0.000000,0.000000,1.000000,1.000000,1.100000,0.900000,0.006250,1.012500,0.000000,0,0.000000,YES,Default,75.800145,0.000000,0.000000,0.000000,0.000000,0.000000,0.000000,0.000000,0.000000,0.000000,0.000000,0.000000,0.000000,0.000000,0.000000,1,100.000000,,,,,,,,,,,,,,,,,,,,,,
100,10805,10806,1,Transformer,Closed,Closed,NO,10805,Fixed,NO,10805,NO ,0.000000,0.000100,1.010000,0.990000,Middle,100.000000,138.000000,13.800000,0.004110,0.112871,0.000000,0.000000,0.000000,0.000000,1.000000,1.000000,1.100000,0.900000,0.006250,1.000000,0.000000,0,0.000000,YES,Default,118.560004,0.000000,0.000000,0.000000,0.000000,0.000000,0.000000,0.000000,0.000000,0.000000,0.000000,0.000000,0.000000,0.000000,0.000000,1,100.000000,,,,,,,,,,,,,,,,,,,,,,
101,10805,10807,1,Transformer,Closed,Closed,NO,10805,Fixed,NO,10805,NO ,0.000000,0.000100,1.010000,0.990000,Middle,100.000000,138.000000,13.800000,0.005022,0.151362,0.000000,0.000000,0.000000,0.000000,1.000000,1.000000,1.100000,0.900000,0.006250,1.000000,0.000000,0,0.000000,YES,Default,118.560004,0.000000,0.000000,0.000000,0.000000,0.000000,0.000000,0.000000,0.000000,0.000000,0.000000,0.000000,0.000000,0.000000,0.000000,1,100.000000,,,,,,,,,,,,,,,,,,,,,,
102,10809,10808,1,Transformer,Closed,Closed,NO,10809,Fixed,NO,10809,NO ,0.000000,0.000100,1.010000,0.990000,Middle,100.000000,345.000000,765.000000,0.000159,0.012261,0.000000,0.000000,0.000000,0.000000,1.000000,1.000000,1.100000,0.900000,0.006250,1.000000,0.000000,0,0.000000,YES,Default,1314.674091,0.000000,0.000000,0.000000,0.000000,0.000000,0.000000,0.000000,0.000000,0.000000,0.000000,0.000000,0.000000,0.000000,0.000000,1,100.000000,,,,,,,,,,,,,,,,,,,,,,
103,10808,10811,1,Transformer,Closed,Closed,NO,10808,Fixed,NO,10808,NO ,0.000000,0.000100,1.010000,0.990000,Middle,100.000000,765.000000,13.800000,0.000111,0.010156,0.000000,0.000000,0.000000,0.000000,1.000000,1.000000,1.100000,0.900000,0.006250,1.000000,0.000000,0,0.000000,YES,Default,1955.007935,0.000000,0.000000,0.000000,0.000000,0.000000,0.000000,0.000000,0.000000,0.000000,0.000000,0.000000,0.000000,0.000000,0.000000,1,100.000000,,,,,,,,,,,,,,,,,,,,,,
104,10810,10809,1,Transformer,Closed,Closed,NO,10810,Fixed,NO,10810,NO ,0.000000,0.000100,1.010000,0.990000,Middle,100.000000,138.000000,345.000000,0.000385,0.023950,0.000000,0.000000,0.000000,0.000000,1.000000,1.000000,1.100000,0.900000,0.006250,1.000000,0.000000,0,0.000000,YES,Default,469.999981,0.000000,0.000000,0.000000,0.000000,0.000000,0.000000,0.000000,0.000000,0.000000,0.000000,0.000000,0.000000,0.000000,0.000000,1,100.000000,,,,,,,,,,,,,,,,,,,,,,
105,10818,10817,1,Transformer,Closed,Closed,NO,10818,Fixed,NO,10818,NO ,0.000000,0.000100,1.010000,0.990000,Middle,100.000000,138.000000,345.000000,0.000355,0.026402,0.000000,0.000000,0.000000,0.000000,1.000000,1.000000,1.100000,0.900000,0.006250,1.000000,0.000000,0,0.000000,YES,Default,387.508702,0.000000,0.000000,0.000000,0.000000,0.000000,0.000000,0.000000,0.000000,0.000000,0.000000,0.000000,0.000000,0.000000,0.000000,1,100.000000,,,,,,,,,,,,,,,,,,,,,,
106,10820,10821,1,Transformer,Closed,Closed,NO,10820,Fixed,NO,10820,NO ,0.000000,0.000100,1.010000,0.990000,Middle,100.000000,138.000000,13.800000,0.001925,0.061021,0.000000,0.000000,0.000000,0.000000,1.000000,1.000000,1.100000,0.900000,0.006250,1.000000,0.000000,0,0.000000,YES,Default,196.560001,0.000000,0.000000,0.000000,0.000000,0.000000,0.000000,0.000000,0.000000,0.000000,0.000000,0.000000,0.000000,0.000000,0.000000,1,100.000000,,,,,,,,,,,,,,,,,,,,,,
107,10824,10829,1,Transformer,Closed,Closed,NO,10824,Fixed,NO,10824,NO ,0.000000,0.000100,1.010000,0.990000,Middle,100.000000,765.000000,24.000000,0.000137,0.013184,0.000000,0.000000,0.000000,0.000000,1.000000,1.000000,1.100000,0.900000,0.006250,1.000000,0.000000,0,0.000000,YES,Default,1343.941021,0.000000,0.000000,0.000000,0.000000,0.000000,0.000000,0.000000,0.000000,0.000000,0.000000,0.000000,0.000000,0.000000,0.000000,1,100.000000,,,,,,,,,,,,,,,,,,,,,,
108,10824,10830,1,Transformer,Closed,Closed,NO,10824,Fixed,NO,10824,NO ,0.000000,0.000100,1.010000,0.990000,Middle,100.000000,765.000000,13.800000,0.000110,0.008714,0.000000,0.000000,0.000000,0.000000,1.000000,1.000000,1.100000,0.900000,0.006250,1.000000,0.000000,0,0.000000,YES,Default,1343.059444,0.000000,0.000000,0.000000,0.000000,0.000000,0.000000,0.000000,0.000000,0.000000,0.000000,0.000000,0.000000,0.000000,0.000000,1,100.000000,,,,,,,,,,,,,,,,,,,,,,
109,10824,10831,1,Transformer,Closed,Closed,NO,10824,Fixed,NO,10824,NO ,0.000000,0.000100,1.010000,0.990000,Middle,100.000000,765.000000,20.000000,0.000135,0.010918,0.000000,0.000000,0.000000,0.000000,1.000000,1.000000,1.100000,0.900000,0.006250,1.000000,0.000000,0,0.000000,YES,Default,1342.712212,0.000000,0.000000,0.000000,0.000000,0.000000,0.000000,0.000000,0.000000,0.000000,0.000000,0.000000,0.000000,0.000000,0.000000,1,100.000000,,,,,,,,,,,,,,,,,,,,,,
110,10824,10832,1,Transformer,Closed,Closed,NO,10824,Fixed,NO,10824,NO ,0.000000,0.000100,1.010000,0.990000,Middle,100.000000,765.000000,18.000000,0.000075,0.006331,0.000000,0.000000,0.000000,0.000000,1.000000,1.000000,1.100000,0.900000,0.006250,1.000000,0.000000,0,0.000000,YES,Default,1342.432594,0.000000,0.000000,0.000000,0.000000,0.000000,0.000000,0.000000,0.000000,0.000000,0.000000,0.000000,0.000000,0.000000,0.000000,1,100.000000,,,,,,,,,,,,,,,,,,,,,,
111,10824,10833,1,Transformer,Closed,Closed,NO,10824,Fixed,NO,10824,NO ,0.000000,0.000100,1.010000,0.990000,Middle,100.000000,765.000000,13.800000,0.000139,0.010426,0.000000,0.000000,0.000000,0.000000,1.000000,1.000000,1.100000,0.900000,0.006250,1.000000,0.000000,0,0.000000,YES,Default,1340.595436,0.000000,0.000000,0.000000,0.000000,0.000000,0.000000,0.000000,0.000000,0.000000,0.000000,0.000000,0.000000,0.000000,0.000000,1,100.000000,,,,,,,,,,,,,,,,,,,,,,
112,10824,10834,1,Transformer,Closed,Closed,NO,10824,Fixed,NO,10824,NO ,0.000000,0.000100,1.010000,0.990000,Middle,100.000000,765.000000,13.800000,0.000103,0.008988,0.000000,0.000000,0.000000,0.000000,1.000000,1.000000,1.100000,0.900000,0.006250,1.000000,0.000000,0,0.000000,YES,Default,1339.139938,0.000000,0.000000,0.000000,0.000000,0.000000,0.000000,0.000000,0.000000,0.000000,0.000000,0.000000,0.000000,0.000000,0.000000,1,100.000000,,,,,,,,,,,,,,,,,,,,,,
113,10826,10825,1,Transformer,Closed,Closed,NO,10826,Fixed,NO,10826,NO ,0.000000,0.000100,1.010000,0.990000,Middle,100.000000,138.000000,345.000000,0.000349,0.019525,0.000000,0.000000,0.000000,0.000000,1.000000,1.000000,1.100000,0.900000,0.006250,1.000000,0.000000,0,0.000000,YES,Default,426.825142,0.000000,0.000000,0.000000,0.000000,0.000000,0.000000,0.000000,0.000000,0.000000,0.000000,0.000000,0.000000,0.000000,0.000000,1,100.000000,,,,,,,,,,,,,,,,,,,,,,
114,10843,10842,1,Transformer,Closed,Closed,NO,10843,LTC,YES,10843,NO ,0.000000,0.000100,1.066000,1.016000,Middle,100.000000,138.000000,345.000000,0.000451,0.026805,0.000000,0.000000,0.000000,0.000000,1.000000,1.000000,1.100000,0.900000,0.006250,1.006250,0.000000,0,0.000000,YES,Default,455.964375,0.000000,0.000000,0.000000,0.000000,0.000000,0.000000,0.000000,0.000000,0.000000,0.000000,0.000000,0.000000,0.000000,0.000000,1,100.000000,,,,,,,,,,,,,,,,,,,,,,
115,10845,10844,1,Transformer,Closed,Closed,NO,10845,Fixed,NO,10845,NO ,0.000000,0.000100,1.010000,0.990000,Middle,100.000000,345.000000,765.000000,0.000113,0.008986,0.000000,0.000000,0.000000,0.000000,1.000000,1.000000,1.100000,0.900000,0.006250,1.000000,0.000000,0,0.000000,YES,Default,1315.281296,0.000000,0.000000,0.000000,0.000000,0.000000,0.000000,0.000000,0.000000,0.000000,0.000000,0.000000,0.000000,0.000000,0.000000,1,100.000000,,,,,,,,,,,,,,,,,,,,,,
116,10844,10847,1,Transformer,Closed,Closed,NO,10844,Fixed,NO,10844,NO ,0.000000,0.000100,1.010000,0.990000,Middle,100.000000,765.000000,13.800000,0.000161,0.012060,0.000000,0.000000,0.000000,0.000000,1.000000,1.000000,1.100000,0.900000,0.006250,1.000000,0.000000,0,0.000000,YES,Default,1213.667870,0.000000,0.000000,0.000000,0.000000,0.000000,0.000000,0.000000,0.000000,0.000000,0.000000,0.000000,0.000000,0.000000,0.000000,1,100.000000,,,,,,,,,,,,,,,,,,,,,,
117,10844,10848,1,Transformer,Closed,Closed,NO,10844,Fixed,NO,10844,NO ,0.000000,0.000100,1.010000,0.990000,Middle,100.000000,765.000000,13.800000,0.000156,0.011912,0.000000,0.000000,0.000000,0.000000,1.000000,1.000000,1.100000,0.900000,0.006250,1.000000,0.000000,0,0.000000,YES,Default,1213.154507,0.000000,0.000000,0.000000,0.000000,0.000000,0.000000,0.000000,0.000000,0.000000,0.000000,0.000000,0.000000,0.000000,0.000000,1,100.000000,,,,,,,,,,,,,,,,,,,,,,
118,10844,10849,1,Transformer,Closed,Closed,NO,10844,Fixed,NO,10844,NO ,0.000000,0.000100,1.010000,0.990000,Middle,100.000000,765.000000,18.000000,0.000137,0.011527,0.000000,0.000000,0.000000,0.000000,1.000000,1.000000,1.100000,0.900000,0.006250,1.000000,0.000000,0,0.000000,YES,Default,1212.676334,0.000000,0.000000,0.000000,0.000000,0.000000,0.000000,0.000000,0.000000,0.000000,0.000000,0.000000,0.000000,0.000000,0.000000,1,100.000000,,,,,,,,,,,,,,,,,,,,,,
119,10844,10850,1,Transformer,Closed,Closed,NO,10844,Fixed,NO,10844,NO ,0.000000,0.000100,1.010000,0.990000,Middle,100.000000,765.000000,13.800000,0.000204,0.016043,0.000000,0.000000,0.000000,0.000000,1.000000,1.000000,1.100000,0.900000,0.006250,1.000000,0.000000,0,0.000000,YES,Default,1207.774544,0.000000,0.000000,0.000000,0.000000,0.000000,0.000000,0.000000,0.000000,0.000000,0.000000,0.000000,0.000000,0.000000,0.000000,1,100.000000,,,,,,,,,,,,,,,,,,,,,,
120,10844,10851,1,Transformer,Closed,Closed,NO,10844,Fixed,NO,10844,NO ,0.000000,0.000100,1.010000,0.990000,Middle,100.000000,765.000000,13.800000,0.000162,0.011583,0.000000,0.000000,0.000000,0.000000,1.000000,1.000000,1.100000,0.900000,0.006250,1.000000,0.000000,0,0.000000,YES,Default,1207.047844,0.000000,0.000000,0.000000,0.000000,0.000000,0.000000,0.000000,0.000000,0.000000,0.000000,0.000000,0.000000,0.000000,0.000000,1,100.000000,,,,,,,,,,,,,,,,,,,,,,
121,10844,10852,1,Transformer,Closed,Closed,NO,10844,Fixed,NO,10844,NO ,0.000000,0.000100,1.010000,0.990000,Middle,100.000000,765.000000,13.800000,0.000153,0.010857,0.000000,0.000000,0.000000,0.000000,1.000000,1.000000,1.100000,0.900000,0.006250,1.000000,0.000000,0,0.000000,YES,Default,1206.243610,0.000000,0.000000,0.000000,0.000000,0.000000,0.000000,0.000000,0.000000,0.000000,0.000000,0.000000,0.000000,0.000000,0.000000,1,100.000000,,,,,,,,,,,,,,,,,,,,,,
122,10844,10853,1,Transformer,Closed,Closed,NO,10844,Fixed,NO,10844,NO ,0.000000,0.000100,1.010000,0.990000,Middle,100.000000,765.000000,24.000000,0.000273,0.020119,0.000000,0.000000,0.000000,0.000000,1.000000,1.000000,1.100000,0.900000,0.006250,1.000000,0.000000,0,0.000000,YES,Default,830.923176,0.000000,0.000000,0.000000,0.000000,0.000000,0.000000,0.000000,0.000000,0.000000,0.000000,0.000000,0.000000,0.000000,0.000000,1,100.000000,,,,,,,,,,,,,,,,,,,,,,
123,10846,10845,1,Transformer,Closed,Closed,NO,10846,Fixed,NO,10846,NO ,0.000000,0.000100,1.010000,0.990000,Middle,100.000000,138.000000,345.000000,0.000677,0.037678,0.000000,0.000000,0.000000,0.000000,1.000000,1.000000,1.100000,0.900000,0.006250,1.006250,0.000000,0,0.000000,YES,Default,415.430641,0.000000,0.000000,0.000000,0.000000,0.000000,0.000000,0.000000,0.000000,0.000000,0.000000,0.000000,0.000000,0.000000,0.000000,1,100.000000,,,,,,,,,,,,,,,,,,,,,,
124,10857,10856,1,Transformer,Closed,Closed,NO,10857,Fixed,NO,10857,NO ,0.000000,0.000100,1.010000,0.990000,Middle,100.000000,345.000000,765.000000,0.000104,0.008197,0.000000,0.000000,0.000000,0.000000,1.000000,1.000000,1.100000,0.900000,0.006250,1.000000,0.000000,0,0.000000,YES,Default,1492.629528,0.000000,0.000000,0.000000,0.000000,0.000000,0.000000,0.000000,0.000000,0.000000,0.000000,0.000000,0.000000,0.000000,0.000000,1,100.000000,,,,,,,,,,,,,,,,,,,,,,
125,10856,10859,1,Transformer,Closed,Closed,NO,10856,Fixed,NO,10856,NO ,0.000000,0.000100,1.010000,0.990000,Middle,100.000000,765.000000,13.800000,0.000050,0.003934,0.000000,0.000000,0.000000,0.000000,1.000000,1.000000,1.100000,0.900000,0.006250,1.000000,0.000000,0,0.000000,YES,Default,1823.061371,0.000000,0.000000,0.000000,0.000000,0.000000,0.000000,0.000000,0.000000,0.000000,0.000000,0.000000,0.000000,0.000000,0.000000,1,100.000000,,,,,,,,,,,,,,,,,,,,,,
126,10856,10860,1,Transformer,Closed,Closed,NO,10856,Fixed,NO,10856,NO ,0.000000,0.000100,1.010000,0.990000,Middle,100.000000,765.000000,13.800000,0.000080,0.006397,0.000000,0.000000,0.000000,0.000000,1.000000,1.000000,1.100000,0.900000,0.006250,1.000000,0.000000,0,0.000000,YES,Default,1808.934593,0.000000,0.000000,0.000000,0.000000,0.000000,0.000000,0.000000,0.000000,0.000000,0.000000,0.000000,0.000000,0.000000,0.000000,1,100.000000,,,,,,,,,,,,,,,,,,,,,,
127,10858,10857,1,Transformer,Closed,Closed,NO,10858,Fixed,NO,10858,NO ,0.000000,0.000100,1.010000,0.990000,Middle,100.000000,138.000000,345.000000,0.000350,0.029190,0.000000,0.000000,0.000000,0.000000,1.000000,1.000000,1.100000,0.900000,0.006250,1.006250,0.000000,0,0.000000,YES,Default,470.040989,0.000000,0.000000,0.000000,0.000000,0.000000,0.000000,0.000000,0.000000,0.000000,0.000000,0.000000,0.000000,0.000000,0.000000,1,100.000000,,,,,,,,,,,,,,,,,,,,,,
128,10863,10862,1,Transformer,Closed,Closed,NO,10863,Fixed,NO,10863,NO ,0.000000,0.000100,1.010000,0.990000,Middle,100.000000,138.000000,345.000000,0.000296,0.014439,0.000000,0.000000,0.000000,0.000000,1.000000,1.000000,1.100000,0.900000,0.006250,1.000000,0.000000,0,0.000000,YES,Default,400.201654,0.000000,0.000000,0.000000,0.000000,0.000000,0.000000,0.000000,0.000000,0.000000,0.000000,0.000000,0.000000,0.000000,0.000000,1,100.000000,,,,,,,,,,,,,,,,,,,,,,
129,10862,10864,1,Transformer,Closed,Closed,NO,10862,Fixed,NO,10862,NO ,0.000000,0.000100,1.010000,0.990000,Middle,100.000000,345.000000,18.000000,0.000354,0.024793,0.000000,0.000000,0.000000,0.000000,1.000000,1.000000,1.100000,0.900000,0.006250,1.050000,0.000000,0,0.000000,YES,Default,487.523651,0.000000,0.000000,0.000000,0.000000,0.000000,0.000000,0.000000,0.000000,0.000000,0.000000,0.000000,0.000000,0.000000,0.000000,1,100.000000,,,,,,,,,,,,,,,,,,,,,,
130,10862,10865,1,Transformer,Closed,Closed,NO,10862,Fixed,NO,10862,NO ,0.000000,0.000100,1.010000,0.990000,Middle,100.000000,345.000000,13.800000,0.000583,0.035968,0.000000,0.000000,0.000000,0.000000,1.000000,1.000000,1.100000,0.900000,0.006250,1.056250,0.000000,0,0.000000,YES,Default,486.712599,0.000000,0.000000,0.000000,0.000000,0.000000,0.000000,0.000000,0.000000,0.000000,0.000000,0.000000,0.000000,0.000000,0.000000,1,100.000000,,,,,,,,,,,,,,,,,,,,,,
131,10866,10867,1,Transformer,Closed,Closed,NO,10866,Fixed,NO,10866,NO ,0.000000,0.000100,1.010000,0.990000,Middle,100.000000,138.000000,18.000000,0.008956,0.200146,0.000000,0.000000,0.000000,0.000000,1.000000,1.000000,1.100000,0.900000,0.006250,1.037500,0.000000,0,0.000000,YES,Default,65.041810,0.000000,0.000000,0.000000,0.000000,0.000000,0.000000,0.000000,0.000000,0.000000,0.000000,0.000000,0.000000,0.000000,0.000000,1,100.000000,,,,,,,,,,,,,,,,,,,,,,
132,10868,10869,1,Transformer,Closed,Closed,NO,10868,Fixed,NO,10868,NO ,0.000000,0.000100,1.010000,0.990000,Middle,100.000000,138.000000,22.000000,0.006477,0.240280,0.000000,0.000000,0.000000,0.000000,1.000000,1.000000,1.100000,0.900000,0.006250,1.012500,0.000000,0,0.000000,YES,Default,37.342635,0.000000,0.000000,0.000000,0.000000,0.000000,0.000000,0.000000,0.000000,0.000000,0.000000,0.000000,0.000000,0.000000,0.000000,1,100.000000,,,,,,,,,,,,,,,,,,,,,,
133,10871,10870,1,Transformer,Closed,Closed,NO,10871,Fixed,NO,10871,NO ,0.000000,0.000100,1.010000,0.990000,Middle,100.000000,138.000000,345.000000,0.000731,0.036055,0.000000,0.000000,0.000000,0.000000,1.000000,1.000000,1.100000,0.900000,0.006250,1.000000,0.000000,0,0.000000,YES,Default,500.553322,0.000000,0.000000,0.000000,0.000000,0.000000,0.000000,0.000000,0.000000,0.000000,0.000000,0.000000,0.000000,0.000000,0.000000,1,100.000000,,,,,,,,,,,,,,,,,,,,,,
134,10870,10872,1,Transformer,Closed,Closed,NO,10870,Fixed,NO,10870,NO ,0.000000,0.000100,1.010000,0.990000,Middle,100.000000,345.000000,13.800000,0.000428,0.023662,0.000000,0.000000,0.000000,0.000000,1.000000,1.000000,1.100000,0.900000,0.006250,1.000000,0.000000,0,0.000000,YES,Default,372.800088,0.000000,0.000000,0.000000,0.000000,0.000000,0.000000,0.000000,0.000000,0.000000,0.000000,0.000000,0.000000,0.000000,0.000000,1,100.000000,,,,,,,,,,,,,,,,,,,,,,
135,10874,10879,1,Transformer,Closed,Closed,NO,10874,Fixed,NO,10874,NO ,0.000000,0.000100,1.010000,0.990000,Middle,100.000000,765.000000,13.800000,0.000100,0.008392,0.000000,0.000000,0.000000,0.000000,1.000000,1.000000,1.100000,0.900000,0.006250,1.000000,0.000000,0,0.000000,YES,Default,1338.482857,0.000000,0.000000,0.000000,0.000000,0.000000,0.000000,0.000000,0.000000,0.000000,0.000000,0.000000,0.000000,0.000000,0.000000,1,100.000000,,,,,,,,,,,,,,,,,,,,,,
136,10874,10880,1,Transformer,Closed,Closed,NO,10874,Fixed,NO,10874,NO ,0.000000,0.000100,1.010000,0.990000,Middle,100.000000,765.000000,18.000000,0.000075,0.005659,0.000000,0.000000,0.000000,0.000000,1.000000,1.000000,1.100000,0.900000,0.006250,1.000000,0.000000,0,0.000000,YES,Default,1336.220264,0.000000,0.000000,0.000000,0.000000,0.000000,0.000000,0.000000,0.000000,0.000000,0.000000,0.000000,0.000000,0.000000,0.000000,1,100.000000,,,,,,,,,,,,,,,,,,,,,,
137,10874,10881,1,Transformer,Closed,Closed,NO,10874,Fixed,NO,10874,NO ,0.000000,0.000100,1.010000,0.990000,Middle,100.000000,765.000000,13.800000,0.000125,0.009844,0.000000,0.000000,0.000000,0.000000,1.000000,1.000000,1.100000,0.900000,0.006250,1.000000,0.000000,0,0.000000,YES,Default,1335.830879,0.000000,0.000000,0.000000,0.000000,0.000000,0.000000,0.000000,0.000000,0.000000,0.000000,0.000000,0.000000,0.000000,0.000000,1,100.000000,,,,,,,,,,,,,,,,,,,,,,
138,10874,10882,1,Transformer,Closed,Closed,NO,10874,Fixed,NO,10874,NO ,0.000000,0.000100,1.010000,0.990000,Middle,100.000000,765.000000,18.000000,0.000090,0.007575,0.000000,0.000000,0.000000,0.000000,1.000000,1.000000,1.100000,0.900000,0.006250,1.000000,0.000000,0,0.000000,YES,Default,1333.571339,0.000000,0.000000,0.000000,0.000000,0.000000,0.000000,0.000000,0.000000,0.000000,0.000000,0.000000,0.000000,0.000000,0.000000,1,100.000000,,,,,,,,,,,,,,,,,,,,,,
139,10874,10883,1,Transformer,Closed,Closed,NO,10874,Fixed,NO,10874,NO ,0.000000,0.000100,1.010000,0.990000,Middle,100.000000,765.000000,22.000000,0.000085,0.006855,0.000000,0.000000,0.000000,0.000000,1.000000,1.000000,1.100000,0.900000,0.006250,1.000000,0.000000,0,0.000000,YES,Default,1332.765579,0.000000,0.000000,0.000000,0.000000,0.000000,0.000000,0.000000,0.000000,0.000000,0.000000,0.000000,0.000000,0.000000,0.000000,1,100.000000,,,,,,,,,,,,,,,,,,,,,,
140,10874,10884,1,Transformer,Closed,Closed,NO,10874,Fixed,NO,10874,NO ,0.000000,0.000100,1.010000,0.990000,Middle,100.000000,765.000000,18.000000,0.000114,0.009812,0.000000,0.000000,0.000000,0.000000,1.000000,1.000000,1.100000,0.900000,0.006250,1.000000,0.000000,0,0.000000,YES,Default,1332.614994,0.000000,0.000000,0.000000,0.000000,0.000000,0.000000,0.000000,0.000000,0.000000,0.000000,0.000000,0.000000,0.000000,0.000000,1,100.000000,,,,,,,,,,,,,,,,,,,,,,
141,10876,10875,1,Transformer,Closed,Closed,NO,10876,Fixed,NO,10876,NO ,0.000000,0.000100,1.010000,0.990000,Middle,100.000000,138.000000,345.000000,0.000509,0.027642,0.000000,0.000000,0.000000,0.000000,1.000000,1.000000,1.100000,0.900000,0.006250,1.000000,0.000000,0,0.000000,YES,Default,296.778631,0.000000,0.000000,0.000000,0.000000,0.000000,0.000000,0.000000,0.000000,0.000000,0.000000,0.000000,0.000000,0.000000,0.000000,1,100.000000,,,,,,,,,,,,,,,,,,,,,,
142,10888,10887,1,Transformer,Closed,Closed,NO,10888,Fixed,NO,10888,NO ,0.000000,0.000100,1.010000,0.990000,Middle,100.000000,138.000000,345.000000,0.000448,0.027229,0.000000,0.000000,0.000000,0.000000,1.000000,1.000000,1.100000,0.900000,0.006250,1.006250,0.000000,0,0.000000,YES,Default,407.692480,0.000000,0.000000,0.000000,0.000000,0.000000,0.000000,0.000000,0.000000,0.000000,0.000000,0.000000,0.000000,0.000000,0.000000,1,100.000000,,,,,,,,,,,,,,,,,,,,,,
143,10887,10889,1,Transformer,Closed,Closed,NO,10887,Fixed,NO,10887,NO ,0.000000,0.000100,1.010000,0.990000,Middle,100.000000,345.000000,18.000000,0.000501,0.029795,0.000000,0.000000,0.000000,0.000000,1.000000,1.000000,1.100000,0.900000,0.006250,1.006250,0.000000,0,0.000000,YES,Default,403.351402,0.000000,0.000000,0.000000,0.000000,0.000000,0.000000,0.000000,0.000000,0.000000,0.000000,0.000000,0.000000,0.000000,0.000000,1,100.000000,,,,,,,,,,,,,,,,,,,,,,
144,10887,10890,1,Transformer,Closed,Closed,NO,10887,Fixed,NO,10887,NO ,0.000000,0.000100,1.010000,0.990000,Middle,100.000000,345.000000,13.800000,0.000937,0.054120,0.000000,0.000000,0.000000,0.000000,1.000000,1.000000,1.100000,0.900000,0.006250,1.000000,0.000000,0,0.000000,YES,Default,320.012569,0.000000,0.000000,0.000000,0.000000,0.000000,0.000000,0.000000,0.000000,0.000000,0.000000,0.000000,0.000000,0.000000,0.000000,1,100.000000,,,,,,,,,,,,,,,,,,,,,,
145,10893,10892,1,Transformer,Closed,Closed,NO,10893,Fixed,NO,10893,NO ,0.000000,0.000100,1.010000,0.990000,Middle,100.000000,345.000000,765.000000,0.000109,0.008900,0.000000,0.000000,0.000000,0.000000,1.000000,1.000000,1.100000,0.900000,0.006250,1.006250,0.000000,0,0.000000,YES,Default,1618.305779,0.000000,0.000000,0.000000,0.000000,0.000000,0.000000,0.000000,0.000000,0.000000,0.000000,0.000000,0.000000,0.000000,0.000000,1,100.000000,,,,,,,,,,,,,,,,,,,,,,
146,10893,10892,2,Transformer,Closed,Closed,NO,10893,LTC,YES,10893,NO ,0.000000,0.000100,1.072000,1.022000,Middle,100.000000,345.000000,765.000000,0.000109,0.008900,0.000000,0.000000,0.000000,0.000000,1.000000,1.000000,1.100000,0.900000,0.006250,1.100000,0.000000,0,0.000000,YES,Default,1618.305779,0.000000,0.000000,0.000000,0.000000,0.000000,0.000000,0.000000,0.000000,0.000000,0.000000,0.000000,0.000000,0.000000,0.000000,1,100.000000,,,,,,,,,,,,,,,,,,,,,,
147,10893,10892,3,Transformer,Closed,Closed,NO,10893,Fixed,NO,10893,NO ,0.000000,0.000100,1.010000,0.990000,Middle,100.000000,345.000000,765.000000,0.000109,0.008900,0.000000,0.000000,0.000000,0.000000,1.000000,1.000000,1.100000,0.900000,0.006250,1.006250,0.000000,0,0.000000,YES,Default,1618.305779,0.000000,0.000000,0.000000,0.000000,0.000000,0.000000,0.000000,0.000000,0.000000,0.000000,0.000000,0.000000,0.000000,0.000000,1,100.000000,,,,,,,,,,,,,,,,,,,,,,
148,10892,10895,1,Transformer,Closed,Closed,NO,10892,Fixed,NO,10892,NO ,0.000000,0.000100,1.010000,0.990000,Middle,100.000000,765.000000,13.200000,0.000152,0.011481,0.000000,0.000000,0.000000,0.000000,1.000000,1.000000,1.100000,0.900000,0.006250,1.000000,0.000000,0,0.000000,YES,Default,1150.236988,0.000000,0.000000,0.000000,0.000000,0.000000,0.000000,0.000000,0.000000,0.000000,0.000000,0.000000,0.000000,0.000000,0.000000,1,100.000000,,,,,,,,,,,,,,,,,,,,,,
149,10892,10896,1,Transformer,Closed,Closed,NO,10892,Fixed,NO,10892,NO ,0.000000,0.000100,1.010000,0.990000,Middle,100.000000,765.000000,13.800000,0.000162,0.012266,0.000000,0.000000,0.000000,0.000000,1.000000,1.000000,1.100000,0.900000,0.006250,1.000000,0.000000,0,0.000000,YES,Default,1147.616005,0.000000,0.000000,0.000000,0.000000,0.000000,0.000000,0.000000,0.000000,0.000000,0.000000,0.000000,0.000000,0.000000,0.000000,1,100.000000,,,,,,,,,,,,,,,,,,,,,,
150,10892,10897,1,Transformer,Closed,Closed,NO,10892,Fixed,NO,10892,NO ,0.000000,0.000100,1.010000,0.990000,Middle,100.000000,765.000000,18.000000,0.000100,0.007965,0.000000,0.000000,0.000000,0.000000,1.000000,1.000000,1.100000,0.900000,0.006250,1.000000,0.000000,0,0.000000,YES,Default,1144.938183,0.000000,0.000000,0.000000,0.000000,0.000000,0.000000,0.000000,0.000000,0.000000,0.000000,0.000000,0.000000,0.000000,0.000000,1,100.000000,,,,,,,,,,,,,,,,,,,,,,
151,10892,10898,1,Transformer,Closed,Closed,NO,10892,Fixed,NO,10892,NO ,0.000000,0.000100,1.010000,0.990000,Middle,100.000000,765.000000,18.000000,0.000142,0.009568,0.000000,0.000000,0.000000,0.000000,1.000000,1.000000,1.100000,0.900000,0.006250,1.000000,0.000000,0,0.000000,YES,Default,1143.444824,0.000000,0.000000,0.000000,0.000000,0.000000,0.000000,0.000000,0.000000,0.000000,0.000000,0.000000,0.000000,0.000000,0.000000,1,100.000000,,,,,,,,,,,,,,,,,,,,,,
152,10894,10893,1,Transformer,Closed,Closed,NO,10894,LTC,YES,10894,NO ,0.000000,0.000100,1.070000,1.020000,Middle,100.000000,138.000000,345.000000,0.000483,0.028961,0.000000,0.000000,0.000000,0.000000,1.000000,1.000000,1.100000,0.900000,0.006250,1.056250,0.000000,0,0.000000,YES,Default,483.049202,0.000000,0.000000,0.000000,0.000000,0.000000,0.000000,0.000000,0.000000,0.000000,0.000000,0.000000,0.000000,0.000000,0.000000,1,100.000000,,,,,,,,,,,,,,,,,,,,,,
153,10900,10899,1,Transformer,Closed,Closed,NO,10900,Fixed,NO,10900,NO ,0.000000,0.000100,1.010000,0.990000,Middle,100.000000,138.000000,345.000000,0.000451,0.030048,0.000000,0.000000,0.000000,0.000000,1.000000,1.000000,1.100000,0.900000,0.006250,1.000000,0.000000,0,0.000000,YES,Default,346.801901,0.000000,0.000000,0.000000,0.000000,0.000000,0.000000,0.000000,0.000000,0.000000,0.000000,0.000000,0.000000,0.000000,0.000000,1,100.000000,,,,,,,,,,,,,,,,,,,,,,
154,10899,10902,1,Transformer,Closed,Closed,NO,10899,Fixed,NO,10899,NO ,0.000000,0.000100,1.010000,0.990000,Middle,100.000000,345.000000,13.800000,0.000528,0.030927,0.000000,0.000000,0.000000,0.000000,1.000000,1.000000,1.100000,0.900000,0.006250,1.000000,0.000000,0,0.000000,YES,Default,325.835562,0.000000,0.000000,0.000000,0.000000,0.000000,0.000000,0.000000,0.000000,0.000000,0.000000,0.000000,0.000000,0.000000,0.000000,1,100.000000,,,,,,,,,,,,,,,,,,,,,,
155,10900,10901,1,Transformer,Closed,Closed,NO,10900,Fixed,NO,10900,NO ,0.000000,0.000100,1.010000,0.990000,Middle,100.000000,138.000000,13.800000,0.006046,0.172592,0.000000,0.000000,0.000000,0.000000,1.000000,1.000000,1.100000,0.900000,0.006250,1.000000,0.000000,0,0.000000,YES,Default,80.117905,0.000000,0.000000,0.000000,0.000000,0.000000,0.000000,0.000000,0.000000,0.000000,0.000000,0.000000,0.000000,0.000000,0.000000,1,100.000000,,,,,,,,,,,,,,,,,,,,,,
156,10903,10904,1,Transformer,Closed,Closed,NO,10903,Fixed,NO,10903,NO ,0.000000,0.000100,1.010000,0.990000,Middle,100.000000,138.000000,13.800000,0.003579,0.111028,0.000000,0.000000,0.000000,0.000000,1.000000,1.000000,1.100000,0.900000,0.006250,0.993750,0.000000,0,0.000000,YES,Default,91.897571,0.000000,0.000000,0.000000,0.000000,0.000000,0.000000,0.000000,0.000000,0.000000,0.000000,0.000000,0.000000,0.000000,0.000000,1,100.000000,,,,,,,,,,,,,,,,,,,,,,
157,10906,10905,1,Transformer,Closed,Closed,NO,10906,Fixed,NO,10906,NO ,0.000000,0.000100,1.010000,0.990000,Middle,100.000000,345.000000,765.000000,0.000109,0.008192,0.000000,0.000000,0.000000,0.000000,1.000000,1.000000,1.100000,0.900000,0.006250,1.000000,0.000000,0,0.000000,YES,Default,1400.446033,0.000000,0.000000,0.000000,0.000000,0.000000,0.000000,0.000000,0.000000,0.000000,0.000000,0.000000,0.000000,0.000000,0.000000,1,100.000000,,,,,,,,,,,,,,,,,,,,,,
158,10905,10908,1,Transformer,Closed,Closed,NO,10905,Fixed,NO,10905,NO ,0.000000,0.000100,1.010000,0.990000,Middle,100.000000,765.000000,18.000000,0.000118,0.009119,0.000000,0.000000,0.000000,0.000000,1.000000,1.000000,1.100000,0.900000,0.006250,1.006250,0.000000,0,0.000000,YES,Default,1393.061447,0.000000,0.000000,0.000000,0.000000,0.000000,0.000000,0.000000,0.000000,0.000000,0.000000,0.000000,0.000000,0.000000,0.000000,1,100.000000,,,,,,,,,,,,,,,,,,,,,,
159,10905,10909,1,Transformer,Closed,Closed,NO,10905,Fixed,NO,10905,NO ,0.000000,0.000100,1.010000,0.990000,Middle,100.000000,765.000000,18.000000,0.000118,0.009298,0.000000,0.000000,0.000000,0.000000,1.000000,1.000000,1.100000,0.900000,0.006250,1.000000,0.000000,0,0.000000,YES,Default,1390.944862,0.000000,0.000000,0.000000,0.000000,0.000000,0.000000,0.000000,0.000000,0.000000,0.000000,0.000000,0.000000,0.000000,0.000000,1,100.000000,,,,,,,,,,,,,,,,,,,,,,
160,10905,10910,1,Transformer,Closed,Closed,NO,10905,Fixed,NO,10905,NO ,0.000000,0.000100,1.010000,0.990000,Middle,100.000000,765.000000,18.000000,0.000074,0.005974,0.000000,0.000000,0.000000,0.000000,1.000000,1.000000,1.100000,0.900000,0.006250,1.012500,0.000000,0,0.000000,YES,Default,1389.356327,0.000000,0.000000,0.000000,0.000000,0.000000,0.000000,0.000000,0.000000,0.000000,0.000000,0.000000,0.000000,0.000000,0.000000,1,100.000000,,,,,,,,,,,,,,,,,,,,,,
161,10905,10911,1,Transformer,Closed,Closed,NO,10905,Fixed,NO,10905,NO ,0.000000,0.000100,1.010000,0.990000,Middle,100.000000,765.000000,13.200000,0.000134,0.008634,0.000000,0.000000,0.000000,0.000000,1.000000,1.000000,1.100000,0.900000,0.006250,1.000000,0.000000,0,0.000000,YES,Default,1388.654804,0.000000,0.000000,0.000000,0.000000,0.000000,0.000000,0.000000,0.000000,0.000000,0.000000,0.000000,0.000000,0.000000,0.000000,1,100.000000,,,,,,,,,,,,,,,,,,,,,,
162,10905,10912,1,Transformer,Closed,Closed,NO,10905,Fixed,NO,10905,NO ,0.000000,0.000100,1.010000,0.990000,Middle,100.000000,765.000000,13.800000,0.000096,0.007331,0.000000,0.000000,0.000000,0.000000,1.000000,1.000000,1.100000,0.900000,0.006250,1.012500,0.000000,0,0.000000,YES,Default,1385.244942,0.000000,0.000000,0.000000,0.000000,0.000000,0.000000,0.000000,0.000000,0.000000,0.000000,0.000000,0.000000,0.000000,0.000000,1,100.000000,,,,,,,,,,,,,,,,,,,,,,
163,10905,10913,1,Transformer,Closed,Closed,NO,10905,Fixed,NO,10905,NO ,0.000000,0.000100,1.010000,0.990000,Middle,100.000000,765.000000,24.000000,0.000099,0.008615,0.000000,0.000000,0.000000,0.000000,1.000000,1.000000,1.100000,0.900000,0.006250,1.000000,0.000000,0,0.000000,YES,Default,1383.997154,0.000000,0.000000,0.000000,0.000000,0.000000,0.000000,0.000000,0.000000,0.000000,0.000000,0.000000,0.000000,0.000000,0.000000,1,100.000000,,,,,,,,,,,,,,,,,,,,,,
164,10905,10914,1,Transformer,Closed,Closed,NO,10905,Fixed,NO,10905,NO ,0.000000,0.000100,1.010000,0.990000,Middle,100.000000,765.000000,18.000000,0.000211,0.017805,0.000000,0.000000,0.000000,0.000000,1.000000,1.000000,1.100000,0.900000,0.006250,1.012500,0.000000,0,0.000000,YES,Default,826.692295,0.000000,0.000000,0.000000,0.000000,0.000000,0.000000,0.000000,0.000000,0.000000,0.000000,0.000000,0.000000,0.000000,0.000000,1,100.000000,,,,,,,,,,,,,,,,,,,,,,
165,10907,10906,1,Transformer,Closed,Closed,NO,10907,Fixed,NO,10907,NO ,0.000000,0.000100,1.010000,0.990000,Middle,100.000000,138.000000,345.000000,0.000372,0.025607,0.000000,0.000000,0.000000,0.000000,1.000000,1.000000,1.100000,0.900000,0.006250,1.000000,0.000000,0,0.000000,YES,Default,322.588634,0.000000,0.000000,0.000000,0.000000,0.000000,0.000000,0.000000,0.000000,0.000000,0.000000,0.000000,0.000000,0.000000,0.000000,1,100.000000,,,,,,,,,,,,,,,,,,,,,,
166,10917,10916,1,Transformer,Closed,Closed,NO,10917,Fixed,NO,10917,NO ,0.000000,0.000100,1.010000,0.990000,Middle,100.000000,345.000000,765.000000,0.000054,0.004417,0.000000,0.000000,0.000000,0.000000,1.000000,1.000000,1.100000,0.900000,0.006250,1.000000,0.000000,0,0.000000,YES,Default,1569.352531,0.000000,0.000000,0.000000,0.000000,0.000000,0.000000,0.000000,0.000000,0.000000,0.000000,0.000000,0.000000,0.000000,0.000000,1,100.000000,,,,,,,,,,,,,,,,,,,,,,
167,10916,10919,1,Transformer,Closed,Closed,NO,10916,Fixed,NO,10916,NO ,0.000000,0.000100,1.010000,0.990000,Middle,100.000000,765.000000,22.000000,0.000234,0.016125,0.000000,0.000000,0.000000,0.000000,1.000000,1.000000,1.100000,0.900000,0.006250,0.993750,0.000000,0,0.000000,YES,Default,1241.693592,0.000000,0.000000,0.000000,0.000000,0.000000,0.000000,0.000000,0.000000,0.000000,0.000000,0.000000,0.000000,0.000000,0.000000,1,100.000000,,,,,,,,,,,,,,,,,,,,,,
168,10916,10920,1,Transformer,Closed,Closed,NO,10916,Fixed,NO,10916,NO ,0.000000,0.000100,1.010000,0.990000,Middle,100.000000,765.000000,13.800000,0.000161,0.013347,0.000000,0.000000,0.000000,0.000000,1.000000,1.000000,1.100000,0.900000,0.006250,1.000000,0.000000,0,0.000000,YES,Default,1238.064003,0.000000,0.000000,0.000000,0.000000,0.000000,0.000000,0.000000,0.000000,0.000000,0.000000,0.000000,0.000000,0.000000,0.000000,1,100.000000,,,,,,,,,,,,,,,,,,,,,,
169,10916,10921,1,Transformer,Closed,Closed,NO,10916,Fixed,NO,10916,NO ,0.000000,0.000100,1.010000,0.990000,Middle,100.000000,765.000000,13.800000,0.000153,0.011364,0.000000,0.000000,0.000000,0.000000,1.000000,1.000000,1.100000,0.900000,0.006250,0.993750,0.000000,0,0.000000,YES,Default,1237.331486,0.000000,0.000000,0.000000,0.000000,0.000000,0.000000,0.000000,0.000000,0.000000,0.000000,0.000000,0.000000,0.000000,0.000000,1,100.000000,,,,,,,,,,,,,,,,,,,,,,
170,10916,10922,1,Transformer,Closed,Closed,NO,10916,Fixed,NO,10916,NO ,0.000000,0.000100,1.010000,0.990000,Middle,100.000000,765.000000,18.000000,0.000161,0.013338,0.000000,0.000000,0.000000,0.000000,1.000000,1.000000,1.100000,0.900000,0.006250,1.000000,0.000000,0,0.000000,YES,Default,1236.840153,0.000000,0.000000,0.000000,0.000000,0.000000,0.000000,0.000000,0.000000,0.000000,0.000000,0.000000,0.000000,0.000000,0.000000,1,100.000000,,,,,,,,,,,,,,,,,,,,,,
171,10918,10917,1,Transformer,Closed,Closed,NO,10918,Fixed,NO,10918,NO ,0.000000,0.000100,1.010000,0.990000,Middle,100.000000,138.000000,345.000000,0.000416,0.026911,0.000000,0.000000,0.000000,0.000000,1.000000,1.000000,1.100000,0.900000,0.006250,1.000000,0.000000,0,0.000000,YES,Default,338.715029,0.000000,0.000000,0.000000,0.000000,0.000000,0.000000,0.000000,0.000000,0.000000,0.000000,0.000000,0.000000,0.000000,0.000000,1,100.000000,,,,,,,,,,,,,,,,,,,,,,
172,10924,10925,1,Transformer,Closed,Closed,NO,10924,Fixed,NO,10924,NO ,0.000000,0.000100,1.010000,0.990000,Middle,100.000000,138.000000,18.000000,0.009416,0.261948,0.000000,0.000000,0.000000,0.000000,1.000000,1.000000,1.100000,0.900000,0.006250,1.000000,0.000000,0,0.000000,YES,Default,58.957213,0.000000,0.000000,0.000000,0.000000,0.000000,0.000000,0.000000,0.000000,0.000000,0.000000,0.000000,0.000000,0.000000,0.000000,1,100.000000,,,,,,,,,,,,,,,,,,,,,,
173,10929,10928,1,Transformer,Closed,Closed,NO,10929,Fixed,NO,10929,NO ,0.000000,0.000100,1.010000,0.990000,Middle,100.000000,138.000000,345.000000,0.000561,0.030717,0.000000,0.000000,0.000000,0.000000,1.000000,1.000000,1.100000,0.900000,0.006250,1.006250,0.000000,0,0.000000,YES,Default,439.894819,0.000000,0.000000,0.000000,0.000000,0.000000,0.000000,0.000000,0.000000,0.000000,0.000000,0.000000,0.000000,0.000000,0.000000,1,100.000000,,,,,,,,,,,,,,,,,,,,,,
174,10928,10930,1,Transformer,Closed,Closed,NO,10928,Fixed,NO,10928,NO ,0.000000,0.000100,1.010000,0.990000,Middle,100.000000,345.000000,13.800000,0.000466,0.032611,0.000000,0.000000,0.000000,0.000000,1.000000,1.000000,1.100000,0.900000,0.006250,1.000000,0.000000,0,0.000000,YES,Default,552.452564,0.000000,0.000000,0.000000,0.000000,0.000000,0.000000,0.000000,0.000000,0.000000,0.000000,0.000000,0.000000,0.000000,0.000000,1,100.000000,,,,,,,,,,,,,,,,,,,,,,
175,10928,10931,1,Transformer,Closed,Closed,NO,10928,Fixed,NO,10928,NO ,0.000000,0.000100,1.010000,0.990000,Middle,100.000000,345.000000,13.800000,0.000193,0.014048,0.000000,0.000000,0.000000,0.000000,1.000000,1.000000,1.100000,0.900000,0.006250,1.000000,0.000000,0,0.000000,YES,Default,549.103498,0.000000,0.000000,0.000000,0.000000,0.000000,0.000000,0.000000,0.000000,0.000000,0.000000,0.000000,0.000000,0.000000,0.000000,1,100.000000,,,,,,,,,,,,,,,,,,,,,,
176,10928,10932,1,Transformer,Closed,Closed,NO,10928,Fixed,NO,10928,NO ,0.000000,0.000100,1.010000,0.990000,Middle,100.000000,345.000000,13.800000,0.000464,0.028889,0.000000,0.000000,0.000000,0.000000,1.000000,1.000000,1.100000,0.900000,0.006250,1.000000,0.000000,0,0.000000,YES,Default,548.579311,0.000000,0.000000,0.000000,0.000000,0.000000,0.000000,0.000000,0.000000,0.000000,0.000000,0.000000,0.000000,0.000000,0.000000,1,100.000000,,,,,,,,,,,,,,,,,,,,,,
177,10937,10938,1,Transformer,Closed,Closed,NO,10937,Fixed,NO,10937,NO ,0.000000,0.000100,1.010000,0.990000,Middle,100.000000,138.000000,13.800000,0.012033,0.353978,0.000000,0.000000,0.000000,0.000000,1.000000,1.000000,1.100000,0.900000,0.006250,1.000000,0.000000,0,0.000000,YES,Default,27.493522,0.000000,0.000000,0.000000,0.000000,0.000000,0.000000,0.000000,0.000000,0.000000,0.000000,0.000000,0.000000,0.000000,0.000000,1,100.000000,,,,,,,,,,,,,,,,,,,,,,
178,10937,10939,1,Transformer,Closed,Closed,NO,10937,Fixed,NO,10937,NO ,0.000000,0.000100,1.010000,0.990000,Middle,100.000000,138.000000,13.800000,0.035941,1.145095,0.000000,0.000000,0.000000,0.000000,1.000000,1.000000,1.100000,0.900000,0.006250,1.000000,0.000000,0,0.000000,YES,Default,9.750000,0.000000,0.000000,0.000000,0.000000,0.000000,0.000000,0.000000,0.000000,0.000000,0.000000,0.000000,0.000000,0.000000,0.000000,1,100.000000,,,,,,,,,,,,,,,,,,,,,,
179,10937,10940,1,Transformer,Closed,Closed,NO,10937,Fixed,NO,10937,NO ,0.000000,0.000100,1.010000,0.990000,Middle,100.000000,138.000000,18.000000,0.050383,1.490127,0.000000,0.000000,0.000000,0.000000,1.000000,1.000000,1.100000,0.900000,0.006250,1.000000,0.000000,0,0.000000,YES,Default,9.750000,0.000000,0.000000,0.000000,0.000000,0.000000,0.000000,0.000000,0.000000,0.000000,0.000000,0.000000,0.000000,0.000000,0.000000,1,100.000000,,,,,,,,,,,,,,,,,,,,,,
180,10942,10941,1,Transformer,Closed,Closed,NO,10942,Fixed,NO,10942,NO ,0.000000,0.000100,1.010000,0.990000,Middle,100.000000,345.000000,765.000000,0.000162,0.014331,0.000000,0.000000,0.000000,0.000000,1.000000,1.000000,1.100000,0.900000,0.006250,1.000000,0.000000,0,0.000000,YES,Default,1347.892570,0.000000,0.000000,0.000000,0.000000,0.000000,0.000000,0.000000,0.000000,0.000000,0.000000,0.000000,0.000000,0.000000,0.000000,1,100.000000,,,,,,,,,,,,,,,,,,,,,,
181,10941,10944,1,Transformer,Closed,Closed,NO,10941,Fixed,NO,10941,NO ,0.000000,0.000100,1.010000,0.990000,Middle,100.000000,765.000000,24.000000,0.000139,0.011658,0.000000,0.000000,0.000000,0.000000,1.000000,1.000000,1.100000,0.900000,0.006250,1.000000,0.000000,0,0.000000,YES,Default,1330.724812,0.000000,0.000000,0.000000,0.000000,0.000000,0.000000,0.000000,0.000000,0.000000,0.000000,0.000000,0.000000,0.000000,0.000000,1,100.000000,,,,,,,,,,,,,,,,,,,,,,
182,10941,10945,1,Transformer,Closed,Closed,NO,10941,Fixed,NO,10941,NO ,0.000000,0.000100,1.010000,0.990000,Middle,100.000000,765.000000,13.800000,0.000154,0.013104,0.000000,0.000000,0.000000,0.000000,1.000000,1.000000,1.100000,0.900000,0.006250,1.000000,0.000000,0,0.000000,YES,Default,1327.916908,0.000000,0.000000,0.000000,0.000000,0.000000,0.000000,0.000000,0.000000,0.000000,0.000000,0.000000,0.000000,0.000000,0.000000,1,100.000000,,,,,,,,,,,,,,,,,,,,,,
183,10941,10946,1,Transformer,Closed,Closed,NO,10941,Fixed,NO,10941,NO ,0.000000,0.000100,1.010000,0.990000,Middle,100.000000,765.000000,13.800000,0.000102,0.007822,0.000000,0.000000,0.000000,0.000000,1.000000,1.000000,1.100000,0.900000,0.006250,1.000000,0.000000,0,0.000000,YES,Default,1324.095058,0.000000,0.000000,0.000000,0.000000,0.000000,0.000000,0.000000,0.000000,0.000000,0.000000,0.000000,0.000000,0.000000,0.000000,1,100.000000,,,,,,,,,,,,,,,,,,,,,,
184,10941,10947,1,Transformer,Closed,Closed,NO,10941,Fixed,NO,10941,NO ,0.000000,0.000100,1.010000,0.990000,Middle,100.000000,765.000000,13.800000,0.000132,0.009974,0.000000,0.000000,0.000000,0.000000,1.000000,1.000000,1.100000,0.900000,0.006250,1.000000,0.000000,0,0.000000,YES,Default,1322.941685,0.000000,0.000000,0.000000,0.000000,0.000000,0.000000,0.000000,0.000000,0.000000,0.000000,0.000000,0.000000,0.000000,0.000000,1,100.000000,,,,,,,,,,,,,,,,,,,,,,
185,10941,10948,1,Transformer,Closed,Closed,NO,10941,Fixed,NO,10941,NO ,0.000000,0.000100,1.010000,0.990000,Middle,100.000000,765.000000,18.000000,0.000124,0.010305,0.000000,0.000000,0.000000,0.000000,1.000000,1.000000,1.100000,0.900000,0.006250,1.000000,0.000000,0,0.000000,YES,Default,1322.617435,0.000000,0.000000,0.000000,0.000000,0.000000,0.000000,0.000000,0.000000,0.000000,0.000000,0.000000,0.000000,0.000000,0.000000,1,100.000000,,,,,,,,,,,,,,,,,,,,,,
186,10941,10949,1,Transformer,Closed,Closed,NO,10941,Fixed,NO,10941,NO ,0.000000,0.000100,1.010000,0.990000,Middle,100.000000,765.000000,13.800000,0.000112,0.008687,0.000000,0.000000,0.000000,0.000000,1.000000,1.000000,1.100000,0.900000,0.006250,1.000000,0.000000,0,0.000000,YES,Default,1322.611141,0.000000,0.000000,0.000000,0.000000,0.000000,0.000000,0.000000,0.000000,0.000000,0.000000,0.000000,0.000000,0.000000,0.000000,1,100.000000,,,,,,,,,,,,,,,,,,,,,,
187,10943,10942,1,Transformer,Closed,Closed,NO,10943,Fixed,NO,10943,NO ,0.000000,0.000100,1.010000,0.990000,Middle,100.000000,138.000000,345.000000,0.000483,0.030763,0.000000,0.000000,0.000000,0.000000,1.000000,1.000000,1.100000,0.900000,0.006250,1.000000,0.000000,0,0.000000,YES,Default,432.539797,0.000000,0.000000,0.000000,0.000000,0.000000,0.000000,0.000000,0.000000,0.000000,0.000000,0.000000,0.000000,0.000000,0.000000,1,100.000000,,,,,,,,,,,,,,,,,,,,,,
188,10950,10951,1,Transformer,Closed,Closed,NO,10950,Fixed,NO,10950,NO ,0.000000,0.000100,1.010000,0.990000,Middle,100.000000,138.000000,18.000000,0.008545,0.251087,0.000000,0.000000,0.000000,0.000000,1.000000,1.000000,1.100000,0.900000,0.006250,1.000000,0.000000,0,0.000000,YES,Default,72.947550,0.000000,0.000000,0.000000,0.000000,0.000000,0.000000,0.000000,0.000000,0.000000,0.000000,0.000000,0.000000,0.000000,0.000000,1,100.000000,,,,,,,,,,,,,,,,,,,,,,
189,10954,10953,1,Transformer,Closed,Closed,NO,10954,LTC,YES,10954,NO ,0.000000,0.000100,1.066000,1.016000,Middle,100.000000,138.000000,345.000000,0.000368,0.024141,0.000000,0.000000,0.000000,0.000000,1.000000,1.000000,1.100000,0.900000,0.006250,1.006250,0.000000,0,0.000000,YES,Default,450.633144,0.000000,0.000000,0.000000,0.000000,0.000000,0.000000,0.000000,0.000000,0.000000,0.000000,0.000000,0.000000,0.000000,0.000000,1,100.000000,,,,,,,,,,,,,,,,,,,,,,
190,10953,10955,1,Transformer,Closed,Closed,NO,10953,Fixed,NO,10953,NO ,0.000000,0.000100,1.010000,0.990000,Middle,100.000000,345.000000,13.800000,0.000370,0.021985,0.000000,0.000000,0.000000,0.000000,1.000000,1.000000,1.100000,0.900000,0.006250,1.000000,0.000000,0,0.000000,YES,Default,390.002251,0.000000,0.000000,0.000000,0.000000,0.000000,0.000000,0.000000,0.000000,0.000000,0.000000,0.000000,0.000000,0.000000,0.000000,1,100.000000,,,,,,,,,,,,,,,,,,,,,,
191,10953,10956,1,Transformer,Closed,Closed,NO,10953,Fixed,NO,10953,NO ,0.000000,0.000100,1.010000,0.990000,Middle,100.000000,345.000000,13.800000,0.000436,0.027417,0.000000,0.000000,0.000000,0.000000,1.000000,1.000000,1.100000,0.900000,0.006250,1.000000,0.000000,0,0.000000,YES,Default,388.467169,0.000000,0.000000,0.000000,0.000000,0.000000,0.000000,0.000000,0.000000,0.000000,0.000000,0.000000,0.000000,0.000000,0.000000,1,100.000000,,,,,,,,,,,,,,,,,,,,,,
192,10958,10957,1,Transformer,Closed,Closed,NO,10958,Fixed,NO,10958,NO ,0.000000,0.000100,1.010000,0.990000,Middle,100.000000,138.000000,345.000000,0.000458,0.027813,0.000000,0.000000,0.000000,0.000000,1.000000,1.000000,1.100000,0.900000,0.006250,1.000000,0.000000,0,0.000000,YES,Default,437.614346,0.000000,0.000000,0.000000,0.000000,0.000000,0.000000,0.000000,0.000000,0.000000,0.000000,0.000000,0.000000,0.000000,0.000000,1,100.000000,,,,,,,,,,,,,,,,,,,,,,
193,10957,10959,1,Transformer,Closed,Closed,NO,10957,Fixed,NO,10957,NO ,0.000000,0.000100,1.010000,0.990000,Middle,100.000000,345.000000,20.000000,0.000354,0.018907,0.000000,0.000000,0.000000,0.000000,1.000000,1.000000,1.100000,0.900000,0.006250,1.043750,0.000000,0,0.000000,YES,Default,577.797508,0.000000,0.000000,0.000000,0.000000,0.000000,0.000000,0.000000,0.000000,0.000000,0.000000,0.000000,0.000000,0.000000,0.000000,1,100.000000,,,,,,,,,,,,,,,,,,,,,,
194,10961,10965,1,Transformer,Closed,Closed,NO,10961,Fixed,NO,10961,NO ,0.000000,0.000100,1.010000,0.990000,Middle,100.000000,345.000000,13.800000,0.000257,0.016645,0.000000,0.000000,0.000000,0.000000,1.000000,1.000000,1.100000,0.900000,0.006250,1.000000,0.000000,0,0.000000,YES,Default,597.628021,0.000000,0.000000,0.000000,0.000000,0.000000,0.000000,0.000000,0.000000,0.000000,0.000000,0.000000,0.000000,0.000000,0.000000,1,100.000000,,,,,,,,,,,,,,,,,,,,,,
195,10968,10969,1,Transformer,Closed,Closed,NO,10968,Fixed,NO,10968,NO ,0.000000,0.000100,1.010000,0.990000,Middle,100.000000,138.000000,13.800000,0.006646,0.198183,0.000000,0.000000,0.000000,0.000000,1.000000,1.000000,1.100000,0.900000,0.006250,1.000000,0.000000,0,0.000000,YES,Default,60.487998,0.000000,0.000000,0.000000,0.000000,0.000000,0.000000,0.000000,0.000000,0.000000,0.000000,0.000000,0.000000,0.000000,0.000000,1,100.000000,,,,,,,,,,,,,,,,,,,,,,
196,10971,10970,1,Transformer,Closed,Closed,NO,10971,Fixed,NO,10971,NO ,0.000000,0.000100,1.010000,0.990000,Middle,100.000000,138.000000,345.000000,0.000496,0.033215,0.000000,0.000000,0.000000,0.000000,1.000000,1.000000,1.100000,0.900000,0.006250,1.000000,0.000000,0,0.000000,YES,Default,421.320486,0.000000,0.000000,0.000000,0.000000,0.000000,0.000000,0.000000,0.000000,0.000000,0.000000,0.000000,0.000000,0.000000,0.000000,1,100.000000,,,,,,,,,,,,,,,,,,,,,,
197,10971,10972,1,Transformer,Closed,Closed,NO,10971,Fixed,NO,10971,NO ,0.000000,0.000100,1.010000,0.990000,Middle,100.000000,138.000000,18.000000,0.006126,0.172754,0.000000,0.000000,0.000000,0.000000,1.000000,1.000000,1.100000,0.900000,0.006250,1.000000,0.000000,0,0.000000,YES,Default,68.545413,0.000000,0.000000,0.000000,0.000000,0.000000,0.000000,0.000000,0.000000,0.000000,0.000000,0.000000,0.000000,0.000000,0.000000,1,100.000000,,,,,,,,,,,,,,,,,,,,,,
198,10971,10973,1,Transformer,Closed,Closed,NO,10971,Fixed,NO,10971,NO ,0.000000,0.000100,1.010000,0.990000,Middle,100.000000,138.000000,18.000000,0.004650,0.137515,0.000000,0.000000,0.000000,0.000000,1.000000,1.000000,1.100000,0.900000,0.006250,1.000000,0.000000,0,0.000000,YES,Default,68.517220,0.000000,0.000000,0.000000,0.000000,0.000000,0.000000,0.000000,0.000000,0.000000,0.000000,0.000000,0.000000,0.000000,0.000000,1,100.000000,,,,,,,,,,,,,,,,,,,,,,
199,10974,10978,1,Transformer,Closed,Closed,NO,10974,Fixed,NO,10974,NO ,0.000000,0.000100,1.010000,0.990000,Middle,100.000000,345.000000,13.800000,0.000317,0.017470,0.000000,0.000000,0.000000,0.000000,1.000000,1.000000,1.100000,0.900000,0.006250,1.000000,0.000000,0,0.000000,YES,Default,412.777472,0.000000,0.000000,0.000000,0.000000,0.000000,0.000000,0.000000,0.000000,0.000000,0.000000,0.000000,0.000000,0.000000,0.000000,1,100.000000,,,,,,,,,,,,,,,,,,,,,,
200,10980,10979,1,Transformer,Closed,Closed,NO,10980,LTC,YES,10980,NO ,0.000000,0.000100,1.069000,1.019000,Middle,100.000000,138.000000,345.000000,0.000401,0.026695,0.000000,0.000000,0.000000,0.000000,1.000000,1.000000,1.100000,0.900000,0.006250,1.006250,0.000000,0,0.000000,YES,Default,444.748402,0.000000,0.000000,0.000000,0.000000,0.000000,0.000000,0.000000,0.000000,0.000000,0.000000,0.000000,0.000000,0.000000,0.000000,1,100.000000,,,,,,,,,,,,,,,,,,,,,,
201,10979,10981,1,Transformer,Closed,Closed,NO,10979,Fixed,NO,10979,NO ,0.000000,0.000100,1.010000,0.990000,Middle,100.000000,345.000000,13.800000,0.000361,0.023046,0.000000,0.000000,0.000000,0.000000,1.000000,1.000000,1.100000,0.900000,0.006250,1.000000,0.000000,0,0.000000,YES,Default,471.104956,0.000000,0.000000,0.000000,0.000000,0.000000,0.000000,0.000000,0.000000,0.000000,0.000000,0.000000,0.000000,0.000000,0.000000,1,100.000000,,,,,,,,,,,,,,,,,,,,,,
202,10979,10982,1,Transformer,Closed,Closed,NO,10979,Fixed,NO,10979,NO ,0.000000,0.000100,1.010000,0.990000,Middle,100.000000,345.000000,22.000000,0.000246,0.015028,0.000000,0.000000,0.000000,0.000000,1.000000,1.000000,1.100000,0.900000,0.006250,1.000000,0.000000,0,0.000000,YES,Default,470.547533,0.000000,0.000000,0.000000,0.000000,0.000000,0.000000,0.000000,0.000000,0.000000,0.000000,0.000000,0.000000,0.000000,0.000000,1,100.000000,,,,,,,,,,,,,,,,,,,,,,
203,10984,10983,1,Transformer,Closed,Closed,NO,10984,Fixed,NO,10984,NO ,0.000000,0.000100,1.010000,0.990000,Middle,100.000000,138.000000,345.000000,0.000424,0.029214,0.000000,0.000000,0.000000,0.000000,1.000000,1.000000,1.100000,0.900000,0.006250,1.000000,0.000000,0,0.000000,YES,Default,281.186152,0.000000,0.000000,0.000000,0.000000,0.000000,0.000000,0.000000,0.000000,0.000000,0.000000,0.000000,0.000000,0.000000,0.000000,1,100.000000,,,,,,,,,,,,,,,,,,,,,,
204,10983,10985,1,Transformer,Closed,Closed,NO,10983,Fixed,NO,10983,NO ,0.000000,0.000100,1.010000,0.990000,Middle,100.000000,345.000000,13.800000,0.000274,0.018775,0.000000,0.000000,0.000000,0.000000,1.000000,1.000000,1.100000,0.900000,0.006250,1.000000,0.000000,0,0.000000,YES,Default,519.941854,0.000000,0.000000,0.000000,0.000000,0.000000,0.000000,0.000000,0.000000,0.000000,0.000000,0.000000,0.000000,0.000000,0.000000,1,100.000000,,,,,,,,,,,,,,,,,,,,,,
205,10987,10986,1,Transformer,Closed,Closed,NO,10987,LTC,YES,10987,NO ,0.000000,0.000100,1.066000,1.016000,Middle,100.000000,345.000000,765.000000,0.000074,0.005762,0.000000,0.000000,0.000000,0.000000,1.000000,1.000000,1.100000,0.900000,0.006250,1.006250,0.000000,0,0.000000,YES,Default,1559.025955,0.000000,0.000000,0.000000,0.000000,0.000000,0.000000,0.000000,0.000000,0.000000,0.000000,0.000000,0.000000,0.000000,0.000000,1,100.000000,,,,,,,,,,,,,,,,,,,,,,
206,10986,10989,1,Transformer,Closed,Closed,NO,10986,Fixed,NO,10986,NO ,0.000000,0.000100,1.010000,0.990000,Middle,100.000000,765.000000,18.000000,0.000104,0.009435,0.000000,0.000000,0.000000,0.000000,1.000000,1.000000,1.100000,0.900000,0.006250,1.000000,0.000000,0,0.000000,YES,Default,1521.679306,0.000000,0.000000,0.000000,0.000000,0.000000,0.000000,0.000000,0.000000,0.000000,0.000000,0.000000,0.000000,0.000000,0.000000,1,100.000000,,,,,,,,,,,,,,,,,,,,,,
207,10986,10990,1,Transformer,Closed,Closed,NO,10986,Fixed,NO,10986,NO ,0.000000,0.000100,1.010000,0.990000,Middle,100.000000,765.000000,20.000000,0.000121,0.009022,0.000000,0.000000,0.000000,0.000000,1.000000,1.000000,1.100000,0.900000,0.006250,1.000000,0.000000,0,0.000000,YES,Default,1521.483326,0.000000,0.000000,0.000000,0.000000,0.000000,0.000000,0.000000,0.000000,0.000000,0.000000,0.000000,0.000000,0.000000,0.000000,1,100.000000,,,,,,,,,,,,,,,,,,,,,,
208,10986,10991,1,Transformer,Closed,Closed,NO,10986,Fixed,NO,10986,NO ,0.000000,0.000100,1.010000,0.990000,Middle,100.000000,765.000000,22.000000,0.000100,0.007344,0.000000,0.000000,0.000000,0.000000,1.000000,1.000000,1.100000,0.900000,0.006250,1.000000,0.000000,0,0.000000,YES,Default,1519.998264,0.000000,0.000000,0.000000,0.000000,0.000000,0.000000,0.000000,0.000000,0.000000,0.000000,0.000000,0.000000,0.000000,0.000000,1,100.000000,,,,,,,,,,,,,,,,,,,,,,
209,10988,10987,1,Transformer,Closed,Closed,NO,10988,Fixed,NO,10988,NO ,0.000000,0.000100,1.010000,0.990000,Middle,100.000000,138.000000,345.000000,0.000330,0.020206,0.000000,0.000000,0.000000,0.000000,1.000000,1.000000,1.100000,0.900000,0.006250,1.000000,0.000000,0,0.000000,YES,Default,478.095484,0.000000,0.000000,0.000000,0.000000,0.000000,0.000000,0.000000,0.000000,0.000000,0.000000,0.000000,0.000000,0.000000,0.000000,1,100.000000,,,,,,,,,,,,,,,,,,,,,,
210,10992,10993,1,Transformer,Closed,Closed,NO,10992,Fixed,NO,10992,NO ,0.000000,0.000100,1.010000,0.990000,Middle,100.000000,138.000000,18.000000,0.007159,0.159086,0.000000,0.000000,0.000000,0.000000,1.000000,1.000000,1.100000,0.900000,0.006250,1.000000,0.000000,0,0.000000,YES,Default,75.628513,0.000000,0.000000,0.000000,0.000000,0.000000,0.000000,0.000000,0.000000,0.000000,0.000000,0.000000,0.000000,0.000000,0.000000,1,100.000000,,,,,,,,,,,,,,,,,,,,,,
211,10992,10994,1,Transformer,Closed,Closed,NO,10992,Fixed,NO,10992,NO ,0.000000,0.000100,1.010000,0.990000,Middle,100.000000,138.000000,13.800000,0.013978,0.421369,0.000000,0.000000,0.000000,0.000000,1.000000,1.000000,1.100000,0.900000,0.006250,1.000000,0.000000,0,0.000000,YES,Default,38.679984,0.000000,0.000000,0.000000,0.000000,0.000000,0.000000,0.000000,0.000000,0.000000,0.000000,0.000000,0.000000,0.000000,0.000000,1,100.000000,,,,,,,,,,,,,,,,,,,,,,
212,10992,10995,1,Transformer,Closed,Closed,NO,10992,Fixed,NO,10992,NO ,0.000000,0.000100,1.010000,0.990000,Middle,100.000000,138.000000,13.800000,0.008547,0.247358,0.000000,0.000000,0.000000,0.000000,1.000000,1.000000,1.100000,0.900000,0.006250,1.000000,0.000000,0,0.000000,YES,Default,38.581100,0.000000,0.000000,0.000000,0.000000,0.000000,0.000000,0.000000,0.000000,0.000000,0.000000,0.000000,0.000000,0.000000,0.000000,1,100.000000,,,,,,,,,,,,,,,,,,,,,,
213,10997,10998,1,Transformer,Closed,Closed,NO,10997,Fixed,NO,10997,NO ,0.000000,0.000100,1.010000,0.990000,Middle,100.000000,138.000000,18.000000,0.001762,0.058870,0.000000,0.000000,0.000000,0.000000,1.000000,1.000000,1.100000,0.900000,0.006250,1.006250,0.000000,0,0.000000,YES,Default,90.962726,0.000000,0.000000,0.000000,0.000000,0.000000,0.000000,0.000000,0.000000,0.000000,0.000000,0.000000,0.000000,0.000000,0.000000,1,100.000000,,,,,,,,,,,,,,,,,,,,,,
214,11001,11000,1,Transformer,Closed,Closed,NO,11001,LTC,YES,11001,NO ,0.000000,0.000100,1.073000,1.023000,Middle,100.000000,345.000000,765.000000,0.000085,0.006675,0.000000,0.000000,0.000000,0.000000,1.000000,1.000000,1.100000,0.900000,0.006250,1.006250,0.000000,0,0.000000,YES,Default,1321.676254,0.000000,0.000000,0.000000,0.000000,0.000000,0.000000,0.000000,0.000000,0.000000,0.000000,0.000000,0.000000,0.000000,0.000000,1,100.000000,,,,,,,,,,,,,,,,,,,,,,
215,11000,11005,1,Transformer,Closed,Closed,NO,11000,Fixed,NO,11000,NO ,0.000000,0.000100,1.010000,0.990000,Middle,100.000000,765.000000,13.800000,0.000061,0.005566,0.000000,0.000000,0.000000,0.000000,1.000000,1.000000,1.100000,0.900000,0.006250,1.012500,0.000000,0,0.000000,YES,Default,1348.469353,0.000000,0.000000,0.000000,0.000000,0.000000,0.000000,0.000000,0.000000,0.000000,0.000000,0.000000,0.000000,0.000000,0.000000,1,100.000000,,,,,,,,,,,,,,,,,,,,,,
216,11000,11006,1,Transformer,Closed,Closed,NO,11000,Fixed,NO,11000,NO ,0.000000,0.000100,1.010000,0.990000,Middle,100.000000,765.000000,13.800000,0.000088,0.007417,0.000000,0.000000,0.000000,0.000000,1.000000,1.000000,1.100000,0.900000,0.006250,1.012500,0.000000,0,0.000000,YES,Default,1347.925186,0.000000,0.000000,0.000000,0.000000,0.000000,0.000000,0.000000,0.000000,0.000000,0.000000,0.000000,0.000000,0.000000,0.000000,1,100.000000,,,,,,,,,,,,,,,,,,,,,,
217,11007,11008,1,Transformer,Closed,Closed,NO,11007,Fixed,NO,11007,NO ,0.000000,0.000100,1.010000,0.990000,Middle,100.000000,138.000000,18.000000,0.009449,0.349705,0.000000,0.000000,0.000000,0.000000,1.000000,1.000000,1.100000,0.900000,0.006250,1.050000,0.000000,0,0.000000,YES,Default,41.364172,0.000000,0.000000,0.000000,0.000000,0.000000,0.000000,0.000000,0.000000,0.000000,0.000000,0.000000,0.000000,0.000000,0.000000,1,100.000000,,,,,,,,,,,,,,,,,,,,,,
218,11007,11009,1,Transformer,Closed,Closed,NO,11007,Fixed,NO,11007,NO ,0.000000,0.000100,1.010000,0.990000,Middle,100.000000,138.000000,24.000000,0.003074,0.094552,0.000000,0.000000,0.000000,0.000000,1.000000,1.000000,1.100000,0.900000,0.006250,1.031250,0.000000,0,0.000000,YES,Default,67.924494,0.000000,0.000000,0.000000,0.000000,0.000000,0.000000,0.000000,0.000000,0.000000,0.000000,0.000000,0.000000,0.000000,0.000000,1,100.000000,,,,,,,,,,,,,,,,,,,,,,
219,11012,11011,1,Transformer,Closed,Closed,NO,11012,Fixed,NO,11012,NO ,0.000000,0.000100,1.010000,0.990000,Middle,100.000000,345.000000,765.000000,0.000134,0.010297,0.000000,0.000000,0.000000,0.000000,1.000000,1.000000,1.100000,0.900000,0.006250,1.000000,0.000000,0,0.000000,YES,Default,1456.459808,0.000000,0.000000,0.000000,0.000000,0.000000,0.000000,0.000000,0.000000,0.000000,0.000000,0.000000,0.000000,0.000000,0.000000,1,100.000000,,,,,,,,,,,,,,,,,,,,,,
220,11011,11014,1,Transformer,Closed,Closed,NO,11011,Fixed,NO,11011,NO ,0.000000,0.000100,1.010000,0.990000,Middle,100.000000,765.000000,13.800000,0.000136,0.009991,0.000000,0.000000,0.000000,0.000000,1.000000,1.000000,1.100000,0.900000,0.006250,1.000000,0.000000,0,0.000000,YES,Default,1896.106911,0.000000,0.000000,0.000000,0.000000,0.000000,0.000000,0.000000,0.000000,0.000000,0.000000,0.000000,0.000000,0.000000,0.000000,1,100.000000,,,,,,,,,,,,,,,,,,,,,,
221,11011,11015,1,Transformer,Closed,Closed,NO,11011,Fixed,NO,11011,NO ,0.000000,0.000100,1.010000,0.990000,Middle,100.000000,765.000000,13.800000,0.000102,0.008645,0.000000,0.000000,0.000000,0.000000,1.000000,1.000000,1.100000,0.900000,0.006250,1.000000,0.000000,0,0.000000,YES,Default,1867.477989,0.000000,0.000000,0.000000,0.000000,0.000000,0.000000,0.000000,0.000000,0.000000,0.000000,0.000000,0.000000,0.000000,0.000000,1,100.000000,,,,,,,,,,,,,,,,,,,,,,
222,11011,11016,1,Transformer,Closed,Closed,NO,11011,Fixed,NO,11011,NO ,0.000000,0.000100,1.010000,0.990000,Middle,100.000000,765.000000,13.800000,0.000102,0.008082,0.000000,0.000000,0.000000,0.000000,1.000000,1.000000,1.100000,0.900000,0.006250,1.000000,0.000000,0,0.000000,YES,Default,1864.619446,0.000000,0.000000,0.000000,0.000000,0.000000,0.000000,0.000000,0.000000,0.000000,0.000000,0.000000,0.000000,0.000000,0.000000,1,100.000000,,,,,,,,,,,,,,,,,,,,,,
223,11011,11017,1,Transformer,Closed,Closed,NO,11011,Fixed,NO,11011,NO ,0.000000,0.000100,1.010000,0.990000,Middle,100.000000,765.000000,13.800000,0.000074,0.006250,0.000000,0.000000,0.000000,0.000000,1.000000,1.000000,1.100000,0.900000,0.006250,1.000000,0.000000,0,0.000000,YES,Default,1862.673187,0.000000,0.000000,0.000000,0.000000,0.000000,0.000000,0.000000,0.000000,0.000000,0.000000,0.000000,0.000000,0.000000,0.000000,1,100.000000,,,,,,,,,,,,,,,,,,,,,,
224,11011,11018,1,Transformer,Closed,Closed,NO,11011,Fixed,NO,11011,NO ,0.000000,0.000100,1.010000,0.990000,Middle,100.000000,765.000000,13.800000,0.000098,0.007147,0.000000,0.000000,0.000000,0.000000,1.000000,1.000000,1.100000,0.900000,0.006250,1.000000,0.000000,0,0.000000,YES,Default,1860.985184,0.000000,0.000000,0.000000,0.000000,0.000000,0.000000,0.000000,0.000000,0.000000,0.000000,0.000000,0.000000,0.000000,0.000000,1,100.000000,,,,,,,,,,,,,,,,,,,,,,
225,11011,11019,1,Transformer,Closed,Closed,NO,11011,Fixed,NO,11011,NO ,0.000000,0.000100,1.010000,0.990000,Middle,100.000000,765.000000,13.800000,0.000091,0.006910,0.000000,0.000000,0.000000,0.000000,1.000000,1.000000,1.100000,0.900000,0.006250,1.000000,0.000000,0,0.000000,YES,Default,1858.124161,0.000000,0.000000,0.000000,0.000000,0.000000,0.000000,0.000000,0.000000,0.000000,0.000000,0.000000,0.000000,0.000000,0.000000,1,100.000000,,,,,,,,,,,,,,,,,,,,,,
226,11011,11020,1,Transformer,Closed,Closed,NO,11011,Fixed,NO,11011,NO ,0.000000,0.000100,1.010000,0.990000,Middle,100.000000,765.000000,20.000000,0.000127,0.010419,0.000000,0.000000,0.000000,0.000000,1.000000,1.000000,1.100000,0.900000,0.006250,1.000000,0.000000,0,0.000000,YES,Default,1056.862736,0.000000,0.000000,0.000000,0.000000,0.000000,0.000000,0.000000,0.000000,0.000000,0.000000,0.000000,0.000000,0.000000,0.000000,1,100.000000,,,,,,,,,,,,,,,,,,,,,,
227,11011,11021,1,Transformer,Closed,Closed,NO,11011,Fixed,NO,11011,NO ,0.000000,0.000100,1.010000,0.990000,Middle,100.000000,765.000000,22.000000,0.000165,0.013311,0.000000,0.000000,0.000000,0.000000,1.000000,1.000000,1.100000,0.900000,0.006250,1.000000,0.000000,0,0.000000,YES,Default,1045.970726,0.000000,0.000000,0.000000,0.000000,0.000000,0.000000,0.000000,0.000000,0.000000,0.000000,0.000000,0.000000,0.000000,0.000000,1,100.000000,,,,,,,,,,,,,,,,,,,,,,
228,11011,11022,1,Transformer,Closed,Closed,NO,11011,Fixed,NO,11011,NO ,0.000000,0.000100,1.010000,0.990000,Middle,100.000000,765.000000,18.000000,0.000083,0.005969,0.000000,0.000000,0.000000,0.000000,1.000000,1.000000,1.100000,0.900000,0.006250,1.000000,0.000000,0,0.000000,YES,Default,1045.584488,0.000000,0.000000,0.000000,0.000000,0.000000,0.000000,0.000000,0.000000,0.000000,0.000000,0.000000,0.000000,0.000000,0.000000,1,100.000000,,,,,,,,,,,,,,,,,,,,,,
229,11011,11023,1,Transformer,Closed,Closed,NO,11011,Fixed,NO,11011,NO ,0.000000,0.000100,1.010000,0.990000,Middle,100.000000,765.000000,13.800000,0.000125,0.010919,0.000000,0.000000,0.000000,0.000000,1.000000,1.000000,1.100000,0.900000,0.006250,1.000000,0.000000,0,0.000000,YES,Default,1041.644478,0.000000,0.000000,0.000000,0.000000,0.000000,0.000000,0.000000,0.000000,0.000000,0.000000,0.000000,0.000000,0.000000,0.000000,1,100.000000,,,,,,,,,,,,,,,,,,,,,,
230,11011,11024,1,Transformer,Closed,Closed,NO,11011,Fixed,NO,11011,NO ,0.000000,0.000100,1.010000,0.990000,Middle,100.000000,765.000000,13.800000,0.000116,0.010067,0.000000,0.000000,0.000000,0.000000,1.000000,1.000000,1.100000,0.900000,0.006250,1.000000,0.000000,0,0.000000,YES,Default,1041.167259,0.000000,0.000000,0.000000,0.000000,0.000000,0.000000,0.000000,0.000000,0.000000,0.000000,0.000000,0.000000,0.000000,0.000000,1,100.000000,,,,,,,,,,,,,,,,,,,,,,
231,11011,11025,1,Transformer,Closed,Closed,NO,11011,Fixed,NO,11011,NO ,0.000000,0.000100,1.010000,0.990000,Middle,100.000000,765.000000,13.800000,0.000135,0.010864,0.000000,0.000000,0.000000,0.000000,1.000000,1.000000,1.100000,0.900000,0.006250,1.000000,0.000000,0,0.000000,YES,Default,1035.996532,0.000000,0.000000,0.000000,0.000000,0.000000,0.000000,0.000000,0.000000,0.000000,0.000000,0.000000,0.000000,0.000000,0.000000,1,100.000000,,,,,,,,,,,,,,,,,,,,,,
232,11013,11012,1,Transformer,Closed,Closed,NO,11013,Fixed,NO,11013,NO ,0.000000,0.000100,1.010000,0.990000,Middle,100.000000,138.000000,345.000000,0.000488,0.029055,0.000000,0.000000,0.000000,0.000000,1.000000,1.000000,1.100000,0.900000,0.006250,1.000000,0.000000,0,0.000000,YES,Default,395.615387,0.000000,0.000000,0.000000,0.000000,0.000000,0.000000,0.000000,0.000000,0.000000,0.000000,0.000000,0.000000,0.000000,0.000000,1,100.000000,,,,,,,,,,,,,,,,,,,,,,
233,11027,11031,1,Transformer,Closed,Closed,NO,11027,Fixed,NO,11027,NO ,0.000000,0.000100,1.010000,0.990000,Middle,100.000000,345.000000,18.000000,0.000447,0.024803,0.000000,0.000000,0.000000,0.000000,1.000000,1.000000,1.100000,0.900000,0.006250,0.981250,0.000000,0,0.000000,YES,Default,412.247372,0.000000,0.000000,0.000000,0.000000,0.000000,0.000000,0.000000,0.000000,0.000000,0.000000,0.000000,0.000000,0.000000,0.000000,1,100.000000,,,,,,,,,,,,,,,,,,,,,,
234,11027,11032,1,Transformer,Closed,Closed,NO,11027,Fixed,NO,11027,NO ,0.000000,0.000100,1.010000,0.990000,Middle,100.000000,345.000000,24.000000,0.000504,0.033263,0.000000,0.000000,0.000000,0.000000,1.000000,1.000000,1.100000,0.900000,0.006250,0.981250,0.000000,0,0.000000,YES,Default,411.776495,0.000000,0.000000,0.000000,0.000000,0.000000,0.000000,0.000000,0.000000,0.000000,0.000000,0.000000,0.000000,0.000000,0.000000,1,100.000000,,,,,,,,,,,,,,,,,,,,,,
235,11027,11033,1,Transformer,Closed,Closed,NO,11027,Fixed,NO,11027,NO ,0.000000,0.000100,1.010000,0.990000,Middle,100.000000,345.000000,13.200000,0.000484,0.033471,0.000000,0.000000,0.000000,0.000000,1.000000,1.000000,1.100000,0.900000,0.006250,0.981250,0.000000,0,0.000000,YES,Default,410.471535,0.000000,0.000000,0.000000,0.000000,0.000000,0.000000,0.000000,0.000000,0.000000,0.000000,0.000000,0.000000,0.000000,0.000000,1,100.000000,,,,,,,,,,,,,,,,,,,,,,
236,11039,11038,1,Transformer,Closed,Closed,NO,11039,Fixed,NO,11039,NO ,0.000000,0.000100,1.010000,0.990000,Middle,100.000000,345.000000,765.000000,0.000096,0.007443,0.000000,0.000000,0.000000,0.000000,1.000000,1.000000,1.100000,0.900000,0.006250,1.000000,0.000000,0,0.000000,YES,Default,1284.867287,0.000000,0.000000,0.000000,0.000000,0.000000,0.000000,0.000000,0.000000,0.000000,0.000000,0.000000,0.000000,0.000000,0.000000,1,100.000000,,,,,,,,,,,,,,,,,,,,,,
237,11038,11041,1,Transformer,Closed,Closed,NO,11038,Fixed,NO,11038,NO ,0.000000,0.000100,1.010000,0.990000,Middle,100.000000,765.000000,13.800000,0.000081,0.006033,0.000000,0.000000,0.000000,0.000000,1.000000,1.000000,1.100000,0.900000,0.006250,1.000000,0.000000,0,0.000000,YES,Default,1420.286465,0.000000,0.000000,0.000000,0.000000,0.000000,0.000000,0.000000,0.000000,0.000000,0.000000,0.000000,0.000000,0.000000,0.000000,1,100.000000,,,,,,,,,,,,,,,,,,,,,,
238,11038,11042,1,Transformer,Closed,Closed,NO,11038,Fixed,NO,11038,NO ,0.000000,0.000100,1.010000,0.990000,Middle,100.000000,765.000000,13.800000,0.000114,0.009339,0.000000,0.000000,0.000000,0.000000,1.000000,1.000000,1.100000,0.900000,0.006250,1.000000,0.000000,0,0.000000,YES,Default,1419.728947,0.000000,0.000000,0.000000,0.000000,0.000000,0.000000,0.000000,0.000000,0.000000,0.000000,0.000000,0.000000,0.000000,0.000000,1,100.000000,,,,,,,,,,,,,,,,,,,,,,
239,11038,11043,1,Transformer,Closed,Closed,NO,11038,Fixed,NO,11038,NO ,0.000000,0.000100,1.010000,0.990000,Middle,100.000000,765.000000,13.800000,0.000110,0.007788,0.000000,0.000000,0.000000,0.000000,1.000000,1.000000,1.100000,0.900000,0.006250,1.000000,0.000000,0,0.000000,YES,Default,1417.374992,0.000000,0.000000,0.000000,0.000000,0.000000,0.000000,0.000000,0.000000,0.000000,0.000000,0.000000,0.000000,0.000000,0.000000,1,100.000000,,,,,,,,,,,,,,,,,,,,,,
240,11038,11044,1,Transformer,Closed,Closed,NO,11038,Fixed,NO,11038,NO ,0.000000,0.000100,1.010000,0.990000,Middle,100.000000,765.000000,18.000000,0.000086,0.007833,0.000000,0.000000,0.000000,0.000000,1.000000,1.000000,1.100000,0.900000,0.006250,1.000000,0.000000,0,0.000000,YES,Default,1412.360382,0.000000,0.000000,0.000000,0.000000,0.000000,0.000000,0.000000,0.000000,0.000000,0.000000,0.000000,0.000000,0.000000,0.000000,1,100.000000,,,,,,,,,,,,,,,,,,,,,,
241,11038,11045,1,Transformer,Closed,Closed,NO,11038,Fixed,NO,11038,NO ,0.000000,0.000100,1.010000,0.990000,Middle,100.000000,765.000000,22.000000,0.000128,0.008827,0.000000,0.000000,0.000000,0.000000,1.000000,1.000000,1.100000,0.900000,0.006250,1.000000,0.000000,0,0.000000,YES,Default,1410.907650,0.000000,0.000000,0.000000,0.000000,0.000000,0.000000,0.000000,0.000000,0.000000,0.000000,0.000000,0.000000,0.000000,0.000000,1,100.000000,,,,,,,,,,,,,,,,,,,,,,
242,11038,11046,1,Transformer,Closed,Closed,NO,11038,Fixed,NO,11038,NO ,0.000000,0.000100,1.010000,0.990000,Middle,100.000000,765.000000,13.800000,0.000132,0.009850,0.000000,0.000000,0.000000,0.000000,1.000000,1.000000,1.100000,0.900000,0.006250,1.000000,0.000000,0,0.000000,YES,Default,1409.224510,0.000000,0.000000,0.000000,0.000000,0.000000,0.000000,0.000000,0.000000,0.000000,0.000000,0.000000,0.000000,0.000000,0.000000,1,100.000000,,,,,,,,,,,,,,,,,,,,,,
243,11040,11039,1,Transformer,Closed,Closed,NO,11040,Fixed,NO,11040,NO ,0.000000,0.000100,1.010000,0.990000,Middle,100.000000,138.000000,345.000000,0.000713,0.035293,0.000000,0.000000,0.000000,0.000000,1.000000,1.000000,1.100000,0.900000,0.006250,1.000000,0.000000,0,0.000000,YES,Default,293.857789,0.000000,0.000000,0.000000,0.000000,0.000000,0.000000,0.000000,0.000000,0.000000,0.000000,0.000000,0.000000,0.000000,0.000000,1,100.000000,,,,,,,,,,,,,,,,,,,,,,
244,11049,11048,1,Transformer,Closed,Closed,NO,11049,Fixed,NO,11049,NO ,0.000000,0.000100,1.010000,0.990000,Middle,100.000000,138.000000,345.000000,0.000408,0.020773,0.000000,0.000000,0.000000,0.000000,1.000000,1.000000,1.100000,0.900000,0.006250,1.018750,0.000000,0,0.000000,YES,Default,582.285166,0.000000,0.000000,0.000000,0.000000,0.000000,0.000000,0.000000,0.000000,0.000000,0.000000,0.000000,0.000000,0.000000,0.000000,1,100.000000,,,,,,,,,,,,,,,,,,,,,,
245,11049,11048,2,Transformer,Closed,Closed,NO,11049,LTC,YES,11049,NO ,0.000000,0.000100,1.063000,1.013000,Middle,100.000000,138.000000,345.000000,0.000408,0.020773,0.000000,0.000000,0.000000,0.000000,1.000000,1.000000,1.100000,0.900000,0.006250,1.100000,0.000000,0,0.000000,YES,Default,582.285166,0.000000,0.000000,0.000000,0.000000,0.000000,0.000000,0.000000,0.000000,0.000000,0.000000,0.000000,0.000000,0.000000,0.000000,1,100.000000,,,,,,,,,,,,,,,,,,,,,,
246,11048,11050,1,Transformer,Closed,Closed,NO,11048,Fixed,NO,11048,NO ,0.000000,0.000100,1.010000,0.990000,Middle,100.000000,345.000000,13.800000,0.000494,0.029607,0.000000,0.000000,0.000000,0.000000,1.000000,1.000000,1.100000,0.900000,0.006250,1.000000,0.000000,0,0.000000,YES,Default,574.964190,0.000000,0.000000,0.000000,0.000000,0.000000,0.000000,0.000000,0.000000,0.000000,0.000000,0.000000,0.000000,0.000000,0.000000,1,100.000000,,,,,,,,,,,,,,,,,,,,,,
247,11051,11052,1,Transformer,Closed,Closed,NO,11051,Fixed,NO,11051,NO ,0.000000,0.000100,1.010000,0.990000,Middle,100.000000,138.000000,20.000000,0.004550,0.147332,0.000000,0.000000,0.000000,0.000000,1.000000,1.000000,1.100000,0.900000,0.006250,1.000000,0.000000,0,0.000000,YES,Default,108.170819,0.000000,0.000000,0.000000,0.000000,0.000000,0.000000,0.000000,0.000000,0.000000,0.000000,0.000000,0.000000,0.000000,0.000000,1,100.000000,,,,,,,,,,,,,,,,,,,,,,
248,11051,11053,1,Transformer,Closed,Closed,NO,11051,Fixed,NO,11051,NO ,0.000000,0.000100,1.010000,0.990000,Middle,100.000000,138.000000,18.000000,0.005534,0.154464,0.000000,0.000000,0.000000,0.000000,1.000000,1.000000,1.100000,0.900000,0.006250,1.000000,0.000000,0,0.000000,YES,Default,107.691300,0.000000,0.000000,0.000000,0.000000,0.000000,0.000000,0.000000,0.000000,0.000000,0.000000,0.000000,0.000000,0.000000,0.000000,1,100.000000,,,,,,,,,,,,,,,,,,,,,,
249,11056,11060,1,Transformer,Closed,Closed,NO,11056,Fixed,NO,11056,NO ,0.000000,0.000100,1.010000,0.990000,Middle,100.000000,345.000000,13.800000,0.000250,0.019182,0.000000,0.000000,0.000000,0.000000,1.000000,1.000000,1.100000,0.900000,0.006250,1.000000,0.000000,0,0.000000,YES,Default,431.961727,0.000000,0.000000,0.000000,0.000000,0.000000,0.000000,0.000000,0.000000,0.000000,0.000000,0.000000,0.000000,0.000000,0.000000,1,100.000000,,,,,,,,,,,,,,,,,,,,,,
250,11056,11061,1,Transformer,Closed,Closed,NO,11056,Fixed,NO,11056,NO ,0.000000,0.000100,1.010000,0.990000,Middle,100.000000,345.000000,13.800000,0.000247,0.017395,0.000000,0.000000,0.000000,0.000000,1.000000,1.000000,1.100000,0.900000,0.006250,1.000000,0.000000,0,0.000000,YES,Default,431.590796,0.000000,0.000000,0.000000,0.000000,0.000000,0.000000,0.000000,0.000000,0.000000,0.000000,0.000000,0.000000,0.000000,0.000000,1,100.000000,,,,,,,,,,,,,,,,,,,,,,
251,11064,11063,1,Transformer,Closed,Closed,NO,11064,Fixed,NO,11064,NO ,0.000000,0.000100,1.010000,0.990000,Middle,100.000000,138.000000,345.000000,0.000544,0.034046,0.000000,0.000000,0.000000,0.000000,1.000000,1.000000,1.100000,0.900000,0.006250,1.006250,0.000000,0,0.000000,YES,Default,388.311720,0.000000,0.000000,0.000000,0.000000,0.000000,0.000000,0.000000,0.000000,0.000000,0.000000,0.000000,0.000000,0.000000,0.000000,1,100.000000,,,,,,,,,,,,,,,,,,,,,,
252,11063,11065,1,Transformer,Closed,Closed,NO,11063,Fixed,NO,11063,NO ,0.000000,0.000100,1.010000,0.990000,Middle,100.000000,345.000000,13.800000,0.000617,0.037423,0.000000,0.000000,0.000000,0.000000,1.000000,1.000000,1.100000,0.900000,0.006250,0.987500,0.000000,0,0.000000,YES,Default,511.966515,0.000000,0.000000,0.000000,0.000000,0.000000,0.000000,0.000000,0.000000,0.000000,0.000000,0.000000,0.000000,0.000000,0.000000,1,100.000000,,,,,,,,,,,,,,,,,,,,,,
253,11068,11067,1,Transformer,Closed,Closed,NO,11068,Fixed,NO,11068,NO ,0.000000,0.000100,1.010000,0.990000,Middle,100.000000,138.000000,345.000000,0.000346,0.022548,0.000000,0.000000,0.000000,0.000000,1.000000,1.000000,1.100000,0.900000,0.006250,1.000000,0.000000,0,0.000000,YES,Default,328.695059,0.000000,0.000000,0.000000,0.000000,0.000000,0.000000,0.000000,0.000000,0.000000,0.000000,0.000000,0.000000,0.000000,0.000000,1,100.000000,,,,,,,,,,,,,,,,,,,,,,
254,11067,11069,1,Transformer,Closed,Closed,NO,11067,Fixed,NO,11067,NO ,0.000000,0.000100,1.010000,0.990000,Middle,100.000000,345.000000,13.800000,0.000320,0.018127,0.000000,0.000000,0.000000,0.000000,1.000000,1.000000,1.100000,0.900000,0.006250,1.000000,0.000000,0,0.000000,YES,Default,527.309608,0.000000,0.000000,0.000000,0.000000,0.000000,0.000000,0.000000,0.000000,0.000000,0.000000,0.000000,0.000000,0.000000,0.000000,1,100.000000,,,,,,,,,,,,,,,,,,,,,,
255,11071,11070,1,Transformer,Closed,Closed,NO,11071,Fixed,NO,11071,NO ,0.000000,0.000100,1.010000,0.990000,Middle,100.000000,138.000000,345.000000,0.000445,0.031392,0.000000,0.000000,0.000000,0.000000,1.000000,1.000000,1.100000,0.900000,0.006250,1.000000,0.000000,0,0.000000,YES,Default,467.145681,0.000000,0.000000,0.000000,0.000000,0.000000,0.000000,0.000000,0.000000,0.000000,0.000000,0.000000,0.000000,0.000000,0.000000,1,100.000000,,,,,,,,,,,,,,,,,,,,,,
256,11070,11072,1,Transformer,Closed,Closed,NO,11070,Fixed,NO,11070,NO ,0.000000,0.000100,1.010000,0.990000,Middle,100.000000,345.000000,13.800000,0.000212,0.016245,0.000000,0.000000,0.000000,0.000000,1.000000,1.000000,1.100000,0.900000,0.006250,1.000000,0.000000,0,0.000000,YES,Default,503.434849,0.000000,0.000000,0.000000,0.000000,0.000000,0.000000,0.000000,0.000000,0.000000,0.000000,0.000000,0.000000,0.000000,0.000000,1,100.000000,,,,,,,,,,,,,,,,,,,,,,
257,11070,11073,1,Transformer,Closed,Closed,NO,11070,Fixed,NO,11070,NO ,0.000000,0.000100,1.010000,0.990000,Middle,100.000000,345.000000,18.000000,0.000316,0.024706,0.000000,0.000000,0.000000,0.000000,1.000000,1.000000,1.100000,0.900000,0.006250,1.000000,0.000000,0,0.000000,YES,Default,503.353071,0.000000,0.000000,0.000000,0.000000,0.000000,0.000000,0.000000,0.000000,0.000000,0.000000,0.000000,0.000000,0.000000,0.000000,1,100.000000,,,,,,,,,,,,,,,,,,,,,,
258,11075,11074,1,Transformer,Closed,Closed,NO,11075,Fixed,NO,11075,NO ,0.000000,0.000100,1.010000,0.990000,Middle,100.000000,345.000000,765.000000,0.000078,0.006087,0.000000,0.000000,0.000000,0.000000,1.000000,1.000000,1.100000,0.900000,0.006250,1.000000,0.000000,0,0.000000,YES,Default,1511.363411,0.000000,0.000000,0.000000,0.000000,0.000000,0.000000,0.000000,0.000000,0.000000,0.000000,0.000000,0.000000,0.000000,0.000000,1,100.000000,,,,,,,,,,,,,,,,,,,,,,
259,11074,11077,1,Transformer,Closed,Closed,NO,11074,Fixed,NO,11074,NO ,0.000000,0.000100,1.010000,0.990000,Middle,100.000000,765.000000,24.000000,0.000099,0.007869,0.000000,0.000000,0.000000,0.000000,1.000000,1.000000,1.100000,0.900000,0.006250,1.000000,0.000000,0,0.000000,YES,Default,1290.814400,0.000000,0.000000,0.000000,0.000000,0.000000,0.000000,0.000000,0.000000,0.000000,0.000000,0.000000,0.000000,0.000000,0.000000,1,100.000000,,,,,,,,,,,,,,,,,,,,,,
260,11074,11078,1,Transformer,Closed,Closed,NO,11074,Fixed,NO,11074,NO ,0.000000,0.000100,1.010000,0.990000,Middle,100.000000,765.000000,13.800000,0.000104,0.008749,0.000000,0.000000,0.000000,0.000000,1.000000,1.000000,1.100000,0.900000,0.006250,1.000000,0.000000,0,0.000000,YES,Default,1287.517071,0.000000,0.000000,0.000000,0.000000,0.000000,0.000000,0.000000,0.000000,0.000000,0.000000,0.000000,0.000000,0.000000,0.000000,1,100.000000,,,,,,,,,,,,,,,,,,,,,,
261,11074,11079,1,Transformer,Closed,Closed,NO,11074,Fixed,NO,11074,NO ,0.000000,0.000100,1.010000,0.990000,Middle,100.000000,765.000000,13.800000,0.000120,0.009664,0.000000,0.000000,0.000000,0.000000,1.000000,1.000000,1.100000,0.900000,0.006250,1.000000,0.000000,0,0.000000,YES,Default,1285.445786,0.000000,0.000000,0.000000,0.000000,0.000000,0.000000,0.000000,0.000000,0.000000,0.000000,0.000000,0.000000,0.000000,0.000000,1,100.000000,,,,,,,,,,,,,,,,,,,,,,
262,11074,11080,1,Transformer,Closed,Closed,NO,11074,Fixed,NO,11074,NO ,0.000000,0.000100,1.010000,0.990000,Middle,100.000000,765.000000,13.800000,0.000127,0.009211,0.000000,0.000000,0.000000,0.000000,1.000000,1.000000,1.100000,0.900000,0.006250,1.000000,0.000000,0,0.000000,YES,Default,1283.989048,0.000000,0.000000,0.000000,0.000000,0.000000,0.000000,0.000000,0.000000,0.000000,0.000000,0.000000,0.000000,0.000000,0.000000,1,100.000000,,,,,,,,,,,,,,,,,,,,,,
263,11074,11081,1,Transformer,Closed,Closed,NO,11074,Fixed,NO,11074,NO ,0.000000,0.000100,1.010000,0.990000,Middle,100.000000,765.000000,24.000000,0.000149,0.012640,0.000000,0.000000,0.000000,0.000000,1.000000,1.000000,1.100000,0.900000,0.006250,1.000000,0.000000,0,0.000000,YES,Default,1282.848930,0.000000,0.000000,0.000000,0.000000,0.000000,0.000000,0.000000,0.000000,0.000000,0.000000,0.000000,0.000000,0.000000,0.000000,1,100.000000,,,,,,,,,,,,,,,,,,,,,,
264,11074,11082,1,Transformer,Closed,Closed,NO,11074,Fixed,NO,11074,NO ,0.000000,0.000100,1.010000,0.990000,Middle,100.000000,765.000000,13.800000,0.000133,0.010265,0.000000,0.000000,0.000000,0.000000,1.000000,1.000000,1.100000,0.900000,0.006250,1.000000,0.000000,0,0.000000,YES,Default,1282.295036,0.000000,0.000000,0.000000,0.000000,0.000000,0.000000,0.000000,0.000000,0.000000,0.000000,0.000000,0.000000,0.000000,0.000000,1,100.000000,,,,,,,,,,,,,,,,,,,,,,
265,11076,11075,1,Transformer,Closed,Closed,NO,11076,Fixed,NO,11076,NO ,0.000000,0.000100,1.010000,0.990000,Middle,100.000000,138.000000,345.000000,0.000324,0.024539,0.000000,0.000000,0.000000,0.000000,1.000000,1.000000,1.100000,0.900000,0.006250,1.000000,0.000000,0,0.000000,YES,Default,392.578721,0.000000,0.000000,0.000000,0.000000,0.000000,0.000000,0.000000,0.000000,0.000000,0.000000,0.000000,0.000000,0.000000,0.000000,1,100.000000,,,,,,,,,,,,,,,,,,,,,,
266,13010,13009,1,Transformer,Closed,Closed,NO,13010,Fixed,NO,13010,NO ,0.000000,0.000100,1.010000,0.990000,Middle,100.000000,138.000000,345.000000,0.000348,0.020983,0.000000,0.000000,0.000000,0.000000,1.000000,1.000000,1.100000,0.900000,0.006250,1.000000,0.000000,0,0.000000,YES,Default,482.026339,0.000000,0.000000,0.000000,0.000000,0.000000,0.000000,0.000000,0.000000,0.000000,0.000000,0.000000,0.000000,0.000000,0.000000,1,100.000000,,,,,,,,,,,,,,,,,,,,,,
267,13059,13058,1,Transformer,Closed,Closed,NO,13059,LTC,YES,13059,NO ,0.000000,0.000100,1.067000,1.017000,Middle,100.000000,138.000000,345.000000,0.000389,0.027020,0.000000,0.000000,0.000000,0.000000,1.000000,1.000000,1.100000,0.900000,0.006250,1.075000,0.000000,0,0.000000,YES,Default,432.616901,0.000000,0.000000,0.000000,0.000000,0.000000,0.000000,0.000000,0.000000,0.000000,0.000000,0.000000,0.000000,0.000000,0.000000,1,100.000000,,,,,,,,,,,,,,,,,,,,,,
268,13077,13076,1,Transformer,Closed,Closed,NO,13077,Fixed,NO,13077,NO ,0.000000,0.000100,1.010000,0.990000,Middle,100.000000,138.000000,345.000000,0.000771,0.039994,0.000000,0.000000,0.000000,0.000000,1.000000,1.000000,1.100000,0.900000,0.006250,1.025000,0.000000,0,0.000000,YES,Default,409.620905,0.000000,0.000000,0.000000,0.000000,0.000000,0.000000,0.000000,0.000000,0.000000,0.000000,0.000000,0.000000,0.000000,0.000000,1,100.000000,,,,,,,,,,,,,,,,,,,,,,
269,13137,13136,1,Transformer,Closed,Closed,NO,13137,LTC,YES,13137,NO ,0.000000,0.000100,1.070000,1.020000,Middle,100.000000,138.000000,345.000000,0.000415,0.021378,0.000000,0.000000,0.000000,0.000000,1.000000,1.000000,1.100000,0.900000,0.006250,1.100000,0.000000,0,0.000000,YES,Default,518.213129,0.000000,0.000000,0.000000,0.000000,0.000000,0.000000,0.000000,0.000000,0.000000,0.000000,0.000000,0.000000,0.000000,0.000000,1,100.000000,,,,,,,,,,,,,,,,,,,,,,
270,13172,13171,1,Transformer,Closed,Closed,NO,13172,LTC,YES,13172,NO ,0.000000,0.000100,1.067000,1.017000,Middle,100.000000,138.000000,345.000000,0.000652,0.031103,0.000000,0.000000,0.000000,0.000000,1.000000,1.000000,1.100000,0.900000,0.006250,1.056250,0.000000,0,0.000000,YES,Default,417.020655,0.000000,0.000000,0.000000,0.000000,0.000000,0.000000,0.000000,0.000000,0.000000,0.000000,0.000000,0.000000,0.000000,0.000000,1,100.000000,,,,,,,,,,,,,,,,,,,,,,
271,13175,13174,1,Transformer,Closed,Closed,NO,13175,LTC,YES,13175,NO ,0.000000,0.000100,1.064000,1.014000,Middle,100.000000,138.000000,345.000000,0.000507,0.026517,0.000000,0.000000,0.000000,0.000000,1.000000,1.000000,1.100000,0.900000,0.006250,1.087500,0.000000,0,0.000000,YES,Default,507.147837,0.000000,0.000000,0.000000,0.000000,0.000000,0.000000,0.000000,0.000000,0.000000,0.000000,0.000000,0.000000,0.000000,0.000000,1,100.000000,,,,,,,,,,,,,,,,,,,,,,
272,13181,13180,1,Transformer,Closed,Closed,NO,13181,Fixed,NO,13181,NO ,0.000000,0.000100,1.010000,0.990000,Middle,100.000000,138.000000,345.000000,0.000584,0.031637,0.000000,0.000000,0.000000,0.000000,1.000000,1.000000,1.100000,0.900000,0.006250,1.087500,0.000000,0,0.000000,YES,Default,472.580242,0.000000,0.000000,0.000000,0.000000,0.000000,0.000000,0.000000,0.000000,0.000000,0.000000,0.000000,0.000000,0.000000,0.000000,1,100.000000,,,,,,,,,,,,,,,,,,,,,,
273,13264,13263,1,Transformer,Closed,Closed,NO,13264,Fixed,NO,13264,NO ,0.000000,0.000100,1.010000,0.990000,Middle,100.000000,345.000000,765.000000,0.000121,0.009058,0.000000,0.000000,0.000000,0.000000,1.000000,1.000000,1.100000,0.900000,0.006250,1.000000,0.000000,0,0.000000,YES,Default,1663.766289,0.000000,0.000000,0.000000,0.000000,0.000000,0.000000,0.000000,0.000000,0.000000,0.000000,0.000000,0.000000,0.000000,0.000000,1,100.000000,,,,,,,,,,,,,,,,,,,,,,
274,13264,13263,2,Transformer,Closed,Closed,NO,13264,Fixed,NO,13264,NO ,0.000000,0.000100,1.010000,0.990000,Middle,100.000000,345.000000,765.000000,0.000121,0.009058,0.000000,0.000000,0.000000,0.000000,1.000000,1.000000,1.100000,0.900000,0.006250,1.000000,0.000000,0,0.000000,YES,Default,1663.766289,0.000000,0.000000,0.000000,0.000000,0.000000,0.000000,0.000000,0.000000,0.000000,0.000000,0.000000,0.000000,0.000000,0.000000,1,100.000000,,,,,,,,,,,,,,,,,,,,,,
275,13264,13263,3,Transformer,Closed,Closed,NO,13264,Fixed,NO,13264,NO ,0.000000,0.000100,1.010000,0.990000,Middle,100.000000,345.000000,765.000000,0.000121,0.009058,0.000000,0.000000,0.000000,0.000000,1.000000,1.000000,1.100000,0.900000,0.006250,1.000000,0.000000,0,0.000000,YES,Default,1663.766289,0.000000,0.000000,0.000000,0.000000,0.000000,0.000000,0.000000,0.000000,0.000000,0.000000,0.000000,0.000000,0.000000,0.000000,1,100.000000,,,,,,,,,,,,,,,,,,,,,,
276,13265,13264,1,Transformer,Closed,Closed,NO,13265,Fixed,NO,13265,NO ,0.000000,0.000100,1.010000,0.990000,Middle,100.000000,138.000000,345.000000,0.000449,0.024310,0.000000,0.000000,0.000000,0.000000,1.000000,1.000000,1.100000,0.900000,0.006250,1.000000,0.000000,0,0.000000,YES,Default,490.317822,0.000000,0.000000,0.000000,0.000000,0.000000,0.000000,0.000000,0.000000,0.000000,0.000000,0.000000,0.000000,0.000000,0.000000,1,100.000000,,,,,,,,,,,,,,,,,,,,,,
277,13303,13302,1,Transformer,Closed,Closed,NO,13303,LTC,YES,13303,NO ,0.000000,0.000100,1.065000,1.015000,Middle,100.000000,138.000000,345.000000,0.000118,0.006757,0.000000,0.000000,0.000000,0.000000,1.000000,1.000000,1.100000,0.900000,0.006250,1.068750,0.000000,0,0.000000,YES,Default,655.049419,0.000000,0.000000,0.000000,0.000000,0.000000,0.000000,0.000000,0.000000,0.000000,0.000000,0.000000,0.000000,0.000000,0.000000,1,100.000000,,,,,,,,,,,,,,,,,,,,,,
278,13303,13302,2,Transformer,Closed,Closed,NO,13303,LTC,YES,13303,NO ,0.000000,0.000100,1.065000,1.015000,Middle,100.000000,138.000000,345.000000,0.000118,0.006757,0.000000,0.000000,0.000000,0.000000,1.000000,1.000000,1.100000,0.900000,0.006250,1.068750,0.000000,0,0.000000,YES,Default,655.049419,0.000000,0.000000,0.000000,0.000000,0.000000,0.000000,0.000000,0.000000,0.000000,0.000000,0.000000,0.000000,0.000000,0.000000,1,100.000000,,,,,,,,,,,,,,,,,,,,,,
279,13303,13302,3,Transformer,Closed,Closed,NO,13303,LTC,YES,13303,NO ,0.000000,0.000100,1.065000,1.015000,Middle,100.000000,138.000000,345.000000,0.000118,0.006757,0.000000,0.000000,0.000000,0.000000,1.000000,1.000000,1.100000,0.900000,0.006250,1.068750,0.000000,0,0.000000,YES,Default,655.049419,0.000000,0.000000,0.000000,0.000000,0.000000,0.000000,0.000000,0.000000,0.000000,0.000000,0.000000,0.000000,0.000000,0.000000,1,100.000000,,,,,,,,,,,,,,,,,,,,,,
280,13303,13302,4,Transformer,Closed,Closed,NO,13303,LTC,YES,13303,NO ,0.000000,0.000100,1.065000,1.015000,Middle,100.000000,138.000000,345.000000,0.000118,0.006757,0.000000,0.000000,0.000000,0.000000,1.000000,1.000000,1.100000,0.900000,0.006250,1.068750,0.000000,0,0.000000,YES,Default,655.049419,0.000000,0.000000,0.000000,0.000000,0.000000,0.000000,0.000000,0.000000,0.000000,0.000000,0.000000,0.000000,0.000000,0.000000,1,100.000000,,,,,,,,,,,,,,,,,,,,,,
281,13303,13302,5,Transformer,Closed,Closed,NO,13303,Fixed,NO,13303,NO ,0.000000,0.000100,1.010000,0.990000,Middle,100.000000,138.000000,345.000000,0.000118,0.006757,0.000000,0.000000,0.000000,0.000000,1.000000,1.000000,1.100000,0.900000,0.006250,1.018750,0.000000,0,0.000000,YES,Default,655.049419,0.000000,0.000000,0.000000,0.000000,0.000000,0.000000,0.000000,0.000000,0.000000,0.000000,0.000000,0.000000,0.000000,0.000000,1,100.000000,,,,,,,,,,,,,,,,,,,,,,
282,13341,13340,1,Transformer,Closed,Closed,NO,13341,Fixed,NO,13341,NO ,0.000000,0.000100,1.010000,0.990000,Middle,100.000000,138.000000,345.000000,0.000513,0.031130,0.000000,0.000000,0.000000,0.000000,1.000000,1.000000,1.100000,0.900000,0.006250,1.075000,0.000000,0,0.000000,YES,Default,456.285000,0.000000,0.000000,0.000000,0.000000,0.000000,0.000000,0.000000,0.000000,0.000000,0.000000,0.000000,0.000000,0.000000,0.000000,1,100.000000,,,,,,,,,,,,,,,,,,,,,,
283,13397,13396,1,Transformer,Closed,Closed,NO,13397,Fixed,NO,13397,NO ,0.000000,0.000100,1.010000,0.990000,Middle,100.000000,138.000000,345.000000,0.000386,0.027045,0.000000,0.000000,0.000000,0.000000,1.000000,1.000000,1.100000,0.900000,0.006250,1.000000,0.000000,0,0.000000,YES,Default,521.643591,0.000000,0.000000,0.000000,0.000000,0.000000,0.000000,0.000000,0.000000,0.000000,0.000000,0.000000,0.000000,0.000000,0.000000,1,100.000000,,,,,,,,,,,,,,,,,,,,,,
284,13448,13447,1,Transformer,Closed,Closed,NO,13448,LTC,YES,13448,NO ,0.000000,0.000100,1.069000,1.019000,Middle,100.000000,138.000000,345.000000,0.000460,0.031951,0.000000,0.000000,0.000000,0.000000,1.000000,1.000000,1.100000,0.900000,0.006250,1.006250,0.000000,0,0.000000,YES,Default,449.039078,0.000000,0.000000,0.000000,0.000000,0.000000,0.000000,0.000000,0.000000,0.000000,0.000000,0.000000,0.000000,0.000000,0.000000,1,100.000000,,,,,,,,,,,,,,,,,,,,,,
285,13460,13459,1,Transformer,Closed,Closed,NO,13460,Fixed,NO,13460,NO ,0.000000,0.000100,1.010000,0.990000,Middle,100.000000,138.000000,345.000000,0.000427,0.024905,0.000000,0.000000,0.000000,0.000000,1.000000,1.000000,1.100000,0.900000,0.006250,1.000000,0.000000,0,0.000000,YES,Default,373.528314,0.000000,0.000000,0.000000,0.000000,0.000000,0.000000,0.000000,0.000000,0.000000,0.000000,0.000000,0.000000,0.000000,0.000000,1,100.000000,,,,,,,,,,,,,,,,,,,,,,
286,13465,13464,1,Transformer,Closed,Closed,NO,13465,Fixed,NO,13465,NO ,0.000000,0.000100,1.010000,0.990000,Middle,100.000000,138.000000,345.000000,0.000548,0.030510,0.000000,0.000000,0.000000,0.000000,1.000000,1.000000,1.100000,0.900000,0.006250,1.000000,0.000000,0,0.000000,YES,Default,350.416732,0.000000,0.000000,0.000000,0.000000,0.000000,0.000000,0.000000,0.000000,0.000000,0.000000,0.000000,0.000000,0.000000,0.000000,1,100.000000,,,,,,,,,,,,,,,,,,,,,,
287,13464,13466,1,Transformer,Closed,Closed,NO,13464,Fixed,NO,13464,NO ,0.000000,0.000100,1.010000,0.990000,Middle,100.000000,345.000000,13.800000,0.000407,0.025882,0.000000,0.000000,0.000000,0.000000,1.000000,1.000000,1.100000,0.900000,0.006250,1.000000,0.000000,0,0.000000,YES,Default,456.824636,0.000000,0.000000,0.000000,0.000000,0.000000,0.000000,0.000000,0.000000,0.000000,0.000000,0.000000,0.000000,0.000000,0.000000,1,100.000000,,,,,,,,,,,,,,,,,,,,,,
288,13467,13468,1,Transformer,Closed,Closed,NO,13467,Fixed,NO,13467,NO ,0.000000,0.000100,1.010000,0.990000,Middle,100.000000,138.000000,18.000000,0.003534,0.109836,0.000000,0.000000,0.000000,0.000000,1.000000,1.000000,1.100000,0.900000,0.006250,1.018750,0.000000,0,0.000000,YES,Default,130.649996,0.000000,0.000000,0.000000,0.000000,0.000000,0.000000,0.000000,0.000000,0.000000,0.000000,0.000000,0.000000,0.000000,0.000000,1,100.000000,,,,,,,,,,,,,,,,,,,,,,
289,13471,13470,1,Transformer,Closed,Closed,NO,13471,Fixed,NO,13471,NO ,0.000000,0.000100,1.010000,0.990000,Middle,100.000000,345.000000,765.000000,0.000126,0.009831,0.000000,0.000000,0.000000,0.000000,1.000000,1.000000,1.100000,0.900000,0.006250,1.000000,0.000000,0,0.000000,YES,Default,1276.428795,0.000000,0.000000,0.000000,0.000000,0.000000,0.000000,0.000000,0.000000,0.000000,0.000000,0.000000,0.000000,0.000000,0.000000,1,100.000000,,,,,,,,,,,,,,,,,,,,,,
290,13470,13475,1,Transformer,Closed,Closed,NO,13470,Fixed,NO,13470,NO ,0.000000,0.000100,1.010000,0.990000,Middle,100.000000,765.000000,13.800000,0.000093,0.006888,0.000000,0.000000,0.000000,0.000000,1.000000,1.000000,1.100000,0.900000,0.006250,1.000000,0.000000,0,0.000000,YES,Default,1379.972172,0.000000,0.000000,0.000000,0.000000,0.000000,0.000000,0.000000,0.000000,0.000000,0.000000,0.000000,0.000000,0.000000,0.000000,1,100.000000,,,,,,,,,,,,,,,,,,,,,,
291,13470,13476,1,Transformer,Closed,Closed,NO,13470,Fixed,NO,13470,NO ,0.000000,0.000100,1.010000,0.990000,Middle,100.000000,765.000000,13.800000,0.000097,0.007098,0.000000,0.000000,0.000000,0.000000,1.000000,1.000000,1.100000,0.900000,0.006250,1.000000,0.000000,0,0.000000,YES,Default,1379.323959,0.000000,0.000000,0.000000,0.000000,0.000000,0.000000,0.000000,0.000000,0.000000,0.000000,0.000000,0.000000,0.000000,0.000000,1,100.000000,,,,,,,,,,,,,,,,,,,,,,
292,13470,13477,1,Transformer,Closed,Closed,NO,13470,Fixed,NO,13470,NO ,0.000000,0.000100,1.010000,0.990000,Middle,100.000000,765.000000,18.000000,0.000084,0.005589,0.000000,0.000000,0.000000,0.000000,1.000000,1.000000,1.100000,0.900000,0.006250,1.000000,0.000000,0,0.000000,YES,Default,1378.051472,0.000000,0.000000,0.000000,0.000000,0.000000,0.000000,0.000000,0.000000,0.000000,0.000000,0.000000,0.000000,0.000000,0.000000,1,100.000000,,,,,,,,,,,,,,,,,,,,,,
293,13470,13478,1,Transformer,Closed,Closed,NO,13470,Fixed,NO,13470,NO ,0.000000,0.000100,1.010000,0.990000,Middle,100.000000,765.000000,13.800000,0.000132,0.009720,0.000000,0.000000,0.000000,0.000000,1.000000,1.000000,1.100000,0.900000,0.006250,1.000000,0.000000,0,0.000000,YES,Default,1377.087879,0.000000,0.000000,0.000000,0.000000,0.000000,0.000000,0.000000,0.000000,0.000000,0.000000,0.000000,0.000000,0.000000,0.000000,1,100.000000,,,,,,,,,,,,,,,,,,,,,,
294,13470,13479,1,Transformer,Closed,Closed,NO,13470,Fixed,NO,13470,NO ,0.000000,0.000100,1.010000,0.990000,Middle,100.000000,765.000000,13.800000,0.000170,0.010586,0.000000,0.000000,0.000000,0.000000,1.000000,1.000000,1.100000,0.900000,0.006250,1.000000,0.000000,0,0.000000,YES,Default,1375.544548,0.000000,0.000000,0.000000,0.000000,0.000000,0.000000,0.000000,0.000000,0.000000,0.000000,0.000000,0.000000,0.000000,0.000000,1,100.000000,,,,,,,,,,,,,,,,,,,,,,
295,13470,13480,1,Transformer,Closed,Closed,NO,13470,Fixed,NO,13470,NO ,0.000000,0.000100,1.010000,0.990000,Middle,100.000000,765.000000,18.000000,0.000042,0.003103,0.000000,0.000000,0.000000,0.000000,1.000000,1.000000,1.100000,0.900000,0.006250,1.000000,0.000000,0,0.000000,YES,Default,1375.090599,0.000000,0.000000,0.000000,0.000000,0.000000,0.000000,0.000000,0.000000,0.000000,0.000000,0.000000,0.000000,0.000000,0.000000,1,100.000000,,,,,,,,,,,,,,,,,,,,,,
296,13482,13481,1,Transformer,Closed,Closed,NO,13482,Fixed,NO,13482,NO ,0.000000,0.000100,1.010000,0.990000,Middle,100.000000,138.000000,345.000000,0.000279,0.019412,0.000000,0.000000,0.000000,0.000000,1.000000,1.000000,1.100000,0.900000,0.006250,1.000000,0.000000,0,0.000000,YES,Default,382.458329,0.000000,0.000000,0.000000,0.000000,0.000000,0.000000,0.000000,0.000000,0.000000,0.000000,0.000000,0.000000,0.000000,0.000000,1,100.000000,,,,,,,,,,,,,,,,,,,,,,
297,13481,13483,1,Transformer,Closed,Closed,NO,13481,Fixed,NO,13481,NO ,0.000000,0.000100,1.010000,0.990000,Middle,100.000000,345.000000,20.000000,0.000623,0.033286,0.000000,0.000000,0.000000,0.000000,1.000000,1.000000,1.100000,0.900000,0.006250,1.000000,0.000000,0,0.000000,YES,Default,418.284559,0.000000,0.000000,0.000000,0.000000,0.000000,0.000000,0.000000,0.000000,0.000000,0.000000,0.000000,0.000000,0.000000,0.000000,1,100.000000,,,,,,,,,,,,,,,,,,,,,,
298,13485,13484,1,Transformer,Closed,Closed,NO,13485,Fixed,NO,13485,NO ,0.000000,0.000100,1.010000,0.990000,Middle,100.000000,138.000000,345.000000,0.000750,0.041773,0.000000,0.000000,0.000000,0.000000,1.000000,1.000000,1.100000,0.900000,0.006250,1.000000,0.000000,0,0.000000,YES,Default,399.808908,0.000000,0.000000,0.000000,0.000000,0.000000,0.000000,0.000000,0.000000,0.000000,0.000000,0.000000,0.000000,0.000000,0.000000,1,100.000000,,,,,,,,,,,,,,,,,,,,,,
299,13484,13486,1,Transformer,Closed,Closed,NO,13484,Fixed,NO,13484,NO ,0.000000,0.000100,1.010000,0.990000,Middle,100.000000,345.000000,24.000000,0.000183,0.012174,0.000000,0.000000,0.000000,0.000000,1.000000,1.000000,1.100000,0.900000,0.006250,1.000000,0.000000,0,0.000000,YES,Default,478.612280,0.000000,0.000000,0.000000,0.000000,0.000000,0.000000,0.000000,0.000000,0.000000,0.000000,0.000000,0.000000,0.000000,0.000000,1,100.000000,,,,,,,,,,,,,,,,,,,,,,
300,13484,13487,1,Transformer,Closed,Closed,NO,13484,Fixed,NO,13484,NO ,0.000000,0.000100,1.010000,0.990000,Middle,100.000000,345.000000,13.800000,0.000440,0.025367,0.000000,0.000000,0.000000,0.000000,1.000000,1.000000,1.100000,0.900000,0.006250,1.000000,0.000000,0,0.000000,YES,Default,478.486300,0.000000,0.000000,0.000000,0.000000,0.000000,0.000000,0.000000,0.000000,0.000000,0.000000,0.000000,0.000000,0.000000,0.000000,1,100.000000,,,,,,,,,,,,,,,,,,,,,,
301,13489,13488,1,Transformer,Closed,Closed,NO,13489,LTC,YES,13489,NO ,0.000000,0.000100,1.065000,1.015000,Middle,100.000000,138.000000,345.000000,0.000786,0.034042,0.000000,0.000000,0.000000,0.000000,1.000000,1.000000,1.100000,0.900000,0.006250,1.012500,0.000000,0,0.000000,YES,Default,358.788896,0.000000,0.000000,0.000000,0.000000,0.000000,0.000000,0.000000,0.000000,0.000000,0.000000,0.000000,0.000000,0.000000,0.000000,1,100.000000,,,,,,,,,,,,,,,,,,,,,,
302,13497,13496,1,Transformer,Closed,Closed,NO,13497,Fixed,NO,13497,NO ,0.000000,0.000100,1.010000,0.990000,Middle,100.000000,345.000000,765.000000,0.000104,0.007728,0.000000,0.000000,0.000000,0.000000,1.000000,1.000000,1.100000,0.900000,0.006250,1.000000,0.000000,0,0.000000,YES,Default,1181.719685,0.000000,0.000000,0.000000,0.000000,0.000000,0.000000,0.000000,0.000000,0.000000,0.000000,0.000000,0.000000,0.000000,0.000000,1,100.000000,,,,,,,,,,,,,,,,,,,,,,
303,13496,13499,1,Transformer,Closed,Closed,NO,13496,Fixed,NO,13496,NO ,0.000000,0.000100,1.010000,0.990000,Middle,100.000000,765.000000,13.800000,0.000157,0.011317,0.000000,0.000000,0.000000,0.000000,1.000000,1.000000,1.100000,0.900000,0.006250,1.031250,0.000000,0,0.000000,YES,Default,1738.665009,0.000000,0.000000,0.000000,0.000000,0.000000,0.000000,0.000000,0.000000,0.000000,0.000000,0.000000,0.000000,0.000000,0.000000,1,100.000000,,,,,,,,,,,,,,,,,,,,,,
304,13496,13500,1,Transformer,Closed,Closed,NO,13496,Fixed,NO,13496,NO ,0.000000,0.000100,1.010000,0.990000,Middle,100.000000,765.000000,18.000000,0.000068,0.005439,0.000000,0.000000,0.000000,0.000000,1.000000,1.000000,1.100000,0.900000,0.006250,1.000000,0.000000,0,0.000000,YES,Default,1733.866310,0.000000,0.000000,0.000000,0.000000,0.000000,0.000000,0.000000,0.000000,0.000000,0.000000,0.000000,0.000000,0.000000,0.000000,1,100.000000,,,,,,,,,,,,,,,,,,,,,,
305,13496,13501,1,Transformer,Closed,Closed,NO,13496,Fixed,NO,13496,NO ,0.000000,0.000100,1.010000,0.990000,Middle,100.000000,765.000000,13.200000,0.000069,0.005188,0.000000,0.000000,0.000000,0.000000,1.000000,1.000000,1.100000,0.900000,0.006250,1.025000,0.000000,0,0.000000,YES,Default,1733.723259,0.000000,0.000000,0.000000,0.000000,0.000000,0.000000,0.000000,0.000000,0.000000,0.000000,0.000000,0.000000,0.000000,0.000000,1,100.000000,,,,,,,,,,,,,,,,,,,,,,
306,13496,13502,1,Transformer,Closed,Closed,NO,13496,Fixed,NO,13496,NO ,0.000000,0.000100,1.010000,0.990000,Middle,100.000000,765.000000,13.800000,0.000102,0.008177,0.000000,0.000000,0.000000,0.000000,1.000000,1.000000,1.100000,0.900000,0.006250,1.031250,0.000000,0,0.000000,YES,Default,1724.912262,0.000000,0.000000,0.000000,0.000000,0.000000,0.000000,0.000000,0.000000,0.000000,0.000000,0.000000,0.000000,0.000000,0.000000,1,100.000000,,,,,,,,,,,,,,,,,,,,,,
307,13496,13503,1,Transformer,Closed,Closed,NO,13496,Fixed,NO,13496,NO ,0.000000,0.000100,1.010000,0.990000,Middle,100.000000,765.000000,13.800000,0.000090,0.007242,0.000000,0.000000,0.000000,0.000000,1.000000,1.000000,1.100000,0.900000,0.006250,1.025000,0.000000,0,0.000000,YES,Default,1724.620628,0.000000,0.000000,0.000000,0.000000,0.000000,0.000000,0.000000,0.000000,0.000000,0.000000,0.000000,0.000000,0.000000,0.000000,1,100.000000,,,,,,,,,,,,,,,,,,,,,,
308,13496,13504,1,Transformer,Closed,Closed,NO,13496,Fixed,NO,13496,NO ,0.000000,0.000100,1.010000,0.990000,Middle,100.000000,765.000000,13.200000,0.000056,0.003705,0.000000,0.000000,0.000000,0.000000,1.000000,1.000000,1.100000,0.900000,0.006250,1.025000,0.000000,0,0.000000,YES,Default,1723.907661,0.000000,0.000000,0.000000,0.000000,0.000000,0.000000,0.000000,0.000000,0.000000,0.000000,0.000000,0.000000,0.000000,0.000000,1,100.000000,,,,,,,,,,,,,,,,,,,,,,
309,13498,13497,1,Transformer,Closed,Closed,NO,13498,Fixed,NO,13498,NO ,0.000000,0.000100,1.010000,0.990000,Middle,100.000000,138.000000,345.000000,0.000501,0.030672,0.000000,0.000000,0.000000,0.000000,1.000000,1.000000,1.100000,0.900000,0.006250,1.000000,0.000000,0,0.000000,YES,Default,339.624429,0.000000,0.000000,0.000000,0.000000,0.000000,0.000000,0.000000,0.000000,0.000000,0.000000,0.000000,0.000000,0.000000,0.000000,1,100.000000,,,,,,,,,,,,,,,,,,,,,,
310,13507,13506,1,Transformer,Closed,Closed,NO,13507,Fixed,NO,13507,NO ,0.000000,0.000100,1.010000,0.990000,Middle,100.000000,345.000000,765.000000,0.000062,0.004710,0.000000,0.000000,0.000000,0.000000,1.000000,1.000000,1.100000,0.900000,0.006250,1.000000,0.000000,0,0.000000,YES,Default,1430.338764,0.000000,0.000000,0.000000,0.000000,0.000000,0.000000,0.000000,0.000000,0.000000,0.000000,0.000000,0.000000,0.000000,0.000000,1,100.000000,,,,,,,,,,,,,,,,,,,,,,
311,13506,13509,1,Transformer,Closed,Closed,NO,13506,Fixed,NO,13506,NO ,0.000000,0.000100,1.010000,0.990000,Middle,100.000000,765.000000,13.800000,0.000101,0.007479,0.000000,0.000000,0.000000,0.000000,1.000000,1.000000,1.100000,0.900000,0.006250,1.000000,0.000000,0,0.000000,YES,Default,1563.966274,0.000000,0.000000,0.000000,0.000000,0.000000,0.000000,0.000000,0.000000,0.000000,0.000000,0.000000,0.000000,0.000000,0.000000,1,100.000000,,,,,,,,,,,,,,,,,,,,,,
312,13506,13510,1,Transformer,Closed,Closed,NO,13506,Fixed,NO,13506,NO ,0.000000,0.000100,1.010000,0.990000,Middle,100.000000,765.000000,18.000000,0.000095,0.008588,0.000000,0.000000,0.000000,0.000000,1.000000,1.000000,1.100000,0.900000,0.006250,1.000000,0.000000,0,0.000000,YES,Default,1562.085438,0.000000,0.000000,0.000000,0.000000,0.000000,0.000000,0.000000,0.000000,0.000000,0.000000,0.000000,0.000000,0.000000,0.000000,1,100.000000,,,,,,,,,,,,,,,,,,,,,,
313,13506,13511,1,Transformer,Closed,Closed,NO,13506,Fixed,NO,13506,NO ,0.000000,0.000100,1.010000,0.990000,Middle,100.000000,765.000000,18.000000,0.000071,0.006502,0.000000,0.000000,0.000000,0.000000,1.000000,1.000000,1.100000,0.900000,0.006250,1.000000,0.000000,0,0.000000,YES,Default,1559.246349,0.000000,0.000000,0.000000,0.000000,0.000000,0.000000,0.000000,0.000000,0.000000,0.000000,0.000000,0.000000,0.000000,0.000000,1,100.000000,,,,,,,,,,,,,,,,,,,,,,
314,13508,13507,1,Transformer,Closed,Closed,NO,13508,Fixed,NO,13508,NO ,0.000000,0.000100,1.010000,0.990000,Middle,100.000000,138.000000,345.000000,0.000520,0.027369,0.000000,0.000000,0.000000,0.000000,1.000000,1.000000,1.100000,0.900000,0.006250,1.000000,0.000000,0,0.000000,YES,Default,375.382137,0.000000,0.000000,0.000000,0.000000,0.000000,0.000000,0.000000,0.000000,0.000000,0.000000,0.000000,0.000000,0.000000,0.000000,1,100.000000,,,,,,,,,,,,,,,,,,,,,,
315,13514,13515,1,Transformer,Closed,Closed,NO,13514,Fixed,NO,13514,NO ,0.000000,0.000100,1.010000,0.990000,Middle,100.000000,138.000000,13.800000,0.005400,0.154684,0.000000,0.000000,0.000000,0.000000,1.000000,1.000000,1.100000,0.900000,0.006250,1.000000,0.000000,0,0.000000,YES,Default,89.929467,0.000000,0.000000,0.000000,0.000000,0.000000,0.000000,0.000000,0.000000,0.000000,0.000000,0.000000,0.000000,0.000000,0.000000,1,100.000000,,,,,,,,,,,,,,,,,,,,,,
316,13517,13516,1,Transformer,Closed,Closed,NO,13517,Fixed,NO,13517,NO ,0.000000,0.000100,1.010000,0.990000,Middle,100.000000,138.000000,345.000000,0.000643,0.030825,0.000000,0.000000,0.000000,0.000000,1.000000,1.000000,1.100000,0.900000,0.006250,1.000000,0.000000,0,0.000000,YES,Default,402.615786,0.000000,0.000000,0.000000,0.000000,0.000000,0.000000,0.000000,0.000000,0.000000,0.000000,0.000000,0.000000,0.000000,0.000000,1,100.000000,,,,,,,,,,,,,,,,,,,,,,
317,13516,13518,1,Transformer,Closed,Closed,NO,13516,Fixed,NO,13516,NO ,0.000000,0.000100,1.010000,0.990000,Middle,100.000000,345.000000,18.000000,0.000228,0.015855,0.000000,0.000000,0.000000,0.000000,1.000000,1.000000,1.100000,0.900000,0.006250,1.000000,0.000000,0,0.000000,YES,Default,483.849335,0.000000,0.000000,0.000000,0.000000,0.000000,0.000000,0.000000,0.000000,0.000000,0.000000,0.000000,0.000000,0.000000,0.000000,1,100.000000,,,,,,,,,,,,,,,,,,,,,,
318,13516,13519,1,Transformer,Closed,Closed,NO,13516,Fixed,NO,13516,NO ,0.000000,0.000100,1.010000,0.990000,Middle,100.000000,345.000000,18.000000,0.000322,0.016480,0.000000,0.000000,0.000000,0.000000,1.000000,1.000000,1.100000,0.900000,0.006250,1.000000,0.000000,0,0.000000,YES,Default,480.562305,0.000000,0.000000,0.000000,0.000000,0.000000,0.000000,0.000000,0.000000,0.000000,0.000000,0.000000,0.000000,0.000000,0.000000,1,100.000000,,,,,,,,,,,,,,,,,,,,,,
319,13516,13520,1,Transformer,Closed,Closed,NO,13516,Fixed,NO,13516,NO ,0.000000,0.000100,1.010000,0.990000,Middle,100.000000,345.000000,13.800000,0.000467,0.027891,0.000000,0.000000,0.000000,0.000000,1.000000,1.000000,1.100000,0.900000,0.006250,1.000000,0.000000,0,0.000000,YES,Default,479.721594,0.000000,0.000000,0.000000,0.000000,0.000000,0.000000,0.000000,0.000000,0.000000,0.000000,0.000000,0.000000,0.000000,0.000000,1,100.000000,,,,,,,,,,,,,,,,,,,,,,
320,13516,13521,1,Transformer,Closed,Closed,NO,13516,Fixed,NO,13516,NO ,0.000000,0.000100,1.010000,0.990000,Middle,100.000000,345.000000,18.000000,0.001486,0.076261,0.000000,0.000000,0.000000,0.000000,1.000000,1.000000,1.100000,0.900000,0.006250,1.000000,0.000000,0,0.000000,YES,Default,152.248335,0.000000,0.000000,0.000000,0.000000,0.000000,0.000000,0.000000,0.000000,0.000000,0.000000,0.000000,0.000000,0.000000,0.000000,1,100.000000,,,,,,,,,,,,,,,,,,,,,,
321,13524,13523,1,Transformer,Closed,Closed,NO,13524,Fixed,NO,13524,NO ,0.000000,0.000100,1.010000,0.990000,Middle,100.000000,345.000000,765.000000,0.000080,0.005883,0.000000,0.000000,0.000000,0.000000,1.000000,1.000000,1.100000,0.900000,0.006250,1.000000,0.000000,0,0.000000,YES,Default,1486.020184,0.000000,0.000000,0.000000,0.000000,0.000000,0.000000,0.000000,0.000000,0.000000,0.000000,0.000000,0.000000,0.000000,0.000000,1,100.000000,,,,,,,,,,,,,,,,,,,,,,
322,13523,13526,1,Transformer,Closed,Closed,NO,13523,Fixed,NO,13523,NO ,0.000000,0.000100,1.010000,0.990000,Middle,100.000000,765.000000,18.000000,0.000106,0.007042,0.000000,0.000000,0.000000,0.000000,1.000000,1.000000,1.100000,0.900000,0.006250,1.000000,0.000000,0,0.000000,YES,Default,1281.108189,0.000000,0.000000,0.000000,0.000000,0.000000,0.000000,0.000000,0.000000,0.000000,0.000000,0.000000,0.000000,0.000000,0.000000,1,100.000000,,,,,,,,,,,,,,,,,,,,,,
323,13523,13527,1,Transformer,Closed,Closed,NO,13523,Fixed,NO,13523,NO ,0.000000,0.000100,1.010000,0.990000,Middle,100.000000,765.000000,13.800000,0.000120,0.010110,0.000000,0.000000,0.000000,0.000000,1.000000,1.000000,1.100000,0.900000,0.006250,1.000000,0.000000,0,0.000000,YES,Default,1280.427647,0.000000,0.000000,0.000000,0.000000,0.000000,0.000000,0.000000,0.000000,0.000000,0.000000,0.000000,0.000000,0.000000,0.000000,1,100.000000,,,,,,,,,,,,,,,,,,,,,,
324,13523,13528,1,Transformer,Closed,Closed,NO,13523,Fixed,NO,13523,NO ,0.000000,0.000100,1.010000,0.990000,Middle,100.000000,765.000000,13.800000,0.000123,0.008829,0.000000,0.000000,0.000000,0.000000,1.000000,1.000000,1.100000,0.900000,0.006250,1.000000,0.000000,0,0.000000,YES,Default,1279.861832,0.000000,0.000000,0.000000,0.000000,0.000000,0.000000,0.000000,0.000000,0.000000,0.000000,0.000000,0.000000,0.000000,0.000000,1,100.000000,,,,,,,,,,,,,,,,,,,,,,
325,13525,13524,1,Transformer,Closed,Closed,NO,13525,Fixed,NO,13525,NO ,0.000000,0.000100,1.010000,0.990000,Middle,100.000000,138.000000,345.000000,0.000214,0.013017,0.000000,0.000000,0.000000,0.000000,1.000000,1.000000,1.100000,0.900000,0.006250,1.000000,0.000000,0,0.000000,YES,Default,322.259116,0.000000,0.000000,0.000000,0.000000,0.000000,0.000000,0.000000,0.000000,0.000000,0.000000,0.000000,0.000000,0.000000,0.000000,1,100.000000,,,,,,,,,,,,,,,,,,,,,,
326,13529,13530,1,Transformer,Closed,Closed,NO,13529,Fixed,NO,13529,NO ,0.000000,0.000100,1.010000,0.990000,Middle,100.000000,138.000000,18.000000,0.001668,0.062643,0.000000,0.000000,0.000000,0.000000,1.000000,1.000000,1.100000,0.900000,0.006250,1.012500,0.000000,0,0.000000,YES,Default,140.400004,0.000000,0.000000,0.000000,0.000000,0.000000,0.000000,0.000000,0.000000,0.000000,0.000000,0.000000,0.000000,0.000000,0.000000,1,100.000000,,,,,,,,,,,,,,,,,,,,,,
327,13538,13537,1,Transformer,Closed,Closed,NO,13538,Fixed,NO,13538,NO ,0.000000,0.000100,1.010000,0.990000,Middle,100.000000,138.000000,345.000000,0.000516,0.027613,0.000000,0.000000,0.000000,0.000000,1.000000,1.000000,1.100000,0.900000,0.006250,1.000000,0.000000,0,0.000000,YES,Default,374.088788,0.000000,0.000000,0.000000,0.000000,0.000000,0.000000,0.000000,0.000000,0.000000,0.000000,0.000000,0.000000,0.000000,0.000000,1,100.000000,,,,,,,,,,,,,,,,,,,,,,
328,13537,13539,1,Transformer,Closed,Closed,NO,13537,Fixed,NO,13537,NO ,0.000000,0.000100,1.010000,0.990000,Middle,100.000000,345.000000,13.800000,0.000463,0.034252,0.000000,0.000000,0.000000,0.000000,1.000000,1.000000,1.100000,0.900000,0.006250,1.018750,0.000000,0,0.000000,YES,Default,496.530771,0.000000,0.000000,0.000000,0.000000,0.000000,0.000000,0.000000,0.000000,0.000000,0.000000,0.000000,0.000000,0.000000,0.000000,1,100.000000,,,,,,,,,,,,,,,,,,,,,,
329,13537,13540,1,Transformer,Closed,Closed,NO,13537,Fixed,NO,13537,NO ,0.000000,0.000100,1.010000,0.990000,Middle,100.000000,345.000000,18.000000,0.000261,0.014195,0.000000,0.000000,0.000000,0.000000,1.000000,1.000000,1.100000,0.900000,0.006250,1.018750,0.000000,0,0.000000,YES,Default,493.592310,0.000000,0.000000,0.000000,0.000000,0.000000,0.000000,0.000000,0.000000,0.000000,0.000000,0.000000,0.000000,0.000000,0.000000,1,100.000000,,,,,,,,,,,,,,,,,,,,,,
330,13537,13541,1,Transformer,Closed,Closed,NO,13537,Fixed,NO,13537,NO ,0.000000,0.000100,1.010000,0.990000,Middle,100.000000,345.000000,18.000000,0.000349,0.021768,0.000000,0.000000,0.000000,0.000000,1.000000,1.000000,1.100000,0.900000,0.006250,1.018750,0.000000,0,0.000000,YES,Default,493.465662,0.000000,0.000000,0.000000,0.000000,0.000000,0.000000,0.000000,0.000000,0.000000,0.000000,0.000000,0.000000,0.000000,0.000000,1,100.000000,,,,,,,,,,,,,,,,,,,,,,
331,13537,13542,1,Transformer,Closed,Closed,NO,13537,Fixed,NO,13537,NO ,0.000000,0.000100,1.010000,0.990000,Middle,100.000000,345.000000,13.800000,0.000533,0.022092,0.000000,0.000000,0.000000,0.000000,1.000000,1.000000,1.100000,0.900000,0.006250,1.018750,0.000000,0,0.000000,YES,Default,493.373632,0.000000,0.000000,0.000000,0.000000,0.000000,0.000000,0.000000,0.000000,0.000000,0.000000,0.000000,0.000000,0.000000,0.000000,1,100.000000,,,,,,,,,,,,,,,,,,,,,,
332,13549,13548,1,Transformer,Closed,Closed,NO,13549,LTC,YES,13549,NO ,0.000000,0.000100,1.070000,1.020000,Middle,100.000000,138.000000,345.000000,0.000935,0.041152,0.000000,0.000000,0.000000,0.000000,1.000000,1.000000,1.100000,0.900000,0.006250,1.037500,0.000000,0,0.000000,YES,Default,427.718830,0.000000,0.000000,0.000000,0.000000,0.000000,0.000000,0.000000,0.000000,0.000000,0.000000,0.000000,0.000000,0.000000,0.000000,1,100.000000,,,,,,,,,,,,,,,,,,,,,,
333,13550,13551,1,Transformer,Closed,Closed,NO,13550,Fixed,NO,13550,NO ,0.000000,0.000100,1.010000,0.990000,Middle,100.000000,138.000000,13.800000,0.002249,0.069481,0.000000,0.000000,0.000000,0.000000,1.000000,1.000000,1.100000,0.900000,0.006250,0.993750,0.000000,0,0.000000,YES,Default,173.095000,0.000000,0.000000,0.000000,0.000000,0.000000,0.000000,0.000000,0.000000,0.000000,0.000000,0.000000,0.000000,0.000000,0.000000,1,100.000000,,,,,,,,,,,,,,,,,,,,,,
334,13550,13552,1,Transformer,Closed,Closed,NO,13550,Fixed,NO,13550,NO ,0.000000,0.000100,1.010000,0.990000,Middle,100.000000,138.000000,13.800000,0.002512,0.079784,0.000000,0.000000,0.000000,0.000000,1.000000,1.000000,1.100000,0.900000,0.006250,0.993750,0.000000,0,0.000000,YES,Default,173.095000,0.000000,0.000000,0.000000,0.000000,0.000000,0.000000,0.000000,0.000000,0.000000,0.000000,0.000000,0.000000,0.000000,0.000000,1,100.000000,,,,,,,,,,,,,,,,,,,,,,
335,13555,13554,1,Transformer,Closed,Closed,NO,13555,Fixed,NO,13555,NO ,0.000000,0.000100,1.010000,0.990000,Middle,100.000000,345.000000,765.000000,0.000116,0.009383,0.000000,0.000000,0.000000,0.000000,1.000000,1.000000,1.100000,0.900000,0.006250,1.000000,0.000000,0,0.000000,YES,Default,1480.840683,0.000000,0.000000,0.000000,0.000000,0.000000,0.000000,0.000000,0.000000,0.000000,0.000000,0.000000,0.000000,0.000000,0.000000,1,100.000000,,,,,,,,,,,,,,,,,,,,,,
336,13554,13559,1,Transformer,Closed,Closed,NO,13554,Fixed,NO,13554,NO ,0.000000,0.000100,1.010000,0.990000,Middle,100.000000,765.000000,18.000000,0.000087,0.006969,0.000000,0.000000,0.000000,0.000000,1.000000,1.000000,1.100000,0.900000,0.006250,1.000000,0.000000,0,0.000000,YES,Default,1383.456135,0.000000,0.000000,0.000000,0.000000,0.000000,0.000000,0.000000,0.000000,0.000000,0.000000,0.000000,0.000000,0.000000,0.000000,1,100.000000,,,,,,,,,,,,,,,,,,,,,,
337,13554,13560,1,Transformer,Closed,Closed,NO,13554,Fixed,NO,13554,NO ,0.000000,0.000100,1.010000,0.990000,Middle,100.000000,765.000000,13.800000,0.000129,0.009636,0.000000,0.000000,0.000000,0.000000,1.000000,1.000000,1.100000,0.900000,0.006250,1.025000,0.000000,0,0.000000,YES,Default,1381.039810,0.000000,0.000000,0.000000,0.000000,0.000000,0.000000,0.000000,0.000000,0.000000,0.000000,0.000000,0.000000,0.000000,0.000000,1,100.000000,,,,,,,,,,,,,,,,,,,,,,
338,13554,13561,1,Transformer,Closed,Closed,NO,13554,Fixed,NO,13554,NO ,0.000000,0.000100,1.010000,0.990000,Middle,100.000000,765.000000,22.000000,0.000109,0.008093,0.000000,0.000000,0.000000,0.000000,1.000000,1.000000,1.100000,0.900000,0.006250,1.025000,0.000000,0,0.000000,YES,Default,1380.163479,0.000000,0.000000,0.000000,0.000000,0.000000,0.000000,0.000000,0.000000,0.000000,0.000000,0.000000,0.000000,0.000000,0.000000,1,100.000000,,,,,,,,,,,,,,,,,,,,,,
339,13569,13570,1,Transformer,Closed,Closed,NO,13569,Fixed,NO,13569,NO ,0.000000,0.000100,1.010000,0.990000,Middle,100.000000,138.000000,20.000000,0.002695,0.088810,0.000000,0.000000,0.000000,0.000000,1.000000,1.000000,1.100000,0.900000,0.006250,1.000000,0.000000,0,0.000000,YES,Default,126.100004,0.000000,0.000000,0.000000,0.000000,0.000000,0.000000,0.000000,0.000000,0.000000,0.000000,0.000000,0.000000,0.000000,0.000000,1,100.000000,,,,,,,,,,,,,,,,,,,,,,
340,13572,13571,1,Transformer,Closed,Closed,NO,13572,Fixed,NO,13572,NO ,0.000000,0.000100,1.010000,0.990000,Middle,100.000000,138.000000,345.000000,0.000437,0.028709,0.000000,0.000000,0.000000,0.000000,1.000000,1.000000,1.100000,0.900000,0.006250,1.050000,0.000000,0,0.000000,YES,Default,433.039618,0.000000,0.000000,0.000000,0.000000,0.000000,0.000000,0.000000,0.000000,0.000000,0.000000,0.000000,0.000000,0.000000,0.000000,1,100.000000,,,,,,,,,,,,,,,,,,,,,,
341,13576,13577,1,Transformer,Closed,Closed,NO,13576,Fixed,NO,13576,NO ,0.000000,0.000100,1.010000,0.990000,Middle,100.000000,138.000000,13.800000,0.009574,0.314180,0.000000,0.000000,0.000000,0.000000,1.000000,1.000000,1.100000,0.900000,0.006250,1.000000,0.000000,0,0.000000,YES,Default,60.158938,0.000000,0.000000,0.000000,0.000000,0.000000,0.000000,0.000000,0.000000,0.000000,0.000000,0.000000,0.000000,0.000000,0.000000,1,100.000000,,,,,,,,,,,,,,,,,,,,,,
342,13576,13578,1,Transformer,Closed,Closed,NO,13576,Fixed,NO,13576,NO ,0.000000,0.000100,1.010000,0.990000,Middle,100.000000,138.000000,13.800000,0.007470,0.196598,0.000000,0.000000,0.000000,0.000000,1.000000,1.000000,1.100000,0.900000,0.006250,1.000000,0.000000,0,0.000000,YES,Default,71.523583,0.000000,0.000000,0.000000,0.000000,0.000000,0.000000,0.000000,0.000000,0.000000,0.000000,0.000000,0.000000,0.000000,0.000000,1,100.000000,,,,,,,,,,,,,,,,,,,,,,
343,13581,13580,1,Transformer,Closed,Closed,NO,13581,Fixed,NO,13581,NO ,0.000000,0.000100,1.010000,0.990000,Middle,100.000000,345.000000,765.000000,0.000111,0.007821,0.000000,0.000000,0.000000,0.000000,1.000000,1.000000,1.100000,0.900000,0.006250,1.000000,0.000000,0,0.000000,YES,Default,1579.177856,0.000000,0.000000,0.000000,0.000000,0.000000,0.000000,0.000000,0.000000,0.000000,0.000000,0.000000,0.000000,0.000000,0.000000,1,100.000000,,,,,,,,,,,,,,,,,,,,,,
344,13581,13580,2,Transformer,Closed,Closed,NO,13581,Fixed,NO,13581,NO ,0.000000,0.000100,1.010000,0.990000,Middle,100.000000,345.000000,765.000000,0.000111,0.007821,0.000000,0.000000,0.000000,0.000000,1.000000,1.000000,1.100000,0.900000,0.006250,1.000000,0.000000,0,0.000000,YES,Default,1579.177856,0.000000,0.000000,0.000000,0.000000,0.000000,0.000000,0.000000,0.000000,0.000000,0.000000,0.000000,0.000000,0.000000,0.000000,1,100.000000,,,,,,,,,,,,,,,,,,,,,,
345,13580,13583,1,Transformer,Closed,Closed,NO,13580,Fixed,NO,13580,NO ,0.000000,0.000100,1.010000,0.990000,Middle,100.000000,765.000000,13.800000,0.000142,0.011606,0.000000,0.000000,0.000000,0.000000,1.000000,1.000000,1.100000,0.900000,0.006250,1.000000,0.000000,0,0.000000,YES,Default,1085.782146,0.000000,0.000000,0.000000,0.000000,0.000000,0.000000,0.000000,0.000000,0.000000,0.000000,0.000000,0.000000,0.000000,0.000000,1,100.000000,,,,,,,,,,,,,,,,,,,,,,
346,13580,13584,1,Transformer,Closed,Closed,NO,13580,Fixed,NO,13580,NO ,0.000000,0.000100,1.010000,0.990000,Middle,100.000000,765.000000,18.000000,0.000254,0.018477,0.000000,0.000000,0.000000,0.000000,1.000000,1.000000,1.100000,0.900000,0.006250,1.000000,0.000000,0,0.000000,YES,Default,970.611382,0.000000,0.000000,0.000000,0.000000,0.000000,0.000000,0.000000,0.000000,0.000000,0.000000,0.000000,0.000000,0.000000,0.000000,1,100.000000,,,,,,,,,,,,,,,,,,,,,,
347,13580,13585,1,Transformer,Closed,Closed,NO,13580,Fixed,NO,13580,NO ,0.000000,0.000100,1.010000,0.990000,Middle,100.000000,765.000000,13.800000,0.000186,0.016658,0.000000,0.000000,0.000000,0.000000,1.000000,1.000000,1.100000,0.900000,0.006250,1.000000,0.000000,0,0.000000,YES,Default,853.177261,0.000000,0.000000,0.000000,0.000000,0.000000,0.000000,0.000000,0.000000,0.000000,0.000000,0.000000,0.000000,0.000000,0.000000,1,100.000000,,,,,,,,,,,,,,,,,,,,,,
348,13580,13587,1,Transformer,Closed,Closed,NO,13580,Fixed,NO,13580,NO ,0.000000,0.000100,1.010000,0.990000,Middle,100.000000,765.000000,24.000000,0.000260,0.021084,0.000000,0.000000,0.000000,0.000000,1.000000,1.000000,1.100000,0.900000,0.006250,1.000000,0.000000,0,0.000000,YES,Default,813.298512,0.000000,0.000000,0.000000,0.000000,0.000000,0.000000,0.000000,0.000000,0.000000,0.000000,0.000000,0.000000,0.000000,0.000000,1,100.000000,,,,,,,,,,,,,,,,,,,,,,
349,13582,13581,1,Transformer,Closed,Closed,NO,13582,Fixed,NO,13582,NO ,0.000000,0.000100,1.010000,0.990000,Middle,100.000000,138.000000,345.000000,0.000735,0.035205,0.000000,0.000000,0.000000,0.000000,1.000000,1.000000,1.100000,0.900000,0.006250,1.000000,0.000000,0,0.000000,YES,Default,480.000019,0.000000,0.000000,0.000000,0.000000,0.000000,0.000000,0.000000,0.000000,0.000000,0.000000,0.000000,0.000000,0.000000,0.000000,1,100.000000,,,,,,,,,,,,,,,,,,,,,,
350,13581,13586,1,Transformer,Closed,Closed,NO,13581,Fixed,NO,13581,NO ,0.000000,0.000100,1.010000,0.990000,Middle,100.000000,345.000000,18.000000,0.000731,0.046204,0.000000,0.000000,0.000000,0.000000,1.000000,1.000000,1.100000,0.900000,0.006250,1.000000,0.000000,0,0.000000,YES,Default,270.444608,0.000000,0.000000,0.000000,0.000000,0.000000,0.000000,0.000000,0.000000,0.000000,0.000000,0.000000,0.000000,0.000000,0.000000,1,100.000000,,,,,,,,,,,,,,,,,,,,,,
351,13589,13590,1,Transformer,Closed,Closed,NO,13589,Fixed,NO,13589,NO ,0.000000,0.000100,1.010000,0.990000,Middle,100.000000,138.000000,13.800000,0.003511,0.105317,0.000000,0.000000,0.000000,0.000000,1.000000,1.000000,1.100000,0.900000,0.006250,1.000000,0.000000,0,0.000000,YES,Default,133.899999,0.000000,0.000000,0.000000,0.000000,0.000000,0.000000,0.000000,0.000000,0.000000,0.000000,0.000000,0.000000,0.000000,0.000000,1,100.000000,,,,,,,,,,,,,,,,,,,,,,
352,13593,13592,1,Transformer,Closed,Closed,NO,13593,Fixed,NO,13593,NO ,0.000000,0.000100,1.010000,0.990000,Middle,100.000000,138.000000,345.000000,0.000542,0.033019,0.000000,0.000000,0.000000,0.000000,1.000000,1.000000,1.100000,0.900000,0.006250,1.000000,0.000000,0,0.000000,YES,Default,402.435923,0.000000,0.000000,0.000000,0.000000,0.000000,0.000000,0.000000,0.000000,0.000000,0.000000,0.000000,0.000000,0.000000,0.000000,1,100.000000,,,,,,,,,,,,,,,,,,,,,,
353,13595,13594,1,Transformer,Closed,Closed,NO,13595,Fixed,NO,13595,NO ,0.000000,0.000100,1.010000,0.990000,Middle,100.000000,345.000000,765.000000,0.000082,0.007324,0.000000,0.000000,0.000000,0.000000,1.000000,1.000000,1.100000,0.900000,0.006250,1.000000,0.000000,0,0.000000,YES,Default,1524.822044,0.000000,0.000000,0.000000,0.000000,0.000000,0.000000,0.000000,0.000000,0.000000,0.000000,0.000000,0.000000,0.000000,0.000000,1,100.000000,,,,,,,,,,,,,,,,,,,,,,
354,13594,13597,1,Transformer,Closed,Closed,NO,13594,Fixed,NO,13594,NO ,0.000000,0.000100,1.010000,0.990000,Middle,100.000000,765.000000,18.000000,0.000070,0.004884,0.000000,0.000000,0.000000,0.000000,1.000000,1.000000,1.100000,0.900000,0.006250,1.000000,0.000000,0,0.000000,YES,Default,1296.978569,0.000000,0.000000,0.000000,0.000000,0.000000,0.000000,0.000000,0.000000,0.000000,0.000000,0.000000,0.000000,0.000000,0.000000,1,100.000000,,,,,,,,,,,,,,,,,,,,,,
355,13594,13598,1,Transformer,Closed,Closed,NO,13594,Fixed,NO,13594,NO ,0.000000,0.000100,1.010000,0.990000,Middle,100.000000,765.000000,18.000000,0.000166,0.012938,0.000000,0.000000,0.000000,0.000000,1.000000,1.000000,1.100000,0.900000,0.006250,1.000000,0.000000,0,0.000000,YES,Default,1295.562649,0.000000,0.000000,0.000000,0.000000,0.000000,0.000000,0.000000,0.000000,0.000000,0.000000,0.000000,0.000000,0.000000,0.000000,1,100.000000,,,,,,,,,,,,,,,,,,,,,,
356,13594,13599,1,Transformer,Closed,Closed,NO,13594,Fixed,NO,13594,NO ,0.000000,0.000100,1.010000,0.990000,Middle,100.000000,765.000000,13.200000,0.000164,0.011542,0.000000,0.000000,0.000000,0.000000,1.000000,1.000000,1.100000,0.900000,0.006250,1.000000,0.000000,0,0.000000,YES,Default,1294.386864,0.000000,0.000000,0.000000,0.000000,0.000000,0.000000,0.000000,0.000000,0.000000,0.000000,0.000000,0.000000,0.000000,0.000000,1,100.000000,,,,,,,,,,,,,,,,,,,,,,
357,13596,13595,1,Transformer,Closed,Closed,NO,13596,Fixed,NO,13596,NO ,0.000000,0.000100,1.010000,0.990000,Middle,100.000000,138.000000,345.000000,0.000459,0.028922,0.000000,0.000000,0.000000,0.000000,1.000000,1.000000,1.100000,0.900000,0.006250,1.000000,0.000000,0,0.000000,YES,Default,364.289379,0.000000,0.000000,0.000000,0.000000,0.000000,0.000000,0.000000,0.000000,0.000000,0.000000,0.000000,0.000000,0.000000,0.000000,1,100.000000,,,,,,,,,,,,,,,,,,,,,,
358,13605,13606,1,Transformer,Closed,Closed,NO,13605,Fixed,NO,13605,NO ,0.000000,0.000100,1.010000,0.990000,Middle,100.000000,138.000000,13.800000,0.003403,0.117653,0.000000,0.000000,0.000000,0.000000,1.000000,1.000000,1.100000,0.900000,0.006250,1.000000,0.000000,0,0.000000,YES,Default,128.569996,0.000000,0.000000,0.000000,0.000000,0.000000,0.000000,0.000000,0.000000,0.000000,0.000000,0.000000,0.000000,0.000000,0.000000,1,100.000000,,,,,,,,,,,,,,,,,,,,,,
359,13611,13612,1,Transformer,Closed,Closed,NO,13611,Fixed,NO,13611,NO ,0.000000,0.000100,1.010000,0.990000,Middle,100.000000,138.000000,13.800000,0.007327,0.251003,0.000000,0.000000,0.000000,0.000000,1.000000,1.000000,1.100000,0.900000,0.006250,1.006250,0.000000,0,0.000000,YES,Default,65.572178,0.000000,0.000000,0.000000,0.000000,0.000000,0.000000,0.000000,0.000000,0.000000,0.000000,0.000000,0.000000,0.000000,0.000000,1,100.000000,,,,,,,,,,,,,,,,,,,,,,
360,13611,13613,1,Transformer,Closed,Closed,NO,13611,Fixed,NO,13611,NO ,0.000000,0.000100,1.010000,0.990000,Middle,100.000000,138.000000,13.800000,0.086864,2.143596,0.000000,0.000000,0.000000,0.000000,1.000000,1.000000,1.100000,0.900000,0.006250,1.000000,0.000000,0,0.000000,YES,Default,9.360000,0.000000,0.000000,0.000000,0.000000,0.000000,0.000000,0.000000,0.000000,0.000000,0.000000,0.000000,0.000000,0.000000,0.000000,1,100.000000,,,,,,,,,,,,,,,,,,,,,,
361,13617,13616,1,Transformer,Closed,Closed,NO,13617,Fixed,NO,13617,NO ,0.000000,0.000100,1.010000,0.990000,Middle,100.000000,138.000000,345.000000,0.000523,0.030740,0.000000,0.000000,0.000000,0.000000,1.000000,1.000000,1.100000,0.900000,0.006250,1.000000,0.000000,0,0.000000,YES,Default,315.613484,0.000000,0.000000,0.000000,0.000000,0.000000,0.000000,0.000000,0.000000,0.000000,0.000000,0.000000,0.000000,0.000000,0.000000,1,100.000000,,,,,,,,,,,,,,,,,,,,,,
362,13616,13618,1,Transformer,Closed,Closed,NO,13616,Fixed,NO,13616,NO ,0.000000,0.000100,1.010000,0.990000,Middle,100.000000,345.000000,13.800000,0.000331,0.021104,0.000000,0.000000,0.000000,0.000000,1.000000,1.000000,1.100000,0.900000,0.006250,1.000000,0.000000,0,0.000000,YES,Default,526.215887,0.000000,0.000000,0.000000,0.000000,0.000000,0.000000,0.000000,0.000000,0.000000,0.000000,0.000000,0.000000,0.000000,0.000000,1,100.000000,,,,,,,,,,,,,,,,,,,,,,
363,13620,13625,1,Transformer,Closed,Closed,NO,13620,Fixed,NO,13620,NO ,0.000000,0.000100,1.010000,0.990000,Middle,100.000000,765.000000,24.000000,0.000105,0.009119,0.000000,0.000000,0.000000,0.000000,1.000000,1.000000,1.100000,0.900000,0.006250,1.000000,0.000000,0,0.000000,YES,Default,1664.474297,0.000000,0.000000,0.000000,0.000000,0.000000,0.000000,0.000000,0.000000,0.000000,0.000000,0.000000,0.000000,0.000000,0.000000,1,100.000000,,,,,,,,,,,,,,,,,,,,,,
364,13620,13626,1,Transformer,Closed,Closed,NO,13620,Fixed,NO,13620,NO ,0.000000,0.000100,1.010000,0.990000,Middle,100.000000,765.000000,22.000000,0.000048,0.004118,0.000000,0.000000,0.000000,0.000000,1.000000,1.000000,1.100000,0.900000,0.006250,1.000000,0.000000,0,0.000000,YES,Default,1662.833023,0.000000,0.000000,0.000000,0.000000,0.000000,0.000000,0.000000,0.000000,0.000000,0.000000,0.000000,0.000000,0.000000,0.000000,1,100.000000,,,,,,,,,,,,,,,,,,,,,,
365,13620,13627,1,Transformer,Closed,Closed,NO,13620,Fixed,NO,13620,NO ,0.000000,0.000100,1.010000,0.990000,Middle,100.000000,765.000000,13.800000,0.000090,0.006117,0.000000,0.000000,0.000000,0.000000,1.000000,1.000000,1.100000,0.900000,0.006250,1.000000,0.000000,0,0.000000,YES,Default,1662.447739,0.000000,0.000000,0.000000,0.000000,0.000000,0.000000,0.000000,0.000000,0.000000,0.000000,0.000000,0.000000,0.000000,0.000000,1,100.000000,,,,,,,,,,,,,,,,,,,,,,
366,13620,13628,1,Transformer,Closed,Closed,NO,13620,Fixed,NO,13620,NO ,0.000000,0.000100,1.010000,0.990000,Middle,100.000000,765.000000,13.800000,0.000126,0.010685,0.000000,0.000000,0.000000,0.000000,1.000000,1.000000,1.100000,0.900000,0.006250,1.000000,0.000000,0,0.000000,YES,Default,1661.778259,0.000000,0.000000,0.000000,0.000000,0.000000,0.000000,0.000000,0.000000,0.000000,0.000000,0.000000,0.000000,0.000000,0.000000,1,100.000000,,,,,,,,,,,,,,,,,,,,,,
367,13620,13629,1,Transformer,Closed,Closed,NO,13620,Fixed,NO,13620,NO ,0.000000,0.000100,1.010000,0.990000,Middle,100.000000,765.000000,13.800000,0.000089,0.006741,0.000000,0.000000,0.000000,0.000000,1.000000,1.000000,1.100000,0.900000,0.006250,1.000000,0.000000,0,0.000000,YES,Default,1658.959198,0.000000,0.000000,0.000000,0.000000,0.000000,0.000000,0.000000,0.000000,0.000000,0.000000,0.000000,0.000000,0.000000,0.000000,1,100.000000,,,,,,,,,,,,,,,,,,,,,,
368,13620,13630,1,Transformer,Closed,Closed,NO,13620,Fixed,NO,13620,NO ,0.000000,0.000100,1.010000,0.990000,Middle,100.000000,765.000000,13.800000,0.000068,0.005771,0.000000,0.000000,0.000000,0.000000,1.000000,1.000000,1.100000,0.900000,0.006250,1.000000,0.000000,0,0.000000,YES,Default,1658.656502,0.000000,0.000000,0.000000,0.000000,0.000000,0.000000,0.000000,0.000000,0.000000,0.000000,0.000000,0.000000,0.000000,0.000000,1,100.000000,,,,,,,,,,,,,,,,,,,,,,
369,13622,13621,1,Transformer,Closed,Closed,NO,13622,Fixed,NO,13622,NO ,0.000000,0.000100,1.010000,0.990000,Middle,100.000000,138.000000,345.000000,0.000453,0.030352,0.000000,0.000000,0.000000,0.000000,1.000000,1.000000,1.100000,0.900000,0.006250,1.000000,0.000000,0,0.000000,YES,Default,430.688763,0.000000,0.000000,0.000000,0.000000,0.000000,0.000000,0.000000,0.000000,0.000000,0.000000,0.000000,0.000000,0.000000,0.000000,1,100.000000,,,,,,,,,,,,,,,,,,,,,,
370,13637,13641,1,Transformer,Closed,Closed,NO,13637,Fixed,NO,13637,NO ,0.000000,0.000100,1.010000,0.990000,Middle,100.000000,345.000000,13.800000,0.000512,0.028771,0.000000,0.000000,0.000000,0.000000,1.000000,1.000000,1.100000,0.900000,0.006250,1.031250,0.000000,0,0.000000,YES,Default,378.046966,0.000000,0.000000,0.000000,0.000000,0.000000,0.000000,0.000000,0.000000,0.000000,0.000000,0.000000,0.000000,0.000000,0.000000,1,100.000000,,,,,,,,,,,,,,,,,,,,,,
371,13637,13642,1,Transformer,Closed,Closed,NO,13637,Fixed,NO,13637,NO ,0.000000,0.000100,1.010000,0.990000,Middle,100.000000,345.000000,22.000000,0.000558,0.028630,0.000000,0.000000,0.000000,0.000000,1.000000,1.000000,1.100000,0.900000,0.006250,1.031250,0.000000,0,0.000000,YES,Default,323.226023,0.000000,0.000000,0.000000,0.000000,0.000000,0.000000,0.000000,0.000000,0.000000,0.000000,0.000000,0.000000,0.000000,0.000000,1,100.000000,,,,,,,,,,,,,,,,,,,,,,
372,13646,13645,1,Transformer,Closed,Closed,NO,13646,Fixed,NO,13646,NO ,0.000000,0.000100,1.010000,0.990000,Middle,100.000000,345.000000,765.000000,0.000096,0.006494,0.000000,0.000000,0.000000,0.000000,1.000000,1.000000,1.100000,0.900000,0.006250,1.000000,0.000000,0,0.000000,YES,Default,1388.305950,0.000000,0.000000,0.000000,0.000000,0.000000,0.000000,0.000000,0.000000,0.000000,0.000000,0.000000,0.000000,0.000000,0.000000,1,100.000000,,,,,,,,,,,,,,,,,,,,,,
373,13647,13646,1,Transformer,Closed,Closed,NO,13647,Fixed,NO,13647,NO ,0.000000,0.000100,1.010000,0.990000,Middle,100.000000,138.000000,345.000000,0.000317,0.018438,0.000000,0.000000,0.000000,0.000000,1.000000,1.000000,1.100000,0.900000,0.006250,1.000000,0.000000,0,0.000000,YES,Default,448.194265,0.000000,0.000000,0.000000,0.000000,0.000000,0.000000,0.000000,0.000000,0.000000,0.000000,0.000000,0.000000,0.000000,0.000000,1,100.000000,,,,,,,,,,,,,,,,,,,,,,
374,13651,13650,1,Transformer,Closed,Closed,NO,13651,Fixed,NO,13651,NO ,0.000000,0.000100,1.010000,0.990000,Middle,100.000000,138.000000,345.000000,0.000244,0.016193,0.000000,0.000000,0.000000,0.000000,1.000000,1.000000,1.100000,0.900000,0.006250,1.018750,0.000000,0,0.000000,YES,Default,547.203732,0.000000,0.000000,0.000000,0.000000,0.000000,0.000000,0.000000,0.000000,0.000000,0.000000,0.000000,0.000000,0.000000,0.000000,1,100.000000,,,,,,,,,,,,,,,,,,,,,,
375,13657,13656,1,Transformer,Closed,Closed,NO,13657,LTC,YES,13657,NO ,0.000000,0.000100,1.072000,1.022000,Middle,100.000000,138.000000,345.000000,0.000337,0.028663,0.000000,0.000000,0.000000,0.000000,1.000000,1.000000,1.100000,0.900000,0.006250,1.006250,0.000000,0,0.000000,YES,Default,423.573112,0.000000,0.000000,0.000000,0.000000,0.000000,0.000000,0.000000,0.000000,0.000000,0.000000,0.000000,0.000000,0.000000,0.000000,1,100.000000,,,,,,,,,,,,,,,,,,,,,,
376,13656,13658,1,Transformer,Closed,Closed,NO,13656,Fixed,NO,13656,NO ,0.000000,0.000100,1.010000,0.990000,Middle,100.000000,345.000000,13.200000,0.000465,0.026865,0.000000,0.000000,0.000000,0.000000,1.000000,1.000000,1.100000,0.900000,0.006250,1.000000,0.000000,0,0.000000,YES,Default,300.136900,0.000000,0.000000,0.000000,0.000000,0.000000,0.000000,0.000000,0.000000,0.000000,0.000000,0.000000,0.000000,0.000000,0.000000,1,100.000000,,,,,,,,,,,,,,,,,,,,,,
377,13656,13659,1,Transformer,Closed,Closed,NO,13656,Fixed,NO,13656,NO ,0.000000,0.000100,1.010000,0.990000,Middle,100.000000,345.000000,13.800000,0.000458,0.028884,0.000000,0.000000,0.000000,0.000000,1.000000,1.000000,1.100000,0.900000,0.006250,1.000000,0.000000,0,0.000000,YES,Default,298.002934,0.000000,0.000000,0.000000,0.000000,0.000000,0.000000,0.000000,0.000000,0.000000,0.000000,0.000000,0.000000,0.000000,0.000000,1,100.000000,,,,,,,,,,,,,,,,,,,,,,
378,13660,13661,1,Transformer,Closed,Closed,NO,13660,Fixed,NO,13660,NO ,0.000000,0.000100,1.010000,0.990000,Middle,100.000000,138.000000,18.000000,0.004295,0.124310,0.000000,0.000000,0.000000,0.000000,1.000000,1.000000,1.100000,0.900000,0.006250,1.050000,0.000000,0,0.000000,YES,Default,107.120693,0.000000,0.000000,0.000000,0.000000,0.000000,0.000000,0.000000,0.000000,0.000000,0.000000,0.000000,0.000000,0.000000,0.000000,1,100.000000,,,,,,,,,,,,,,,,,,,,,,
379,13660,13662,1,Transformer,Closed,Closed,NO,13660,Fixed,NO,13660,NO ,0.000000,0.000100,1.010000,0.990000,Middle,100.000000,138.000000,13.800000,0.010512,0.249159,0.000000,0.000000,0.000000,0.000000,1.000000,1.000000,1.100000,0.900000,0.006250,1.050000,0.000000,0,0.000000,YES,Default,59.395045,0.000000,0.000000,0.000000,0.000000,0.000000,0.000000,0.000000,0.000000,0.000000,0.000000,0.000000,0.000000,0.000000,0.000000,1,100.000000,,,,,,,,,,,,,,,,,,,,,,
380,13664,13665,1,Transformer,Closed,Closed,NO,13664,Fixed,NO,13664,NO ,0.000000,0.000100,1.010000,0.990000,Middle,100.000000,138.000000,22.000000,0.005987,0.170824,0.000000,0.000000,0.000000,0.000000,1.000000,1.000000,1.100000,0.900000,0.006250,0.993750,0.000000,0,0.000000,YES,Default,69.564080,0.000000,0.000000,0.000000,0.000000,0.000000,0.000000,0.000000,0.000000,0.000000,0.000000,0.000000,0.000000,0.000000,0.000000,1,100.000000,,,,,,,,,,,,,,,,,,,,,,
381,13667,13666,1,Transformer,Closed,Closed,NO,13667,Fixed,NO,13667,NO ,0.000000,0.000100,1.010000,0.990000,Middle,100.000000,345.000000,765.000000,0.000112,0.008648,0.000000,0.000000,0.000000,0.000000,1.000000,1.000000,1.100000,0.900000,0.006250,1.006250,0.000000,0,0.000000,YES,Default,1529.431248,0.000000,0.000000,0.000000,0.000000,0.000000,0.000000,0.000000,0.000000,0.000000,0.000000,0.000000,0.000000,0.000000,0.000000,1,100.000000,,,,,,,,,,,,,,,,,,,,,,
382,13666,13669,1,Transformer,Closed,Closed,NO,13666,Fixed,NO,13666,NO ,0.000000,0.000100,1.010000,0.990000,Middle,100.000000,765.000000,13.800000,0.000142,0.012523,0.000000,0.000000,0.000000,0.000000,1.000000,1.000000,1.100000,0.900000,0.006250,1.000000,0.000000,0,0.000000,YES,Default,1451.162434,0.000000,0.000000,0.000000,0.000000,0.000000,0.000000,0.000000,0.000000,0.000000,0.000000,0.000000,0.000000,0.000000,0.000000,1,100.000000,,,,,,,,,,,,,,,,,,,,,,
383,13666,13670,1,Transformer,Closed,Closed,NO,13666,Fixed,NO,13666,NO ,0.000000,0.000100,1.010000,0.990000,Middle,100.000000,765.000000,13.800000,0.000079,0.005873,0.000000,0.000000,0.000000,0.000000,1.000000,1.000000,1.100000,0.900000,0.006250,1.000000,0.000000,0,0.000000,YES,Default,1445.507336,0.000000,0.000000,0.000000,0.000000,0.000000,0.000000,0.000000,0.000000,0.000000,0.000000,0.000000,0.000000,0.000000,0.000000,1,100.000000,,,,,,,,,,,,,,,,,,,,,,
384,13666,13671,1,Transformer,Closed,Closed,NO,13666,Fixed,NO,13666,NO ,0.000000,0.000100,1.010000,0.990000,Middle,100.000000,765.000000,24.000000,0.000095,0.007545,0.000000,0.000000,0.000000,0.000000,1.000000,1.000000,1.100000,0.900000,0.006250,1.000000,0.000000,0,0.000000,YES,Default,1443.566132,0.000000,0.000000,0.000000,0.000000,0.000000,0.000000,0.000000,0.000000,0.000000,0.000000,0.000000,0.000000,0.000000,0.000000,1,100.000000,,,,,,,,,,,,,,,,,,,,,,
385,13666,13672,1,Transformer,Closed,Closed,NO,13666,Fixed,NO,13666,NO ,0.000000,0.000100,1.010000,0.990000,Middle,100.000000,765.000000,18.000000,0.000110,0.008821,0.000000,0.000000,0.000000,0.000000,1.000000,1.000000,1.100000,0.900000,0.006250,1.000000,0.000000,0,0.000000,YES,Default,1442.877579,0.000000,0.000000,0.000000,0.000000,0.000000,0.000000,0.000000,0.000000,0.000000,0.000000,0.000000,0.000000,0.000000,0.000000,1,100.000000,,,,,,,,,,,,,,,,,,,,,,
386,13666,13673,1,Transformer,Closed,Closed,NO,13666,Fixed,NO,13666,NO ,0.000000,0.000100,1.010000,0.990000,Middle,100.000000,765.000000,18.000000,0.000085,0.006989,0.000000,0.000000,0.000000,0.000000,1.000000,1.000000,1.100000,0.900000,0.006250,1.000000,0.000000,0,0.000000,YES,Default,1442.184544,0.000000,0.000000,0.000000,0.000000,0.000000,0.000000,0.000000,0.000000,0.000000,0.000000,0.000000,0.000000,0.000000,0.000000,1,100.000000,,,,,,,,,,,,,,,,,,,,,,
387,13666,13674,1,Transformer,Closed,Closed,NO,13666,Fixed,NO,13666,NO ,0.000000,0.000100,1.010000,0.990000,Middle,100.000000,765.000000,13.800000,0.000138,0.011008,0.000000,0.000000,0.000000,0.000000,1.000000,1.000000,1.100000,0.900000,0.006250,1.000000,0.000000,0,0.000000,YES,Default,1441.349697,0.000000,0.000000,0.000000,0.000000,0.000000,0.000000,0.000000,0.000000,0.000000,0.000000,0.000000,0.000000,0.000000,0.000000,1,100.000000,,,,,,,,,,,,,,,,,,,,,,
388,13668,13667,1,Transformer,Closed,Closed,NO,13668,Fixed,NO,13668,NO ,0.000000,0.000100,1.010000,0.990000,Middle,100.000000,138.000000,345.000000,0.000274,0.019065,0.000000,0.000000,0.000000,0.000000,1.000000,1.000000,1.100000,0.900000,0.006250,1.000000,0.000000,0,0.000000,YES,Default,410.420513,0.000000,0.000000,0.000000,0.000000,0.000000,0.000000,0.000000,0.000000,0.000000,0.000000,0.000000,0.000000,0.000000,0.000000,1,100.000000,,,,,,,,,,,,,,,,,,,,,,
389,13676,13675,1,Transformer,Closed,Closed,NO,13676,LTC,YES,13676,NO ,0.000000,0.000100,1.072000,1.022000,Middle,100.000000,138.000000,345.000000,0.000415,0.024981,0.000000,0.000000,0.000000,0.000000,1.000000,1.000000,1.100000,0.900000,0.006250,1.012500,0.000000,0,0.000000,YES,Default,300.325704,0.000000,0.000000,0.000000,0.000000,0.000000,0.000000,0.000000,0.000000,0.000000,0.000000,0.000000,0.000000,0.000000,0.000000,1,100.000000,,,,,,,,,,,,,,,,,,,,,,
390,13675,13677,1,Transformer,Closed,Closed,NO,13675,Fixed,NO,13675,NO ,0.000000,0.000100,1.010000,0.990000,Middle,100.000000,345.000000,13.800000,0.000213,0.015344,0.000000,0.000000,0.000000,0.000000,1.000000,1.000000,1.100000,0.900000,0.006250,1.000000,0.000000,0,0.000000,YES,Default,477.434969,0.000000,0.000000,0.000000,0.000000,0.000000,0.000000,0.000000,0.000000,0.000000,0.000000,0.000000,0.000000,0.000000,0.000000,1,100.000000,,,,,,,,,,,,,,,,,,,,,,
391,13675,13678,1,Transformer,Closed,Closed,NO,13675,Fixed,NO,13675,NO ,0.000000,0.000100,1.010000,0.990000,Middle,100.000000,345.000000,18.000000,0.000332,0.019887,0.000000,0.000000,0.000000,0.000000,1.000000,1.000000,1.100000,0.900000,0.006250,0.993750,0.000000,0,0.000000,YES,Default,474.842024,0.000000,0.000000,0.000000,0.000000,0.000000,0.000000,0.000000,0.000000,0.000000,0.000000,0.000000,0.000000,0.000000,0.000000,1,100.000000,,,,,,,,,,,,,,,,,,,,,,
392,13679,13680,1,Transformer,Closed,Closed,NO,13679,Fixed,NO,13679,NO ,0.000000,0.000100,1.010000,0.990000,Middle,100.000000,138.000000,13.800000,0.004727,0.149273,0.000000,0.000000,0.000000,0.000000,1.000000,1.000000,1.100000,0.900000,0.006250,1.056250,0.000000,0,0.000000,YES,Default,72.677910,0.000000,0.000000,0.000000,0.000000,0.000000,0.000000,0.000000,0.000000,0.000000,0.000000,0.000000,0.000000,0.000000,0.000000,1,100.000000,,,,,,,,,,,,,,,,,,,,,,
393,13682,13681,1,Transformer,Closed,Closed,NO,13682,Fixed,NO,13682,NO ,0.000000,0.000100,1.010000,0.990000,Middle,100.000000,345.000000,765.000000,0.000095,0.008076,0.000000,0.000000,0.000000,0.000000,1.000000,1.000000,1.100000,0.900000,0.006250,1.006250,0.000000,0,0.000000,YES,Default,1375.350571,0.000000,0.000000,0.000000,0.000000,0.000000,0.000000,0.000000,0.000000,0.000000,0.000000,0.000000,0.000000,0.000000,0.000000,1,100.000000,,,,,,,,,,,,,,,,,,,,,,
394,13681,13684,1,Transformer,Closed,Closed,NO,13681,Fixed,NO,13681,NO ,0.000000,0.000100,1.010000,0.990000,Middle,100.000000,765.000000,22.000000,0.000039,0.002880,0.000000,0.000000,0.000000,0.000000,1.000000,1.000000,1.100000,0.900000,0.006250,1.025000,0.000000,0,0.000000,YES,Default,1647.485352,0.000000,0.000000,0.000000,0.000000,0.000000,0.000000,0.000000,0.000000,0.000000,0.000000,0.000000,0.000000,0.000000,0.000000,1,100.000000,,,,,,,,,,,,,,,,,,,,,,
395,13681,13685,1,Transformer,Closed,Closed,NO,13681,Fixed,NO,13681,NO ,0.000000,0.000100,1.010000,0.990000,Middle,100.000000,765.000000,13.800000,0.000082,0.006753,0.000000,0.000000,0.000000,0.000000,1.000000,1.000000,1.100000,0.900000,0.006250,1.025000,0.000000,0,0.000000,YES,Default,1647.037506,0.000000,0.000000,0.000000,0.000000,0.000000,0.000000,0.000000,0.000000,0.000000,0.000000,0.000000,0.000000,0.000000,0.000000,1,100.000000,,,,,,,,,,,,,,,,,,,,,,
396,13681,13686,1,Transformer,Closed,Closed,NO,13681,Fixed,NO,13681,NO ,0.000000,0.000100,1.010000,0.990000,Middle,100.000000,765.000000,18.000000,0.000149,0.010733,0.000000,0.000000,0.000000,0.000000,1.000000,1.000000,1.100000,0.900000,0.006250,1.000000,0.000000,0,0.000000,YES,Default,1603.914070,0.000000,0.000000,0.000000,0.000000,0.000000,0.000000,0.000000,0.000000,0.000000,0.000000,0.000000,0.000000,0.000000,0.000000,1,100.000000,,,,,,,,,,,,,,,,,,,,,,
397,13683,13682,1,Transformer,Closed,Closed,NO,13683,Fixed,NO,13683,NO ,0.000000,0.000100,1.010000,0.990000,Middle,100.000000,138.000000,345.000000,0.000463,0.028415,0.000000,0.000000,0.000000,0.000000,1.000000,1.000000,1.100000,0.900000,0.006250,1.000000,0.000000,0,0.000000,YES,Default,291.770482,0.000000,0.000000,0.000000,0.000000,0.000000,0.000000,0.000000,0.000000,0.000000,0.000000,0.000000,0.000000,0.000000,0.000000,1,100.000000,,,,,,,,,,,,,,,,,,,,,,
398,13689,13693,1,Transformer,Closed,Closed,NO,13689,Fixed,NO,13689,NO ,0.000000,0.000100,1.010000,0.990000,Middle,100.000000,345.000000,13.800000,0.000354,0.020996,0.000000,0.000000,0.000000,0.000000,1.000000,1.000000,1.100000,0.900000,0.006250,0.993750,0.000000,0,0.000000,YES,Default,567.848110,0.000000,0.000000,0.000000,0.000000,0.000000,0.000000,0.000000,0.000000,0.000000,0.000000,0.000000,0.000000,0.000000,0.000000,1,100.000000,,,,,,,,,,,,,,,,,,,,,,
399,13689,13694,1,Transformer,Closed,Closed,NO,13689,Fixed,NO,13689,NO ,0.000000,0.000100,1.010000,0.990000,Middle,100.000000,345.000000,18.000000,0.000484,0.021446,0.000000,0.000000,0.000000,0.000000,1.000000,1.000000,1.100000,0.900000,0.006250,0.993750,0.000000,0,0.000000,YES,Default,565.885067,0.000000,0.000000,0.000000,0.000000,0.000000,0.000000,0.000000,0.000000,0.000000,0.000000,0.000000,0.000000,0.000000,0.000000,1,100.000000,,,,,,,,,,,,,,,,,,,,,,
400,13696,13695,1,Transformer,Closed,Closed,NO,13696,Fixed,NO,13696,NO ,0.000000,0.000100,1.010000,0.990000,Middle,100.000000,345.000000,765.000000,0.000083,0.006819,0.000000,0.000000,0.000000,0.000000,1.000000,1.000000,1.100000,0.900000,0.006250,1.000000,0.000000,0,0.000000,YES,Default,1288.997078,0.000000,0.000000,0.000000,0.000000,0.000000,0.000000,0.000000,0.000000,0.000000,0.000000,0.000000,0.000000,0.000000,0.000000,1,100.000000,,,,,,,,,,,,,,,,,,,,,,
401,13695,13698,1,Transformer,Closed,Closed,NO,13695,Fixed,NO,13695,NO ,0.000000,0.000100,1.010000,0.990000,Middle,100.000000,765.000000,13.800000,0.000063,0.005274,0.000000,0.000000,0.000000,0.000000,1.000000,1.000000,1.100000,0.900000,0.006250,1.000000,0.000000,0,0.000000,YES,Default,1801.928329,0.000000,0.000000,0.000000,0.000000,0.000000,0.000000,0.000000,0.000000,0.000000,0.000000,0.000000,0.000000,0.000000,0.000000,1,100.000000,,,,,,,,,,,,,,,,,,,,,,
402,13697,13696,1,Transformer,Closed,Closed,NO,13697,Fixed,NO,13697,NO ,0.000000,0.000100,1.010000,0.990000,Middle,100.000000,138.000000,345.000000,0.000409,0.031812,0.000000,0.000000,0.000000,0.000000,1.000000,1.000000,1.100000,0.900000,0.006250,1.000000,0.000000,0,0.000000,YES,Default,319.796562,0.000000,0.000000,0.000000,0.000000,0.000000,0.000000,0.000000,0.000000,0.000000,0.000000,0.000000,0.000000,0.000000,0.000000,1,100.000000,,,,,,,,,,,,,,,,,,,,,,
403,20006,20005,1,Transformer,Closed,Closed,NO,20006,Fixed,NO,20006,NO ,0.000000,0.000100,1.010000,0.990000,Middle,100.000000,138.000000,345.000000,0.000407,0.023699,0.000000,0.000000,0.000000,0.000000,1.000000,1.000000,1.100000,0.900000,0.006250,1.000000,0.000000,0,0.000000,YES,Default,380.020308,0.000000,0.000000,0.000000,0.000000,0.000000,0.000000,0.000000,0.000000,0.000000,0.000000,0.000000,0.000000,0.000000,0.000000,1,100.000000,,,,,,,,,,,,,,,,,,,,,,
404,20023,20022,1,Transformer,Closed,Closed,NO,20023,Fixed,NO,20023,NO ,0.000000,0.000100,1.010000,0.990000,Middle,100.000000,138.000000,345.000000,0.000660,0.029275,0.000000,0.000000,0.000000,0.000000,1.000000,1.000000,1.100000,0.900000,0.006250,1.012500,0.000000,0,0.000000,YES,Default,425.861454,0.000000,0.000000,0.000000,0.000000,0.000000,0.000000,0.000000,0.000000,0.000000,0.000000,0.000000,0.000000,0.000000,0.000000,1,100.000000,,,,,,,,,,,,,,,,,,,,,,
405,20074,20073,1,Transformer,Closed,Closed,NO,20074,Fixed,NO,20074,NO ,0.000000,0.000100,1.010000,0.990000,Middle,100.000000,138.000000,345.000000,0.000313,0.021405,0.000000,0.000000,0.000000,0.000000,1.000000,1.000000,1.100000,0.900000,0.006250,1.000000,0.000000,0,0.000000,YES,Default,407.957840,0.000000,0.000000,0.000000,0.000000,0.000000,0.000000,0.000000,0.000000,0.000000,0.000000,0.000000,0.000000,0.000000,0.000000,1,100.000000,,,,,,,,,,,,,,,,,,,,,,
406,20123,20122,1,Transformer,Closed,Closed,NO,20123,Fixed,NO,20123,NO ,0.000000,0.000100,1.010000,0.990000,Middle,100.000000,138.000000,345.000000,0.000387,0.023365,0.000000,0.000000,0.000000,0.000000,1.000000,1.000000,1.100000,0.900000,0.006250,1.006250,0.000000,0,0.000000,YES,Default,550.169563,0.000000,0.000000,0.000000,0.000000,0.000000,0.000000,0.000000,0.000000,0.000000,0.000000,0.000000,0.000000,0.000000,0.000000,1,100.000000,,,,,,,,,,,,,,,,,,,,,,
407,20289,20288,1,Transformer,Closed,Closed,NO,20289,LTC,YES,20289,NO ,0.000000,0.000100,1.066000,1.016000,Middle,100.000000,138.000000,345.000000,0.000596,0.034845,0.000000,0.000000,0.000000,0.000000,1.000000,1.000000,1.100000,0.900000,0.006250,1.043750,0.000000,0,0.000000,YES,Default,493.508053,0.000000,0.000000,0.000000,0.000000,0.000000,0.000000,0.000000,0.000000,0.000000,0.000000,0.000000,0.000000,0.000000,0.000000,1,100.000000,,,,,,,,,,,,,,,,,,,,,,
408,20292,20291,1,Transformer,Closed,Closed,NO,20292,Fixed,NO,20292,NO ,0.000000,0.000100,1.010000,0.990000,Middle,100.000000,138.000000,345.000000,0.000398,0.025752,0.000000,0.000000,0.000000,0.000000,1.000000,1.000000,1.100000,0.900000,0.006250,1.000000,0.000000,0,0.000000,YES,Default,254.589105,0.000000,0.000000,0.000000,0.000000,0.000000,0.000000,0.000000,0.000000,0.000000,0.000000,0.000000,0.000000,0.000000,0.000000,1,100.000000,,,,,,,,,,,,,,,,,,,,,,
409,20291,20293,1,Transformer,Closed,Closed,NO,20291,Fixed,NO,20291,NO ,0.000000,0.000100,1.010000,0.990000,Middle,100.000000,345.000000,20.000000,0.000478,0.031520,0.000000,0.000000,0.000000,0.000000,1.000000,1.000000,1.100000,0.900000,0.006250,1.012500,0.000000,0,0.000000,YES,Default,420.411110,0.000000,0.000000,0.000000,0.000000,0.000000,0.000000,0.000000,0.000000,0.000000,0.000000,0.000000,0.000000,0.000000,0.000000,1,100.000000,,,,,,,,,,,,,,,,,,,,,,
410,20294,20295,1,Transformer,Closed,Closed,NO,20294,Fixed,NO,20294,NO ,0.000000,0.000100,1.010000,0.990000,Middle,100.000000,138.000000,13.800000,0.003028,0.070734,0.000000,0.000000,0.000000,0.000000,1.000000,1.000000,1.100000,0.900000,0.006250,1.081250,0.000000,0,0.000000,YES,Default,153.269994,0.000000,0.000000,0.000000,0.000000,0.000000,0.000000,0.000000,0.000000,0.000000,0.000000,0.000000,0.000000,0.000000,0.000000,1,100.000000,,,,,,,,,,,,,,,,,,,,,,
411,20297,20296,1,Transformer,Closed,Closed,NO,20297,LTC,YES,20297,NO ,0.000000,0.000100,1.079000,1.029000,Middle,100.000000,345.000000,765.000000,0.000107,0.007909,0.000000,0.000000,0.000000,0.000000,1.000000,1.000000,1.100000,0.900000,0.006250,1.006250,0.000000,0,0.000000,YES,Default,1320.358753,0.000000,0.000000,0.000000,0.000000,0.000000,0.000000,0.000000,0.000000,0.000000,0.000000,0.000000,0.000000,0.000000,0.000000,1,100.000000,,,,,,,,,,,,,,,,,,,,,,
412,20296,20299,1,Transformer,Closed,Closed,NO,20296,Fixed,NO,20296,NO ,0.000000,0.000100,1.010000,0.990000,Middle,100.000000,765.000000,24.000000,0.000122,0.009065,0.000000,0.000000,0.000000,0.000000,1.000000,1.000000,1.100000,0.900000,0.006250,1.000000,0.000000,0,0.000000,YES,Default,1587.134361,0.000000,0.000000,0.000000,0.000000,0.000000,0.000000,0.000000,0.000000,0.000000,0.000000,0.000000,0.000000,0.000000,0.000000,1,100.000000,,,,,,,,,,,,,,,,,,,,,,
413,20296,20300,1,Transformer,Closed,Closed,NO,20296,Fixed,NO,20296,NO ,0.000000,0.000100,1.010000,0.990000,Middle,100.000000,765.000000,18.000000,0.000083,0.006792,0.000000,0.000000,0.000000,0.000000,1.000000,1.000000,1.100000,0.900000,0.006250,1.000000,0.000000,0,0.000000,YES,Default,1585.645390,0.000000,0.000000,0.000000,0.000000,0.000000,0.000000,0.000000,0.000000,0.000000,0.000000,0.000000,0.000000,0.000000,0.000000,1,100.000000,,,,,,,,,,,,,,,,,,,,,,
414,20296,20301,1,Transformer,Closed,Closed,NO,20296,Fixed,NO,20296,NO ,0.000000,0.000100,1.010000,0.990000,Middle,100.000000,765.000000,22.000000,0.000080,0.006386,0.000000,0.000000,0.000000,0.000000,1.000000,1.000000,1.100000,0.900000,0.006250,1.000000,0.000000,0,0.000000,YES,Default,1585.342693,0.000000,0.000000,0.000000,0.000000,0.000000,0.000000,0.000000,0.000000,0.000000,0.000000,0.000000,0.000000,0.000000,0.000000,1,100.000000,,,,,,,,,,,,,,,,,,,,,,
415,20296,20302,1,Transformer,Closed,Closed,NO,20296,Fixed,NO,20296,NO ,0.000000,0.000100,1.010000,0.990000,Middle,100.000000,765.000000,13.800000,0.000157,0.012558,0.000000,0.000000,0.000000,0.000000,1.000000,1.000000,1.100000,0.900000,0.006250,1.000000,0.000000,0,0.000000,YES,Default,955.479145,0.000000,0.000000,0.000000,0.000000,0.000000,0.000000,0.000000,0.000000,0.000000,0.000000,0.000000,0.000000,0.000000,0.000000,1,100.000000,,,,,,,,,,,,,,,,,,,,,,
416,20298,20297,1,Transformer,Closed,Closed,NO,20298,Fixed,NO,20298,NO ,0.000000,0.000100,1.010000,0.990000,Middle,100.000000,138.000000,345.000000,0.000372,0.023356,0.000000,0.000000,0.000000,0.000000,1.000000,1.000000,1.100000,0.900000,0.006250,1.000000,0.000000,0,0.000000,YES,Default,474.764061,0.000000,0.000000,0.000000,0.000000,0.000000,0.000000,0.000000,0.000000,0.000000,0.000000,0.000000,0.000000,0.000000,0.000000,1,100.000000,,,,,,,,,,,,,,,,,,,,,,
417,20305,20306,1,Transformer,Closed,Closed,NO,20305,Fixed,NO,20305,NO ,0.000000,0.000100,1.010000,0.990000,Middle,100.000000,138.000000,13.800000,0.005847,0.159874,0.000000,0.000000,0.000000,0.000000,1.000000,1.000000,1.100000,0.900000,0.006250,1.000000,0.000000,0,0.000000,YES,Default,95.464849,0.000000,0.000000,0.000000,0.000000,0.000000,0.000000,0.000000,0.000000,0.000000,0.000000,0.000000,0.000000,0.000000,0.000000,1,100.000000,,,,,,,,,,,,,,,,,,,,,,
418,20305,20307,1,Transformer,Closed,Closed,NO,20305,Fixed,NO,20305,NO ,0.000000,0.000100,1.010000,0.990000,Middle,100.000000,138.000000,13.800000,0.005901,0.180481,0.000000,0.000000,0.000000,0.000000,1.000000,1.000000,1.100000,0.900000,0.006250,1.000000,0.000000,0,0.000000,YES,Default,59.812874,0.000000,0.000000,0.000000,0.000000,0.000000,0.000000,0.000000,0.000000,0.000000,0.000000,0.000000,0.000000,0.000000,0.000000,1,100.000000,,,,,,,,,,,,,,,,,,,,,,
419,20308,20313,1,Transformer,Closed,Closed,NO,20308,Fixed,NO,20308,NO ,0.000000,0.000100,1.010000,0.990000,Middle,100.000000,765.000000,13.800000,0.000170,0.011523,0.000000,0.000000,0.000000,0.000000,1.000000,1.000000,1.100000,0.900000,0.006250,1.000000,0.000000,0,0.000000,YES,Default,1311.775112,0.000000,0.000000,0.000000,0.000000,0.000000,0.000000,0.000000,0.000000,0.000000,0.000000,0.000000,0.000000,0.000000,0.000000,1,100.000000,,,,,,,,,,,,,,,,,,,,,,
420,20308,20314,1,Transformer,Closed,Closed,NO,20308,Fixed,NO,20308,NO ,0.000000,0.000100,1.010000,0.990000,Middle,100.000000,765.000000,22.000000,0.000081,0.006797,0.000000,0.000000,0.000000,0.000000,1.000000,1.000000,1.100000,0.900000,0.006250,1.012500,0.000000,0,0.000000,YES,Default,1311.752510,0.000000,0.000000,0.000000,0.000000,0.000000,0.000000,0.000000,0.000000,0.000000,0.000000,0.000000,0.000000,0.000000,0.000000,1,100.000000,,,,,,,,,,,,,,,,,,,,,,
421,20310,20309,1,Transformer,Closed,Closed,NO,20310,Fixed,NO,20310,NO ,0.000000,0.000100,1.010000,0.990000,Middle,100.000000,138.000000,345.000000,0.000708,0.035649,0.000000,0.000000,0.000000,0.000000,1.000000,1.000000,1.100000,0.900000,0.006250,1.000000,0.000000,0,0.000000,YES,Default,430.025578,0.000000,0.000000,0.000000,0.000000,0.000000,0.000000,0.000000,0.000000,0.000000,0.000000,0.000000,0.000000,0.000000,0.000000,1,100.000000,,,,,,,,,,,,,,,,,,,,,,
422,20310,20315,1,Transformer,Closed,Closed,NO,20310,Fixed,NO,20310,NO ,0.000000,0.000100,1.010000,0.990000,Middle,100.000000,138.000000,13.200000,0.037251,1.100377,0.000000,0.000000,0.000000,0.000000,1.000000,1.000000,1.100000,0.900000,0.006250,1.062500,0.000000,0,0.000000,YES,Default,9.100000,0.000000,0.000000,0.000000,0.000000,0.000000,0.000000,0.000000,0.000000,0.000000,0.000000,0.000000,0.000000,0.000000,0.000000,1,100.000000,,,,,,,,,,,,,,,,,,,,,,
423,20317,20316,1,Transformer,Closed,Closed,NO,20317,Fixed,NO,20317,NO ,0.000000,0.000100,1.010000,0.990000,Middle,100.000000,345.000000,765.000000,0.000153,0.011052,0.000000,0.000000,0.000000,0.000000,1.000000,1.000000,1.100000,0.900000,0.006250,1.000000,0.000000,0,0.000000,YES,Default,1451.305294,0.000000,0.000000,0.000000,0.000000,0.000000,0.000000,0.000000,0.000000,0.000000,0.000000,0.000000,0.000000,0.000000,0.000000,1,100.000000,,,,,,,,,,,,,,,,,,,,,,
424,20316,20319,1,Transformer,Closed,Closed,NO,20316,Fixed,NO,20316,NO ,0.000000,0.000100,1.010000,0.990000,Middle,100.000000,765.000000,13.200000,0.000149,0.010058,0.000000,0.000000,0.000000,0.000000,1.000000,1.000000,1.100000,0.900000,0.006250,1.000000,0.000000,0,0.000000,YES,Default,1124.004745,0.000000,0.000000,0.000000,0.000000,0.000000,0.000000,0.000000,0.000000,0.000000,0.000000,0.000000,0.000000,0.000000,0.000000,1,100.000000,,,,,,,,,,,,,,,,,,,,,,
425,20316,20320,1,Transformer,Closed,Closed,NO,20316,Fixed,NO,20316,NO ,0.000000,0.000100,1.010000,0.990000,Middle,100.000000,765.000000,20.000000,0.000125,0.009330,0.000000,0.000000,0.000000,0.000000,1.000000,1.000000,1.100000,0.900000,0.006250,1.000000,0.000000,0,0.000000,YES,Default,1122.821903,0.000000,0.000000,0.000000,0.000000,0.000000,0.000000,0.000000,0.000000,0.000000,0.000000,0.000000,0.000000,0.000000,0.000000,1,100.000000,,,,,,,,,,,,,,,,,,,,,,
426,20318,20317,1,Transformer,Closed,Closed,NO,20318,Fixed,NO,20318,NO ,0.000000,0.000100,1.010000,0.990000,Middle,100.000000,138.000000,345.000000,0.000219,0.016194,0.000000,0.000000,0.000000,0.000000,1.000000,1.000000,1.100000,0.900000,0.006250,1.000000,0.000000,0,0.000000,YES,Default,352.071548,0.000000,0.000000,0.000000,0.000000,0.000000,0.000000,0.000000,0.000000,0.000000,0.000000,0.000000,0.000000,0.000000,0.000000,1,100.000000,,,,,,,,,,,,,,,,,,,,,,
427,20324,20328,1,Transformer,Closed,Closed,NO,20324,Fixed,NO,20324,NO ,0.000000,0.000100,1.010000,0.990000,Middle,100.000000,345.000000,18.000000,0.000612,0.032740,0.000000,0.000000,0.000000,0.000000,1.000000,1.000000,1.100000,0.900000,0.006250,1.043750,0.000000,0,0.000000,YES,Default,377.300239,0.000000,0.000000,0.000000,0.000000,0.000000,0.000000,0.000000,0.000000,0.000000,0.000000,0.000000,0.000000,0.000000,0.000000,1,100.000000,,,,,,,,,,,,,,,,,,,,,,
428,20324,20329,1,Transformer,Closed,Closed,NO,20324,Fixed,NO,20324,NO ,0.000000,0.000100,1.010000,0.990000,Middle,100.000000,345.000000,18.000000,0.000186,0.011197,0.000000,0.000000,0.000000,0.000000,1.000000,1.000000,1.100000,0.900000,0.006250,1.037500,0.000000,0,0.000000,YES,Default,376.035857,0.000000,0.000000,0.000000,0.000000,0.000000,0.000000,0.000000,0.000000,0.000000,0.000000,0.000000,0.000000,0.000000,0.000000,1,100.000000,,,,,,,,,,,,,,,,,,,,,,
429,20331,20332,1,Transformer,Closed,Closed,NO,20331,Fixed,NO,20331,NO ,0.000000,0.000100,1.010000,0.990000,Middle,100.000000,138.000000,18.000000,0.004266,0.126513,0.000000,0.000000,0.000000,0.000000,1.000000,1.000000,1.100000,0.900000,0.006250,1.000000,0.000000,0,0.000000,YES,Default,102.506602,0.000000,0.000000,0.000000,0.000000,0.000000,0.000000,0.000000,0.000000,0.000000,0.000000,0.000000,0.000000,0.000000,0.000000,1,100.000000,,,,,,,,,,,,,,,,,,,,,,
430,20343,20344,1,Transformer,Closed,Closed,NO,20343,Fixed,NO,20343,NO ,0.000000,0.000100,1.010000,0.990000,Middle,100.000000,138.000000,13.800000,0.007069,0.207403,0.000000,0.000000,0.000000,0.000000,1.000000,1.000000,1.100000,0.900000,0.006250,1.012500,0.000000,0,0.000000,YES,Default,61.948860,0.000000,0.000000,0.000000,0.000000,0.000000,0.000000,0.000000,0.000000,0.000000,0.000000,0.000000,0.000000,0.000000,0.000000,1,100.000000,,,,,,,,,,,,,,,,,,,,,,
431,20343,20345,1,Transformer,Closed,Closed,NO,20343,Fixed,NO,20343,NO ,0.000000,0.000100,1.010000,0.990000,Middle,100.000000,138.000000,20.000000,0.012349,0.463353,0.000000,0.000000,0.000000,0.000000,1.000000,1.000000,1.100000,0.900000,0.006250,1.000000,0.000000,0,0.000000,YES,Default,21.320000,0.000000,0.000000,0.000000,0.000000,0.000000,0.000000,0.000000,0.000000,0.000000,0.000000,0.000000,0.000000,0.000000,0.000000,1,100.000000,,,,,,,,,,,,,,,,,,,,,,
432,20348,20349,1,Transformer,Closed,Closed,NO,20348,Fixed,NO,20348,NO ,0.000000,0.000100,1.010000,0.990000,Middle,100.000000,138.000000,13.800000,0.006458,0.187505,0.000000,0.000000,0.000000,0.000000,1.000000,1.000000,1.100000,0.900000,0.006250,1.031250,0.000000,0,0.000000,YES,Default,70.809770,0.000000,0.000000,0.000000,0.000000,0.000000,0.000000,0.000000,0.000000,0.000000,0.000000,0.000000,0.000000,0.000000,0.000000,1,100.000000,,,,,,,,,,,,,,,,,,,,,,
433,20348,20350,1,Transformer,Closed,Closed,NO,20348,Fixed,NO,20348,NO ,0.000000,0.000100,1.010000,0.990000,Middle,100.000000,138.000000,13.800000,0.008354,0.319669,0.000000,0.000000,0.000000,0.000000,1.000000,1.000000,1.100000,0.900000,0.006250,1.025000,0.000000,0,0.000000,YES,Default,29.765046,0.000000,0.000000,0.000000,0.000000,0.000000,0.000000,0.000000,0.000000,0.000000,0.000000,0.000000,0.000000,0.000000,0.000000,1,100.000000,,,,,,,,,,,,,,,,,,,,,,
434,20352,20351,1,Transformer,Closed,Closed,NO,20352,Fixed,NO,20352,NO ,0.000000,0.000100,1.010000,0.990000,Middle,100.000000,138.000000,345.000000,0.000506,0.025615,0.000000,0.000000,0.000000,0.000000,1.000000,1.000000,1.100000,0.900000,0.006250,1.000000,0.000000,0,0.000000,YES,Default,327.159023,0.000000,0.000000,0.000000,0.000000,0.000000,0.000000,0.000000,0.000000,0.000000,0.000000,0.000000,0.000000,0.000000,0.000000,1,100.000000,,,,,,,,,,,,,,,,,,,,,,
435,20356,20355,1,Transformer,Closed,Closed,NO,20356,LTC,YES,20356,NO ,0.000000,0.000100,1.064000,1.014000,Middle,100.000000,138.000000,345.000000,0.000442,0.032189,0.000000,0.000000,0.000000,0.000000,1.000000,1.000000,1.100000,0.900000,0.006250,1.056250,0.000000,0,0.000000,YES,Default,524.244261,0.000000,0.000000,0.000000,0.000000,0.000000,0.000000,0.000000,0.000000,0.000000,0.000000,0.000000,0.000000,0.000000,0.000000,1,100.000000,,,,,,,,,,,,,,,,,,,,,,
436,20358,20359,1,Transformer,Closed,Closed,NO,20358,Fixed,NO,20358,NO ,0.000000,0.000100,1.010000,0.990000,Middle,100.000000,138.000000,18.000000,0.005927,0.176437,0.000000,0.000000,0.000000,0.000000,1.000000,1.000000,1.100000,0.900000,0.006250,1.000000,0.000000,0,0.000000,YES,Default,70.387936,0.000000,0.000000,0.000000,0.000000,0.000000,0.000000,0.000000,0.000000,0.000000,0.000000,0.000000,0.000000,0.000000,0.000000,1,100.000000,,,,,,,,,,,,,,,,,,,,,,
437,20362,20361,1,Transformer,Closed,Closed,NO,20362,LTC,YES,20362,NO ,0.000000,0.000100,1.068000,1.018000,Middle,100.000000,138.000000,345.000000,0.000739,0.029369,0.000000,0.000000,0.000000,0.000000,1.000000,1.000000,1.100000,0.900000,0.006250,1.012500,0.000000,0,0.000000,YES,Default,440.717220,0.000000,0.000000,0.000000,0.000000,0.000000,0.000000,0.000000,0.000000,0.000000,0.000000,0.000000,0.000000,0.000000,0.000000,1,100.000000,,,,,,,,,,,,,,,,,,,,,,
438,20361,20363,1,Transformer,Closed,Closed,NO,20361,Fixed,NO,20361,NO ,0.000000,0.000100,1.010000,0.990000,Middle,100.000000,345.000000,13.800000,0.000527,0.025415,0.000000,0.000000,0.000000,0.000000,1.000000,1.000000,1.100000,0.900000,0.006250,1.000000,0.000000,0,0.000000,YES,Default,486.091280,0.000000,0.000000,0.000000,0.000000,0.000000,0.000000,0.000000,0.000000,0.000000,0.000000,0.000000,0.000000,0.000000,0.000000,1,100.000000,,,,,,,,,,,,,,,,,,,,,,
439,20366,20365,1,Transformer,Closed,Closed,NO,20366,LTC,YES,20366,NO ,0.000000,0.000100,1.072000,1.022000,Middle,100.000000,138.000000,345.000000,0.000342,0.022240,0.000000,0.000000,0.000000,0.000000,1.000000,1.000000,1.100000,0.900000,0.006250,1.043750,0.000000,0,0.000000,YES,Default,377.761722,0.000000,0.000000,0.000000,0.000000,0.000000,0.000000,0.000000,0.000000,0.000000,0.000000,0.000000,0.000000,0.000000,0.000000,1,100.000000,,,,,,,,,,,,,,,,,,,,,,
440,20365,20367,1,Transformer,Closed,Closed,NO,20365,Fixed,NO,20365,NO ,0.000000,0.000100,1.010000,0.990000,Middle,100.000000,345.000000,20.000000,0.000710,0.033041,0.000000,0.000000,0.000000,0.000000,1.000000,1.000000,1.100000,0.900000,0.006250,1.012500,0.000000,0,0.000000,YES,Default,342.507482,0.000000,0.000000,0.000000,0.000000,0.000000,0.000000,0.000000,0.000000,0.000000,0.000000,0.000000,0.000000,0.000000,0.000000,1,100.000000,,,,,,,,,,,,,,,,,,,,,,
441,20365,20368,1,Transformer,Closed,Closed,NO,20365,Fixed,NO,20365,NO ,0.000000,0.000100,1.010000,0.990000,Middle,100.000000,345.000000,13.800000,0.000577,0.036955,0.000000,0.000000,0.000000,0.000000,1.000000,1.000000,1.100000,0.900000,0.006250,1.012500,0.000000,0,0.000000,YES,Default,340.366244,0.000000,0.000000,0.000000,0.000000,0.000000,0.000000,0.000000,0.000000,0.000000,0.000000,0.000000,0.000000,0.000000,0.000000,1,100.000000,,,,,,,,,,,,,,,,,,,,,,
442,20365,20369,1,Transformer,Closed,Closed,NO,20365,Fixed,NO,20365,NO ,0.000000,0.000100,1.010000,0.990000,Middle,100.000000,345.000000,18.000000,0.000840,0.055137,0.000000,0.000000,0.000000,0.000000,1.000000,1.000000,1.100000,0.900000,0.006250,1.012500,0.000000,0,0.000000,YES,Default,288.040614,0.000000,0.000000,0.000000,0.000000,0.000000,0.000000,0.000000,0.000000,0.000000,0.000000,0.000000,0.000000,0.000000,0.000000,1,100.000000,,,,,,,,,,,,,,,,,,,,,,
443,20366,20370,1,Transformer,Closed,Closed,NO,20366,Fixed,NO,20366,NO ,0.000000,0.000100,1.010000,0.990000,Middle,100.000000,138.000000,20.000000,0.028220,1.016313,0.000000,0.000000,0.000000,0.000000,1.000000,1.000000,1.100000,0.900000,0.006250,1.031250,0.000000,0,0.000000,YES,Default,9.880000,0.000000,0.000000,0.000000,0.000000,0.000000,0.000000,0.000000,0.000000,0.000000,0.000000,0.000000,0.000000,0.000000,0.000000,1,100.000000,,,,,,,,,,,,,,,,,,,,,,
444,20366,20371,1,Transformer,Closed,Closed,NO,20366,Fixed,NO,20366,NO ,0.000000,0.000100,1.010000,0.990000,Middle,100.000000,138.000000,13.800000,0.016279,0.428479,0.000000,0.000000,0.000000,0.000000,1.000000,1.000000,1.100000,0.900000,0.006250,1.018750,0.000000,0,0.000000,YES,Default,17.550001,0.000000,0.000000,0.000000,0.000000,0.000000,0.000000,0.000000,0.000000,0.000000,0.000000,0.000000,0.000000,0.000000,0.000000,1,100.000000,,,,,,,,,,,,,,,,,,,,,,
445,20375,20374,1,Transformer,Closed,Closed,NO,20375,Fixed,NO,20375,NO ,0.000000,0.000100,1.010000,0.990000,Middle,100.000000,138.000000,345.000000,0.000646,0.037263,0.000000,0.000000,0.000000,0.000000,1.000000,1.000000,1.100000,0.900000,0.006250,1.000000,0.000000,0,0.000000,YES,Default,341.286564,0.000000,0.000000,0.000000,0.000000,0.000000,0.000000,0.000000,0.000000,0.000000,0.000000,0.000000,0.000000,0.000000,0.000000,1,100.000000,,,,,,,,,,,,,,,,,,,,,,
446,20374,20376,1,Transformer,Closed,Closed,NO,20374,Fixed,NO,20374,NO ,0.000000,0.000100,1.010000,0.990000,Middle,100.000000,345.000000,18.000000,0.000586,0.036997,0.000000,0.000000,0.000000,0.000000,1.000000,1.000000,1.100000,0.900000,0.006250,1.000000,0.000000,0,0.000000,YES,Default,349.248004,0.000000,0.000000,0.000000,0.000000,0.000000,0.000000,0.000000,0.000000,0.000000,0.000000,0.000000,0.000000,0.000000,0.000000,1,100.000000,,,,,,,,,,,,,,,,,,,,,,
447,20374,20377,1,Transformer,Closed,Closed,NO,20374,Fixed,NO,20374,NO ,0.000000,0.000100,1.010000,0.990000,Middle,100.000000,345.000000,13.800000,0.000472,0.025202,0.000000,0.000000,0.000000,0.000000,1.000000,1.000000,1.100000,0.900000,0.006250,1.000000,0.000000,0,0.000000,YES,Default,348.931122,0.000000,0.000000,0.000000,0.000000,0.000000,0.000000,0.000000,0.000000,0.000000,0.000000,0.000000,0.000000,0.000000,0.000000,1,100.000000,,,,,,,,,,,,,,,,,,,,,,
448,20380,20379,1,Transformer,Closed,Closed,NO,20380,Fixed,NO,20380,NO ,0.000000,0.000100,1.010000,0.990000,Middle,100.000000,138.000000,345.000000,0.000434,0.027440,0.000000,0.000000,0.000000,0.000000,1.000000,1.000000,1.100000,0.900000,0.006250,1.000000,0.000000,0,0.000000,YES,Default,333.190727,0.000000,0.000000,0.000000,0.000000,0.000000,0.000000,0.000000,0.000000,0.000000,0.000000,0.000000,0.000000,0.000000,0.000000,1,100.000000,,,,,,,,,,,,,,,,,,,,,,
449,20382,20383,1,Transformer,Closed,Closed,NO,20382,Fixed,NO,20382,NO ,0.000000,0.000100,1.010000,0.990000,Middle,100.000000,138.000000,13.800000,0.003193,0.112514,0.000000,0.000000,0.000000,0.000000,1.000000,1.000000,1.100000,0.900000,0.006250,0.987500,0.000000,0,0.000000,YES,Default,99.046201,0.000000,0.000000,0.000000,0.000000,0.000000,0.000000,0.000000,0.000000,0.000000,0.000000,0.000000,0.000000,0.000000,0.000000,1,100.000000,,,,,,,,,,,,,,,,,,,,,,
450,20382,20384,1,Transformer,Closed,Closed,NO,20382,Fixed,NO,20382,NO ,0.000000,0.000100,1.010000,0.990000,Middle,100.000000,138.000000,18.000000,0.034709,1.004537,0.000000,0.000000,0.000000,0.000000,1.000000,1.000000,1.100000,0.900000,0.006250,1.010000,0.000000,0,0.000000,YES,Default,15.730000,0.000000,0.000000,0.000000,0.000000,0.000000,0.000000,0.000000,0.000000,0.000000,0.000000,0.000000,0.000000,0.000000,0.000000,1,100.000000,,,,,,,,,,,,,,,,,,,,,,
451,20388,20387,1,Transformer,Closed,Closed,NO,20388,Fixed,NO,20388,NO ,0.000000,0.000100,1.010000,0.990000,Middle,100.000000,345.000000,765.000000,0.000085,0.006388,0.000000,0.000000,0.000000,0.000000,1.000000,1.000000,1.100000,0.900000,0.006250,1.000000,0.000000,0,0.000000,YES,Default,1452.962112,0.000000,0.000000,0.000000,0.000000,0.000000,0.000000,0.000000,0.000000,0.000000,0.000000,0.000000,0.000000,0.000000,0.000000,1,100.000000,,,,,,,,,,,,,,,,,,,,,,
452,20387,20390,1,Transformer,Closed,Closed,NO,20387,Fixed,NO,20387,NO ,0.000000,0.000100,1.010000,0.990000,Middle,100.000000,765.000000,13.800000,0.000114,0.009816,0.000000,0.000000,0.000000,0.000000,1.000000,1.000000,1.100000,0.900000,0.006250,1.006250,0.000000,0,0.000000,YES,Default,1261.554241,0.000000,0.000000,0.000000,0.000000,0.000000,0.000000,0.000000,0.000000,0.000000,0.000000,0.000000,0.000000,0.000000,0.000000,1,100.000000,,,,,,,,,,,,,,,,,,,,,,
453,20387,20391,1,Transformer,Closed,Closed,NO,20387,Fixed,NO,20387,NO ,0.000000,0.000100,1.010000,0.990000,Middle,100.000000,765.000000,13.800000,0.000088,0.006963,0.000000,0.000000,0.000000,0.000000,1.000000,1.000000,1.100000,0.900000,0.006250,1.006250,0.000000,0,0.000000,YES,Default,1259.674931,0.000000,0.000000,0.000000,0.000000,0.000000,0.000000,0.000000,0.000000,0.000000,0.000000,0.000000,0.000000,0.000000,0.000000,1,100.000000,,,,,,,,,,,,,,,,,,,,,,
454,20387,20392,1,Transformer,Closed,Closed,NO,20387,Fixed,NO,20387,NO ,0.000000,0.000100,1.010000,0.990000,Middle,100.000000,765.000000,24.000000,0.000083,0.007057,0.000000,0.000000,0.000000,0.000000,1.000000,1.000000,1.100000,0.900000,0.006250,1.006250,0.000000,0,0.000000,YES,Default,1258.346272,0.000000,0.000000,0.000000,0.000000,0.000000,0.000000,0.000000,0.000000,0.000000,0.000000,0.000000,0.000000,0.000000,0.000000,1,100.000000,,,,,,,,,,,,,,,,,,,,,,
455,20387,20393,1,Transformer,Closed,Closed,NO,20387,Fixed,NO,20387,NO ,0.000000,0.000100,1.010000,0.990000,Middle,100.000000,765.000000,13.800000,0.000093,0.007226,0.000000,0.000000,0.000000,0.000000,1.000000,1.000000,1.100000,0.900000,0.006250,1.006250,0.000000,0,0.000000,YES,Default,1254.820824,0.000000,0.000000,0.000000,0.000000,0.000000,0.000000,0.000000,0.000000,0.000000,0.000000,0.000000,0.000000,0.000000,0.000000,1,100.000000,,,,,,,,,,,,,,,,,,,,,,
456,20387,20394,1,Transformer,Closed,Closed,NO,20387,Fixed,NO,20387,NO ,0.000000,0.000100,1.010000,0.990000,Middle,100.000000,765.000000,13.800000,0.000090,0.007111,0.000000,0.000000,0.000000,0.000000,1.000000,1.000000,1.100000,0.900000,0.006250,1.000000,0.000000,0,0.000000,YES,Default,1253.348255,0.000000,0.000000,0.000000,0.000000,0.000000,0.000000,0.000000,0.000000,0.000000,0.000000,0.000000,0.000000,0.000000,0.000000,1,100.000000,,,,,,,,,,,,,,,,,,,,,,
457,20387,20395,1,Transformer,Closed,Closed,NO,20387,Fixed,NO,20387,NO ,0.000000,0.000100,1.010000,0.990000,Middle,100.000000,765.000000,13.800000,0.000117,0.008703,0.000000,0.000000,0.000000,0.000000,1.000000,1.000000,1.100000,0.900000,0.006250,1.000000,0.000000,0,0.000000,YES,Default,1253.191185,0.000000,0.000000,0.000000,0.000000,0.000000,0.000000,0.000000,0.000000,0.000000,0.000000,0.000000,0.000000,0.000000,0.000000,1,100.000000,,,,,,,,,,,,,,,,,,,,,,
458,20389,20388,1,Transformer,Closed,Closed,NO,20389,Fixed,NO,20389,NO ,0.000000,0.000100,1.010000,0.990000,Middle,100.000000,138.000000,345.000000,0.000513,0.029262,0.000000,0.000000,0.000000,0.000000,1.000000,1.000000,1.100000,0.900000,0.006250,1.000000,0.000000,0,0.000000,YES,Default,398.026848,0.000000,0.000000,0.000000,0.000000,0.000000,0.000000,0.000000,0.000000,0.000000,0.000000,0.000000,0.000000,0.000000,0.000000,1,100.000000,,,,,,,,,,,,,,,,,,,,,,
459,20411,20410,1,Transformer,Closed,Closed,NO,20411,Fixed,NO,20411,NO ,0.000000,0.000100,1.010000,0.990000,Middle,100.000000,138.000000,345.000000,0.000464,0.027838,0.000000,0.000000,0.000000,0.000000,1.000000,1.000000,1.100000,0.900000,0.006250,1.000000,0.000000,0,0.000000,YES,Default,413.731766,0.000000,0.000000,0.000000,0.000000,0.000000,0.000000,0.000000,0.000000,0.000000,0.000000,0.000000,0.000000,0.000000,0.000000,1,100.000000,,,,,,,,,,,,,,,,,,,,,,
460,20416,20415,1,Transformer,Closed,Closed,NO,20416,Fixed,NO,20416,NO ,0.000000,0.000100,1.010000,0.990000,Middle,100.000000,138.000000,345.000000,0.000456,0.023696,0.000000,0.000000,0.000000,0.000000,1.000000,1.000000,1.100000,0.900000,0.006250,1.000000,0.000000,0,0.000000,YES,Default,379.856658,0.000000,0.000000,0.000000,0.000000,0.000000,0.000000,0.000000,0.000000,0.000000,0.000000,0.000000,0.000000,0.000000,0.000000,1,100.000000,,,,,,,,,,,,,,,,,,,,,,
461,20423,20428,1,Transformer,Closed,Closed,NO,20423,Fixed,NO,20423,NO ,0.000000,0.000100,1.010000,0.990000,Middle,100.000000,765.000000,13.800000,0.000110,0.009596,0.000000,0.000000,0.000000,0.000000,1.000000,1.000000,1.100000,0.900000,0.006250,1.000000,0.000000,0,0.000000,YES,Default,1496.358967,0.000000,0.000000,0.000000,0.000000,0.000000,0.000000,0.000000,0.000000,0.000000,0.000000,0.000000,0.000000,0.000000,0.000000,1,100.000000,,,,,,,,,,,,,,,,,,,,,,
462,20423,20429,1,Transformer,Closed,Closed,NO,20423,Fixed,NO,20423,NO ,0.000000,0.000100,1.010000,0.990000,Middle,100.000000,765.000000,13.800000,0.000114,0.009845,0.000000,0.000000,0.000000,0.000000,1.000000,1.000000,1.100000,0.900000,0.006250,1.006250,0.000000,0,0.000000,YES,Default,1494.476509,0.000000,0.000000,0.000000,0.000000,0.000000,0.000000,0.000000,0.000000,0.000000,0.000000,0.000000,0.000000,0.000000,0.000000,1,100.000000,,,,,,,,,,,,,,,,,,,,,,
463,20423,20430,1,Transformer,Closed,Closed,NO,20423,Fixed,NO,20423,NO ,0.000000,0.000100,1.010000,0.990000,Middle,100.000000,765.000000,13.800000,0.000054,0.004037,0.000000,0.000000,0.000000,0.000000,1.000000,1.000000,1.100000,0.900000,0.006250,1.006250,0.000000,0,0.000000,YES,Default,1493.678570,0.000000,0.000000,0.000000,0.000000,0.000000,0.000000,0.000000,0.000000,0.000000,0.000000,0.000000,0.000000,0.000000,0.000000,1,100.000000,,,,,,,,,,,,,,,,,,,,,,
464,20425,20424,1,Transformer,Closed,Closed,NO,20425,Fixed,NO,20425,NO ,0.000000,0.000100,1.010000,0.990000,Middle,100.000000,138.000000,345.000000,0.000601,0.034593,0.000000,0.000000,0.000000,0.000000,1.000000,1.000000,1.100000,0.900000,0.006250,1.012500,0.000000,0,0.000000,YES,Default,451.968527,0.000000,0.000000,0.000000,0.000000,0.000000,0.000000,0.000000,0.000000,0.000000,0.000000,0.000000,0.000000,0.000000,0.000000,1,100.000000,,,,,,,,,,,,,,,,,,,,,,
465,20434,20435,1,Transformer,Closed,Closed,NO,20434,Fixed,NO,20434,NO ,0.000000,0.000100,1.010000,0.990000,Middle,100.000000,138.000000,13.800000,0.004037,0.127261,0.000000,0.000000,0.000000,0.000000,1.000000,1.000000,1.100000,0.900000,0.006250,1.025000,0.000000,0,0.000000,YES,Default,86.081195,0.000000,0.000000,0.000000,0.000000,0.000000,0.000000,0.000000,0.000000,0.000000,0.000000,0.000000,0.000000,0.000000,0.000000,1,100.000000,,,,,,,,,,,,,,,,,,,,,,
466,20437,20436,1,Transformer,Closed,Closed,NO,20437,Fixed,NO,20437,NO ,0.000000,0.000100,1.010000,0.990000,Middle,100.000000,345.000000,765.000000,0.000153,0.012039,0.000000,0.000000,0.000000,0.000000,1.000000,1.000000,1.100000,0.900000,0.006250,1.000000,0.000000,0,0.000000,YES,Default,1433.955860,0.000000,0.000000,0.000000,0.000000,0.000000,0.000000,0.000000,0.000000,0.000000,0.000000,0.000000,0.000000,0.000000,0.000000,1,100.000000,,,,,,,,,,,,,,,,,,,,,,
467,20436,20439,1,Transformer,Closed,Closed,NO,20436,Fixed,NO,20436,NO ,0.000000,0.000100,1.010000,0.990000,Middle,100.000000,765.000000,18.000000,0.000151,0.010465,0.000000,0.000000,0.000000,0.000000,1.000000,1.000000,1.100000,0.900000,0.006250,1.031250,0.000000,0,0.000000,YES,Default,1248.465443,0.000000,0.000000,0.000000,0.000000,0.000000,0.000000,0.000000,0.000000,0.000000,0.000000,0.000000,0.000000,0.000000,0.000000,1,100.000000,,,,,,,,,,,,,,,,,,,,,,
468,20436,20440,1,Transformer,Closed,Closed,NO,20436,Fixed,NO,20436,NO ,0.000000,0.000100,1.010000,0.990000,Middle,100.000000,765.000000,13.800000,0.000132,0.010352,0.000000,0.000000,0.000000,0.000000,1.000000,1.000000,1.100000,0.900000,0.006250,1.000000,0.000000,0,0.000000,YES,Default,1246.479988,0.000000,0.000000,0.000000,0.000000,0.000000,0.000000,0.000000,0.000000,0.000000,0.000000,0.000000,0.000000,0.000000,0.000000,1,100.000000,,,,,,,,,,,,,,,,,,,,,,
469,20436,20441,1,Transformer,Closed,Closed,NO,20436,Fixed,NO,20436,NO ,0.000000,0.000100,1.010000,0.990000,Middle,100.000000,765.000000,13.800000,0.000122,0.010085,0.000000,0.000000,0.000000,0.000000,1.000000,1.000000,1.100000,0.900000,0.006250,1.000000,0.000000,0,0.000000,YES,Default,1243.478298,0.000000,0.000000,0.000000,0.000000,0.000000,0.000000,0.000000,0.000000,0.000000,0.000000,0.000000,0.000000,0.000000,0.000000,1,100.000000,,,,,,,,,,,,,,,,,,,,,,
470,20436,20442,1,Transformer,Closed,Closed,NO,20436,Fixed,NO,20436,NO ,0.000000,0.000100,1.010000,0.990000,Middle,100.000000,765.000000,13.800000,0.000114,0.008557,0.000000,0.000000,0.000000,0.000000,1.000000,1.000000,1.100000,0.900000,0.006250,1.031250,0.000000,0,0.000000,YES,Default,1192.381191,0.000000,0.000000,0.000000,0.000000,0.000000,0.000000,0.000000,0.000000,0.000000,0.000000,0.000000,0.000000,0.000000,0.000000,1,100.000000,,,,,,,,,,,,,,,,,,,,,,
471,20436,20443,1,Transformer,Closed,Closed,NO,20436,Fixed,NO,20436,NO ,0.000000,0.000100,1.010000,0.990000,Middle,100.000000,765.000000,13.800000,0.000228,0.018014,0.000000,0.000000,0.000000,0.000000,1.000000,1.000000,1.100000,0.900000,0.006250,1.037500,0.000000,0,0.000000,YES,Default,1187.005615,0.000000,0.000000,0.000000,0.000000,0.000000,0.000000,0.000000,0.000000,0.000000,0.000000,0.000000,0.000000,0.000000,0.000000,1,100.000000,,,,,,,,,,,,,,,,,,,,,,
472,20436,20444,1,Transformer,Closed,Closed,NO,20436,Fixed,NO,20436,NO ,0.000000,0.000100,1.010000,0.990000,Middle,100.000000,765.000000,13.800000,0.000125,0.010357,0.000000,0.000000,0.000000,0.000000,1.000000,1.000000,1.100000,0.900000,0.006250,1.000000,0.000000,0,0.000000,YES,Default,1184.716511,0.000000,0.000000,0.000000,0.000000,0.000000,0.000000,0.000000,0.000000,0.000000,0.000000,0.000000,0.000000,0.000000,0.000000,1,100.000000,,,,,,,,,,,,,,,,,,,,,,
473,20438,20437,1,Transformer,Closed,Closed,NO,20438,Fixed,NO,20438,NO ,0.000000,0.000100,1.010000,0.990000,Middle,100.000000,138.000000,345.000000,0.000616,0.028329,0.000000,0.000000,0.000000,0.000000,1.000000,1.000000,1.100000,0.900000,0.006250,1.000000,0.000000,0,0.000000,YES,Default,457.128096,0.000000,0.000000,0.000000,0.000000,0.000000,0.000000,0.000000,0.000000,0.000000,0.000000,0.000000,0.000000,0.000000,0.000000,1,100.000000,,,,,,,,,,,,,,,,,,,,,,
474,20437,20445,1,Transformer,Closed,Closed,NO,20437,Fixed,NO,20437,NO ,0.000000,0.000100,1.010000,0.990000,Middle,100.000000,345.000000,13.800000,0.000983,0.071364,0.000000,0.000000,0.000000,0.000000,1.000000,1.000000,1.100000,0.900000,0.006250,0.993750,0.000000,0,0.000000,YES,Default,217.605233,0.000000,0.000000,0.000000,0.000000,0.000000,0.000000,0.000000,0.000000,0.000000,0.000000,0.000000,0.000000,0.000000,0.000000,1,100.000000,,,,,,,,,,,,,,,,,,,,,,
475,20446,20447,1,Transformer,Closed,Closed,NO,20446,Fixed,NO,20446,NO ,0.000000,0.000100,1.010000,0.990000,Middle,100.000000,138.000000,13.800000,0.003164,0.086709,0.000000,0.000000,0.000000,0.000000,1.000000,1.000000,1.100000,0.900000,0.006250,1.018750,0.000000,0,0.000000,YES,Default,94.926280,0.000000,0.000000,0.000000,0.000000,0.000000,0.000000,0.000000,0.000000,0.000000,0.000000,0.000000,0.000000,0.000000,0.000000,1,100.000000,,,,,,,,,,,,,,,,,,,,,,
476,20446,20448,1,Transformer,Closed,Closed,NO,20446,Fixed,NO,20446,NO ,0.000000,0.000100,1.010000,0.990000,Middle,100.000000,138.000000,13.800000,0.005123,0.145975,0.000000,0.000000,0.000000,0.000000,1.000000,1.000000,1.100000,0.900000,0.006250,1.018750,0.000000,0,0.000000,YES,Default,94.043785,0.000000,0.000000,0.000000,0.000000,0.000000,0.000000,0.000000,0.000000,0.000000,0.000000,0.000000,0.000000,0.000000,0.000000,1,100.000000,,,,,,,,,,,,,,,,,,,,,,
477,20446,20449,1,Transformer,Closed,Closed,NO,20446,Fixed,NO,20446,NO ,0.000000,0.000100,1.010000,0.990000,Middle,100.000000,138.000000,18.000000,0.011715,0.226538,0.000000,0.000000,0.000000,0.000000,1.000000,1.000000,1.100000,0.900000,0.006250,1.018750,0.000000,0,0.000000,YES,Default,59.203798,0.000000,0.000000,0.000000,0.000000,0.000000,0.000000,0.000000,0.000000,0.000000,0.000000,0.000000,0.000000,0.000000,0.000000,1,100.000000,,,,,,,,,,,,,,,,,,,,,,
478,20453,20452,1,Transformer,Closed,Closed,NO,20453,Fixed,NO,20453,NO ,0.000000,0.000100,1.010000,0.990000,Middle,100.000000,138.000000,345.000000,0.000371,0.017569,0.000000,0.000000,0.000000,0.000000,1.000000,1.000000,1.100000,0.900000,0.006250,1.000000,0.000000,0,0.000000,YES,Default,332.534003,0.000000,0.000000,0.000000,0.000000,0.000000,0.000000,0.000000,0.000000,0.000000,0.000000,0.000000,0.000000,0.000000,0.000000,1,100.000000,,,,,,,,,,,,,,,,,,,,,,
479,20455,20456,1,Transformer,Closed,Closed,NO,20455,Fixed,NO,20455,NO ,0.000000,0.000100,1.010000,0.990000,Middle,100.000000,138.000000,18.000000,0.007431,0.273630,0.000000,0.000000,0.000000,0.000000,1.000000,1.000000,1.100000,0.900000,0.006250,1.012500,0.000000,0,0.000000,YES,Default,82.958931,0.000000,0.000000,0.000000,0.000000,0.000000,0.000000,0.000000,0.000000,0.000000,0.000000,0.000000,0.000000,0.000000,0.000000,1,100.000000,,,,,,,,,,,,,,,,,,,,,,
480,20459,20460,1,Transformer,Closed,Closed,NO,20459,Fixed,NO,20459,NO ,0.000000,0.000100,1.010000,0.990000,Middle,100.000000,138.000000,13.800000,0.003106,0.096901,0.000000,0.000000,0.000000,0.000000,1.000000,1.000000,1.100000,0.900000,0.006250,1.000000,0.000000,0,0.000000,YES,Default,83.077335,0.000000,0.000000,0.000000,0.000000,0.000000,0.000000,0.000000,0.000000,0.000000,0.000000,0.000000,0.000000,0.000000,0.000000,1,100.000000,,,,,,,,,,,,,,,,,,,,,,
481,20466,20465,1,Transformer,Closed,Closed,NO,20466,Fixed,NO,20466,NO ,0.000000,0.000100,1.010000,0.990000,Middle,100.000000,345.000000,765.000000,0.000137,0.011166,0.000000,0.000000,0.000000,0.000000,1.000000,1.000000,1.100000,0.900000,0.006250,1.000000,0.000000,0,0.000000,YES,Default,1470.471668,0.000000,0.000000,0.000000,0.000000,0.000000,0.000000,0.000000,0.000000,0.000000,0.000000,0.000000,0.000000,0.000000,0.000000,1,100.000000,,,,,,,,,,,,,,,,,,,,,,
482,20465,20468,1,Transformer,Closed,Closed,NO,20465,Fixed,NO,20465,NO ,0.000000,0.000100,1.010000,0.990000,Middle,100.000000,765.000000,18.000000,0.000099,0.008043,0.000000,0.000000,0.000000,0.000000,1.000000,1.000000,1.100000,0.900000,0.006250,1.031250,0.000000,0,0.000000,YES,Default,1426.932430,0.000000,0.000000,0.000000,0.000000,0.000000,0.000000,0.000000,0.000000,0.000000,0.000000,0.000000,0.000000,0.000000,0.000000,1,100.000000,,,,,,,,,,,,,,,,,,,,,,
483,20465,20469,1,Transformer,Closed,Closed,NO,20465,Fixed,NO,20465,NO ,0.000000,0.000100,1.010000,0.990000,Middle,100.000000,765.000000,22.000000,0.000113,0.009312,0.000000,0.000000,0.000000,0.000000,1.000000,1.000000,1.100000,0.900000,0.006250,1.031250,0.000000,0,0.000000,YES,Default,1426.481152,0.000000,0.000000,0.000000,0.000000,0.000000,0.000000,0.000000,0.000000,0.000000,0.000000,0.000000,0.000000,0.000000,0.000000,1,100.000000,,,,,,,,,,,,,,,,,,,,,,
484,20465,20470,1,Transformer,Closed,Closed,NO,20465,Fixed,NO,20465,NO ,0.000000,0.000100,1.010000,0.990000,Middle,100.000000,765.000000,13.800000,0.000152,0.011599,0.000000,0.000000,0.000000,0.000000,1.000000,1.000000,1.100000,0.900000,0.006250,1.037500,0.000000,0,0.000000,YES,Default,1425.733185,0.000000,0.000000,0.000000,0.000000,0.000000,0.000000,0.000000,0.000000,0.000000,0.000000,0.000000,0.000000,0.000000,0.000000,1,100.000000,,,,,,,,,,,,,,,,,,,,,,
485,20467,20466,1,Transformer,Closed,Closed,NO,20467,Fixed,NO,20467,NO ,0.000000,0.000100,1.010000,0.990000,Middle,100.000000,138.000000,345.000000,0.000493,0.024402,0.000000,0.000000,0.000000,0.000000,1.000000,1.000000,1.100000,0.900000,0.006250,1.000000,0.000000,0,0.000000,YES,Default,491.305685,0.000000,0.000000,0.000000,0.000000,0.000000,0.000000,0.000000,0.000000,0.000000,0.000000,0.000000,0.000000,0.000000,0.000000,1,100.000000,,,,,,,,,,,,,,,,,,,,,,
486,20473,20474,1,Transformer,Closed,Closed,NO,20473,Fixed,NO,20473,NO ,0.000000,0.000100,1.010000,0.990000,Middle,100.000000,138.000000,13.800000,0.004528,0.152327,0.000000,0.000000,0.000000,0.000000,1.000000,1.000000,1.100000,0.900000,0.006250,0.987500,0.000000,0,0.000000,YES,Default,107.335353,0.000000,0.000000,0.000000,0.000000,0.000000,0.000000,0.000000,0.000000,0.000000,0.000000,0.000000,0.000000,0.000000,0.000000,1,100.000000,,,,,,,,,,,,,,,,,,,,,,
487,20477,20476,1,Transformer,Closed,Closed,NO,20477,Fixed,NO,20477,NO ,0.000000,0.000100,1.010000,0.990000,Middle,100.000000,138.000000,345.000000,0.000706,0.038417,0.000000,0.000000,0.000000,0.000000,1.000000,1.000000,1.100000,0.900000,0.006250,1.000000,0.000000,0,0.000000,YES,Default,354.749489,0.000000,0.000000,0.000000,0.000000,0.000000,0.000000,0.000000,0.000000,0.000000,0.000000,0.000000,0.000000,0.000000,0.000000,1,100.000000,,,,,,,,,,,,,,,,,,,,,,
488,20476,20478,1,Transformer,Closed,Closed,NO,20476,Fixed,NO,20476,NO ,0.000000,0.000100,1.010000,0.990000,Middle,100.000000,345.000000,13.800000,0.000632,0.036201,0.000000,0.000000,0.000000,0.000000,1.000000,1.000000,1.100000,0.900000,0.006250,1.000000,0.000000,0,0.000000,YES,Default,409.108591,0.000000,0.000000,0.000000,0.000000,0.000000,0.000000,0.000000,0.000000,0.000000,0.000000,0.000000,0.000000,0.000000,0.000000,1,100.000000,,,,,,,,,,,,,,,,,,,,,,
489,20476,20479,1,Transformer,Closed,Closed,NO,20476,Fixed,NO,20476,NO ,0.000000,0.000100,1.010000,0.990000,Middle,100.000000,345.000000,13.800000,0.000478,0.033552,0.000000,0.000000,0.000000,0.000000,1.000000,1.000000,1.100000,0.900000,0.006250,1.000000,0.000000,0,0.000000,YES,Default,408.676672,0.000000,0.000000,0.000000,0.000000,0.000000,0.000000,0.000000,0.000000,0.000000,0.000000,0.000000,0.000000,0.000000,0.000000,1,100.000000,,,,,,,,,,,,,,,,,,,,,,
490,20481,20480,1,Transformer,Closed,Closed,NO,20481,Fixed,NO,20481,NO ,0.000000,0.000100,1.010000,0.990000,Middle,100.000000,138.000000,345.000000,0.000445,0.020530,0.000000,0.000000,0.000000,0.000000,1.000000,1.000000,1.100000,0.900000,0.006250,1.000000,0.000000,0,0.000000,YES,Default,381.680465,0.000000,0.000000,0.000000,0.000000,0.000000,0.000000,0.000000,0.000000,0.000000,0.000000,0.000000,0.000000,0.000000,0.000000,1,100.000000,,,,,,,,,,,,,,,,,,,,,,
491,20480,20482,1,Transformer,Closed,Closed,NO,20480,Fixed,NO,20480,NO ,0.000000,0.000100,1.010000,0.990000,Middle,100.000000,345.000000,13.800000,0.000491,0.029752,0.000000,0.000000,0.000000,0.000000,1.000000,1.000000,1.100000,0.900000,0.006250,1.043750,0.000000,0,0.000000,YES,Default,402.044916,0.000000,0.000000,0.000000,0.000000,0.000000,0.000000,0.000000,0.000000,0.000000,0.000000,0.000000,0.000000,0.000000,0.000000,1,100.000000,,,,,,,,,,,,,,,,,,,,,,
492,20480,20483,1,Transformer,Closed,Closed,NO,20480,Fixed,NO,20480,NO ,0.000000,0.000100,1.010000,0.990000,Middle,100.000000,345.000000,24.000000,0.000556,0.043588,0.000000,0.000000,0.000000,0.000000,1.000000,1.000000,1.100000,0.900000,0.006250,1.050000,0.000000,0,0.000000,YES,Default,401.183939,0.000000,0.000000,0.000000,0.000000,0.000000,0.000000,0.000000,0.000000,0.000000,0.000000,0.000000,0.000000,0.000000,0.000000,1,100.000000,,,,,,,,,,,,,,,,,,,,,,
493,20485,20484,1,Transformer,Closed,Closed,NO,20485,LTC,YES,20485,NO ,0.000000,0.000100,1.076000,1.026000,Middle,100.000000,345.000000,765.000000,0.000074,0.005840,0.000000,0.000000,0.000000,0.000000,1.000000,1.000000,1.100000,0.900000,0.006250,1.006250,0.000000,0,0.000000,YES,Default,1600.168228,0.000000,0.000000,0.000000,0.000000,0.000000,0.000000,0.000000,0.000000,0.000000,0.000000,0.000000,0.000000,0.000000,0.000000,1,100.000000,,,,,,,,,,,,,,,,,,,,,,
494,20485,20484,2,Transformer,Closed,Closed,NO,20485,LTC,YES,20485,NO ,0.000000,0.000100,1.076000,1.026000,Middle,100.000000,345.000000,765.000000,0.000074,0.005840,0.000000,0.000000,0.000000,0.000000,1.000000,1.000000,1.100000,0.900000,0.006250,1.006250,0.000000,0,0.000000,YES,Default,1600.168228,0.000000,0.000000,0.000000,0.000000,0.000000,0.000000,0.000000,0.000000,0.000000,0.000000,0.000000,0.000000,0.000000,0.000000,1,100.000000,,,,,,,,,,,,,,,,,,,,,,
495,20485,20484,3,Transformer,Closed,Closed,NO,20485,LTC,YES,20485,NO ,0.000000,0.000100,1.076000,1.026000,Middle,100.000000,345.000000,765.000000,0.000074,0.005840,0.000000,0.000000,0.000000,0.000000,1.000000,1.000000,1.100000,0.900000,0.006250,1.006250,0.000000,0,0.000000,YES,Default,1600.168228,0.000000,0.000000,0.000000,0.000000,0.000000,0.000000,0.000000,0.000000,0.000000,0.000000,0.000000,0.000000,0.000000,0.000000,1,100.000000,,,,,,,,,,,,,,,,,,,,,,
496,20484,20487,1,Transformer,Closed,Closed,NO,20484,Fixed,NO,20484,NO ,0.000000,0.000100,1.010000,0.990000,Middle,100.000000,765.000000,13.800000,0.000103,0.008035,0.000000,0.000000,0.000000,0.000000,1.000000,1.000000,1.100000,0.900000,0.006250,1.000000,0.000000,0,0.000000,YES,Default,1501.151848,0.000000,0.000000,0.000000,0.000000,0.000000,0.000000,0.000000,0.000000,0.000000,0.000000,0.000000,0.000000,0.000000,0.000000,1,100.000000,,,,,,,,,,,,,,,,,,,,,,
497,20484,20488,1,Transformer,Closed,Closed,NO,20484,Fixed,NO,20484,NO ,0.000000,0.000100,1.010000,0.990000,Middle,100.000000,765.000000,13.800000,0.000137,0.009824,0.000000,0.000000,0.000000,0.000000,1.000000,1.000000,1.100000,0.900000,0.006250,1.006250,0.000000,0,0.000000,YES,Default,1500.601673,0.000000,0.000000,0.000000,0.000000,0.000000,0.000000,0.000000,0.000000,0.000000,0.000000,0.000000,0.000000,0.000000,0.000000,1,100.000000,,,,,,,,,,,,,,,,,,,,,,
498,20484,20489,1,Transformer,Closed,Closed,NO,20484,Fixed,NO,20484,NO ,0.000000,0.000100,1.010000,0.990000,Middle,100.000000,765.000000,13.800000,0.000101,0.009265,0.000000,0.000000,0.000000,0.000000,1.000000,1.000000,1.100000,0.900000,0.006250,1.000000,0.000000,0,0.000000,YES,Default,1499.100685,0.000000,0.000000,0.000000,0.000000,0.000000,0.000000,0.000000,0.000000,0.000000,0.000000,0.000000,0.000000,0.000000,0.000000,1,100.000000,,,,,,,,,,,,,,,,,,,,,,
499,20484,20490,1,Transformer,Closed,Closed,NO,20484,Fixed,NO,20484,NO ,0.000000,0.000100,1.010000,0.990000,Middle,100.000000,765.000000,13.800000,0.000092,0.007968,0.000000,0.000000,0.000000,0.000000,1.000000,1.000000,1.100000,0.900000,0.006250,1.006250,0.000000,0,0.000000,YES,Default,1498.362255,0.000000,0.000000,0.000000,0.000000,0.000000,0.000000,0.000000,0.000000,0.000000,0.000000,0.000000,0.000000,0.000000,0.000000,1,100.000000,,,,,,,,,,,,,,,,,,,,,,
500,20484,20491,1,Transformer,Closed,Closed,NO,20484,Fixed,NO,20484,NO ,0.000000,0.000100,1.010000,0.990000,Middle,100.000000,765.000000,13.800000,0.000069,0.005773,0.000000,0.000000,0.000000,0.000000,1.000000,1.000000,1.100000,0.900000,0.006250,1.006250,0.000000,0,0.000000,YES,Default,1497.002029,0.000000,0.000000,0.000000,0.000000,0.000000,0.000000,0.000000,0.000000,0.000000,0.000000,0.000000,0.000000,0.000000,0.000000,1,100.000000,,,,,,,,,,,,,,,,,,,,,,
501,20484,20492,1,Transformer,Closed,Closed,NO,20484,Fixed,NO,20484,NO ,0.000000,0.000100,1.010000,0.990000,Middle,100.000000,765.000000,18.000000,0.000074,0.005652,0.000000,0.000000,0.000000,0.000000,1.000000,1.000000,1.100000,0.900000,0.006250,1.006250,0.000000,0,0.000000,YES,Default,1496.365452,0.000000,0.000000,0.000000,0.000000,0.000000,0.000000,0.000000,0.000000,0.000000,0.000000,0.000000,0.000000,0.000000,0.000000,1,100.000000,,,,,,,,,,,,,,,,,,,,,,
502,20486,20485,1,Transformer,Closed,Closed,NO,20486,Fixed,NO,20486,NO ,0.000000,0.000100,1.010000,0.990000,Middle,100.000000,138.000000,345.000000,0.000432,0.021287,0.000000,0.000000,0.000000,0.000000,1.000000,1.000000,1.100000,0.900000,0.006250,1.012500,0.000000,0,0.000000,YES,Default,619.999981,0.000000,0.000000,0.000000,0.000000,0.000000,0.000000,0.000000,0.000000,0.000000,0.000000,0.000000,0.000000,0.000000,0.000000,1,100.000000,,,,,,,,,,,,,,,,,,,,,,
503,20498,20497,1,Transformer,Closed,Closed,NO,20498,LTC,YES,20498,NO ,0.000000,0.000100,1.069000,1.019000,Middle,100.000000,138.000000,345.000000,0.000625,0.034684,0.000000,0.000000,0.000000,0.000000,1.000000,1.000000,1.100000,0.900000,0.006250,1.012500,0.000000,0,0.000000,YES,Default,407.151175,0.000000,0.000000,0.000000,0.000000,0.000000,0.000000,0.000000,0.000000,0.000000,0.000000,0.000000,0.000000,0.000000,0.000000,1,100.000000,,,,,,,,,,,,,,,,,,,,,,
504,20497,20502,1,Transformer,Closed,Closed,NO,20497,Fixed,NO,20497,NO ,0.000000,0.000100,1.010000,0.990000,Middle,100.000000,345.000000,13.800000,0.000799,0.037001,0.000000,0.000000,0.000000,0.000000,1.000000,1.000000,1.100000,0.900000,0.006250,1.000000,0.000000,0,0.000000,YES,Default,394.455481,0.000000,0.000000,0.000000,0.000000,0.000000,0.000000,0.000000,0.000000,0.000000,0.000000,0.000000,0.000000,0.000000,0.000000,1,100.000000,,,,,,,,,,,,,,,,,,,,,,
505,20497,20503,1,Transformer,Closed,Closed,NO,20497,Fixed,NO,20497,NO ,0.000000,0.000100,1.010000,0.990000,Middle,100.000000,345.000000,13.800000,0.000347,0.022627,0.000000,0.000000,0.000000,0.000000,1.000000,1.000000,1.100000,0.900000,0.006250,1.000000,0.000000,0,0.000000,YES,Default,361.511803,0.000000,0.000000,0.000000,0.000000,0.000000,0.000000,0.000000,0.000000,0.000000,0.000000,0.000000,0.000000,0.000000,0.000000,1,100.000000,,,,,,,,,,,,,,,,,,,,,,
506,20509,20508,1,Transformer,Closed,Closed,NO,20509,Fixed,NO,20509,NO ,0.000000,0.000100,1.010000,0.990000,Middle,100.000000,345.000000,765.000000,0.000159,0.011471,0.000000,0.000000,0.000000,0.000000,1.000000,1.000000,1.100000,0.900000,0.006250,1.012500,0.000000,0,0.000000,YES,Default,1451.596165,0.000000,0.000000,0.000000,0.000000,0.000000,0.000000,0.000000,0.000000,0.000000,0.000000,0.000000,0.000000,0.000000,0.000000,1,100.000000,,,,,,,,,,,,,,,,,,,,,,
507,20514,20515,1,Transformer,Closed,Closed,NO,20514,Fixed,NO,20514,NO ,0.000000,0.000100,1.010000,0.990000,Middle,100.000000,138.000000,18.000000,0.007300,0.204472,0.000000,0.000000,0.000000,0.000000,1.000000,1.000000,1.100000,0.900000,0.006250,1.025000,0.000000,0,0.000000,YES,Default,64.154071,0.000000,0.000000,0.000000,0.000000,0.000000,0.000000,0.000000,0.000000,0.000000,0.000000,0.000000,0.000000,0.000000,0.000000,1,100.000000,,,,,,,,,,,,,,,,,,,,,,
508,20514,20516,1,Transformer,Closed,Closed,NO,20514,Fixed,NO,20514,NO ,0.000000,0.000100,1.010000,0.990000,Middle,100.000000,138.000000,13.800000,0.003242,0.097462,0.000000,0.000000,0.000000,0.000000,1.000000,1.000000,1.100000,0.900000,0.006250,1.025000,0.000000,0,0.000000,YES,Default,64.483529,0.000000,0.000000,0.000000,0.000000,0.000000,0.000000,0.000000,0.000000,0.000000,0.000000,0.000000,0.000000,0.000000,0.000000,1,100.000000,,,,,,,,,,,,,,,,,,,,,,
509,20514,20517,1,Transformer,Closed,Closed,NO,20514,Fixed,NO,20514,NO ,0.000000,0.000100,1.010000,0.990000,Middle,100.000000,138.000000,18.000000,0.031458,1.048998,0.000000,0.000000,0.000000,0.000000,1.000000,1.000000,1.100000,0.900000,0.006250,1.025000,0.000000,0,0.000000,YES,Default,11.700000,0.000000,0.000000,0.000000,0.000000,0.000000,0.000000,0.000000,0.000000,0.000000,0.000000,0.000000,0.000000,0.000000,0.000000,1,100.000000,,,,,,,,,,,,,,,,,,,,,,
510,20520,20521,1,Transformer,Closed,Closed,NO,20520,Fixed,NO,20520,NO ,0.000000,0.000100,1.010000,0.990000,Middle,100.000000,138.000000,13.800000,0.003189,0.107942,0.000000,0.000000,0.000000,0.000000,1.000000,1.000000,1.100000,0.900000,0.006250,1.000000,0.000000,0,0.000000,YES,Default,76.069653,0.000000,0.000000,0.000000,0.000000,0.000000,0.000000,0.000000,0.000000,0.000000,0.000000,0.000000,0.000000,0.000000,0.000000,1,100.000000,,,,,,,,,,,,,,,,,,,,,,
511,20526,20525,1,Transformer,Closed,Closed,NO,20526,Fixed,NO,20526,NO ,0.000000,0.000100,1.010000,0.990000,Middle,100.000000,138.000000,345.000000,0.000496,0.028608,0.000000,0.000000,0.000000,0.000000,1.000000,1.000000,1.100000,0.900000,0.006250,1.000000,0.000000,0,0.000000,YES,Default,326.700306,0.000000,0.000000,0.000000,0.000000,0.000000,0.000000,0.000000,0.000000,0.000000,0.000000,0.000000,0.000000,0.000000,0.000000,1,100.000000,,,,,,,,,,,,,,,,,,,,,,
512,20531,20530,1,Transformer,Closed,Closed,NO,20531,LTC,YES,20531,NO ,0.000000,0.000100,1.081000,1.031000,Middle,100.000000,345.000000,765.000000,0.000104,0.008885,0.000000,0.000000,0.000000,0.000000,1.000000,1.000000,1.100000,0.900000,0.006250,1.043750,0.000000,0,0.000000,YES,Default,1415.972137,0.000000,0.000000,0.000000,0.000000,0.000000,0.000000,0.000000,0.000000,0.000000,0.000000,0.000000,0.000000,0.000000,0.000000,1,100.000000,,,,,,,,,,,,,,,,,,,,,,
513,20532,20531,1,Transformer,Closed,Closed,NO,20532,Fixed,NO,20532,NO ,0.000000,0.000100,1.010000,0.990000,Middle,100.000000,138.000000,345.000000,0.000405,0.025458,0.000000,0.000000,0.000000,0.000000,1.000000,1.000000,1.100000,0.900000,0.006250,0.987500,0.000000,0,0.000000,YES,Default,432.194853,0.000000,0.000000,0.000000,0.000000,0.000000,0.000000,0.000000,0.000000,0.000000,0.000000,0.000000,0.000000,0.000000,0.000000,1,100.000000,,,,,,,,,,,,,,,,,,,,,,
514,20535,20536,1,Transformer,Closed,Closed,NO,20535,Fixed,NO,20535,NO ,0.000000,0.000100,1.010000,0.990000,Middle,100.000000,138.000000,13.800000,0.002456,0.083223,0.000000,0.000000,0.000000,0.000000,1.000000,1.000000,1.100000,0.900000,0.006250,1.000000,0.000000,0,0.000000,YES,Default,104.514933,0.000000,0.000000,0.000000,0.000000,0.000000,0.000000,0.000000,0.000000,0.000000,0.000000,0.000000,0.000000,0.000000,0.000000,1,100.000000,,,,,,,,,,,,,,,,,,,,,,
515,20535,20537,1,Transformer,Closed,Closed,NO,20535,Fixed,NO,20535,NO ,0.000000,0.000100,1.010000,0.990000,Middle,100.000000,138.000000,13.800000,0.007380,0.228545,0.000000,0.000000,0.000000,0.000000,1.000000,1.000000,1.100000,0.900000,0.006250,1.000000,0.000000,0,0.000000,YES,Default,69.131052,0.000000,0.000000,0.000000,0.000000,0.000000,0.000000,0.000000,0.000000,0.000000,0.000000,0.000000,0.000000,0.000000,0.000000,1,100.000000,,,,,,,,,,,,,,,,,,,,,,
516,20535,20538,1,Transformer,Closed,Closed,NO,20535,Fixed,NO,20535,NO ,0.000000,0.000100,1.010000,0.990000,Middle,100.000000,138.000000,13.800000,0.003446,0.118304,0.000000,0.000000,0.000000,0.000000,1.000000,1.000000,1.100000,0.900000,0.006250,1.000000,0.000000,0,0.000000,YES,Default,68.884116,0.000000,0.000000,0.000000,0.000000,0.000000,0.000000,0.000000,0.000000,0.000000,0.000000,0.000000,0.000000,0.000000,0.000000,1,100.000000,,,,,,,,,,,,,,,,,,,,,,
517,20539,20540,1,Transformer,Closed,Closed,NO,20539,Fixed,NO,20539,NO ,0.000000,0.000100,1.010000,0.990000,Middle,100.000000,138.000000,22.000000,0.002399,0.078621,0.000000,0.000000,0.000000,0.000000,1.000000,1.000000,1.100000,0.900000,0.006250,0.993750,0.000000,0,0.000000,YES,Default,110.632169,0.000000,0.000000,0.000000,0.000000,0.000000,0.000000,0.000000,0.000000,0.000000,0.000000,0.000000,0.000000,0.000000,0.000000,1,100.000000,,,,,,,,,,,,,,,,,,,,,,
518,20539,20541,1,Transformer,Closed,Closed,NO,20539,Fixed,NO,20539,NO ,0.000000,0.000100,1.010000,0.990000,Middle,100.000000,138.000000,13.800000,0.003753,0.099911,0.000000,0.000000,0.000000,0.000000,1.000000,1.000000,1.100000,0.900000,0.006250,0.993750,0.000000,0,0.000000,YES,Default,110.204244,0.000000,0.000000,0.000000,0.000000,0.000000,0.000000,0.000000,0.000000,0.000000,0.000000,0.000000,0.000000,0.000000,0.000000,1,100.000000,,,,,,,,,,,,,,,,,,,,,,
519,20543,20542,1,Transformer,Closed,Closed,NO,20543,Fixed,NO,20543,NO ,0.000000,0.000100,1.010000,0.990000,Middle,100.000000,138.000000,345.000000,0.000319,0.021803,0.000000,0.000000,0.000000,0.000000,1.000000,1.000000,1.100000,0.900000,0.006250,1.000000,0.000000,0,0.000000,YES,Default,404.143190,0.000000,0.000000,0.000000,0.000000,0.000000,0.000000,0.000000,0.000000,0.000000,0.000000,0.000000,0.000000,0.000000,0.000000,1,100.000000,,,,,,,,,,,,,,,,,,,,,,
520,20542,20544,1,Transformer,Closed,Closed,NO,20542,Fixed,NO,20542,NO ,0.000000,0.000100,1.010000,0.990000,Middle,100.000000,345.000000,13.800000,0.000523,0.026157,0.000000,0.000000,0.000000,0.000000,1.000000,1.000000,1.100000,0.900000,0.006250,1.006250,0.000000,0,0.000000,YES,Default,496.703148,0.000000,0.000000,0.000000,0.000000,0.000000,0.000000,0.000000,0.000000,0.000000,0.000000,0.000000,0.000000,0.000000,0.000000,1,100.000000,,,,,,,,,,,,,,,,,,,,,,
521,20542,20545,1,Transformer,Closed,Closed,NO,20542,Fixed,NO,20542,NO ,0.000000,0.000100,1.010000,0.990000,Middle,100.000000,345.000000,18.000000,0.000413,0.025881,0.000000,0.000000,0.000000,0.000000,1.000000,1.000000,1.100000,0.900000,0.006250,1.000000,0.000000,0,0.000000,YES,Default,496.646261,0.000000,0.000000,0.000000,0.000000,0.000000,0.000000,0.000000,0.000000,0.000000,0.000000,0.000000,0.000000,0.000000,0.000000,1,100.000000,,,,,,,,,,,,,,,,,,,,,,
522,21082,21081,1,Transformer,Closed,Closed,NO,21082,LTC,YES,21082,NO ,0.000000,0.000100,1.069000,1.019000,Middle,100.000000,138.000000,345.000000,0.000719,0.034104,0.000000,0.000000,0.000000,0.000000,1.000000,1.000000,1.100000,0.900000,0.006250,1.081250,0.000000,0,0.000000,YES,Default,451.134968,0.000000,0.000000,0.000000,0.000000,0.000000,0.000000,0.000000,0.000000,0.000000,0.000000,0.000000,0.000000,0.000000,0.000000,1,100.000000,,,,,,,,,,,,,,,,,,,,,,
523,21108,21107,1,Transformer,Closed,Closed,NO,21108,LTC,YES,21108,NO ,0.000000,0.000100,1.062000,1.012000,Middle,100.000000,138.000000,345.000000,0.000427,0.023884,0.000000,0.000000,0.000000,0.000000,1.000000,1.000000,1.100000,0.900000,0.006250,1.100000,0.000000,0,0.000000,YES,Default,533.372688,0.000000,0.000000,0.000000,0.000000,0.000000,0.000000,0.000000,0.000000,0.000000,0.000000,0.000000,0.000000,0.000000,0.000000,1,100.000000,,,,,,,,,,,,,,,,,,,,,,
524,21167,21166,1,Transformer,Closed,Closed,NO,21167,Fixed,NO,21167,NO ,0.000000,0.000100,1.010000,0.990000,Middle,100.000000,138.000000,345.000000,0.000256,0.013793,0.000000,0.000000,0.000000,0.000000,1.000000,1.000000,1.100000,0.900000,0.006250,1.006250,0.000000,0,0.000000,YES,Default,599.454975,0.000000,0.000000,0.000000,0.000000,0.000000,0.000000,0.000000,0.000000,0.000000,0.000000,0.000000,0.000000,0.000000,0.000000,1,100.000000,,,,,,,,,,,,,,,,,,,,,,
525,21167,21166,2,Transformer,Closed,Closed,NO,21167,Fixed,NO,21167,NO ,0.000000,0.000100,1.010000,0.990000,Middle,100.000000,138.000000,345.000000,0.000256,0.013793,0.000000,0.000000,0.000000,0.000000,1.000000,1.000000,1.100000,0.900000,0.006250,1.006250,0.000000,0,0.000000,YES,Default,599.454975,0.000000,0.000000,0.000000,0.000000,0.000000,0.000000,0.000000,0.000000,0.000000,0.000000,0.000000,0.000000,0.000000,0.000000,1,100.000000,,,,,,,,,,,,,,,,,,,,,,
526,21167,21166,3,Transformer,Closed,Closed,NO,21167,Fixed,NO,21167,NO ,0.000000,0.000100,1.010000,0.990000,Middle,100.000000,138.000000,345.000000,0.000256,0.013793,0.000000,0.000000,0.000000,0.000000,1.000000,1.000000,1.100000,0.900000,0.006250,1.006250,0.000000,0,0.000000,YES,Default,599.454975,0.000000,0.000000,0.000000,0.000000,0.000000,0.000000,0.000000,0.000000,0.000000,0.000000,0.000000,0.000000,0.000000,0.000000,1,100.000000,,,,,,,,,,,,,,,,,,,,,,
527,21182,21181,1,Transformer,Closed,Closed,NO,21182,LTC,YES,21182,NO ,0.000000,0.000100,1.062000,1.012000,Middle,100.000000,138.000000,345.000000,0.000706,0.029469,0.000000,0.000000,0.000000,0.000000,1.000000,1.000000,1.100000,0.900000,0.006250,1.100000,0.000000,0,0.000000,YES,Default,500.619984,0.000000,0.000000,0.000000,0.000000,0.000000,0.000000,0.000000,0.000000,0.000000,0.000000,0.000000,0.000000,0.000000,0.000000,1,100.000000,,,,,,,,,,,,,,,,,,,,,,
528,21222,21221,1,Transformer,Closed,Closed,NO,21222,Fixed,NO,21222,NO ,0.000000,0.000100,1.010000,0.990000,Middle,100.000000,138.000000,345.000000,0.000425,0.029486,0.000000,0.000000,0.000000,0.000000,1.000000,1.000000,1.100000,0.900000,0.006250,1.000000,0.000000,0,0.000000,YES,Default,415.704393,0.000000,0.000000,0.000000,0.000000,0.000000,0.000000,0.000000,0.000000,0.000000,0.000000,0.000000,0.000000,0.000000,0.000000,1,100.000000,,,,,,,,,,,,,,,,,,,,,,
529,21233,21232,1,Transformer,Closed,Closed,NO,21233,Fixed,NO,21233,NO ,0.000000,0.000100,1.010000,0.990000,Middle,100.000000,138.000000,345.000000,0.000574,0.037541,0.000000,0.000000,0.000000,0.000000,1.000000,1.000000,1.100000,0.900000,0.006250,1.025000,0.000000,0,0.000000,YES,Default,478.664160,0.000000,0.000000,0.000000,0.000000,0.000000,0.000000,0.000000,0.000000,0.000000,0.000000,0.000000,0.000000,0.000000,0.000000,1,100.000000,,,,,,,,,,,,,,,,,,,,,,
530,21254,21253,1,Transformer,Closed,Closed,NO,21254,Fixed,NO,21254,NO ,0.000000,0.000100,1.010000,0.990000,Middle,100.000000,138.000000,345.000000,0.000485,0.031898,0.000000,0.000000,0.000000,0.000000,1.000000,1.000000,1.100000,0.900000,0.006250,1.031250,0.000000,0,0.000000,YES,Default,434.440708,0.000000,0.000000,0.000000,0.000000,0.000000,0.000000,0.000000,0.000000,0.000000,0.000000,0.000000,0.000000,0.000000,0.000000,1,100.000000,,,,,,,,,,,,,,,,,,,,,,
531,21262,21261,1,Transformer,Closed,Closed,NO,21262,Fixed,NO,21262,NO ,0.000000,0.000100,1.010000,0.990000,Middle,100.000000,138.000000,345.000000,0.000326,0.022024,0.000000,0.000000,0.000000,0.000000,1.000000,1.000000,1.100000,0.900000,0.006250,1.000000,0.000000,0,0.000000,YES,Default,543.217039,0.000000,0.000000,0.000000,0.000000,0.000000,0.000000,0.000000,0.000000,0.000000,0.000000,0.000000,0.000000,0.000000,0.000000,1,100.000000,,,,,,,,,,,,,,,,,,,,,,
532,21276,21275,1,Transformer,Closed,Closed,NO,21276,Fixed,NO,21276,NO ,0.000000,0.000100,1.010000,0.990000,Middle,100.000000,138.000000,345.000000,0.000389,0.026017,0.000000,0.000000,0.000000,0.000000,1.000000,1.000000,1.100000,0.900000,0.006250,1.000000,0.000000,0,0.000000,YES,Default,513.220310,0.000000,0.000000,0.000000,0.000000,0.000000,0.000000,0.000000,0.000000,0.000000,0.000000,0.000000,0.000000,0.000000,0.000000,1,100.000000,,,,,,,,,,,,,,,,,,,,,,
533,21340,21339,1,Transformer,Closed,Closed,NO,21340,Fixed,NO,21340,NO ,0.000000,0.000100,1.010000,0.990000,Middle,100.000000,138.000000,345.000000,0.000460,0.027410,0.000000,0.000000,0.000000,0.000000,1.000000,1.000000,1.100000,0.900000,0.006250,1.031250,0.000000,0,0.000000,YES,Default,493.006134,0.000000,0.000000,0.000000,0.000000,0.000000,0.000000,0.000000,0.000000,0.000000,0.000000,0.000000,0.000000,0.000000,0.000000,1,100.000000,,,,,,,,,,,,,,,,,,,,,,
534,21374,21373,1,Transformer,Closed,Closed,NO,21374,LTC,YES,21374,NO ,0.000000,0.000100,1.068000,1.018000,Middle,100.000000,138.000000,345.000000,0.000436,0.034214,0.000000,0.000000,0.000000,0.000000,1.000000,1.000000,1.100000,0.900000,0.006250,1.100000,0.000000,0,0.000000,YES,Default,466.811228,0.000000,0.000000,0.000000,0.000000,0.000000,0.000000,0.000000,0.000000,0.000000,0.000000,0.000000,0.000000,0.000000,0.000000,1,100.000000,,,,,,,,,,,,,,,,,,,,,,
535,21383,21382,1,Transformer,Closed,Closed,NO,21383,Fixed,NO,21383,NO ,0.000000,0.000100,1.010000,0.990000,Middle,100.000000,138.000000,345.000000,0.000538,0.035930,0.000000,0.000000,0.000000,0.000000,1.000000,1.000000,1.100000,0.900000,0.006250,1.000000,0.000000,0,0.000000,YES,Default,449.265862,0.000000,0.000000,0.000000,0.000000,0.000000,0.000000,0.000000,0.000000,0.000000,0.000000,0.000000,0.000000,0.000000,0.000000,1,100.000000,,,,,,,,,,,,,,,,,,,,,,
536,21386,21385,1,Transformer,Closed,Closed,NO,21386,Fixed,NO,21386,NO ,0.000000,0.000100,1.010000,0.990000,Middle,100.000000,138.000000,345.000000,0.000453,0.020834,0.000000,0.000000,0.000000,0.000000,1.000000,1.000000,1.100000,0.900000,0.006250,1.000000,0.000000,0,0.000000,YES,Default,450.765800,0.000000,0.000000,0.000000,0.000000,0.000000,0.000000,0.000000,0.000000,0.000000,0.000000,0.000000,0.000000,0.000000,0.000000,1,100.000000,,,,,,,,,,,,,,,,,,,,,,
537,21389,21388,1,Transformer,Closed,Closed,NO,21389,LTC,YES,21389,NO ,0.000000,0.000100,1.066000,1.016000,Middle,100.000000,138.000000,345.000000,0.000343,0.018274,0.000000,0.000000,0.000000,0.000000,1.000000,1.000000,1.100000,0.900000,0.006250,1.006250,0.000000,0,0.000000,YES,Default,448.095798,0.000000,0.000000,0.000000,0.000000,0.000000,0.000000,0.000000,0.000000,0.000000,0.000000,0.000000,0.000000,0.000000,0.000000,1,100.000000,,,,,,,,,,,,,,,,,,,,,,
538,21399,21398,1,Transformer,Closed,Closed,NO,21399,Fixed,NO,21399,NO ,0.000000,0.000100,1.010000,0.990000,Middle,100.000000,138.000000,345.000000,0.000428,0.026263,0.000000,0.000000,0.000000,0.000000,1.000000,1.000000,1.100000,0.900000,0.006250,1.000000,0.000000,0,0.000000,YES,Default,475.448847,0.000000,0.000000,0.000000,0.000000,0.000000,0.000000,0.000000,0.000000,0.000000,0.000000,0.000000,0.000000,0.000000,0.000000,1,100.000000,,,,,,,,,,,,,,,,,,,,,,
539,21475,21474,1,Transformer,Closed,Closed,NO,21475,Fixed,NO,21475,NO ,0.000000,0.000100,1.010000,0.990000,Middle,100.000000,138.000000,345.000000,0.000263,0.020183,0.000000,0.000000,0.000000,0.000000,1.000000,1.000000,1.100000,0.900000,0.006250,1.000000,0.000000,0,0.000000,YES,Default,577.253580,0.000000,0.000000,0.000000,0.000000,0.000000,0.000000,0.000000,0.000000,0.000000,0.000000,0.000000,0.000000,0.000000,0.000000,1,100.000000,,,,,,,,,,,,,,,,,,,,,,
540,21475,21474,2,Transformer,Closed,Closed,NO,21475,Fixed,NO,21475,NO ,0.000000,0.000100,1.010000,0.990000,Middle,100.000000,138.000000,345.000000,0.000263,0.020183,0.000000,0.000000,0.000000,0.000000,1.000000,1.000000,1.100000,0.900000,0.006250,1.000000,0.000000,0,0.000000,YES,Default,577.253580,0.000000,0.000000,0.000000,0.000000,0.000000,0.000000,0.000000,0.000000,0.000000,0.000000,0.000000,0.000000,0.000000,0.000000,1,100.000000,,,,,,,,,,,,,,,,,,,,,,
541,21497,21496,1,Transformer,Closed,Closed,NO,21497,Fixed,NO,21497,NO ,0.000000,0.000100,1.010000,0.990000,Middle,100.000000,138.000000,345.000000,0.000304,0.019085,0.000000,0.000000,0.000000,0.000000,1.000000,1.000000,1.100000,0.900000,0.006250,1.000000,0.000000,0,0.000000,YES,Default,571.481657,0.000000,0.000000,0.000000,0.000000,0.000000,0.000000,0.000000,0.000000,0.000000,0.000000,0.000000,0.000000,0.000000,0.000000,1,100.000000,,,,,,,,,,,,,,,,,,,,,,
542,21528,21527,1,Transformer,Closed,Closed,NO,21528,Fixed,NO,21528,NO ,0.000000,0.000100,1.010000,0.990000,Middle,100.000000,138.000000,345.000000,0.000621,0.029543,0.000000,0.000000,0.000000,0.000000,1.000000,1.000000,1.100000,0.900000,0.006250,1.000000,0.000000,0,0.000000,YES,Default,508.151388,0.000000,0.000000,0.000000,0.000000,0.000000,0.000000,0.000000,0.000000,0.000000,0.000000,0.000000,0.000000,0.000000,0.000000,1,100.000000,,,,,,,,,,,,,,,,,,,,,,
543,21532,21531,1,Transformer,Closed,Closed,NO,21532,LTC,YES,21532,NO ,0.000000,0.000100,1.070000,1.020000,Middle,100.000000,138.000000,345.000000,0.000620,0.032729,0.000000,0.000000,0.000000,0.000000,1.000000,1.000000,1.100000,0.900000,0.006250,1.100000,0.000000,0,0.000000,YES,Default,480.332041,0.000000,0.000000,0.000000,0.000000,0.000000,0.000000,0.000000,0.000000,0.000000,0.000000,0.000000,0.000000,0.000000,0.000000,1,100.000000,,,,,,,,,,,,,,,,,,,,,,
544,21594,21593,1,Transformer,Closed,Closed,NO,21594,Fixed,NO,21594,NO ,0.000000,0.000100,1.010000,0.990000,Middle,100.000000,345.000000,765.000000,0.000055,0.004894,0.000000,0.000000,0.000000,0.000000,1.000000,1.000000,1.100000,0.900000,0.006250,1.000000,0.000000,0,0.000000,YES,Default,1892.254829,0.000000,0.000000,0.000000,0.000000,0.000000,0.000000,0.000000,0.000000,0.000000,0.000000,0.000000,0.000000,0.000000,0.000000,1,100.000000,,,,,,,,,,,,,,,,,,,,,,
545,21593,21596,1,Transformer,Closed,Closed,NO,21593,Fixed,NO,21593,NO ,0.000000,0.000100,1.010000,0.990000,Middle,100.000000,765.000000,18.000000,0.000091,0.007465,0.000000,0.000000,0.000000,0.000000,1.000000,1.000000,1.100000,0.900000,0.006250,1.025000,0.000000,0,0.000000,YES,Default,1484.805202,0.000000,0.000000,0.000000,0.000000,0.000000,0.000000,0.000000,0.000000,0.000000,0.000000,0.000000,0.000000,0.000000,0.000000,1,100.000000,,,,,,,,,,,,,,,,,,,,,,
546,21593,21597,1,Transformer,Closed,Closed,NO,21593,Fixed,NO,21593,NO ,0.000000,0.000100,1.010000,0.990000,Middle,100.000000,765.000000,18.000000,0.000102,0.006792,0.000000,0.000000,0.000000,0.000000,1.000000,1.000000,1.100000,0.900000,0.006250,1.025000,0.000000,0,0.000000,YES,Default,1483.455086,0.000000,0.000000,0.000000,0.000000,0.000000,0.000000,0.000000,0.000000,0.000000,0.000000,0.000000,0.000000,0.000000,0.000000,1,100.000000,,,,,,,,,,,,,,,,,,,,,,
547,21593,21598,1,Transformer,Closed,Closed,NO,21593,Fixed,NO,21593,NO ,0.000000,0.000100,1.010000,0.990000,Middle,100.000000,765.000000,13.800000,0.000087,0.007107,0.000000,0.000000,0.000000,0.000000,1.000000,1.000000,1.100000,0.900000,0.006250,1.025000,0.000000,0,0.000000,YES,Default,1483.418465,0.000000,0.000000,0.000000,0.000000,0.000000,0.000000,0.000000,0.000000,0.000000,0.000000,0.000000,0.000000,0.000000,0.000000,1,100.000000,,,,,,,,,,,,,,,,,,,,,,
548,21593,21599,1,Transformer,Closed,Closed,NO,21593,Fixed,NO,21593,NO ,0.000000,0.000100,1.010000,0.990000,Middle,100.000000,765.000000,13.200000,0.000115,0.009135,0.000000,0.000000,0.000000,0.000000,1.000000,1.000000,1.100000,0.900000,0.006250,1.031250,0.000000,0,0.000000,YES,Default,1482.211876,0.000000,0.000000,0.000000,0.000000,0.000000,0.000000,0.000000,0.000000,0.000000,0.000000,0.000000,0.000000,0.000000,0.000000,1,100.000000,,,,,,,,,,,,,,,,,,,,,,
549,21595,21594,1,Transformer,Closed,Closed,NO,21595,Fixed,NO,21595,NO ,0.000000,0.000100,1.010000,0.990000,Middle,100.000000,138.000000,345.000000,0.000374,0.026870,0.000000,0.000000,0.000000,0.000000,1.000000,1.000000,1.100000,0.900000,0.006250,1.000000,0.000000,0,0.000000,YES,Default,447.913694,0.000000,0.000000,0.000000,0.000000,0.000000,0.000000,0.000000,0.000000,0.000000,0.000000,0.000000,0.000000,0.000000,0.000000,1,100.000000,,,,,,,,,,,,,,,,,,,,,,
550,21601,21600,1,Transformer,Closed,Closed,NO,21601,Fixed,NO,21601,NO ,0.000000,0.000100,1.010000,0.990000,Middle,100.000000,138.000000,345.000000,0.000581,0.032216,0.000000,0.000000,0.000000,0.000000,1.000000,1.000000,1.100000,0.900000,0.006250,1.012500,0.000000,0,0.000000,YES,Default,438.137531,0.000000,0.000000,0.000000,0.000000,0.000000,0.000000,0.000000,0.000000,0.000000,0.000000,0.000000,0.000000,0.000000,0.000000,1,100.000000,,,,,,,,,,,,,,,,,,,,,,
551,21600,21602,1,Transformer,Closed,Closed,NO,21600,Fixed,NO,21600,NO ,0.000000,0.000100,1.010000,0.990000,Middle,100.000000,345.000000,18.000000,0.000359,0.028266,0.000000,0.000000,0.000000,0.000000,1.000000,1.000000,1.100000,0.900000,0.006250,0.987500,0.000000,0,0.000000,YES,Default,346.493912,0.000000,0.000000,0.000000,0.000000,0.000000,0.000000,0.000000,0.000000,0.000000,0.000000,0.000000,0.000000,0.000000,0.000000,1,100.000000,,,,,,,,,,,,,,,,,,,,,,
552,21600,21603,1,Transformer,Closed,Closed,NO,21600,Fixed,NO,21600,NO ,0.000000,0.000100,1.010000,0.990000,Middle,100.000000,345.000000,13.800000,0.000763,0.044231,0.000000,0.000000,0.000000,0.000000,1.000000,1.000000,1.100000,0.900000,0.006250,0.987500,0.000000,0,0.000000,YES,Default,345.529771,0.000000,0.000000,0.000000,0.000000,0.000000,0.000000,0.000000,0.000000,0.000000,0.000000,0.000000,0.000000,0.000000,0.000000,1,100.000000,,,,,,,,,,,,,,,,,,,,,,
553,21600,21604,1,Transformer,Closed,Closed,NO,21600,Fixed,NO,21600,NO ,0.000000,0.000100,1.010000,0.990000,Middle,100.000000,345.000000,18.000000,0.000459,0.030309,0.000000,0.000000,0.000000,0.000000,1.000000,1.000000,1.100000,0.900000,0.006250,0.987500,0.000000,0,0.000000,YES,Default,345.148206,0.000000,0.000000,0.000000,0.000000,0.000000,0.000000,0.000000,0.000000,0.000000,0.000000,0.000000,0.000000,0.000000,0.000000,1,100.000000,,,,,,,,,,,,,,,,,,,,,,
554,21600,21605,1,Transformer,Closed,Closed,NO,21600,Fixed,NO,21600,NO ,0.000000,0.000100,1.010000,0.990000,Middle,100.000000,345.000000,20.000000,0.000372,0.022899,0.000000,0.000000,0.000000,0.000000,1.000000,1.000000,1.100000,0.900000,0.006250,0.987500,0.000000,0,0.000000,YES,Default,344.513988,0.000000,0.000000,0.000000,0.000000,0.000000,0.000000,0.000000,0.000000,0.000000,0.000000,0.000000,0.000000,0.000000,0.000000,1,100.000000,,,,,,,,,,,,,,,,,,,,,,
555,21607,21611,1,Transformer,Closed,Closed,NO,21607,Fixed,NO,21607,NO ,0.000000,0.000100,1.010000,0.990000,Middle,100.000000,345.000000,13.800000,0.000297,0.014324,0.000000,0.000000,0.000000,0.000000,1.000000,1.000000,1.100000,0.900000,0.006250,1.043750,0.000000,0,0.000000,YES,Default,562.190676,0.000000,0.000000,0.000000,0.000000,0.000000,0.000000,0.000000,0.000000,0.000000,0.000000,0.000000,0.000000,0.000000,0.000000,1,100.000000,,,,,,,,,,,,,,,,,,,,,,
556,21607,21612,1,Transformer,Closed,Closed,NO,21607,Fixed,NO,21607,NO ,0.000000,0.000100,1.010000,0.990000,Middle,100.000000,345.000000,13.800000,0.000487,0.034028,0.000000,0.000000,0.000000,0.000000,1.000000,1.000000,1.100000,0.900000,0.006250,1.062500,0.000000,0,0.000000,YES,Default,561.561871,0.000000,0.000000,0.000000,0.000000,0.000000,0.000000,0.000000,0.000000,0.000000,0.000000,0.000000,0.000000,0.000000,0.000000,1,100.000000,,,,,,,,,,,,,,,,,,,,,,
557,21607,21613,1,Transformer,Closed,Closed,NO,21607,Fixed,NO,21607,NO ,0.000000,0.000100,1.010000,0.990000,Middle,100.000000,345.000000,18.000000,0.000334,0.024093,0.000000,0.000000,0.000000,0.000000,1.000000,1.000000,1.100000,0.900000,0.006250,1.056250,0.000000,0,0.000000,YES,Default,556.353283,0.000000,0.000000,0.000000,0.000000,0.000000,0.000000,0.000000,0.000000,0.000000,0.000000,0.000000,0.000000,0.000000,0.000000,1,100.000000,,,,,,,,,,,,,,,,,,,,,,
558,21607,21614,1,Transformer,Closed,Closed,NO,21607,Fixed,NO,21607,NO ,0.000000,0.000100,1.010000,0.990000,Middle,100.000000,345.000000,13.800000,0.000331,0.020364,0.000000,0.000000,0.000000,0.000000,1.000000,1.000000,1.100000,0.900000,0.006250,1.000000,0.000000,0,0.000000,YES,Default,554.662800,0.000000,0.000000,0.000000,0.000000,0.000000,0.000000,0.000000,0.000000,0.000000,0.000000,0.000000,0.000000,0.000000,0.000000,1,100.000000,,,,,,,,,,,,,,,,,,,,,,
559,21616,21615,1,Transformer,Closed,Closed,NO,21616,Fixed,NO,21616,NO ,0.000000,0.000100,1.010000,0.990000,Middle,100.000000,138.000000,345.000000,0.000571,0.028944,0.000000,0.000000,0.000000,0.000000,1.000000,1.000000,1.100000,0.900000,0.006250,1.000000,0.000000,0,0.000000,YES,Default,469.503260,0.000000,0.000000,0.000000,0.000000,0.000000,0.000000,0.000000,0.000000,0.000000,0.000000,0.000000,0.000000,0.000000,0.000000,1,100.000000,,,,,,,,,,,,,,,,,,,,,,
560,21615,21617,1,Transformer,Closed,Closed,NO,21615,Fixed,NO,21615,NO ,0.000000,0.000100,1.010000,0.990000,Middle,100.000000,345.000000,13.800000,0.000274,0.016246,0.000000,0.000000,0.000000,0.000000,1.000000,1.000000,1.100000,0.900000,0.006250,1.031250,0.000000,0,0.000000,YES,Default,594.433403,0.000000,0.000000,0.000000,0.000000,0.000000,0.000000,0.000000,0.000000,0.000000,0.000000,0.000000,0.000000,0.000000,0.000000,1,100.000000,,,,,,,,,,,,,,,,,,,,,,
561,21615,21619,1,Transformer,Closed,Closed,NO,21615,Fixed,NO,21615,NO ,0.000000,0.000100,1.010000,0.990000,Middle,100.000000,345.000000,13.800000,0.000517,0.038568,0.000000,0.000000,0.000000,0.000000,1.000000,1.000000,1.100000,0.900000,0.006250,1.025000,0.000000,0,0.000000,YES,Default,312.349248,0.000000,0.000000,0.000000,0.000000,0.000000,0.000000,0.000000,0.000000,0.000000,0.000000,0.000000,0.000000,0.000000,0.000000,1,100.000000,,,,,,,,,,,,,,,,,,,,,,
562,21615,21620,1,Transformer,Closed,Closed,NO,21615,Fixed,NO,21615,NO ,0.000000,0.000100,1.010000,0.990000,Middle,100.000000,345.000000,13.800000,0.000939,0.058743,0.000000,0.000000,0.000000,0.000000,1.000000,1.000000,1.100000,0.900000,0.006250,1.025000,0.000000,0,0.000000,YES,Default,293.577290,0.000000,0.000000,0.000000,0.000000,0.000000,0.000000,0.000000,0.000000,0.000000,0.000000,0.000000,0.000000,0.000000,0.000000,1,100.000000,,,,,,,,,,,,,,,,,,,,,,
563,21616,21618,1,Transformer,Closed,Closed,NO,21616,Fixed,NO,21616,NO ,0.000000,0.000100,1.010000,0.990000,Middle,100.000000,138.000000,18.000000,0.005201,0.114223,0.000000,0.000000,0.000000,0.000000,1.000000,1.000000,1.100000,0.900000,0.006250,1.031250,0.000000,0,0.000000,YES,Default,58.406085,0.000000,0.000000,0.000000,0.000000,0.000000,0.000000,0.000000,0.000000,0.000000,0.000000,0.000000,0.000000,0.000000,0.000000,1,100.000000,,,,,,,,,,,,,,,,,,,,,,
564,21622,21621,1,Transformer,Closed,Closed,NO,21622,Fixed,NO,21622,NO ,0.000000,0.000100,1.010000,0.990000,Middle,100.000000,138.000000,345.000000,0.000341,0.023983,0.000000,0.000000,0.000000,0.000000,1.000000,1.000000,1.100000,0.900000,0.006250,1.012500,0.000000,0,0.000000,YES,Default,640.000010,0.000000,0.000000,0.000000,0.000000,0.000000,0.000000,0.000000,0.000000,0.000000,0.000000,0.000000,0.000000,0.000000,0.000000,1,100.000000,,,,,,,,,,,,,,,,,,,,,,
565,21621,21623,1,Transformer,Closed,Closed,NO,21621,Fixed,NO,21621,NO ,0.000000,0.000100,1.010000,0.990000,Middle,100.000000,345.000000,13.800000,0.000414,0.029678,0.000000,0.000000,0.000000,0.000000,1.000000,1.000000,1.100000,0.900000,0.006250,1.000000,0.000000,0,0.000000,YES,Default,529.776382,0.000000,0.000000,0.000000,0.000000,0.000000,0.000000,0.000000,0.000000,0.000000,0.000000,0.000000,0.000000,0.000000,0.000000,1,100.000000,,,,,,,,,,,,,,,,,,,,,,
566,21621,21624,1,Transformer,Closed,Closed,NO,21621,Fixed,NO,21621,NO ,0.000000,0.000100,1.010000,0.990000,Middle,100.000000,345.000000,13.800000,0.000435,0.023363,0.000000,0.000000,0.000000,0.000000,1.000000,1.000000,1.100000,0.900000,0.006250,1.000000,0.000000,0,0.000000,YES,Default,529.367256,0.000000,0.000000,0.000000,0.000000,0.000000,0.000000,0.000000,0.000000,0.000000,0.000000,0.000000,0.000000,0.000000,0.000000,1,100.000000,,,,,,,,,,,,,,,,,,,,,,
567,21621,21625,1,Transformer,Closed,Closed,NO,21621,Fixed,NO,21621,NO ,0.000000,0.000100,1.010000,0.990000,Middle,100.000000,345.000000,13.800000,0.000288,0.020163,0.000000,0.000000,0.000000,0.000000,1.000000,1.000000,1.100000,0.900000,0.006250,1.000000,0.000000,0,0.000000,YES,Default,528.872442,0.000000,0.000000,0.000000,0.000000,0.000000,0.000000,0.000000,0.000000,0.000000,0.000000,0.000000,0.000000,0.000000,0.000000,1,100.000000,,,,,,,,,,,,,,,,,,,,,,
568,21628,21627,1,Transformer,Closed,Closed,NO,21628,Fixed,NO,21628,NO ,0.000000,0.000100,1.010000,0.990000,Middle,100.000000,138.000000,345.000000,0.000317,0.019812,0.000000,0.000000,0.000000,0.000000,1.000000,1.000000,1.100000,0.900000,0.006250,1.031250,0.000000,0,0.000000,YES,Default,555.849743,0.000000,0.000000,0.000000,0.000000,0.000000,0.000000,0.000000,0.000000,0.000000,0.000000,0.000000,0.000000,0.000000,0.000000,1,100.000000,,,,,,,,,,,,,,,,,,,,,,
569,21630,21631,1,Transformer,Closed,Closed,NO,21630,Fixed,NO,21630,NO ,0.000000,0.000100,1.010000,0.990000,Middle,100.000000,138.000000,13.800000,0.002265,0.074388,0.000000,0.000000,0.000000,0.000000,1.000000,1.000000,1.100000,0.900000,0.006250,1.000000,0.000000,0,0.000000,YES,Default,95.848638,0.000000,0.000000,0.000000,0.000000,0.000000,0.000000,0.000000,0.000000,0.000000,0.000000,0.000000,0.000000,0.000000,0.000000,1,100.000000,,,,,,,,,,,,,,,,,,,,,,
570,21632,21636,1,Transformer,Closed,Closed,NO,21632,Fixed,NO,21632,NO ,0.000000,0.000100,1.010000,0.990000,Middle,100.000000,345.000000,13.800000,0.000736,0.048252,0.000000,0.000000,0.000000,0.000000,1.000000,1.000000,1.100000,0.900000,0.006250,1.037500,0.000000,0,0.000000,YES,Default,298.270798,0.000000,0.000000,0.000000,0.000000,0.000000,0.000000,0.000000,0.000000,0.000000,0.000000,0.000000,0.000000,0.000000,0.000000,1,100.000000,,,,,,,,,,,,,,,,,,,,,,
571,21633,21637,1,Transformer,Closed,Closed,NO,21633,Fixed,NO,21633,NO ,0.000000,0.000100,1.010000,0.990000,Middle,100.000000,138.000000,13.800000,0.006607,0.176634,0.000000,0.000000,0.000000,0.000000,1.000000,1.000000,1.100000,0.900000,0.006250,1.018750,0.000000,0,0.000000,YES,Default,62.027985,0.000000,0.000000,0.000000,0.000000,0.000000,0.000000,0.000000,0.000000,0.000000,0.000000,0.000000,0.000000,0.000000,0.000000,1,100.000000,,,,,,,,,,,,,,,,,,,,,,
572,21642,21641,1,Transformer,Closed,Closed,NO,21642,Fixed,NO,21642,NO ,0.000000,0.000100,1.010000,0.990000,Middle,100.000000,345.000000,765.000000,0.000070,0.005426,0.000000,0.000000,0.000000,0.000000,1.000000,1.000000,1.100000,0.900000,0.006250,1.000000,0.000000,0,0.000000,YES,Default,1677.110863,0.000000,0.000000,0.000000,0.000000,0.000000,0.000000,0.000000,0.000000,0.000000,0.000000,0.000000,0.000000,0.000000,0.000000,1,100.000000,,,,,,,,,,,,,,,,,,,,,,
573,21642,21641,2,Transformer,Closed,Closed,NO,21642,Fixed,NO,21642,NO ,0.000000,0.000100,1.010000,0.990000,Middle,100.000000,345.000000,765.000000,0.000070,0.005426,0.000000,0.000000,0.000000,0.000000,1.000000,1.000000,1.100000,0.900000,0.006250,1.000000,0.000000,0,0.000000,YES,Default,1677.110863,0.000000,0.000000,0.000000,0.000000,0.000000,0.000000,0.000000,0.000000,0.000000,0.000000,0.000000,0.000000,0.000000,0.000000,1,100.000000,,,,,,,,,,,,,,,,,,,,,,
574,21642,21641,3,Transformer,Closed,Closed,NO,21642,Fixed,NO,21642,NO ,0.000000,0.000100,1.010000,0.990000,Middle,100.000000,345.000000,765.000000,0.000070,0.005426,0.000000,0.000000,0.000000,0.000000,1.000000,1.000000,1.100000,0.900000,0.006250,1.000000,0.000000,0,0.000000,YES,Default,1677.110863,0.000000,0.000000,0.000000,0.000000,0.000000,0.000000,0.000000,0.000000,0.000000,0.000000,0.000000,0.000000,0.000000,0.000000,1,100.000000,,,,,,,,,,,,,,,,,,,,,,
575,21641,21646,1,Transformer,Closed,Closed,NO,21641,Fixed,NO,21641,NO ,0.000000,0.000100,1.010000,0.990000,Middle,100.000000,765.000000,13.800000,0.000127,0.009096,0.000000,0.000000,0.000000,0.000000,1.000000,1.000000,1.100000,0.900000,0.006250,1.000000,0.000000,0,0.000000,YES,Default,1788.076591,0.000000,0.000000,0.000000,0.000000,0.000000,0.000000,0.000000,0.000000,0.000000,0.000000,0.000000,0.000000,0.000000,0.000000,1,100.000000,,,,,,,,,,,,,,,,,,,,,,
576,21641,21647,1,Transformer,Closed,Closed,NO,21641,Fixed,NO,21641,NO ,0.000000,0.000100,1.010000,0.990000,Middle,100.000000,765.000000,13.800000,0.000103,0.009530,0.000000,0.000000,0.000000,0.000000,1.000000,1.000000,1.100000,0.900000,0.006250,1.000000,0.000000,0,0.000000,YES,Default,1784.997559,0.000000,0.000000,0.000000,0.000000,0.000000,0.000000,0.000000,0.000000,0.000000,0.000000,0.000000,0.000000,0.000000,0.000000,1,100.000000,,,,,,,,,,,,,,,,,,,,,,
577,21641,21648,1,Transformer,Closed,Closed,NO,21641,Fixed,NO,21641,NO ,0.000000,0.000100,1.010000,0.990000,Middle,100.000000,765.000000,13.800000,0.000074,0.005688,0.000000,0.000000,0.000000,0.000000,1.000000,1.000000,1.100000,0.900000,0.006250,1.000000,0.000000,0,0.000000,YES,Default,1771.428680,0.000000,0.000000,0.000000,0.000000,0.000000,0.000000,0.000000,0.000000,0.000000,0.000000,0.000000,0.000000,0.000000,0.000000,1,100.000000,,,,,,,,,,,,,,,,,,,,,,
578,21650,21649,1,Transformer,Closed,Closed,NO,21650,Fixed,NO,21650,NO ,0.000000,0.000100,1.010000,0.990000,Middle,100.000000,138.000000,345.000000,0.000486,0.029821,0.000000,0.000000,0.000000,0.000000,1.000000,1.000000,1.100000,0.900000,0.006250,1.012500,0.000000,0,0.000000,YES,Default,442.785549,0.000000,0.000000,0.000000,0.000000,0.000000,0.000000,0.000000,0.000000,0.000000,0.000000,0.000000,0.000000,0.000000,0.000000,1,100.000000,,,,,,,,,,,,,,,,,,,,,,
579,21649,21651,1,Transformer,Closed,Closed,NO,21649,Fixed,NO,21649,NO ,0.000000,0.000100,1.010000,0.990000,Middle,100.000000,345.000000,13.800000,0.000187,0.012228,0.000000,0.000000,0.000000,0.000000,1.000000,1.000000,1.100000,0.900000,0.006250,1.012500,0.000000,0,0.000000,YES,Default,538.162088,0.000000,0.000000,0.000000,0.000000,0.000000,0.000000,0.000000,0.000000,0.000000,0.000000,0.000000,0.000000,0.000000,0.000000,1,100.000000,,,,,,,,,,,,,,,,,,,,,,
580,21649,21652,1,Transformer,Closed,Closed,NO,21649,Fixed,NO,21649,NO ,0.000000,0.000100,1.010000,0.990000,Middle,100.000000,345.000000,13.800000,0.000444,0.021772,0.000000,0.000000,0.000000,0.000000,1.000000,1.000000,1.100000,0.900000,0.006250,1.018750,0.000000,0,0.000000,YES,Default,536.604881,0.000000,0.000000,0.000000,0.000000,0.000000,0.000000,0.000000,0.000000,0.000000,0.000000,0.000000,0.000000,0.000000,0.000000,1,100.000000,,,,,,,,,,,,,,,,,,,,,,
581,21649,21653,1,Transformer,Closed,Closed,NO,21649,Fixed,NO,21649,NO ,0.000000,0.000100,1.010000,0.990000,Middle,100.000000,345.000000,22.000000,0.000333,0.023784,0.000000,0.000000,0.000000,0.000000,1.000000,1.000000,1.100000,0.900000,0.006250,1.018750,0.000000,0,0.000000,YES,Default,536.334610,0.000000,0.000000,0.000000,0.000000,0.000000,0.000000,0.000000,0.000000,0.000000,0.000000,0.000000,0.000000,0.000000,0.000000,1,100.000000,,,,,,,,,,,,,,,,,,,,,,
582,21656,21655,1,Transformer,Closed,Closed,NO,21656,Fixed,NO,21656,NO ,0.000000,0.000100,1.010000,0.990000,Middle,100.000000,138.000000,345.000000,0.000492,0.030677,0.000000,0.000000,0.000000,0.000000,1.000000,1.000000,1.100000,0.900000,0.006250,1.000000,0.000000,0,0.000000,YES,Default,365.675831,0.000000,0.000000,0.000000,0.000000,0.000000,0.000000,0.000000,0.000000,0.000000,0.000000,0.000000,0.000000,0.000000,0.000000,1,100.000000,,,,,,,,,,,,,,,,,,,,,,
583,21661,21660,1,Transformer,Closed,Closed,NO,21661,LTC,YES,21661,NO ,0.000000,0.000100,1.070000,1.020000,Middle,100.000000,138.000000,345.000000,0.000355,0.020897,0.000000,0.000000,0.000000,0.000000,1.000000,1.000000,1.100000,0.900000,0.006250,1.012500,0.000000,0,0.000000,YES,Default,457.037687,0.000000,0.000000,0.000000,0.000000,0.000000,0.000000,0.000000,0.000000,0.000000,0.000000,0.000000,0.000000,0.000000,0.000000,1,100.000000,,,,,,,,,,,,,,,,,,,,,,
584,21660,21662,1,Transformer,Closed,Closed,NO,21660,Fixed,NO,21660,NO ,0.000000,0.000100,1.010000,0.990000,Middle,100.000000,345.000000,13.800000,0.000562,0.038302,0.000000,0.000000,0.000000,0.000000,1.000000,1.000000,1.100000,0.900000,0.006250,1.000000,0.000000,0,0.000000,YES,Default,417.930365,0.000000,0.000000,0.000000,0.000000,0.000000,0.000000,0.000000,0.000000,0.000000,0.000000,0.000000,0.000000,0.000000,0.000000,1,100.000000,,,,,,,,,,,,,,,,,,,,,,
585,21660,21663,1,Transformer,Closed,Closed,NO,21660,Fixed,NO,21660,NO ,0.000000,0.000100,1.010000,0.990000,Middle,100.000000,345.000000,13.800000,0.000411,0.020532,0.000000,0.000000,0.000000,0.000000,1.000000,1.000000,1.100000,0.900000,0.006250,1.000000,0.000000,0,0.000000,YES,Default,416.603374,0.000000,0.000000,0.000000,0.000000,0.000000,0.000000,0.000000,0.000000,0.000000,0.000000,0.000000,0.000000,0.000000,0.000000,1,100.000000,,,,,,,,,,,,,,,,,,,,,,
586,21664,21668,1,Transformer,Closed,Closed,NO,21664,Fixed,NO,21664,NO ,0.000000,0.000100,1.010000,0.990000,Middle,100.000000,345.000000,13.800000,0.000291,0.020305,0.000000,0.000000,0.000000,0.000000,1.000000,1.000000,1.100000,0.900000,0.006250,0.981250,0.000000,0,0.000000,YES,Default,400.880909,0.000000,0.000000,0.000000,0.000000,0.000000,0.000000,0.000000,0.000000,0.000000,0.000000,0.000000,0.000000,0.000000,0.000000,1,100.000000,,,,,,,,,,,,,,,,,,,,,,
587,21664,21669,1,Transformer,Closed,Closed,NO,21664,Fixed,NO,21664,NO ,0.000000,0.000100,1.010000,0.990000,Middle,100.000000,345.000000,18.000000,0.000389,0.032261,0.000000,0.000000,0.000000,0.000000,1.000000,1.000000,1.100000,0.900000,0.006250,0.987500,0.000000,0,0.000000,YES,Default,400.005865,0.000000,0.000000,0.000000,0.000000,0.000000,0.000000,0.000000,0.000000,0.000000,0.000000,0.000000,0.000000,0.000000,0.000000,1,100.000000,,,,,,,,,,,,,,,,,,,,,,
588,21664,21670,1,Transformer,Closed,Closed,NO,21664,Fixed,NO,21664,NO ,0.000000,0.000100,1.010000,0.990000,Middle,100.000000,345.000000,13.800000,0.000771,0.039424,0.000000,0.000000,0.000000,0.000000,1.000000,1.000000,1.100000,0.900000,0.006250,1.000000,0.000000,0,0.000000,YES,Default,397.283697,0.000000,0.000000,0.000000,0.000000,0.000000,0.000000,0.000000,0.000000,0.000000,0.000000,0.000000,0.000000,0.000000,0.000000,1,100.000000,,,,,,,,,,,,,,,,,,,,,,
589,21677,21676,1,Transformer,Closed,Closed,NO,21677,Fixed,NO,21677,NO ,0.000000,0.000100,1.010000,0.990000,Middle,100.000000,138.000000,345.000000,0.000406,0.030647,0.000000,0.000000,0.000000,0.000000,1.000000,1.000000,1.100000,0.900000,0.006250,1.000000,0.000000,0,0.000000,YES,Default,408.190632,0.000000,0.000000,0.000000,0.000000,0.000000,0.000000,0.000000,0.000000,0.000000,0.000000,0.000000,0.000000,0.000000,0.000000,1,100.000000,,,,,,,,,,,,,,,,,,,,,,
590,21680,21679,1,Transformer,Closed,Closed,NO,21680,Fixed,NO,21680,NO ,0.000000,0.000100,1.010000,0.990000,Middle,100.000000,138.000000,345.000000,0.000483,0.028498,0.000000,0.000000,0.000000,0.000000,1.000000,1.000000,1.100000,0.900000,0.006250,1.000000,0.000000,0,0.000000,YES,Default,400.132990,0.000000,0.000000,0.000000,0.000000,0.000000,0.000000,0.000000,0.000000,0.000000,0.000000,0.000000,0.000000,0.000000,0.000000,1,100.000000,,,,,,,,,,,,,,,,,,,,,,
591,21679,21681,1,Transformer,Closed,Closed,NO,21679,Fixed,NO,21679,NO ,0.000000,0.000100,1.010000,0.990000,Middle,100.000000,345.000000,13.800000,0.000453,0.028311,0.000000,0.000000,0.000000,0.000000,1.000000,1.000000,1.100000,0.900000,0.006250,1.018750,0.000000,0,0.000000,YES,Default,486.017942,0.000000,0.000000,0.000000,0.000000,0.000000,0.000000,0.000000,0.000000,0.000000,0.000000,0.000000,0.000000,0.000000,0.000000,1,100.000000,,,,,,,,,,,,,,,,,,,,,,
592,21684,21689,1,Transformer,Closed,Closed,NO,21684,Fixed,NO,21684,NO ,0.000000,0.000100,1.010000,0.990000,Middle,100.000000,765.000000,13.800000,0.000095,0.008310,0.000000,0.000000,0.000000,0.000000,1.000000,1.000000,1.100000,0.900000,0.006250,0.993750,0.000000,0,0.000000,YES,Default,1493.658543,0.000000,0.000000,0.000000,0.000000,0.000000,0.000000,0.000000,0.000000,0.000000,0.000000,0.000000,0.000000,0.000000,0.000000,1,100.000000,,,,,,,,,,,,,,,,,,,,,,
593,21684,21690,1,Transformer,Closed,Closed,NO,21684,Fixed,NO,21684,NO ,0.000000,0.000100,1.010000,0.990000,Middle,100.000000,765.000000,13.800000,0.000120,0.009278,0.000000,0.000000,0.000000,0.000000,1.000000,1.000000,1.100000,0.900000,0.006250,0.993750,0.000000,0,0.000000,YES,Default,1493.523788,0.000000,0.000000,0.000000,0.000000,0.000000,0.000000,0.000000,0.000000,0.000000,0.000000,0.000000,0.000000,0.000000,0.000000,1,100.000000,,,,,,,,,,,,,,,,,,,,,,
594,21684,21691,1,Transformer,Closed,Closed,NO,21684,Fixed,NO,21684,NO ,0.000000,0.000100,1.010000,0.990000,Middle,100.000000,765.000000,13.800000,0.000134,0.010787,0.000000,0.000000,0.000000,0.000000,1.000000,1.000000,1.100000,0.900000,0.006250,0.993750,0.000000,0,0.000000,YES,Default,1492.743778,0.000000,0.000000,0.000000,0.000000,0.000000,0.000000,0.000000,0.000000,0.000000,0.000000,0.000000,0.000000,0.000000,0.000000,1,100.000000,,,,,,,,,,,,,,,,,,,,,,
595,21686,21685,1,Transformer,Closed,Closed,NO,21686,LTC,YES,21686,NO ,0.000000,0.000100,1.063000,1.013000,Middle,100.000000,138.000000,345.000000,0.000561,0.037607,0.000000,0.000000,0.000000,0.000000,1.000000,1.000000,1.100000,0.900000,0.006250,1.037500,0.000000,0,0.000000,YES,Default,477.497196,0.000000,0.000000,0.000000,0.000000,0.000000,0.000000,0.000000,0.000000,0.000000,0.000000,0.000000,0.000000,0.000000,0.000000,1,100.000000,,,,,,,,,,,,,,,,,,,,,,
596,21692,21693,1,Transformer,Closed,Closed,NO,21692,Fixed,NO,21692,NO ,0.000000,0.000100,1.010000,0.990000,Middle,100.000000,138.000000,13.800000,0.002000,0.054584,0.000000,0.000000,0.000000,0.000000,1.000000,1.000000,1.100000,0.900000,0.006250,1.000000,0.000000,0,0.000000,YES,Default,133.249998,0.000000,0.000000,0.000000,0.000000,0.000000,0.000000,0.000000,0.000000,0.000000,0.000000,0.000000,0.000000,0.000000,0.000000,1,100.000000,,,,,,,,,,,,,,,,,,,,,,
597,21699,21698,1,Transformer,Closed,Closed,NO,21699,Fixed,NO,21699,NO ,0.000000,0.000100,1.010000,0.990000,Middle,100.000000,138.000000,345.000000,0.000613,0.040523,0.000000,0.000000,0.000000,0.000000,1.000000,1.000000,1.100000,0.900000,0.006250,1.000000,0.000000,0,0.000000,YES,Default,409.836817,0.000000,0.000000,0.000000,0.000000,0.000000,0.000000,0.000000,0.000000,0.000000,0.000000,0.000000,0.000000,0.000000,0.000000,1,100.000000,,,,,,,,,,,,,,,,,,,,,,
598,21701,21700,1,Transformer,Closed,Closed,NO,21701,Fixed,NO,21701,NO ,0.000000,0.000100,1.010000,0.990000,Middle,100.000000,138.000000,345.000000,0.000408,0.026870,0.000000,0.000000,0.000000,0.000000,1.000000,1.000000,1.100000,0.900000,0.006250,1.012500,0.000000,0,0.000000,YES,Default,452.405119,0.000000,0.000000,0.000000,0.000000,0.000000,0.000000,0.000000,0.000000,0.000000,0.000000,0.000000,0.000000,0.000000,0.000000,1,100.000000,,,,,,,,,,,,,,,,,,,,,,
599,21700,21702,1,Transformer,Closed,Closed,NO,21700,Fixed,NO,21700,NO ,0.000000,0.000100,1.010000,0.990000,Middle,100.000000,345.000000,13.800000,0.000428,0.023234,0.000000,0.000000,0.000000,0.000000,1.000000,1.000000,1.100000,0.900000,0.006250,1.000000,0.000000,0,0.000000,YES,Default,448.662424,0.000000,0.000000,0.000000,0.000000,0.000000,0.000000,0.000000,0.000000,0.000000,0.000000,0.000000,0.000000,0.000000,0.000000,1,100.000000,,,,,,,,,,,,,,,,,,,,,,
600,21700,21703,1,Transformer,Closed,Closed,NO,21700,Fixed,NO,21700,NO ,0.000000,0.000100,1.010000,0.990000,Middle,100.000000,345.000000,13.800000,0.000393,0.025453,0.000000,0.000000,0.000000,0.000000,1.000000,1.000000,1.100000,0.900000,0.006250,1.000000,0.000000,0,0.000000,YES,Default,447.110939,0.000000,0.000000,0.000000,0.000000,0.000000,0.000000,0.000000,0.000000,0.000000,0.000000,0.000000,0.000000,0.000000,0.000000,1,100.000000,,,,,,,,,,,,,,,,,,,,,,
601,21700,21704,1,Transformer,Closed,Closed,NO,21700,Fixed,NO,21700,NO ,0.000000,0.000100,1.010000,0.990000,Middle,100.000000,345.000000,13.800000,0.000446,0.022854,0.000000,0.000000,0.000000,0.000000,1.000000,1.000000,1.100000,0.900000,0.006250,1.000000,0.000000,0,0.000000,YES,Default,447.012091,0.000000,0.000000,0.000000,0.000000,0.000000,0.000000,0.000000,0.000000,0.000000,0.000000,0.000000,0.000000,0.000000,0.000000,1,100.000000,,,,,,,,,,,,,,,,,,,,,,
602,21717,21718,1,Transformer,Closed,Closed,NO,21717,Fixed,NO,21717,NO ,0.000000,0.000100,1.010000,0.990000,Middle,100.000000,138.000000,18.000000,0.004048,0.113636,0.000000,0.000000,0.000000,0.000000,1.000000,1.000000,1.100000,0.900000,0.006250,1.012500,0.000000,0,0.000000,YES,Default,103.779364,0.000000,0.000000,0.000000,0.000000,0.000000,0.000000,0.000000,0.000000,0.000000,0.000000,0.000000,0.000000,0.000000,0.000000,1,100.000000,,,,,,,,,,,,,,,,,,,,,,
603,21717,21719,1,Transformer,Closed,Closed,NO,21717,Fixed,NO,21717,NO ,0.000000,0.000100,1.010000,0.990000,Middle,100.000000,138.000000,13.800000,0.003972,0.127065,0.000000,0.000000,0.000000,0.000000,1.000000,1.000000,1.100000,0.900000,0.006250,0.993750,0.000000,0,0.000000,YES,Default,66.024423,0.000000,0.000000,0.000000,0.000000,0.000000,0.000000,0.000000,0.000000,0.000000,0.000000,0.000000,0.000000,0.000000,0.000000,1,100.000000,,,,,,,,,,,,,,,,,,,,,,
604,21722,21726,1,Transformer,Closed,Closed,NO,21722,Fixed,NO,21722,NO ,0.000000,0.000100,1.010000,0.990000,Middle,100.000000,345.000000,24.000000,0.000396,0.018119,0.000000,0.000000,0.000000,0.000000,1.000000,1.000000,1.100000,0.900000,0.006250,1.043750,0.000000,0,0.000000,YES,Default,573.577738,0.000000,0.000000,0.000000,0.000000,0.000000,0.000000,0.000000,0.000000,0.000000,0.000000,0.000000,0.000000,0.000000,0.000000,1,100.000000,,,,,,,,,,,,,,,,,,,,,,
605,21728,21727,1,Transformer,Closed,Closed,NO,21728,LTC,YES,21728,NO ,0.000000,0.000100,1.069000,1.019000,Middle,100.000000,345.000000,765.000000,0.000105,0.009291,0.000000,0.000000,0.000000,0.000000,1.000000,1.000000,1.100000,0.900000,0.006250,1.025000,0.000000,0,0.000000,YES,Default,1617.479515,0.000000,0.000000,0.000000,0.000000,0.000000,0.000000,0.000000,0.000000,0.000000,0.000000,0.000000,0.000000,0.000000,0.000000,1,100.000000,,,,,,,,,,,,,,,,,,,,,,
606,21728,21727,2,Transformer,Closed,Closed,NO,21728,LTC,YES,21728,NO ,0.000000,0.000100,1.069000,1.019000,Middle,100.000000,345.000000,765.000000,0.000105,0.009291,0.000000,0.000000,0.000000,0.000000,1.000000,1.000000,1.100000,0.900000,0.006250,1.025000,0.000000,0,0.000000,YES,Default,1617.479515,0.000000,0.000000,0.000000,0.000000,0.000000,0.000000,0.000000,0.000000,0.000000,0.000000,0.000000,0.000000,0.000000,0.000000,1,100.000000,,,,,,,,,,,,,,,,,,,,,,
607,21728,21727,3,Transformer,Closed,Closed,NO,21728,Fixed,NO,21728,NO ,0.000000,0.000100,1.010000,0.990000,Middle,100.000000,345.000000,765.000000,0.000105,0.009291,0.000000,0.000000,0.000000,0.000000,1.000000,1.000000,1.100000,0.900000,0.006250,1.025000,0.000000,0,0.000000,YES,Default,1617.479515,0.000000,0.000000,0.000000,0.000000,0.000000,0.000000,0.000000,0.000000,0.000000,0.000000,0.000000,0.000000,0.000000,0.000000,1,100.000000,,,,,,,,,,,,,,,,,,,,,,
608,21727,21730,1,Transformer,Closed,Closed,NO,21727,Fixed,NO,21727,NO ,0.000000,0.000100,1.010000,0.990000,Middle,100.000000,765.000000,13.800000,0.000082,0.007139,0.000000,0.000000,0.000000,0.000000,1.000000,1.000000,1.100000,0.900000,0.006250,1.000000,0.000000,0,0.000000,YES,Default,1531.255817,0.000000,0.000000,0.000000,0.000000,0.000000,0.000000,0.000000,0.000000,0.000000,0.000000,0.000000,0.000000,0.000000,0.000000,1,100.000000,,,,,,,,,,,,,,,,,,,,,,
609,21727,21731,1,Transformer,Closed,Closed,NO,21727,Fixed,NO,21727,NO ,0.000000,0.000100,1.010000,0.990000,Middle,100.000000,765.000000,18.000000,0.000140,0.013735,0.000000,0.000000,0.000000,0.000000,1.000000,1.000000,1.100000,0.900000,0.006250,1.000000,0.000000,0,0.000000,YES,Default,1529.531765,0.000000,0.000000,0.000000,0.000000,0.000000,0.000000,0.000000,0.000000,0.000000,0.000000,0.000000,0.000000,0.000000,0.000000,1,100.000000,,,,,,,,,,,,,,,,,,,,,,
610,21727,21732,1,Transformer,Closed,Closed,NO,21727,Fixed,NO,21727,NO ,0.000000,0.000100,1.010000,0.990000,Middle,100.000000,765.000000,13.800000,0.000088,0.006888,0.000000,0.000000,0.000000,0.000000,1.000000,1.000000,1.100000,0.900000,0.006250,1.000000,0.000000,0,0.000000,YES,Default,1525.861835,0.000000,0.000000,0.000000,0.000000,0.000000,0.000000,0.000000,0.000000,0.000000,0.000000,0.000000,0.000000,0.000000,0.000000,1,100.000000,,,,,,,,,,,,,,,,,,,,,,
611,21729,21728,1,Transformer,Closed,Closed,NO,21729,LTC,YES,21729,NO ,0.000000,0.000100,1.071000,1.021000,Middle,100.000000,138.000000,345.000000,0.000439,0.024925,0.000000,0.000000,0.000000,0.000000,1.000000,1.000000,1.100000,0.900000,0.006250,1.018750,0.000000,0,0.000000,YES,Default,606.893110,0.000000,0.000000,0.000000,0.000000,0.000000,0.000000,0.000000,0.000000,0.000000,0.000000,0.000000,0.000000,0.000000,0.000000,1,100.000000,,,,,,,,,,,,,,,,,,,,,,
612,21729,21728,2,Transformer,Closed,Closed,NO,21729,LTC,YES,21729,NO ,0.000000,0.000100,1.071000,1.021000,Middle,100.000000,138.000000,345.000000,0.000439,0.024925,0.000000,0.000000,0.000000,0.000000,1.000000,1.000000,1.100000,0.900000,0.006250,1.018750,0.000000,0,0.000000,YES,Default,606.893110,0.000000,0.000000,0.000000,0.000000,0.000000,0.000000,0.000000,0.000000,0.000000,0.000000,0.000000,0.000000,0.000000,0.000000,1,100.000000,,,,,,,,,,,,,,,,,,,,,,
613,21729,21728,3,Transformer,Closed,Closed,NO,21729,LTC,YES,21729,NO ,0.000000,0.000100,1.071000,1.021000,Middle,100.000000,138.000000,345.000000,0.000439,0.024925,0.000000,0.000000,0.000000,0.000000,1.000000,1.000000,1.100000,0.900000,0.006250,1.018750,0.000000,0,0.000000,YES,Default,606.893110,0.000000,0.000000,0.000000,0.000000,0.000000,0.000000,0.000000,0.000000,0.000000,0.000000,0.000000,0.000000,0.000000,0.000000,1,100.000000,,,,,,,,,,,,,,,,,,,,,,
614,21734,21733,1,Transformer,Closed,Closed,NO,21734,LTC,YES,21734,NO ,0.000000,0.000100,1.068000,1.018000,Middle,100.000000,138.000000,345.000000,0.000342,0.019254,0.000000,0.000000,0.000000,0.000000,1.000000,1.000000,1.100000,0.900000,0.006250,1.100000,0.000000,0,0.000000,YES,Default,563.527250,0.000000,0.000000,0.000000,0.000000,0.000000,0.000000,0.000000,0.000000,0.000000,0.000000,0.000000,0.000000,0.000000,0.000000,1,100.000000,,,,,,,,,,,,,,,,,,,,,,
615,21733,21735,1,Transformer,Closed,Closed,NO,21733,Fixed,NO,21733,NO ,0.000000,0.000100,1.010000,0.990000,Middle,100.000000,345.000000,13.800000,0.000556,0.030770,0.000000,0.000000,0.000000,0.000000,1.000000,1.000000,1.100000,0.900000,0.006250,1.025000,0.000000,0,0.000000,YES,Default,369.733930,0.000000,0.000000,0.000000,0.000000,0.000000,0.000000,0.000000,0.000000,0.000000,0.000000,0.000000,0.000000,0.000000,0.000000,1,100.000000,,,,,,,,,,,,,,,,,,,,,,
616,21733,21736,1,Transformer,Closed,Closed,NO,21733,Fixed,NO,21733,NO ,0.000000,0.000100,1.010000,0.990000,Middle,100.000000,345.000000,13.800000,0.000285,0.015675,0.000000,0.000000,0.000000,0.000000,1.000000,1.000000,1.100000,0.900000,0.006250,1.000000,0.000000,0,0.000000,YES,Default,368.581629,0.000000,0.000000,0.000000,0.000000,0.000000,0.000000,0.000000,0.000000,0.000000,0.000000,0.000000,0.000000,0.000000,0.000000,1,100.000000,,,,,,,,,,,,,,,,,,,,,,
617,21733,21737,1,Transformer,Closed,Closed,NO,21733,Fixed,NO,21733,NO ,0.000000,0.000100,1.010000,0.990000,Middle,100.000000,345.000000,13.800000,0.000609,0.030915,0.000000,0.000000,0.000000,0.000000,1.000000,1.000000,1.100000,0.900000,0.006250,1.025000,0.000000,0,0.000000,YES,Default,365.111232,0.000000,0.000000,0.000000,0.000000,0.000000,0.000000,0.000000,0.000000,0.000000,0.000000,0.000000,0.000000,0.000000,0.000000,1,100.000000,,,,,,,,,,,,,,,,,,,,,,
618,21733,21738,1,Transformer,Closed,Closed,NO,21733,Fixed,NO,21733,NO ,0.000000,0.000100,1.010000,0.990000,Middle,100.000000,345.000000,24.000000,0.000580,0.030485,0.000000,0.000000,0.000000,0.000000,1.000000,1.000000,1.100000,0.900000,0.006250,1.000000,0.000000,0,0.000000,YES,Default,364.290237,0.000000,0.000000,0.000000,0.000000,0.000000,0.000000,0.000000,0.000000,0.000000,0.000000,0.000000,0.000000,0.000000,0.000000,1,100.000000,,,,,,,,,,,,,,,,,,,,,,
619,21733,21739,1,Transformer,Closed,Closed,NO,21733,Fixed,NO,21733,NO ,0.000000,0.000100,1.010000,0.990000,Middle,100.000000,345.000000,13.800000,0.000702,0.048498,0.000000,0.000000,0.000000,0.000000,1.000000,1.000000,1.100000,0.900000,0.006250,1.031250,0.000000,0,0.000000,YES,Default,361.793160,0.000000,0.000000,0.000000,0.000000,0.000000,0.000000,0.000000,0.000000,0.000000,0.000000,0.000000,0.000000,0.000000,0.000000,1,100.000000,,,,,,,,,,,,,,,,,,,,,,
620,21733,21740,1,Transformer,Closed,Closed,NO,21733,Fixed,NO,21733,NO ,0.000000,0.000100,1.010000,0.990000,Middle,100.000000,345.000000,13.800000,0.000628,0.038625,0.000000,0.000000,0.000000,0.000000,1.000000,1.000000,1.100000,0.900000,0.006250,1.000000,0.000000,0,0.000000,YES,Default,309.752011,0.000000,0.000000,0.000000,0.000000,0.000000,0.000000,0.000000,0.000000,0.000000,0.000000,0.000000,0.000000,0.000000,0.000000,1,100.000000,,,,,,,,,,,,,,,,,,,,,,
621,21743,21742,1,Transformer,Closed,Closed,NO,21743,Fixed,NO,21743,NO ,0.000000,0.000100,1.010000,0.990000,Middle,100.000000,138.000000,345.000000,0.000732,0.028273,0.000000,0.000000,0.000000,0.000000,1.000000,1.000000,1.100000,0.900000,0.006250,1.000000,0.000000,0,0.000000,YES,Default,425.314951,0.000000,0.000000,0.000000,0.000000,0.000000,0.000000,0.000000,0.000000,0.000000,0.000000,0.000000,0.000000,0.000000,0.000000,1,100.000000,,,,,,,,,,,,,,,,,,,,,,
622,21754,21753,1,Transformer,Closed,Closed,NO,21754,Fixed,NO,21754,NO ,0.000000,0.000100,1.010000,0.990000,Middle,100.000000,138.000000,345.000000,0.000619,0.029916,0.000000,0.000000,0.000000,0.000000,1.000000,1.000000,1.100000,0.900000,0.006250,1.018750,0.000000,0,0.000000,YES,Default,437.200356,0.000000,0.000000,0.000000,0.000000,0.000000,0.000000,0.000000,0.000000,0.000000,0.000000,0.000000,0.000000,0.000000,0.000000,1,100.000000,,,,,,,,,,,,,,,,,,,,,,
623,21755,21756,1,Transformer,Closed,Closed,NO,21755,Fixed,NO,21755,NO ,0.000000,0.000100,1.010000,0.990000,Middle,100.000000,138.000000,24.000000,0.002371,0.094673,0.000000,0.000000,0.000000,0.000000,1.000000,1.000000,1.100000,0.900000,0.006250,1.000000,0.000000,0,0.000000,YES,Default,70.498323,0.000000,0.000000,0.000000,0.000000,0.000000,0.000000,0.000000,0.000000,0.000000,0.000000,0.000000,0.000000,0.000000,0.000000,1,100.000000,,,,,,,,,,,,,,,,,,,,,,
624,21755,21757,1,Transformer,Closed,Closed,NO,21755,Fixed,NO,21755,NO ,0.000000,0.000100,1.010000,0.990000,Middle,100.000000,138.000000,13.800000,0.020298,0.679540,0.000000,0.000000,0.000000,0.000000,1.000000,1.000000,1.100000,0.900000,0.006250,1.050000,0.000000,0,0.000000,YES,Default,28.814197,0.000000,0.000000,0.000000,0.000000,0.000000,0.000000,0.000000,0.000000,0.000000,0.000000,0.000000,0.000000,0.000000,0.000000,1,100.000000,,,,,,,,,,,,,,,,,,,,,,
625,21759,21760,1,Transformer,Closed,Closed,NO,21759,Fixed,NO,21759,NO ,0.000000,0.000100,1.010000,0.990000,Middle,100.000000,138.000000,18.000000,0.001734,0.056106,0.000000,0.000000,0.000000,0.000000,1.000000,1.000000,1.100000,0.900000,0.006250,1.043750,0.000000,0,0.000000,YES,Default,131.690001,0.000000,0.000000,0.000000,0.000000,0.000000,0.000000,0.000000,0.000000,0.000000,0.000000,0.000000,0.000000,0.000000,0.000000,1,100.000000,,,,,,,,,,,,,,,,,,,,,,
626,23017,23016,1,Transformer,Closed,Closed,NO,23017,LTC,YES,23017,NO ,0.000000,0.000100,1.071000,1.021000,Middle,100.000000,138.000000,345.000000,0.000497,0.025394,0.000000,0.000000,0.000000,0.000000,1.000000,1.000000,1.100000,0.900000,0.006250,1.100000,0.000000,0,0.000000,YES,Default,583.192778,0.000000,0.000000,0.000000,0.000000,0.000000,0.000000,0.000000,0.000000,0.000000,0.000000,0.000000,0.000000,0.000000,0.000000,1,100.000000,,,,,,,,,,,,,,,,,,,,,,
627,23158,23157,1,Transformer,Closed,Closed,NO,23158,LTC,YES,23158,NO ,0.000000,0.000100,1.068000,1.018000,Middle,100.000000,138.000000,345.000000,0.000461,0.030302,0.000000,0.000000,0.000000,0.000000,1.000000,1.000000,1.100000,0.900000,0.006250,1.025000,0.000000,0,0.000000,YES,Default,446.310329,0.000000,0.000000,0.000000,0.000000,0.000000,0.000000,0.000000,0.000000,0.000000,0.000000,0.000000,0.000000,0.000000,0.000000,1,100.000000,,,,,,,,,,,,,,,,,,,,,,
628,23234,23233,1,Transformer,Closed,Closed,NO,23234,LTC,YES,23234,NO ,0.000000,0.000100,1.063000,1.013000,Middle,100.000000,138.000000,345.000000,0.000448,0.024350,0.000000,0.000000,0.000000,0.000000,1.000000,1.000000,1.100000,0.900000,0.006250,1.006250,0.000000,0,0.000000,YES,Default,464.147282,0.000000,0.000000,0.000000,0.000000,0.000000,0.000000,0.000000,0.000000,0.000000,0.000000,0.000000,0.000000,0.000000,0.000000,1,100.000000,,,,,,,,,,,,,,,,,,,,,,
629,23258,23257,1,Transformer,Closed,Closed,NO,23258,LTC,YES,23258,NO ,0.000000,0.000100,1.067000,1.017000,Middle,100.000000,138.000000,345.000000,0.000700,0.038693,0.000000,0.000000,0.000000,0.000000,1.000000,1.000000,1.100000,0.900000,0.006250,1.025000,0.000000,0,0.000000,YES,Default,411.101675,0.000000,0.000000,0.000000,0.000000,0.000000,0.000000,0.000000,0.000000,0.000000,0.000000,0.000000,0.000000,0.000000,0.000000,1,100.000000,,,,,,,,,,,,,,,,,,,,,,
630,23266,23265,1,Transformer,Closed,Closed,NO,23266,Fixed,NO,23266,NO ,0.000000,0.000100,1.010000,0.990000,Middle,100.000000,138.000000,345.000000,0.000443,0.025926,0.000000,0.000000,0.000000,0.000000,1.000000,1.000000,1.100000,0.900000,0.006250,1.000000,0.000000,0,0.000000,YES,Default,400.977325,0.000000,0.000000,0.000000,0.000000,0.000000,0.000000,0.000000,0.000000,0.000000,0.000000,0.000000,0.000000,0.000000,0.000000,1,100.000000,,,,,,,,,,,,,,,,,,,,,,
631,23278,23277,1,Transformer,Closed,Closed,NO,23278,LTC,YES,23278,NO ,0.000000,0.000100,1.069000,1.019000,Middle,100.000000,138.000000,345.000000,0.000449,0.026561,0.000000,0.000000,0.000000,0.000000,1.000000,1.000000,1.100000,0.900000,0.006250,1.006250,0.000000,0,0.000000,YES,Default,448.286629,0.000000,0.000000,0.000000,0.000000,0.000000,0.000000,0.000000,0.000000,0.000000,0.000000,0.000000,0.000000,0.000000,0.000000,1,100.000000,,,,,,,,,,,,,,,,,,,,,,
632,23285,23284,1,Transformer,Closed,Closed,NO,23285,Fixed,NO,23285,NO ,0.000000,0.000100,1.010000,0.990000,Middle,100.000000,345.000000,765.000000,0.000098,0.006845,0.000000,0.000000,0.000000,0.000000,1.000000,1.000000,1.100000,0.900000,0.006250,1.000000,0.000000,0,0.000000,YES,Default,1509.048271,0.000000,0.000000,0.000000,0.000000,0.000000,0.000000,0.000000,0.000000,0.000000,0.000000,0.000000,0.000000,0.000000,0.000000,1,100.000000,,,,,,,,,,,,,,,,,,,,,,
633,23284,23287,1,Transformer,Closed,Closed,NO,23284,Fixed,NO,23284,NO ,0.000000,0.000100,1.010000,0.990000,Middle,100.000000,765.000000,13.800000,0.000098,0.007969,0.000000,0.000000,0.000000,0.000000,1.000000,1.000000,1.100000,0.900000,0.006250,1.000000,0.000000,0,0.000000,YES,Default,1234.289074,0.000000,0.000000,0.000000,0.000000,0.000000,0.000000,0.000000,0.000000,0.000000,0.000000,0.000000,0.000000,0.000000,0.000000,1,100.000000,,,,,,,,,,,,,,,,,,,,,,
634,23284,23288,1,Transformer,Closed,Closed,NO,23284,Fixed,NO,23284,NO ,0.000000,0.000100,1.010000,0.990000,Middle,100.000000,765.000000,22.000000,0.000142,0.010450,0.000000,0.000000,0.000000,0.000000,1.000000,1.000000,1.100000,0.900000,0.006250,1.000000,0.000000,0,0.000000,YES,Default,1230.892563,0.000000,0.000000,0.000000,0.000000,0.000000,0.000000,0.000000,0.000000,0.000000,0.000000,0.000000,0.000000,0.000000,0.000000,1,100.000000,,,,,,,,,,,,,,,,,,,,,,
635,23284,23289,1,Transformer,Closed,Closed,NO,23284,Fixed,NO,23284,NO ,0.000000,0.000100,1.010000,0.990000,Middle,100.000000,765.000000,20.000000,0.000177,0.014076,0.000000,0.000000,0.000000,0.000000,1.000000,1.000000,1.100000,0.900000,0.006250,1.000000,0.000000,0,0.000000,YES,Default,1230.315781,0.000000,0.000000,0.000000,0.000000,0.000000,0.000000,0.000000,0.000000,0.000000,0.000000,0.000000,0.000000,0.000000,0.000000,1,100.000000,,,,,,,,,,,,,,,,,,,,,,
636,23284,23290,1,Transformer,Closed,Closed,NO,23284,Fixed,NO,23284,NO ,0.000000,0.000100,1.010000,0.990000,Middle,100.000000,765.000000,13.800000,0.000119,0.009065,0.000000,0.000000,0.000000,0.000000,1.000000,1.000000,1.100000,0.900000,0.006250,1.000000,0.000000,0,0.000000,YES,Default,1224.796581,0.000000,0.000000,0.000000,0.000000,0.000000,0.000000,0.000000,0.000000,0.000000,0.000000,0.000000,0.000000,0.000000,0.000000,1,100.000000,,,,,,,,,,,,,,,,,,,,,,
637,23286,23285,1,Transformer,Closed,Closed,NO,23286,Fixed,NO,23286,NO ,0.000000,0.000100,1.010000,0.990000,Middle,100.000000,138.000000,345.000000,0.000646,0.040447,0.000000,0.000000,0.000000,0.000000,1.000000,1.000000,1.100000,0.900000,0.006250,1.000000,0.000000,0,0.000000,YES,Default,388.385606,0.000000,0.000000,0.000000,0.000000,0.000000,0.000000,0.000000,0.000000,0.000000,0.000000,0.000000,0.000000,0.000000,0.000000,1,100.000000,,,,,,,,,,,,,,,,,,,,,,
638,23292,23291,1,Transformer,Closed,Closed,NO,23292,LTC,YES,23292,NO ,0.000000,0.000100,1.072000,1.022000,Middle,100.000000,138.000000,345.000000,0.000438,0.026826,0.000000,0.000000,0.000000,0.000000,1.000000,1.000000,1.100000,0.900000,0.006250,1.012500,0.000000,0,0.000000,YES,Default,317.573619,0.000000,0.000000,0.000000,0.000000,0.000000,0.000000,0.000000,0.000000,0.000000,0.000000,0.000000,0.000000,0.000000,0.000000,1,100.000000,,,,,,,,,,,,,,,,,,,,,,
639,23291,23293,1,Transformer,Closed,Closed,NO,23291,Fixed,NO,23291,NO ,0.000000,0.000100,1.010000,0.990000,Middle,100.000000,345.000000,13.800000,0.000758,0.038169,0.000000,0.000000,0.000000,0.000000,1.000000,1.000000,1.100000,0.900000,0.006250,1.062500,0.000000,0,0.000000,YES,Default,473.148584,0.000000,0.000000,0.000000,0.000000,0.000000,0.000000,0.000000,0.000000,0.000000,0.000000,0.000000,0.000000,0.000000,0.000000,1,100.000000,,,,,,,,,,,,,,,,,,,,,,
640,23291,23296,1,Transformer,Closed,Closed,NO,23291,Fixed,NO,23291,NO ,0.000000,0.000100,1.010000,0.990000,Middle,100.000000,345.000000,18.000000,0.000788,0.054530,0.000000,0.000000,0.000000,0.000000,1.000000,1.000000,1.100000,0.900000,0.006250,1.043750,0.000000,0,0.000000,YES,Default,225.822592,0.000000,0.000000,0.000000,0.000000,0.000000,0.000000,0.000000,0.000000,0.000000,0.000000,0.000000,0.000000,0.000000,0.000000,1,100.000000,,,,,,,,,,,,,,,,,,,,,,
641,23291,23297,1,Transformer,Closed,Closed,NO,23291,Fixed,NO,23291,NO ,0.000000,0.000100,1.010000,0.990000,Middle,100.000000,345.000000,13.800000,0.000760,0.050560,0.000000,0.000000,0.000000,0.000000,1.000000,1.000000,1.100000,0.900000,0.006250,1.043750,0.000000,0,0.000000,YES,Default,224.302649,0.000000,0.000000,0.000000,0.000000,0.000000,0.000000,0.000000,0.000000,0.000000,0.000000,0.000000,0.000000,0.000000,0.000000,1,100.000000,,,,,,,,,,,,,,,,,,,,,,
642,23292,23294,1,Transformer,Closed,Closed,NO,23292,Fixed,NO,23292,NO ,0.000000,0.000100,1.010000,0.990000,Middle,100.000000,138.000000,13.800000,0.033316,0.815675,0.000000,0.000000,0.000000,0.000000,1.000000,1.000000,1.100000,0.900000,0.006250,1.000000,0.000000,0,0.000000,YES,Default,14.690000,0.000000,0.000000,0.000000,0.000000,0.000000,0.000000,0.000000,0.000000,0.000000,0.000000,0.000000,0.000000,0.000000,0.000000,1,100.000000,,,,,,,,,,,,,,,,,,,,,,
643,23292,23295,1,Transformer,Closed,Closed,NO,23292,Fixed,NO,23292,NO ,0.000000,0.000100,1.010000,0.990000,Middle,100.000000,138.000000,13.800000,0.006839,0.223898,0.000000,0.000000,0.000000,0.000000,1.000000,1.000000,1.100000,0.900000,0.006250,1.025000,0.000000,0,0.000000,YES,Default,40.543991,0.000000,0.000000,0.000000,0.000000,0.000000,0.000000,0.000000,0.000000,0.000000,0.000000,0.000000,0.000000,0.000000,0.000000,1,100.000000,,,,,,,,,,,,,,,,,,,,,,
644,23301,23300,1,Transformer,Closed,Closed,NO,23301,Fixed,NO,23301,NO ,0.000000,0.000100,1.010000,0.990000,Middle,100.000000,138.000000,345.000000,0.000710,0.035316,0.000000,0.000000,0.000000,0.000000,1.000000,1.000000,1.100000,0.900000,0.006250,1.000000,0.000000,0,0.000000,YES,Default,341.051507,0.000000,0.000000,0.000000,0.000000,0.000000,0.000000,0.000000,0.000000,0.000000,0.000000,0.000000,0.000000,0.000000,0.000000,1,100.000000,,,,,,,,,,,,,,,,,,,,,,
645,23300,23302,1,Transformer,Closed,Closed,NO,23300,Fixed,NO,23300,NO ,0.000000,0.000100,1.010000,0.990000,Middle,100.000000,345.000000,13.800000,0.000728,0.032413,0.000000,0.000000,0.000000,0.000000,1.000000,1.000000,1.100000,0.900000,0.006250,1.000000,0.000000,0,0.000000,YES,Default,330.447984,0.000000,0.000000,0.000000,0.000000,0.000000,0.000000,0.000000,0.000000,0.000000,0.000000,0.000000,0.000000,0.000000,0.000000,1,100.000000,,,,,,,,,,,,,,,,,,,,,,
646,23300,23303,1,Transformer,Closed,Closed,NO,23300,Fixed,NO,23300,NO ,0.000000,0.000100,1.010000,0.990000,Middle,100.000000,345.000000,18.000000,0.000625,0.034098,0.000000,0.000000,0.000000,0.000000,1.000000,1.000000,1.100000,0.900000,0.006250,1.000000,0.000000,0,0.000000,YES,Default,323.177242,0.000000,0.000000,0.000000,0.000000,0.000000,0.000000,0.000000,0.000000,0.000000,0.000000,0.000000,0.000000,0.000000,0.000000,1,100.000000,,,,,,,,,,,,,,,,,,,,,,
647,23300,23305,1,Transformer,Closed,Closed,NO,23300,Fixed,NO,23300,NO ,0.000000,0.000100,1.010000,0.990000,Middle,100.000000,345.000000,18.000000,0.000662,0.035229,0.000000,0.000000,0.000000,0.000000,1.000000,1.000000,1.100000,0.900000,0.006250,1.000000,0.000000,0,0.000000,YES,Default,285.299587,0.000000,0.000000,0.000000,0.000000,0.000000,0.000000,0.000000,0.000000,0.000000,0.000000,0.000000,0.000000,0.000000,0.000000,1,100.000000,,,,,,,,,,,,,,,,,,,,,,
648,23301,23304,1,Transformer,Closed,Closed,NO,23301,Fixed,NO,23301,NO ,0.000000,0.000100,1.010000,0.990000,Middle,100.000000,138.000000,13.800000,0.010024,0.306180,0.000000,0.000000,0.000000,0.000000,1.000000,1.000000,1.100000,0.900000,0.006250,1.037500,0.000000,0,0.000000,YES,Default,36.634675,0.000000,0.000000,0.000000,0.000000,0.000000,0.000000,0.000000,0.000000,0.000000,0.000000,0.000000,0.000000,0.000000,0.000000,1,100.000000,,,,,,,,,,,,,,,,,,,,,,
649,23310,23309,1,Transformer,Closed,Closed,NO,23310,LTC,YES,23310,NO ,0.000000,0.000100,1.063000,1.013000,Middle,100.000000,138.000000,345.000000,0.000438,0.031028,0.000000,0.000000,0.000000,0.000000,1.000000,1.000000,1.100000,0.900000,0.006250,1.018750,0.000000,0,0.000000,YES,Default,495.397186,0.000000,0.000000,0.000000,0.000000,0.000000,0.000000,0.000000,0.000000,0.000000,0.000000,0.000000,0.000000,0.000000,0.000000,1,100.000000,,,,,,,,,,,,,,,,,,,,,,
650,23312,23313,1,Transformer,Closed,Closed,NO,23312,Fixed,NO,23312,NO ,0.000000,0.000100,1.010000,0.990000,Middle,100.000000,138.000000,18.000000,0.003794,0.112285,0.000000,0.000000,0.000000,0.000000,1.000000,1.000000,1.100000,0.900000,0.006250,1.000000,0.000000,0,0.000000,YES,Default,73.685813,0.000000,0.000000,0.000000,0.000000,0.000000,0.000000,0.000000,0.000000,0.000000,0.000000,0.000000,0.000000,0.000000,0.000000,1,100.000000,,,,,,,,,,,,,,,,,,,,,,
651,23320,23324,1,Transformer,Closed,Closed,NO,23320,Fixed,NO,23320,NO ,0.000000,0.000100,1.010000,0.990000,Middle,100.000000,138.000000,20.000000,0.008865,0.218040,0.000000,0.000000,0.000000,0.000000,1.000000,1.000000,1.100000,0.900000,0.006250,0.993750,0.000000,0,0.000000,YES,Default,42.313826,0.000000,0.000000,0.000000,0.000000,0.000000,0.000000,0.000000,0.000000,0.000000,0.000000,0.000000,0.000000,0.000000,0.000000,1,100.000000,,,,,,,,,,,,,,,,,,,,,,
652,23320,23325,1,Transformer,Closed,Closed,NO,23320,Fixed,NO,23320,NO ,0.000000,0.000100,1.010000,0.990000,Middle,100.000000,138.000000,13.800000,0.011097,0.369454,0.000000,0.000000,0.000000,0.000000,1.000000,1.000000,1.100000,0.900000,0.006250,0.993750,0.000000,0,0.000000,YES,Default,42.104498,0.000000,0.000000,0.000000,0.000000,0.000000,0.000000,0.000000,0.000000,0.000000,0.000000,0.000000,0.000000,0.000000,0.000000,1,100.000000,,,,,,,,,,,,,,,,,,,,,,
653,23320,23326,1,Transformer,Closed,Closed,NO,23320,Fixed,NO,23320,NO ,0.000000,0.000100,1.010000,0.990000,Middle,100.000000,138.000000,24.000000,0.007532,0.226485,0.000000,0.000000,0.000000,0.000000,1.000000,1.000000,1.100000,0.900000,0.006250,0.993750,0.000000,0,0.000000,YES,Default,41.967672,0.000000,0.000000,0.000000,0.000000,0.000000,0.000000,0.000000,0.000000,0.000000,0.000000,0.000000,0.000000,0.000000,0.000000,1,100.000000,,,,,,,,,,,,,,,,,,,,,,
654,23330,23329,1,Transformer,Closed,Closed,NO,23330,Fixed,NO,23330,NO ,0.000000,0.000100,1.010000,0.990000,Middle,100.000000,138.000000,345.000000,0.000663,0.045467,0.000000,0.000000,0.000000,0.000000,1.000000,1.000000,1.100000,0.900000,0.006250,1.000000,0.000000,0,0.000000,YES,Default,401.560926,0.000000,0.000000,0.000000,0.000000,0.000000,0.000000,0.000000,0.000000,0.000000,0.000000,0.000000,0.000000,0.000000,0.000000,1,100.000000,,,,,,,,,,,,,,,,,,,,,,
655,23332,23331,1,Transformer,Closed,Closed,NO,23332,Fixed,NO,23332,NO ,0.000000,0.000100,1.010000,0.990000,Middle,100.000000,138.000000,345.000000,0.000092,0.006757,0.000000,0.000000,0.000000,0.000000,1.000000,1.000000,1.100000,0.900000,0.006250,1.000000,0.000000,0,0.000000,YES,Default,374.116898,0.000000,0.000000,0.000000,0.000000,0.000000,0.000000,0.000000,0.000000,0.000000,0.000000,0.000000,0.000000,0.000000,0.000000,1,100.000000,,,,,,,,,,,,,,,,,,,,,,
656,23331,23333,1,Transformer,Closed,Closed,NO,23331,Fixed,NO,23331,NO ,0.000000,0.000100,1.010000,0.990000,Middle,100.000000,345.000000,18.000000,0.000383,0.024218,0.000000,0.000000,0.000000,0.000000,1.000000,1.000000,1.100000,0.900000,0.006250,1.000000,0.000000,0,0.000000,YES,Default,372.057652,0.000000,0.000000,0.000000,0.000000,0.000000,0.000000,0.000000,0.000000,0.000000,0.000000,0.000000,0.000000,0.000000,0.000000,1,100.000000,,,,,,,,,,,,,,,,,,,,,,
657,23331,23334,1,Transformer,Closed,Closed,NO,23331,Fixed,NO,23331,NO ,0.000000,0.000100,1.010000,0.990000,Middle,100.000000,345.000000,13.800000,0.000790,0.044101,0.000000,0.000000,0.000000,0.000000,1.000000,1.000000,1.100000,0.900000,0.006250,1.000000,0.000000,0,0.000000,YES,Default,306.130767,0.000000,0.000000,0.000000,0.000000,0.000000,0.000000,0.000000,0.000000,0.000000,0.000000,0.000000,0.000000,0.000000,0.000000,1,100.000000,,,,,,,,,,,,,,,,,,,,,,
658,23336,23337,1,Transformer,Closed,Closed,NO,23336,Fixed,NO,23336,NO ,0.000000,0.000100,1.010000,0.990000,Middle,100.000000,138.000000,24.000000,0.004307,0.149828,0.000000,0.000000,0.000000,0.000000,1.000000,1.000000,1.100000,0.900000,0.006250,0.993750,0.000000,0,0.000000,YES,Default,71.489394,0.000000,0.000000,0.000000,0.000000,0.000000,0.000000,0.000000,0.000000,0.000000,0.000000,0.000000,0.000000,0.000000,0.000000,1,100.000000,,,,,,,,,,,,,,,,,,,,,,
659,23339,23338,1,Transformer,Closed,Closed,NO,23339,Fixed,NO,23339,NO ,0.000000,0.000100,1.010000,0.990000,Middle,100.000000,138.000000,345.000000,0.000517,0.027106,0.000000,0.000000,0.000000,0.000000,1.000000,1.000000,1.100000,0.900000,0.006250,1.000000,0.000000,0,0.000000,YES,Default,320.497632,0.000000,0.000000,0.000000,0.000000,0.000000,0.000000,0.000000,0.000000,0.000000,0.000000,0.000000,0.000000,0.000000,0.000000,1,100.000000,,,,,,,,,,,,,,,,,,,,,,
660,23346,23345,1,Transformer,Closed,Closed,NO,23346,Fixed,NO,23346,NO ,0.000000,0.000100,1.010000,0.990000,Middle,100.000000,138.000000,345.000000,0.000511,0.032361,0.000000,0.000000,0.000000,0.000000,1.000000,1.000000,1.100000,0.900000,0.006250,1.000000,0.000000,0,0.000000,YES,Default,400.856209,0.000000,0.000000,0.000000,0.000000,0.000000,0.000000,0.000000,0.000000,0.000000,0.000000,0.000000,0.000000,0.000000,0.000000,1,100.000000,,,,,,,,,,,,,,,,,,,,,,
661,23350,23351,1,Transformer,Closed,Closed,NO,23350,Fixed,NO,23350,NO ,0.000000,0.000100,1.010000,0.990000,Middle,100.000000,138.000000,13.800000,0.002900,0.075823,0.000000,0.000000,0.000000,0.000000,1.000000,1.000000,1.100000,0.900000,0.006250,1.037500,0.000000,0,0.000000,YES,Default,89.337379,0.000000,0.000000,0.000000,0.000000,0.000000,0.000000,0.000000,0.000000,0.000000,0.000000,0.000000,0.000000,0.000000,0.000000,1,100.000000,,,,,,,,,,,,,,,,,,,,,,
662,23350,23352,1,Transformer,Closed,Closed,NO,23350,Fixed,NO,23350,NO ,0.000000,0.000100,1.010000,0.990000,Middle,100.000000,138.000000,13.800000,0.004671,0.144989,0.000000,0.000000,0.000000,0.000000,1.000000,1.000000,1.100000,0.900000,0.006250,1.037500,0.000000,0,0.000000,YES,Default,57.112592,0.000000,0.000000,0.000000,0.000000,0.000000,0.000000,0.000000,0.000000,0.000000,0.000000,0.000000,0.000000,0.000000,0.000000,1,100.000000,,,,,,,,,,,,,,,,,,,,,,
663,23359,23360,1,Transformer,Closed,Closed,NO,23359,Fixed,NO,23359,NO ,0.000000,0.000100,1.010000,0.990000,Middle,100.000000,138.000000,13.800000,0.020318,0.475259,0.000000,0.000000,0.000000,0.000000,1.000000,1.000000,1.100000,0.900000,0.006250,1.000000,0.000000,0,0.000000,YES,Default,35.383195,0.000000,0.000000,0.000000,0.000000,0.000000,0.000000,0.000000,0.000000,0.000000,0.000000,0.000000,0.000000,0.000000,0.000000,1,100.000000,,,,,,,,,,,,,,,,,,,,,,
664,23359,23361,1,Transformer,Closed,Closed,NO,23359,Fixed,NO,23359,NO ,0.000000,0.000100,1.010000,0.990000,Middle,100.000000,138.000000,18.000000,0.010789,0.300011,0.000000,0.000000,0.000000,0.000000,1.000000,1.000000,1.100000,0.900000,0.006250,1.000000,0.000000,0,0.000000,YES,Default,35.182893,0.000000,0.000000,0.000000,0.000000,0.000000,0.000000,0.000000,0.000000,0.000000,0.000000,0.000000,0.000000,0.000000,0.000000,1,100.000000,,,,,,,,,,,,,,,,,,,,,,
665,23366,23365,1,Transformer,Closed,Closed,NO,23366,LTC,YES,23366,NO ,0.000000,0.000100,1.068000,1.018000,Middle,100.000000,138.000000,345.000000,0.000582,0.028387,0.000000,0.000000,0.000000,0.000000,1.000000,1.000000,1.100000,0.900000,0.006250,1.006250,0.000000,0,0.000000,YES,Default,429.435778,0.000000,0.000000,0.000000,0.000000,0.000000,0.000000,0.000000,0.000000,0.000000,0.000000,0.000000,0.000000,0.000000,0.000000,1,100.000000,,,,,,,,,,,,,,,,,,,,,,
666,23375,23374,1,Transformer,Closed,Closed,NO,23375,Fixed,NO,23375,NO ,0.000000,0.000100,1.010000,0.990000,Middle,100.000000,345.000000,765.000000,0.000080,0.006460,0.000000,0.000000,0.000000,0.000000,1.000000,1.000000,1.100000,0.900000,0.006250,1.006250,0.000000,0,0.000000,YES,Default,1582.332516,0.000000,0.000000,0.000000,0.000000,0.000000,0.000000,0.000000,0.000000,0.000000,0.000000,0.000000,0.000000,0.000000,0.000000,1,100.000000,,,,,,,,,,,,,,,,,,,,,,
667,23374,23377,1,Transformer,Closed,Closed,NO,23374,Fixed,NO,23374,NO ,0.000000,0.000100,1.010000,0.990000,Middle,100.000000,765.000000,13.800000,0.000065,0.004937,0.000000,0.000000,0.000000,0.000000,1.000000,1.000000,1.100000,0.900000,0.006250,1.000000,0.000000,0,0.000000,YES,Default,1803.436470,0.000000,0.000000,0.000000,0.000000,0.000000,0.000000,0.000000,0.000000,0.000000,0.000000,0.000000,0.000000,0.000000,0.000000,1,100.000000,,,,,,,,,,,,,,,,,,,,,,
668,23374,23378,1,Transformer,Closed,Closed,NO,23374,Fixed,NO,23374,NO ,0.000000,0.000100,1.010000,0.990000,Middle,100.000000,765.000000,18.000000,0.000088,0.006520,0.000000,0.000000,0.000000,0.000000,1.000000,1.000000,1.100000,0.900000,0.006250,1.000000,0.000000,0,0.000000,YES,Default,1802.124977,0.000000,0.000000,0.000000,0.000000,0.000000,0.000000,0.000000,0.000000,0.000000,0.000000,0.000000,0.000000,0.000000,0.000000,1,100.000000,,,,,,,,,,,,,,,,,,,,,,
669,23374,23379,1,Transformer,Closed,Closed,NO,23374,Fixed,NO,23374,NO ,0.000000,0.000100,1.010000,0.990000,Middle,100.000000,765.000000,18.000000,0.000080,0.006358,0.000000,0.000000,0.000000,0.000000,1.000000,1.000000,1.100000,0.900000,0.006250,1.000000,0.000000,0,0.000000,YES,Default,1579.004478,0.000000,0.000000,0.000000,0.000000,0.000000,0.000000,0.000000,0.000000,0.000000,0.000000,0.000000,0.000000,0.000000,0.000000,1,100.000000,,,,,,,,,,,,,,,,,,,,,,
670,23374,23380,1,Transformer,Closed,Closed,NO,23374,Fixed,NO,23374,NO ,0.000000,0.000100,1.010000,0.990000,Middle,100.000000,765.000000,22.000000,0.000062,0.004891,0.000000,0.000000,0.000000,0.000000,1.000000,1.000000,1.100000,0.900000,0.006250,1.000000,0.000000,0,0.000000,YES,Default,1575.673962,0.000000,0.000000,0.000000,0.000000,0.000000,0.000000,0.000000,0.000000,0.000000,0.000000,0.000000,0.000000,0.000000,0.000000,1,100.000000,,,,,,,,,,,,,,,,,,,,,,
671,23374,23381,1,Transformer,Closed,Closed,NO,23374,Fixed,NO,23374,NO ,0.000000,0.000100,1.010000,0.990000,Middle,100.000000,765.000000,13.800000,0.000144,0.011308,0.000000,0.000000,0.000000,0.000000,1.000000,1.000000,1.100000,0.900000,0.006250,1.000000,0.000000,0,0.000000,YES,Default,1575.314713,0.000000,0.000000,0.000000,0.000000,0.000000,0.000000,0.000000,0.000000,0.000000,0.000000,0.000000,0.000000,0.000000,0.000000,1,100.000000,,,,,,,,,,,,,,,,,,,,,,
672,23374,23382,1,Transformer,Closed,Closed,NO,23374,Fixed,NO,23374,NO ,0.000000,0.000100,1.010000,0.990000,Middle,100.000000,765.000000,13.800000,0.000120,0.009674,0.000000,0.000000,0.000000,0.000000,1.000000,1.000000,1.100000,0.900000,0.006250,1.000000,0.000000,0,0.000000,YES,Default,1571.957207,0.000000,0.000000,0.000000,0.000000,0.000000,0.000000,0.000000,0.000000,0.000000,0.000000,0.000000,0.000000,0.000000,0.000000,1,100.000000,,,,,,,,,,,,,,,,,,,,,,
673,23374,23383,1,Transformer,Closed,Closed,NO,23374,Fixed,NO,23374,NO ,0.000000,0.000100,1.010000,0.990000,Middle,100.000000,765.000000,13.800000,0.000082,0.007330,0.000000,0.000000,0.000000,0.000000,1.000000,1.000000,1.100000,0.900000,0.006250,1.000000,0.000000,0,0.000000,YES,Default,1569.858551,0.000000,0.000000,0.000000,0.000000,0.000000,0.000000,0.000000,0.000000,0.000000,0.000000,0.000000,0.000000,0.000000,0.000000,1,100.000000,,,,,,,,,,,,,,,,,,,,,,
674,23374,23384,1,Transformer,Closed,Closed,NO,23374,Fixed,NO,23374,NO ,0.000000,0.000100,1.010000,0.990000,Middle,100.000000,765.000000,13.800000,0.000131,0.010429,0.000000,0.000000,0.000000,0.000000,1.000000,1.000000,1.100000,0.900000,0.006250,1.000000,0.000000,0,0.000000,YES,Default,1566.556835,0.000000,0.000000,0.000000,0.000000,0.000000,0.000000,0.000000,0.000000,0.000000,0.000000,0.000000,0.000000,0.000000,0.000000,1,100.000000,,,,,,,,,,,,,,,,,,,,,,
675,23376,23375,1,Transformer,Closed,Closed,NO,23376,Fixed,NO,23376,NO ,0.000000,0.000100,1.010000,0.990000,Middle,100.000000,138.000000,345.000000,0.000456,0.027676,0.000000,0.000000,0.000000,0.000000,1.000000,1.000000,1.100000,0.900000,0.006250,1.018750,0.000000,0,0.000000,YES,Default,548.631811,0.000000,0.000000,0.000000,0.000000,0.000000,0.000000,0.000000,0.000000,0.000000,0.000000,0.000000,0.000000,0.000000,0.000000,1,100.000000,,,,,,,,,,,,,,,,,,,,,,
676,23390,23389,1,Transformer,Closed,Closed,NO,23390,Fixed,NO,23390,NO ,0.000000,0.000100,1.010000,0.990000,Middle,100.000000,138.000000,345.000000,0.000538,0.033731,0.000000,0.000000,0.000000,0.000000,1.000000,1.000000,1.100000,0.900000,0.006250,1.000000,0.000000,0,0.000000,YES,Default,465.036535,0.000000,0.000000,0.000000,0.000000,0.000000,0.000000,0.000000,0.000000,0.000000,0.000000,0.000000,0.000000,0.000000,0.000000,1,100.000000,,,,,,,,,,,,,,,,,,,,,,
677,23392,23391,1,Transformer,Closed,Closed,NO,23392,LTC,YES,23392,NO ,0.000000,0.000100,1.074000,1.024000,Middle,100.000000,138.000000,345.000000,0.000600,0.032677,0.000000,0.000000,0.000000,0.000000,1.000000,1.000000,1.100000,0.900000,0.006250,1.006250,0.000000,0,0.000000,YES,Default,305.288100,0.000000,0.000000,0.000000,0.000000,0.000000,0.000000,0.000000,0.000000,0.000000,0.000000,0.000000,0.000000,0.000000,0.000000,1,100.000000,,,,,,,,,,,,,,,,,,,,,,
678,23391,23393,1,Transformer,Closed,Closed,NO,23391,Fixed,NO,23391,NO ,0.000000,0.000100,1.010000,0.990000,Middle,100.000000,345.000000,22.000000,0.000539,0.031248,0.000000,0.000000,0.000000,0.000000,1.000000,1.000000,1.100000,0.900000,0.006250,1.000000,0.000000,0,0.000000,YES,Default,319.175220,0.000000,0.000000,0.000000,0.000000,0.000000,0.000000,0.000000,0.000000,0.000000,0.000000,0.000000,0.000000,0.000000,0.000000,1,100.000000,,,,,,,,,,,,,,,,,,,,,,
679,23395,23396,1,Transformer,Closed,Closed,NO,23395,Fixed,NO,23395,NO ,0.000000,0.000100,1.010000,0.990000,Middle,100.000000,138.000000,13.800000,0.004575,0.146579,0.000000,0.000000,0.000000,0.000000,1.000000,1.000000,1.100000,0.900000,0.006250,1.000000,0.000000,0,0.000000,YES,Default,92.921728,0.000000,0.000000,0.000000,0.000000,0.000000,0.000000,0.000000,0.000000,0.000000,0.000000,0.000000,0.000000,0.000000,0.000000,1,100.000000,,,,,,,,,,,,,,,,,,,,,,
680,23398,23399,1,Transformer,Closed,Closed,NO,23398,Fixed,NO,23398,NO ,0.000000,0.000100,1.010000,0.990000,Middle,100.000000,138.000000,13.800000,0.005896,0.185374,0.000000,0.000000,0.000000,0.000000,1.000000,1.000000,1.100000,0.900000,0.006250,1.000000,0.000000,0,0.000000,YES,Default,63.835400,0.000000,0.000000,0.000000,0.000000,0.000000,0.000000,0.000000,0.000000,0.000000,0.000000,0.000000,0.000000,0.000000,0.000000,1,100.000000,,,,,,,,,,,,,,,,,,,,,,
681,23398,23400,1,Transformer,Closed,Closed,NO,23398,Fixed,NO,23398,NO ,0.000000,0.000100,1.010000,0.990000,Middle,100.000000,138.000000,24.000000,0.010634,0.252993,0.000000,0.000000,0.000000,0.000000,1.000000,1.000000,1.100000,0.900000,0.006250,1.000000,0.000000,0,0.000000,YES,Default,62.987715,0.000000,0.000000,0.000000,0.000000,0.000000,0.000000,0.000000,0.000000,0.000000,0.000000,0.000000,0.000000,0.000000,0.000000,1,100.000000,,,,,,,,,,,,,,,,,,,,,,
682,23398,23401,1,Transformer,Closed,Closed,NO,23398,Fixed,NO,23398,NO ,0.000000,0.000100,1.010000,0.990000,Middle,100.000000,138.000000,13.800000,0.004315,0.168513,0.000000,0.000000,0.000000,0.000000,1.000000,1.000000,1.100000,0.900000,0.006250,1.000000,0.000000,0,0.000000,YES,Default,62.526345,0.000000,0.000000,0.000000,0.000000,0.000000,0.000000,0.000000,0.000000,0.000000,0.000000,0.000000,0.000000,0.000000,0.000000,1,100.000000,,,,,,,,,,,,,,,,,,,,,,
683,23402,23403,1,Transformer,Closed,Closed,NO,23402,Fixed,NO,23402,NO ,0.000000,0.000100,1.010000,0.990000,Middle,100.000000,138.000000,13.800000,0.003393,0.118308,0.000000,0.000000,0.000000,0.000000,1.000000,1.000000,1.100000,0.900000,0.006250,1.037500,0.000000,0,0.000000,YES,Default,80.104685,0.000000,0.000000,0.000000,0.000000,0.000000,0.000000,0.000000,0.000000,0.000000,0.000000,0.000000,0.000000,0.000000,0.000000,1,100.000000,,,,,,,,,,,,,,,,,,,,,,
684,23407,23406,1,Transformer,Closed,Closed,NO,23407,Fixed,NO,23407,NO ,0.000000,0.000100,1.010000,0.990000,Middle,100.000000,138.000000,345.000000,0.000217,0.012419,0.000000,0.000000,0.000000,0.000000,1.000000,1.000000,1.100000,0.900000,0.006250,1.000000,0.000000,0,0.000000,YES,Default,542.836428,0.000000,0.000000,0.000000,0.000000,0.000000,0.000000,0.000000,0.000000,0.000000,0.000000,0.000000,0.000000,0.000000,0.000000,1,100.000000,,,,,,,,,,,,,,,,,,,,,,
685,23410,23409,1,Transformer,Closed,Closed,NO,23410,Fixed,NO,23410,NO ,0.000000,0.000100,1.010000,0.990000,Middle,100.000000,138.000000,345.000000,0.000485,0.025626,0.000000,0.000000,0.000000,0.000000,1.000000,1.000000,1.100000,0.900000,0.006250,1.000000,0.000000,0,0.000000,YES,Default,325.348282,0.000000,0.000000,0.000000,0.000000,0.000000,0.000000,0.000000,0.000000,0.000000,0.000000,0.000000,0.000000,0.000000,0.000000,1,100.000000,,,,,,,,,,,,,,,,,,,,,,
686,23409,23411,1,Transformer,Closed,Closed,NO,23409,Fixed,NO,23409,NO ,0.000000,0.000100,1.010000,0.990000,Middle,100.000000,345.000000,13.800000,0.000272,0.020153,0.000000,0.000000,0.000000,0.000000,1.000000,1.000000,1.100000,0.900000,0.006250,1.006250,0.000000,0,0.000000,YES,Default,520.900774,0.000000,0.000000,0.000000,0.000000,0.000000,0.000000,0.000000,0.000000,0.000000,0.000000,0.000000,0.000000,0.000000,0.000000,1,100.000000,,,,,,,,,,,,,,,,,,,,,,
687,23412,23417,1,Transformer,Closed,Closed,NO,23412,Fixed,NO,23412,NO ,0.000000,0.000100,1.010000,0.990000,Middle,100.000000,765.000000,24.000000,0.000096,0.008311,0.000000,0.000000,0.000000,0.000000,1.000000,1.000000,1.100000,0.900000,0.006250,0.993750,0.000000,0,0.000000,YES,Default,1713.945961,0.000000,0.000000,0.000000,0.000000,0.000000,0.000000,0.000000,0.000000,0.000000,0.000000,0.000000,0.000000,0.000000,0.000000,1,100.000000,,,,,,,,,,,,,,,,,,,,,,
688,23412,23418,1,Transformer,Closed,Closed,NO,23412,Fixed,NO,23412,NO ,0.000000,0.000100,1.010000,0.990000,Middle,100.000000,765.000000,24.000000,0.000141,0.011058,0.000000,0.000000,0.000000,0.000000,1.000000,1.000000,1.100000,0.900000,0.006250,0.993750,0.000000,0,0.000000,YES,Default,1711.243248,0.000000,0.000000,0.000000,0.000000,0.000000,0.000000,0.000000,0.000000,0.000000,0.000000,0.000000,0.000000,0.000000,0.000000,1,100.000000,,,,,,,,,,,,,,,,,,,,,,
689,23412,23419,1,Transformer,Closed,Closed,NO,23412,Fixed,NO,23412,NO ,0.000000,0.000100,1.010000,0.990000,Middle,100.000000,765.000000,18.000000,0.000072,0.004946,0.000000,0.000000,0.000000,0.000000,1.000000,1.000000,1.100000,0.900000,0.006250,0.993750,0.000000,0,0.000000,YES,Default,1711.042976,0.000000,0.000000,0.000000,0.000000,0.000000,0.000000,0.000000,0.000000,0.000000,0.000000,0.000000,0.000000,0.000000,0.000000,1,100.000000,,,,,,,,,,,,,,,,,,,,,,
690,23414,23413,1,Transformer,Closed,Closed,NO,23414,Fixed,NO,23414,NO ,0.000000,0.000100,1.010000,0.990000,Middle,100.000000,138.000000,345.000000,0.000629,0.036015,0.000000,0.000000,0.000000,0.000000,1.000000,1.000000,1.100000,0.900000,0.006250,1.000000,0.000000,0,0.000000,YES,Default,379.751444,0.000000,0.000000,0.000000,0.000000,0.000000,0.000000,0.000000,0.000000,0.000000,0.000000,0.000000,0.000000,0.000000,0.000000,1,100.000000,,,,,,,,,,,,,,,,,,,,,,
691,23432,23431,1,Transformer,Closed,Closed,NO,23432,Fixed,NO,23432,NO ,0.000000,0.000100,1.010000,0.990000,Middle,100.000000,345.000000,765.000000,0.000101,0.007556,0.000000,0.000000,0.000000,0.000000,1.000000,1.000000,1.100000,0.900000,0.006250,1.012500,0.000000,0,0.000000,YES,Default,1568.500137,0.000000,0.000000,0.000000,0.000000,0.000000,0.000000,0.000000,0.000000,0.000000,0.000000,0.000000,0.000000,0.000000,0.000000,1,100.000000,,,,,,,,,,,,,,,,,,,,,,
692,23431,23434,1,Transformer,Closed,Closed,NO,23431,Fixed,NO,23431,NO ,0.000000,0.000100,1.010000,0.990000,Middle,100.000000,765.000000,18.000000,0.000093,0.006709,0.000000,0.000000,0.000000,0.000000,1.000000,1.000000,1.100000,0.900000,0.006250,1.000000,0.000000,0,0.000000,YES,Default,1436.704540,0.000000,0.000000,0.000000,0.000000,0.000000,0.000000,0.000000,0.000000,0.000000,0.000000,0.000000,0.000000,0.000000,0.000000,1,100.000000,,,,,,,,,,,,,,,,,,,,,,
693,23431,23435,1,Transformer,Closed,Closed,NO,23431,Fixed,NO,23431,NO ,0.000000,0.000100,1.010000,0.990000,Middle,100.000000,765.000000,13.800000,0.000126,0.009872,0.000000,0.000000,0.000000,0.000000,1.000000,1.000000,1.100000,0.900000,0.006250,1.000000,0.000000,0,0.000000,YES,Default,1214.300537,0.000000,0.000000,0.000000,0.000000,0.000000,0.000000,0.000000,0.000000,0.000000,0.000000,0.000000,0.000000,0.000000,0.000000,1,100.000000,,,,,,,,,,,,,,,,,,,,,,
694,23433,23432,1,Transformer,Closed,Closed,NO,23433,Fixed,NO,23433,NO ,0.000000,0.000100,1.010000,0.990000,Middle,100.000000,138.000000,345.000000,0.000414,0.026441,0.000000,0.000000,0.000000,0.000000,1.000000,1.000000,1.100000,0.900000,0.006250,1.025000,0.000000,0,0.000000,YES,Default,504.562378,0.000000,0.000000,0.000000,0.000000,0.000000,0.000000,0.000000,0.000000,0.000000,0.000000,0.000000,0.000000,0.000000,0.000000,1,100.000000,,,,,,,,,,,,,,,,,,,,,,
695,23437,23436,1,Transformer,Closed,Closed,NO,23437,Fixed,NO,23437,NO ,0.000000,0.000100,1.010000,0.990000,Middle,100.000000,138.000000,345.000000,0.000458,0.030187,0.000000,0.000000,0.000000,0.000000,1.000000,1.000000,1.100000,0.900000,0.006250,1.000000,0.000000,0,0.000000,YES,Default,417.897701,0.000000,0.000000,0.000000,0.000000,0.000000,0.000000,0.000000,0.000000,0.000000,0.000000,0.000000,0.000000,0.000000,0.000000,1,100.000000,,,,,,,,,,,,,,,,,,,,,,
696,23443,23442,1,Transformer,Closed,Closed,NO,23443,Fixed,NO,23443,NO ,0.000000,0.000100,1.010000,0.990000,Middle,100.000000,345.000000,765.000000,0.000142,0.010497,0.000000,0.000000,0.000000,0.000000,1.000000,1.000000,1.100000,0.900000,0.006250,1.000000,0.000000,0,0.000000,YES,Default,1429.525280,0.000000,0.000000,0.000000,0.000000,0.000000,0.000000,0.000000,0.000000,0.000000,0.000000,0.000000,0.000000,0.000000,0.000000,1,100.000000,,,,,,,,,,,,,,,,,,,,,,
697,23442,23445,1,Transformer,Closed,Closed,NO,23442,Fixed,NO,23442,NO ,0.000000,0.000100,1.010000,0.990000,Middle,100.000000,765.000000,13.800000,0.000103,0.008336,0.000000,0.000000,0.000000,0.000000,1.000000,1.000000,1.100000,0.900000,0.006250,1.037500,0.000000,0,0.000000,YES,Default,1195.236683,0.000000,0.000000,0.000000,0.000000,0.000000,0.000000,0.000000,0.000000,0.000000,0.000000,0.000000,0.000000,0.000000,0.000000,1,100.000000,,,,,,,,,,,,,,,,,,,,,,
698,23442,23446,1,Transformer,Closed,Closed,NO,23442,Fixed,NO,23442,NO ,0.000000,0.000100,1.010000,0.990000,Middle,100.000000,765.000000,13.800000,0.000167,0.013961,0.000000,0.000000,0.000000,0.000000,1.000000,1.000000,1.100000,0.900000,0.006250,1.043750,0.000000,0,0.000000,YES,Default,1193.759727,0.000000,0.000000,0.000000,0.000000,0.000000,0.000000,0.000000,0.000000,0.000000,0.000000,0.000000,0.000000,0.000000,0.000000,1,100.000000,,,,,,,,,,,,,,,,,,,,,,
699,23442,23447,1,Transformer,Closed,Closed,NO,23442,Fixed,NO,23442,NO ,0.000000,0.000100,1.010000,0.990000,Middle,100.000000,765.000000,13.800000,0.000102,0.009602,0.000000,0.000000,0.000000,0.000000,1.000000,1.000000,1.100000,0.900000,0.006250,1.043750,0.000000,0,0.000000,YES,Default,1192.708015,0.000000,0.000000,0.000000,0.000000,0.000000,0.000000,0.000000,0.000000,0.000000,0.000000,0.000000,0.000000,0.000000,0.000000,1,100.000000,,,,,,,,,,,,,,,,,,,,,,
700,23444,23443,1,Transformer,Closed,Closed,NO,23444,Fixed,NO,23444,NO ,0.000000,0.000100,1.010000,0.990000,Middle,100.000000,138.000000,345.000000,0.000407,0.026947,0.000000,0.000000,0.000000,0.000000,1.000000,1.000000,1.100000,0.900000,0.006250,1.000000,0.000000,0,0.000000,YES,Default,490.012312,0.000000,0.000000,0.000000,0.000000,0.000000,0.000000,0.000000,0.000000,0.000000,0.000000,0.000000,0.000000,0.000000,0.000000,1,100.000000,,,,,,,,,,,,,,,,,,,,,,
701,23451,23450,1,Transformer,Closed,Closed,NO,23451,Fixed,NO,23451,NO ,0.000000,0.000100,1.010000,0.990000,Middle,100.000000,345.000000,765.000000,0.000119,0.009356,0.000000,0.000000,0.000000,0.000000,1.000000,1.000000,1.100000,0.900000,0.006250,1.000000,0.000000,0,0.000000,YES,Default,1455.047989,0.000000,0.000000,0.000000,0.000000,0.000000,0.000000,0.000000,0.000000,0.000000,0.000000,0.000000,0.000000,0.000000,0.000000,1,100.000000,,,,,,,,,,,,,,,,,,,,,,
702,23450,23453,1,Transformer,Closed,Closed,NO,23450,Fixed,NO,23450,NO ,0.000000,0.000100,1.010000,0.990000,Middle,100.000000,765.000000,13.800000,0.000118,0.009020,0.000000,0.000000,0.000000,0.000000,1.000000,1.000000,1.100000,0.900000,0.006250,1.000000,0.000000,0,0.000000,YES,Default,1358.868313,0.000000,0.000000,0.000000,0.000000,0.000000,0.000000,0.000000,0.000000,0.000000,0.000000,0.000000,0.000000,0.000000,0.000000,1,100.000000,,,,,,,,,,,,,,,,,,,,,,
703,23450,23454,1,Transformer,Closed,Closed,NO,23450,Fixed,NO,23450,NO ,0.000000,0.000100,1.010000,0.990000,Middle,100.000000,765.000000,18.000000,0.000128,0.009952,0.000000,0.000000,0.000000,0.000000,1.000000,1.000000,1.100000,0.900000,0.006250,1.000000,0.000000,0,0.000000,YES,Default,1357.486820,0.000000,0.000000,0.000000,0.000000,0.000000,0.000000,0.000000,0.000000,0.000000,0.000000,0.000000,0.000000,0.000000,0.000000,1,100.000000,,,,,,,,,,,,,,,,,,,,,,
704,23450,23455,1,Transformer,Closed,Closed,NO,23450,Fixed,NO,23450,NO ,0.000000,0.000100,1.010000,0.990000,Middle,100.000000,765.000000,13.800000,0.000244,0.017266,0.000000,0.000000,0.000000,0.000000,1.000000,1.000000,1.100000,0.900000,0.006250,1.000000,0.000000,0,0.000000,YES,Default,825.184250,0.000000,0.000000,0.000000,0.000000,0.000000,0.000000,0.000000,0.000000,0.000000,0.000000,0.000000,0.000000,0.000000,0.000000,1,100.000000,,,,,,,,,,,,,,,,,,,,,,
705,23452,23451,1,Transformer,Closed,Closed,NO,23452,Fixed,NO,23452,NO ,0.000000,0.000100,1.010000,0.990000,Middle,100.000000,138.000000,345.000000,0.000456,0.027939,0.000000,0.000000,0.000000,0.000000,1.000000,1.000000,1.100000,0.900000,0.006250,1.000000,0.000000,0,0.000000,YES,Default,405.160856,0.000000,0.000000,0.000000,0.000000,0.000000,0.000000,0.000000,0.000000,0.000000,0.000000,0.000000,0.000000,0.000000,0.000000,1,100.000000,,,,,,,,,,,,,,,,,,,,,,
706,23451,23456,1,Transformer,Closed,Closed,NO,23451,Fixed,NO,23451,NO ,0.000000,0.000100,1.010000,0.990000,Middle,100.000000,345.000000,13.800000,0.000748,0.051336,0.000000,0.000000,0.000000,0.000000,1.000000,1.000000,1.100000,0.900000,0.006250,1.000000,0.000000,0,0.000000,YES,Default,270.548654,0.000000,0.000000,0.000000,0.000000,0.000000,0.000000,0.000000,0.000000,0.000000,0.000000,0.000000,0.000000,0.000000,0.000000,1,100.000000,,,,,,,,,,,,,,,,,,,,,,
707,23470,23471,1,Transformer,Closed,Closed,NO,23470,Fixed,NO,23470,NO ,0.000000,0.000100,1.010000,0.990000,Middle,100.000000,138.000000,13.800000,0.003679,0.092559,0.000000,0.000000,0.000000,0.000000,1.000000,1.000000,1.100000,0.900000,0.006250,1.000000,0.000000,0,0.000000,YES,Default,72.954524,0.000000,0.000000,0.000000,0.000000,0.000000,0.000000,0.000000,0.000000,0.000000,0.000000,0.000000,0.000000,0.000000,0.000000,1,100.000000,,,,,,,,,,,,,,,,,,,,,,
708,23473,23477,1,Transformer,Closed,Closed,NO,23473,Fixed,NO,23473,NO ,0.000000,0.000100,1.010000,0.990000,Middle,100.000000,345.000000,13.800000,0.000733,0.043813,0.000000,0.000000,0.000000,0.000000,1.000000,1.000000,1.100000,0.900000,0.006250,1.031250,0.000000,0,0.000000,YES,Default,331.500983,0.000000,0.000000,0.000000,0.000000,0.000000,0.000000,0.000000,0.000000,0.000000,0.000000,0.000000,0.000000,0.000000,0.000000,1,100.000000,,,,,,,,,,,,,,,,,,,,,,
709,23473,23478,1,Transformer,Closed,Closed,NO,23473,Fixed,NO,23473,NO ,0.000000,0.000100,1.010000,0.990000,Middle,100.000000,345.000000,13.800000,0.000446,0.028385,0.000000,0.000000,0.000000,0.000000,1.000000,1.000000,1.100000,0.900000,0.006250,1.037500,0.000000,0,0.000000,YES,Default,413.186026,0.000000,0.000000,0.000000,0.000000,0.000000,0.000000,0.000000,0.000000,0.000000,0.000000,0.000000,0.000000,0.000000,0.000000,1,100.000000,,,,,,,,,,,,,,,,,,,,,,
710,23473,23479,1,Transformer,Closed,Closed,NO,23473,Fixed,NO,23473,NO ,0.000000,0.000100,1.010000,0.990000,Middle,100.000000,345.000000,13.800000,0.001034,0.055348,0.000000,0.000000,0.000000,0.000000,1.000000,1.000000,1.100000,0.900000,0.006250,1.025000,0.000000,0,0.000000,YES,Default,271.876550,0.000000,0.000000,0.000000,0.000000,0.000000,0.000000,0.000000,0.000000,0.000000,0.000000,0.000000,0.000000,0.000000,0.000000,1,100.000000,,,,,,,,,,,,,,,,,,,,,,
711,23474,23480,1,Transformer,Closed,Closed,NO,23474,Fixed,NO,23474,NO ,0.000000,0.000100,1.010000,0.990000,Middle,100.000000,138.000000,13.800000,0.024365,0.668840,0.000000,0.000000,0.000000,0.000000,1.000000,1.000000,1.100000,0.900000,0.006250,1.000000,0.000000,0,0.000000,YES,Default,22.040686,0.000000,0.000000,0.000000,0.000000,0.000000,0.000000,0.000000,0.000000,0.000000,0.000000,0.000000,0.000000,0.000000,0.000000,1,100.000000,,,,,,,,,,,,,,,,,,,,,,
712,23474,23481,1,Transformer,Closed,Closed,NO,23474,Fixed,NO,23474,NO ,0.000000,0.000100,1.010000,0.990000,Middle,100.000000,138.000000,13.800000,0.021033,0.591230,0.000000,0.000000,0.000000,0.000000,1.000000,1.000000,1.100000,0.900000,0.006250,1.000000,0.000000,0,0.000000,YES,Default,21.840000,0.000000,0.000000,0.000000,0.000000,0.000000,0.000000,0.000000,0.000000,0.000000,0.000000,0.000000,0.000000,0.000000,0.000000,1,100.000000,,,,,,,,,,,,,,,,,,,,,,
713,23483,23482,1,Transformer,Closed,Closed,NO,23483,Fixed,NO,23483,NO ,0.000000,0.000100,1.010000,0.990000,Middle,100.000000,138.000000,345.000000,0.000554,0.027981,0.000000,0.000000,0.000000,0.000000,1.000000,1.000000,1.100000,0.900000,0.006250,1.000000,0.000000,0,0.000000,YES,Default,401.362324,0.000000,0.000000,0.000000,0.000000,0.000000,0.000000,0.000000,0.000000,0.000000,0.000000,0.000000,0.000000,0.000000,0.000000,1,100.000000,,,,,,,,,,,,,,,,,,,,,,
714,23483,23487,1,Transformer,Closed,Closed,NO,23483,Fixed,NO,23483,NO ,0.000000,0.000100,1.010000,0.990000,Middle,100.000000,138.000000,13.800000,0.003527,0.098726,0.000000,0.000000,0.000000,0.000000,1.000000,1.000000,1.100000,0.900000,0.006250,1.000000,0.000000,0,0.000000,YES,Default,85.664886,0.000000,0.000000,0.000000,0.000000,0.000000,0.000000,0.000000,0.000000,0.000000,0.000000,0.000000,0.000000,0.000000,0.000000,1,100.000000,,,,,,,,,,,,,,,,,,,,,,
715,23494,23493,1,Transformer,Closed,Closed,NO,23494,LTC,YES,23494,NO ,0.000000,0.000100,1.076000,1.026000,Middle,100.000000,138.000000,345.000000,0.000357,0.021273,0.000000,0.000000,0.000000,0.000000,1.000000,1.000000,1.100000,0.900000,0.006250,1.006250,0.000000,0,0.000000,YES,Default,299.822903,0.000000,0.000000,0.000000,0.000000,0.000000,0.000000,0.000000,0.000000,0.000000,0.000000,0.000000,0.000000,0.000000,0.000000,1,100.000000,,,,,,,,,,,,,,,,,,,,,,
716,23501,23500,1,Transformer,Closed,Closed,NO,23501,Fixed,NO,23501,NO ,0.000000,0.000100,1.010000,0.990000,Middle,100.000000,138.000000,345.000000,0.000610,0.031641,0.000000,0.000000,0.000000,0.000000,1.000000,1.000000,1.100000,0.900000,0.006250,1.000000,0.000000,0,0.000000,YES,Default,426.514673,0.000000,0.000000,0.000000,0.000000,0.000000,0.000000,0.000000,0.000000,0.000000,0.000000,0.000000,0.000000,0.000000,0.000000,1,100.000000,,,,,,,,,,,,,,,,,,,,,,
717,23505,23510,1,Transformer,Closed,Closed,NO,23505,Fixed,NO,23505,NO ,0.000000,0.000100,1.010000,0.990000,Middle,100.000000,765.000000,13.800000,0.000092,0.007777,0.000000,0.000000,0.000000,0.000000,1.000000,1.000000,1.100000,0.900000,0.006250,1.000000,0.000000,0,0.000000,YES,Default,1550.306892,0.000000,0.000000,0.000000,0.000000,0.000000,0.000000,0.000000,0.000000,0.000000,0.000000,0.000000,0.000000,0.000000,0.000000,1,100.000000,,,,,,,,,,,,,,,,,,,,,,
718,23505,23511,1,Transformer,Closed,Closed,NO,23505,Fixed,NO,23505,NO ,0.000000,0.000100,1.010000,0.990000,Middle,100.000000,765.000000,18.000000,0.000138,0.010948,0.000000,0.000000,0.000000,0.000000,1.000000,1.000000,1.100000,0.900000,0.006250,1.000000,0.000000,0,0.000000,YES,Default,1547.960663,0.000000,0.000000,0.000000,0.000000,0.000000,0.000000,0.000000,0.000000,0.000000,0.000000,0.000000,0.000000,0.000000,0.000000,1,100.000000,,,,,,,,,,,,,,,,,,,,,,
719,23505,23512,1,Transformer,Closed,Closed,NO,23505,Fixed,NO,23505,NO ,0.000000,0.000100,1.010000,0.990000,Middle,100.000000,765.000000,18.000000,0.000086,0.007227,0.000000,0.000000,0.000000,0.000000,1.000000,1.000000,1.100000,0.900000,0.006250,1.000000,0.000000,0,0.000000,YES,Default,1547.915554,0.000000,0.000000,0.000000,0.000000,0.000000,0.000000,0.000000,0.000000,0.000000,0.000000,0.000000,0.000000,0.000000,0.000000,1,100.000000,,,,,,,,,,,,,,,,,,,,,,
720,23505,23513,1,Transformer,Closed,Closed,NO,23505,Fixed,NO,23505,NO ,0.000000,0.000100,1.010000,0.990000,Middle,100.000000,765.000000,13.800000,0.000150,0.013825,0.000000,0.000000,0.000000,0.000000,1.000000,1.000000,1.100000,0.900000,0.006250,1.000000,0.000000,0,0.000000,YES,Default,772.056007,0.000000,0.000000,0.000000,0.000000,0.000000,0.000000,0.000000,0.000000,0.000000,0.000000,0.000000,0.000000,0.000000,0.000000,1,100.000000,,,,,,,,,,,,,,,,,,,,,,
721,23507,23506,1,Transformer,Closed,Closed,NO,23507,LTC,YES,23507,NO ,0.000000,0.000100,1.076000,1.026000,Middle,100.000000,138.000000,345.000000,0.000391,0.026613,0.000000,0.000000,0.000000,0.000000,1.000000,1.000000,1.100000,0.900000,0.006250,1.006250,0.000000,0,0.000000,YES,Default,395.466518,0.000000,0.000000,0.000000,0.000000,0.000000,0.000000,0.000000,0.000000,0.000000,0.000000,0.000000,0.000000,0.000000,0.000000,1,100.000000,,,,,,,,,,,,,,,,,,,,,,
722,25005,25004,1,Transformer,Closed,Closed,NO,25005,LTC,YES,25005,NO ,0.000000,0.000100,1.075000,1.025000,Middle,100.000000,138.000000,345.000000,0.000430,0.031793,0.000000,0.000000,0.000000,0.000000,1.000000,1.000000,1.100000,0.900000,0.006250,1.006250,0.000000,0,0.000000,YES,Default,423.478794,0.000000,0.000000,0.000000,0.000000,0.000000,0.000000,0.000000,0.000000,0.000000,0.000000,0.000000,0.000000,0.000000,0.000000,1,100.000000,,,,,,,,,,,,,,,,,,,,,,
723,25031,25030,1,Transformer,Closed,Closed,NO,25031,LTC,YES,25031,NO ,0.000000,0.000100,1.071000,1.021000,Middle,100.000000,138.000000,345.000000,0.000511,0.031891,0.000000,0.000000,0.000000,0.000000,1.000000,1.000000,1.100000,0.900000,0.006250,1.012500,0.000000,0,0.000000,YES,Default,461.626863,0.000000,0.000000,0.000000,0.000000,0.000000,0.000000,0.000000,0.000000,0.000000,0.000000,0.000000,0.000000,0.000000,0.000000,1,100.000000,,,,,,,,,,,,,,,,,,,,,,
724,25065,25064,1,Transformer,Closed,Closed,NO,25065,LTC,YES,25065,NO ,0.000000,0.000100,1.066000,1.016000,Middle,100.000000,138.000000,345.000000,0.000742,0.040590,0.000000,0.000000,0.000000,0.000000,1.000000,1.000000,1.100000,0.900000,0.006250,1.025000,0.000000,0,0.000000,YES,Default,411.930656,0.000000,0.000000,0.000000,0.000000,0.000000,0.000000,0.000000,0.000000,0.000000,0.000000,0.000000,0.000000,0.000000,0.000000,1,100.000000,,,,,,,,,,,,,,,,,,,,,,
725,25104,25103,1,Transformer,Closed,Closed,NO,25104,Fixed,NO,25104,NO ,0.000000,0.000100,1.010000,0.990000,Middle,100.000000,138.000000,345.000000,0.000261,0.017986,0.000000,0.000000,0.000000,0.000000,1.000000,1.000000,1.100000,0.900000,0.006250,1.000000,0.000000,0,0.000000,YES,Default,508.533812,0.000000,0.000000,0.000000,0.000000,0.000000,0.000000,0.000000,0.000000,0.000000,0.000000,0.000000,0.000000,0.000000,0.000000,1,100.000000,,,,,,,,,,,,,,,,,,,,,,
726,25109,25108,1,Transformer,Closed,Closed,NO,25109,LTC,YES,25109,NO ,0.000000,0.000100,1.065000,1.015000,Middle,100.000000,138.000000,345.000000,0.000211,0.014577,0.000000,0.000000,0.000000,0.000000,1.000000,1.000000,1.100000,0.900000,0.006250,1.006250,0.000000,0,0.000000,YES,Default,393.862033,0.000000,0.000000,0.000000,0.000000,0.000000,0.000000,0.000000,0.000000,0.000000,0.000000,0.000000,0.000000,0.000000,0.000000,1,100.000000,,,,,,,,,,,,,,,,,,,,,,
727,25139,25138,1,Transformer,Closed,Closed,NO,25139,LTC,YES,25139,NO ,0.000000,0.000100,1.070000,1.020000,Middle,100.000000,138.000000,345.000000,0.000803,0.030005,0.000000,0.000000,0.000000,0.000000,1.000000,1.000000,1.100000,0.900000,0.006250,1.012500,0.000000,0,0.000000,YES,Default,384.878707,0.000000,0.000000,0.000000,0.000000,0.000000,0.000000,0.000000,0.000000,0.000000,0.000000,0.000000,0.000000,0.000000,0.000000,1,100.000000,,,,,,,,,,,,,,,,,,,,,,
728,25143,25142,1,Transformer,Closed,Closed,NO,25143,Fixed,NO,25143,NO ,0.000000,0.000100,1.010000,0.990000,Middle,100.000000,138.000000,345.000000,0.000518,0.028988,0.000000,0.000000,0.000000,0.000000,1.000000,1.000000,1.100000,0.900000,0.006250,1.012500,0.000000,0,0.000000,YES,Default,431.997776,0.000000,0.000000,0.000000,0.000000,0.000000,0.000000,0.000000,0.000000,0.000000,0.000000,0.000000,0.000000,0.000000,0.000000,1,100.000000,,,,,,,,,,,,,,,,,,,,,,
729,25169,25168,1,Transformer,Closed,Closed,NO,25169,LTC,YES,25169,NO ,0.000000,0.000100,1.065000,1.015000,Middle,100.000000,138.000000,345.000000,0.000501,0.038608,0.000000,0.000000,0.000000,0.000000,1.000000,1.000000,1.100000,0.900000,0.006250,1.012500,0.000000,0,0.000000,YES,Default,362.231851,0.000000,0.000000,0.000000,0.000000,0.000000,0.000000,0.000000,0.000000,0.000000,0.000000,0.000000,0.000000,0.000000,0.000000,1,100.000000,,,,,,,,,,,,,,,,,,,,,,
730,25185,25184,1,Transformer,Closed,Closed,NO,25185,Fixed,NO,25185,NO ,0.000000,0.000100,1.010000,0.990000,Middle,100.000000,138.000000,345.000000,0.000408,0.024777,0.000000,0.000000,0.000000,0.000000,1.000000,1.000000,1.100000,0.900000,0.006250,1.012500,0.000000,0,0.000000,YES,Default,503.800058,0.000000,0.000000,0.000000,0.000000,0.000000,0.000000,0.000000,0.000000,0.000000,0.000000,0.000000,0.000000,0.000000,0.000000,1,100.000000,,,,,,,,,,,,,,,,,,,,,,
731,25195,25194,1,Transformer,Closed,Closed,NO,25195,LTC,YES,25195,NO ,0.000000,0.000100,1.065000,1.015000,Middle,100.000000,138.000000,345.000000,0.000471,0.025920,0.000000,0.000000,0.000000,0.000000,1.000000,1.000000,1.100000,0.900000,0.006250,1.100000,0.000000,0,0.000000,YES,Default,543.126154,0.000000,0.000000,0.000000,0.000000,0.000000,0.000000,0.000000,0.000000,0.000000,0.000000,0.000000,0.000000,0.000000,0.000000,1,100.000000,,,,,,,,,,,,,,,,,,,,,,
732,25198,25197,1,Transformer,Closed,Closed,NO,25198,Fixed,NO,25198,NO ,0.000000,0.000100,1.010000,0.990000,Middle,100.000000,138.000000,345.000000,0.000594,0.027390,0.000000,0.000000,0.000000,0.000000,1.000000,1.000000,1.100000,0.900000,0.006250,1.000000,0.000000,0,0.000000,YES,Default,485.089779,0.000000,0.000000,0.000000,0.000000,0.000000,0.000000,0.000000,0.000000,0.000000,0.000000,0.000000,0.000000,0.000000,0.000000,1,100.000000,,,,,,,,,,,,,,,,,,,,,,
733,25267,25266,1,Transformer,Closed,Closed,NO,25267,LTC,YES,25267,NO ,0.000000,0.000100,1.067000,1.017000,Middle,100.000000,138.000000,345.000000,0.000339,0.019275,0.000000,0.000000,0.000000,0.000000,1.000000,1.000000,1.100000,0.900000,0.006250,1.043750,0.000000,0,0.000000,YES,Default,568.012047,0.000000,0.000000,0.000000,0.000000,0.000000,0.000000,0.000000,0.000000,0.000000,0.000000,0.000000,0.000000,0.000000,0.000000,1,100.000000,,,,,,,,,,,,,,,,,,,,,,
734,25288,25287,1,Transformer,Closed,Closed,NO,25288,Fixed,NO,25288,NO ,0.000000,0.000100,1.010000,0.990000,Middle,100.000000,138.000000,345.000000,0.000498,0.032225,0.000000,0.000000,0.000000,0.000000,1.000000,1.000000,1.100000,0.900000,0.006250,1.000000,0.000000,0,0.000000,YES,Default,495.537424,0.000000,0.000000,0.000000,0.000000,0.000000,0.000000,0.000000,0.000000,0.000000,0.000000,0.000000,0.000000,0.000000,0.000000,1,100.000000,,,,,,,,,,,,,,,,,,,,,,
735,25303,25302,1,Transformer,Closed,Closed,NO,25303,LTC,YES,25303,NO ,0.000000,0.000100,1.069000,1.019000,Middle,100.000000,138.000000,345.000000,0.000336,0.025091,0.000000,0.000000,0.000000,0.000000,1.000000,1.000000,1.100000,0.900000,0.006250,1.037500,0.000000,0,0.000000,YES,Default,533.214998,0.000000,0.000000,0.000000,0.000000,0.000000,0.000000,0.000000,0.000000,0.000000,0.000000,0.000000,0.000000,0.000000,0.000000,1,100.000000,,,,,,,,,,,,,,,,,,,,,,
736,25310,25309,1,Transformer,Closed,Closed,NO,25310,LTC,YES,25310,NO ,0.000000,0.000100,1.072000,1.022000,Middle,100.000000,138.000000,345.000000,0.000299,0.019785,0.000000,0.000000,0.000000,0.000000,1.000000,1.000000,1.100000,0.900000,0.006250,1.018750,0.000000,0,0.000000,YES,Default,632.155275,0.000000,0.000000,0.000000,0.000000,0.000000,0.000000,0.000000,0.000000,0.000000,0.000000,0.000000,0.000000,0.000000,0.000000,1,100.000000,,,,,,,,,,,,,,,,,,,,,,
737,25310,25309,2,Transformer,Closed,Closed,NO,25310,Fixed,NO,25310,NO ,0.000000,0.000100,1.010000,0.990000,Middle,100.000000,138.000000,345.000000,0.000299,0.019785,0.000000,0.000000,0.000000,0.000000,1.000000,1.000000,1.100000,0.900000,0.006250,1.018750,0.000000,0,0.000000,YES,Default,632.155275,0.000000,0.000000,0.000000,0.000000,0.000000,0.000000,0.000000,0.000000,0.000000,0.000000,0.000000,0.000000,0.000000,0.000000,1,100.000000,,,,,,,,,,,,,,,,,,,,,,
738,25310,25309,3,Transformer,Closed,Closed,NO,25310,LTC,YES,25310,NO ,0.000000,0.000100,1.072000,1.022000,Middle,100.000000,138.000000,345.000000,0.000299,0.019785,0.000000,0.000000,0.000000,0.000000,1.000000,1.000000,1.100000,0.900000,0.006250,1.018750,0.000000,0,0.000000,YES,Default,632.155275,0.000000,0.000000,0.000000,0.000000,0.000000,0.000000,0.000000,0.000000,0.000000,0.000000,0.000000,0.000000,0.000000,0.000000,1,100.000000,,,,,,,,,,,,,,,,,,,,,,
739,25333,25332,1,Transformer,Closed,Closed,NO,25333,LTC,YES,25333,NO ,0.000000,0.000100,1.063000,1.013000,Middle,100.000000,138.000000,345.000000,0.000618,0.027741,0.000000,0.000000,0.000000,0.000000,1.000000,1.000000,1.100000,0.900000,0.006250,1.012500,0.000000,0,0.000000,YES,Default,478.455067,0.000000,0.000000,0.000000,0.000000,0.000000,0.000000,0.000000,0.000000,0.000000,0.000000,0.000000,0.000000,0.000000,0.000000,1,100.000000,,,,,,,,,,,,,,,,,,,,,,
740,25402,25401,1,Transformer,Closed,Closed,NO,25402,Fixed,NO,25402,NO ,0.000000,0.000100,1.010000,0.990000,Middle,100.000000,138.000000,345.000000,0.000381,0.022640,0.000000,0.000000,0.000000,0.000000,1.000000,1.000000,1.100000,0.900000,0.006250,1.050000,0.000000,0,0.000000,YES,Default,536.892080,0.000000,0.000000,0.000000,0.000000,0.000000,0.000000,0.000000,0.000000,0.000000,0.000000,0.000000,0.000000,0.000000,0.000000,1,100.000000,,,,,,,,,,,,,,,,,,,,,,
741,25426,25425,1,Transformer,Closed,Closed,NO,25426,Fixed,NO,25426,NO ,0.000000,0.000100,1.010000,0.990000,Middle,100.000000,138.000000,345.000000,0.000332,0.023444,0.000000,0.000000,0.000000,0.000000,1.000000,1.000000,1.100000,0.900000,0.006250,1.000000,0.000000,0,0.000000,YES,Default,558.653021,0.000000,0.000000,0.000000,0.000000,0.000000,0.000000,0.000000,0.000000,0.000000,0.000000,0.000000,0.000000,0.000000,0.000000,1,100.000000,,,,,,,,,,,,,,,,,,,,,,
742,25438,25437,1,Transformer,Closed,Closed,NO,25438,Fixed,NO,25438,NO ,0.000000,0.000100,1.010000,0.990000,Middle,100.000000,138.000000,345.000000,0.000413,0.032350,0.000000,0.000000,0.000000,0.000000,1.000000,1.000000,1.100000,0.900000,0.006250,1.000000,0.000000,0,0.000000,YES,Default,469.221354,0.000000,0.000000,0.000000,0.000000,0.000000,0.000000,0.000000,0.000000,0.000000,0.000000,0.000000,0.000000,0.000000,0.000000,1,100.000000,,,,,,,,,,,,,,,,,,,,,,
743,25474,25473,1,Transformer,Closed,Closed,NO,25474,LTC,YES,25474,NO ,0.000000,0.000100,1.068000,1.018000,Middle,100.000000,138.000000,345.000000,0.000294,0.019090,0.000000,0.000000,0.000000,0.000000,1.000000,1.000000,1.100000,0.900000,0.006250,1.100000,0.000000,0,0.000000,YES,Default,629.994345,0.000000,0.000000,0.000000,0.000000,0.000000,0.000000,0.000000,0.000000,0.000000,0.000000,0.000000,0.000000,0.000000,0.000000,1,100.000000,,,,,,,,,,,,,,,,,,,,,,
744,25474,25473,2,Transformer,Closed,Closed,NO,25474,Fixed,NO,25474,NO ,0.000000,0.000100,1.010000,0.990000,Middle,100.000000,138.000000,345.000000,0.000294,0.019090,0.000000,0.000000,0.000000,0.000000,1.000000,1.000000,1.100000,0.900000,0.006250,1.043750,0.000000,0,0.000000,YES,Default,629.994345,0.000000,0.000000,0.000000,0.000000,0.000000,0.000000,0.000000,0.000000,0.000000,0.000000,0.000000,0.000000,0.000000,0.000000,1,100.000000,,,,,,,,,,,,,,,,,,,,,,
745,25474,25473,3,Transformer,Closed,Closed,NO,25474,Fixed,NO,25474,NO ,0.000000,0.000100,1.010000,0.990000,Middle,100.000000,138.000000,345.000000,0.000294,0.019090,0.000000,0.000000,0.000000,0.000000,1.000000,1.000000,1.100000,0.900000,0.006250,1.043750,0.000000,0,0.000000,YES,Default,629.994345,0.000000,0.000000,0.000000,0.000000,0.000000,0.000000,0.000000,0.000000,0.000000,0.000000,0.000000,0.000000,0.000000,0.000000,1,100.000000,,,,,,,,,,,,,,,,,,,,,,
746,25482,25481,1,Transformer,Closed,Closed,NO,25482,Fixed,NO,25482,NO ,0.000000,0.000100,1.010000,0.990000,Middle,100.000000,138.000000,345.000000,0.000356,0.021404,0.000000,0.000000,0.000000,0.000000,1.000000,1.000000,1.100000,0.900000,0.006250,1.037500,0.000000,0,0.000000,YES,Default,565.326166,0.000000,0.000000,0.000000,0.000000,0.000000,0.000000,0.000000,0.000000,0.000000,0.000000,0.000000,0.000000,0.000000,0.000000,1,100.000000,,,,,,,,,,,,,,,,,,,,,,
747,25490,25489,1,Transformer,Closed,Closed,NO,25490,Fixed,NO,25490,NO ,0.000000,0.000100,1.010000,0.990000,Middle,100.000000,138.000000,345.000000,0.000372,0.024377,0.000000,0.000000,0.000000,0.000000,1.000000,1.000000,1.100000,0.900000,0.006250,1.018750,0.000000,0,0.000000,YES,Default,623.911095,0.000000,0.000000,0.000000,0.000000,0.000000,0.000000,0.000000,0.000000,0.000000,0.000000,0.000000,0.000000,0.000000,0.000000,1,100.000000,,,,,,,,,,,,,,,,,,,,,,
748,25490,25489,2,Transformer,Closed,Closed,NO,25490,LTC,YES,25490,NO ,0.000000,0.000100,1.067000,1.017000,Middle,100.000000,138.000000,345.000000,0.000372,0.024377,0.000000,0.000000,0.000000,0.000000,1.000000,1.000000,1.100000,0.900000,0.006250,1.100000,0.000000,0,0.000000,YES,Default,623.911095,0.000000,0.000000,0.000000,0.000000,0.000000,0.000000,0.000000,0.000000,0.000000,0.000000,0.000000,0.000000,0.000000,0.000000,1,100.000000,,,,,,,,,,,,,,,,,,,,,,
749,25490,25489,3,Transformer,Closed,Closed,NO,25490,LTC,YES,25490,NO ,0.000000,0.000100,1.067000,1.017000,Middle,100.000000,138.000000,345.000000,0.000372,0.024377,0.000000,0.000000,0.000000,0.000000,1.000000,1.000000,1.100000,0.900000,0.006250,1.100000,0.000000,0,0.000000,YES,Default,623.911095,0.000000,0.000000,0.000000,0.000000,0.000000,0.000000,0.000000,0.000000,0.000000,0.000000,0.000000,0.000000,0.000000,0.000000,1,100.000000,,,,,,,,,,,,,,,,,,,,,,
750,25558,25557,1,Transformer,Closed,Closed,NO,25558,LTC,YES,25558,NO ,0.000000,0.000100,1.067000,1.017000,Middle,100.000000,138.000000,345.000000,0.000558,0.033536,0.000000,0.000000,0.000000,0.000000,1.000000,1.000000,1.100000,0.900000,0.006250,1.031250,0.000000,0,0.000000,YES,Default,461.860418,0.000000,0.000000,0.000000,0.000000,0.000000,0.000000,0.000000,0.000000,0.000000,0.000000,0.000000,0.000000,0.000000,0.000000,1,100.000000,,,,,,,,,,,,,,,,,,,,,,
751,25576,25575,1,Transformer,Closed,Closed,NO,25576,LTC,YES,25576,NO ,0.000000,0.000100,1.066000,1.016000,Middle,100.000000,138.000000,345.000000,0.000492,0.036238,0.000000,0.000000,0.000000,0.000000,1.000000,1.000000,1.100000,0.900000,0.006250,1.043750,0.000000,0,0.000000,YES,Default,459.848452,0.000000,0.000000,0.000000,0.000000,0.000000,0.000000,0.000000,0.000000,0.000000,0.000000,0.000000,0.000000,0.000000,0.000000,1,100.000000,,,,,,,,,,,,,,,,,,,,,,
752,25633,25632,1,Transformer,Closed,Closed,NO,25633,LTC,YES,25633,NO ,0.000000,0.000100,1.062000,1.012000,Middle,100.000000,138.000000,345.000000,0.000889,0.026981,0.000000,0.000000,0.000000,0.000000,1.000000,1.000000,1.100000,0.900000,0.006250,1.100000,0.000000,0,0.000000,YES,Default,543.100643,0.000000,0.000000,0.000000,0.000000,0.000000,0.000000,0.000000,0.000000,0.000000,0.000000,0.000000,0.000000,0.000000,0.000000,1,100.000000,,,,,,,,,,,,,,,,,,,,,,
753,25640,25639,1,Transformer,Closed,Closed,NO,25640,Fixed,NO,25640,NO ,0.000000,0.000100,1.010000,0.990000,Middle,100.000000,138.000000,345.000000,0.000723,0.039687,0.000000,0.000000,0.000000,0.000000,1.000000,1.000000,1.100000,0.900000,0.006250,1.000000,0.000000,0,0.000000,YES,Default,442.596436,0.000000,0.000000,0.000000,0.000000,0.000000,0.000000,0.000000,0.000000,0.000000,0.000000,0.000000,0.000000,0.000000,0.000000,1,100.000000,,,,,,,,,,,,,,,,,,,,,,
754,25714,25713,1,Transformer,Closed,Closed,NO,25714,LTC,YES,25714,NO ,0.000000,0.000100,1.070000,1.020000,Middle,100.000000,138.000000,345.000000,0.000304,0.019070,0.000000,0.000000,0.000000,0.000000,1.000000,1.000000,1.100000,0.900000,0.006250,1.100000,0.000000,0,0.000000,YES,Default,690.000010,0.000000,0.000000,0.000000,0.000000,0.000000,0.000000,0.000000,0.000000,0.000000,0.000000,0.000000,0.000000,0.000000,0.000000,1,100.000000,,,,,,,,,,,,,,,,,,,,,,
755,25730,25729,1,Transformer,Closed,Closed,NO,25730,Fixed,NO,25730,NO ,0.000000,0.000100,1.010000,0.990000,Middle,100.000000,138.000000,345.000000,0.000553,0.033688,0.000000,0.000000,0.000000,0.000000,1.000000,1.000000,1.100000,0.900000,0.006250,1.000000,0.000000,0,0.000000,YES,Default,485.639334,0.000000,0.000000,0.000000,0.000000,0.000000,0.000000,0.000000,0.000000,0.000000,0.000000,0.000000,0.000000,0.000000,0.000000,1,100.000000,,,,,,,,,,,,,,,,,,,,,,
756,25812,25811,1,Transformer,Closed,Closed,NO,25812,Fixed,NO,25812,NO ,0.000000,0.000100,1.010000,0.990000,Middle,100.000000,138.000000,345.000000,0.000706,0.032117,0.000000,0.000000,0.000000,0.000000,1.000000,1.000000,1.100000,0.900000,0.006250,1.075000,0.000000,0,0.000000,YES,Default,482.473755,0.000000,0.000000,0.000000,0.000000,0.000000,0.000000,0.000000,0.000000,0.000000,0.000000,0.000000,0.000000,0.000000,0.000000,1,100.000000,,,,,,,,,,,,,,,,,,,,,,
757,25825,25824,1,Transformer,Closed,Closed,NO,25825,LTC,YES,25825,NO ,0.000000,0.000100,1.069000,1.019000,Middle,100.000000,345.000000,765.000000,0.000131,0.009940,0.000000,0.000000,0.000000,0.000000,1.000000,1.000000,1.100000,0.900000,0.006250,1.006250,0.000000,0,0.000000,YES,Default,1461.463451,0.000000,0.000000,0.000000,0.000000,0.000000,0.000000,0.000000,0.000000,0.000000,0.000000,0.000000,0.000000,0.000000,0.000000,1,100.000000,,,,,,,,,,,,,,,,,,,,,,
758,25824,25829,1,Transformer,Closed,Closed,NO,25824,Fixed,NO,25824,NO ,0.000000,0.000100,1.010000,0.990000,Middle,100.000000,765.000000,13.800000,0.000082,0.006045,0.000000,0.000000,0.000000,0.000000,1.000000,1.000000,1.100000,0.900000,0.006250,1.000000,0.000000,0,0.000000,YES,Default,1852.305984,0.000000,0.000000,0.000000,0.000000,0.000000,0.000000,0.000000,0.000000,0.000000,0.000000,0.000000,0.000000,0.000000,0.000000,1,100.000000,,,,,,,,,,,,,,,,,,,,,,
759,25824,25830,1,Transformer,Closed,Closed,NO,25824,Fixed,NO,25824,NO ,0.000000,0.000100,1.010000,0.990000,Middle,100.000000,765.000000,13.800000,0.000054,0.004617,0.000000,0.000000,0.000000,0.000000,1.000000,1.000000,1.100000,0.900000,0.006250,1.000000,0.000000,0,0.000000,YES,Default,1851.181412,0.000000,0.000000,0.000000,0.000000,0.000000,0.000000,0.000000,0.000000,0.000000,0.000000,0.000000,0.000000,0.000000,0.000000,1,100.000000,,,,,,,,,,,,,,,,,,,,,,
760,25824,25831,1,Transformer,Closed,Closed,NO,25824,Fixed,NO,25824,NO ,0.000000,0.000100,1.010000,0.990000,Middle,100.000000,765.000000,13.800000,0.000107,0.008719,0.000000,0.000000,0.000000,0.000000,1.000000,1.000000,1.100000,0.900000,0.006250,1.000000,0.000000,0,0.000000,YES,Default,967.771435,0.000000,0.000000,0.000000,0.000000,0.000000,0.000000,0.000000,0.000000,0.000000,0.000000,0.000000,0.000000,0.000000,0.000000,1,100.000000,,,,,,,,,,,,,,,,,,,,,,
761,25833,25832,1,Transformer,Closed,Closed,NO,25833,Fixed,NO,25833,NO ,0.000000,0.000100,1.010000,0.990000,Middle,100.000000,138.000000,345.000000,0.000343,0.018620,0.000000,0.000000,0.000000,0.000000,1.000000,1.000000,1.100000,0.900000,0.006250,1.000000,0.000000,0,0.000000,YES,Default,323.999763,0.000000,0.000000,0.000000,0.000000,0.000000,0.000000,0.000000,0.000000,0.000000,0.000000,0.000000,0.000000,0.000000,0.000000,1,100.000000,,,,,,,,,,,,,,,,,,,,,,
762,25832,25834,1,Transformer,Closed,Closed,NO,25832,Fixed,NO,25832,NO ,0.000000,0.000100,1.010000,0.990000,Middle,100.000000,345.000000,13.800000,0.000409,0.023491,0.000000,0.000000,0.000000,0.000000,1.000000,1.000000,1.100000,0.900000,0.006250,1.000000,0.000000,0,0.000000,YES,Default,518.590021,0.000000,0.000000,0.000000,0.000000,0.000000,0.000000,0.000000,0.000000,0.000000,0.000000,0.000000,0.000000,0.000000,0.000000,1,100.000000,,,,,,,,,,,,,,,,,,,,,,
763,25836,25837,1,Transformer,Closed,Closed,NO,25836,Fixed,NO,25836,NO ,0.000000,0.000100,1.010000,0.990000,Middle,100.000000,138.000000,13.800000,0.004246,0.139813,0.000000,0.000000,0.000000,0.000000,1.000000,1.000000,1.100000,0.900000,0.006250,1.012500,0.000000,0,0.000000,YES,Default,96.275830,0.000000,0.000000,0.000000,0.000000,0.000000,0.000000,0.000000,0.000000,0.000000,0.000000,0.000000,0.000000,0.000000,0.000000,1,100.000000,,,,,,,,,,,,,,,,,,,,,,
764,25844,25843,1,Transformer,Closed,Closed,NO,25844,Fixed,NO,25844,NO ,0.000000,0.000100,1.010000,0.990000,Middle,100.000000,138.000000,345.000000,0.000327,0.022217,0.000000,0.000000,0.000000,0.000000,1.000000,1.000000,1.100000,0.900000,0.006250,1.000000,0.000000,0,0.000000,YES,Default,287.244225,0.000000,0.000000,0.000000,0.000000,0.000000,0.000000,0.000000,0.000000,0.000000,0.000000,0.000000,0.000000,0.000000,0.000000,1,100.000000,,,,,,,,,,,,,,,,,,,,,,
765,25851,25850,1,Transformer,Closed,Closed,NO,25851,Fixed,NO,25851,NO ,0.000000,0.000100,1.010000,0.990000,Middle,100.000000,138.000000,345.000000,0.000619,0.027983,0.000000,0.000000,0.000000,0.000000,1.000000,1.000000,1.100000,0.900000,0.006250,1.006250,0.000000,0,0.000000,YES,Default,380.368352,0.000000,0.000000,0.000000,0.000000,0.000000,0.000000,0.000000,0.000000,0.000000,0.000000,0.000000,0.000000,0.000000,0.000000,1,100.000000,,,,,,,,,,,,,,,,,,,,,,
766,25850,25852,1,Transformer,Closed,Closed,NO,25850,Fixed,NO,25850,NO ,0.000000,0.000100,1.010000,0.990000,Middle,100.000000,345.000000,13.800000,0.000407,0.027123,0.000000,0.000000,0.000000,0.000000,1.000000,1.000000,1.100000,0.900000,0.006250,1.037500,0.000000,0,0.000000,YES,Default,489.634323,0.000000,0.000000,0.000000,0.000000,0.000000,0.000000,0.000000,0.000000,0.000000,0.000000,0.000000,0.000000,0.000000,0.000000,1,100.000000,,,,,,,,,,,,,,,,,,,,,,
767,25859,25863,1,Transformer,Closed,Closed,NO,25859,Fixed,NO,25859,NO ,0.000000,0.000100,1.010000,0.990000,Middle,100.000000,345.000000,13.800000,0.000398,0.026292,0.000000,0.000000,0.000000,0.000000,1.000000,1.000000,1.100000,0.900000,0.006250,1.000000,0.000000,0,0.000000,YES,Default,470.022392,0.000000,0.000000,0.000000,0.000000,0.000000,0.000000,0.000000,0.000000,0.000000,0.000000,0.000000,0.000000,0.000000,0.000000,1,100.000000,,,,,,,,,,,,,,,,,,,,,,
768,25865,25864,1,Transformer,Closed,Closed,NO,25865,LTC,YES,25865,NO ,0.000000,0.000100,1.069000,1.019000,Middle,100.000000,345.000000,765.000000,0.000138,0.010847,0.000000,0.000000,0.000000,0.000000,1.000000,1.000000,1.100000,0.900000,0.006250,1.006250,0.000000,0,0.000000,YES,Default,1285.242558,0.000000,0.000000,0.000000,0.000000,0.000000,0.000000,0.000000,0.000000,0.000000,0.000000,0.000000,0.000000,0.000000,0.000000,1,100.000000,,,,,,,,,,,,,,,,,,,,,,
769,25864,25867,1,Transformer,Closed,Closed,NO,25864,Fixed,NO,25864,NO ,0.000000,0.000100,1.010000,0.990000,Middle,100.000000,765.000000,18.000000,0.000111,0.008026,0.000000,0.000000,0.000000,0.000000,1.000000,1.000000,1.100000,0.900000,0.006250,1.025000,0.000000,0,0.000000,YES,Default,1356.495190,0.000000,0.000000,0.000000,0.000000,0.000000,0.000000,0.000000,0.000000,0.000000,0.000000,0.000000,0.000000,0.000000,0.000000,1,100.000000,,,,,,,,,,,,,,,,,,,,,,
770,25864,25868,1,Transformer,Closed,Closed,NO,25864,Fixed,NO,25864,NO ,0.000000,0.000100,1.010000,0.990000,Middle,100.000000,765.000000,13.800000,0.000110,0.008258,0.000000,0.000000,0.000000,0.000000,1.000000,1.000000,1.100000,0.900000,0.006250,1.025000,0.000000,0,0.000000,YES,Default,1355.428123,0.000000,0.000000,0.000000,0.000000,0.000000,0.000000,0.000000,0.000000,0.000000,0.000000,0.000000,0.000000,0.000000,0.000000,1,100.000000,,,,,,,,,,,,,,,,,,,,,,
771,25866,25865,1,Transformer,Closed,Closed,NO,25866,LTC,YES,25866,NO ,0.000000,0.000100,1.070000,1.020000,Middle,100.000000,138.000000,345.000000,0.000224,0.015495,0.000000,0.000000,0.000000,0.000000,1.000000,1.000000,1.100000,0.900000,0.006250,1.006250,0.000000,0,0.000000,YES,Default,384.632230,0.000000,0.000000,0.000000,0.000000,0.000000,0.000000,0.000000,0.000000,0.000000,0.000000,0.000000,0.000000,0.000000,0.000000,1,100.000000,,,,,,,,,,,,,,,,,,,,,,
772,25870,25869,1,Transformer,Closed,Closed,NO,25870,Fixed,NO,25870,NO ,0.000000,0.000100,1.010000,0.990000,Middle,100.000000,138.000000,345.000000,0.000413,0.025006,0.000000,0.000000,0.000000,0.000000,1.000000,1.000000,1.100000,0.900000,0.006250,1.000000,0.000000,0,0.000000,YES,Default,289.795423,0.000000,0.000000,0.000000,0.000000,0.000000,0.000000,0.000000,0.000000,0.000000,0.000000,0.000000,0.000000,0.000000,0.000000,1,100.000000,,,,,,,,,,,,,,,,,,,,,,
773,25875,25874,1,Transformer,Closed,Closed,NO,25875,Fixed,NO,25875,NO ,0.000000,0.000100,1.010000,0.990000,Middle,100.000000,138.000000,345.000000,0.000331,0.018124,0.000000,0.000000,0.000000,0.000000,1.000000,1.000000,1.100000,0.900000,0.006250,1.012500,0.000000,0,0.000000,YES,Default,617.565727,0.000000,0.000000,0.000000,0.000000,0.000000,0.000000,0.000000,0.000000,0.000000,0.000000,0.000000,0.000000,0.000000,0.000000,1,100.000000,,,,,,,,,,,,,,,,,,,,,,
774,25875,25874,2,Transformer,Closed,Closed,NO,25875,Fixed,NO,25875,NO ,0.000000,0.000100,1.010000,0.990000,Middle,100.000000,138.000000,345.000000,0.000331,0.018124,0.000000,0.000000,0.000000,0.000000,1.000000,1.000000,1.100000,0.900000,0.006250,1.012500,0.000000,0,0.000000,YES,Default,617.565727,0.000000,0.000000,0.000000,0.000000,0.000000,0.000000,0.000000,0.000000,0.000000,0.000000,0.000000,0.000000,0.000000,0.000000,1,100.000000,,,,,,,,,,,,,,,,,,,,,,
775,25875,25874,3,Transformer,Closed,Closed,NO,25875,LTC,YES,25875,NO ,0.000000,0.000100,1.069000,1.019000,Middle,100.000000,138.000000,345.000000,0.000331,0.018124,0.000000,0.000000,0.000000,0.000000,1.000000,1.000000,1.100000,0.900000,0.006250,1.012500,0.000000,0,0.000000,YES,Default,617.565727,0.000000,0.000000,0.000000,0.000000,0.000000,0.000000,0.000000,0.000000,0.000000,0.000000,0.000000,0.000000,0.000000,0.000000,1,100.000000,,,,,,,,,,,,,,,,,,,,,,
776,25877,25876,1,Transformer,Closed,Closed,NO,25877,Fixed,NO,25877,NO ,0.000000,0.000100,1.010000,0.990000,Middle,100.000000,345.000000,765.000000,0.000094,0.007075,0.000000,0.000000,0.000000,0.000000,1.000000,1.000000,1.100000,0.900000,0.006250,1.031250,0.000000,0,0.000000,YES,Default,1609.631538,0.000000,0.000000,0.000000,0.000000,0.000000,0.000000,0.000000,0.000000,0.000000,0.000000,0.000000,0.000000,0.000000,0.000000,1,100.000000,,,,,,,,,,,,,,,,,,,,,,
777,25877,25876,2,Transformer,Closed,Closed,NO,25877,Fixed,NO,25877,NO ,0.000000,0.000100,1.010000,0.990000,Middle,100.000000,345.000000,765.000000,0.000094,0.007075,0.000000,0.000000,0.000000,0.000000,1.000000,1.000000,1.100000,0.900000,0.006250,1.031250,0.000000,0,0.000000,YES,Default,1609.631538,0.000000,0.000000,0.000000,0.000000,0.000000,0.000000,0.000000,0.000000,0.000000,0.000000,0.000000,0.000000,0.000000,0.000000,1,100.000000,,,,,,,,,,,,,,,,,,,,,,
778,25877,25876,3,Transformer,Closed,Closed,NO,25877,LTC,YES,25877,NO ,0.000000,0.000100,1.066000,1.016000,Middle,100.000000,345.000000,765.000000,0.000094,0.007075,0.000000,0.000000,0.000000,0.000000,1.000000,1.000000,1.100000,0.900000,0.006250,1.031250,0.000000,0,0.000000,YES,Default,1609.631538,0.000000,0.000000,0.000000,0.000000,0.000000,0.000000,0.000000,0.000000,0.000000,0.000000,0.000000,0.000000,0.000000,0.000000,1,100.000000,,,,,,,,,,,,,,,,,,,,,,
779,25878,25877,1,Transformer,Closed,Closed,NO,25878,LTC,YES,25878,NO ,0.000000,0.000100,1.070000,1.020000,Middle,100.000000,138.000000,345.000000,0.000472,0.031199,0.000000,0.000000,0.000000,0.000000,1.000000,1.000000,1.100000,0.900000,0.006250,1.043750,0.000000,0,0.000000,YES,Default,537.484026,0.000000,0.000000,0.000000,0.000000,0.000000,0.000000,0.000000,0.000000,0.000000,0.000000,0.000000,0.000000,0.000000,0.000000,1,100.000000,,,,,,,,,,,,,,,,,,,,,,
780,25880,25881,1,Transformer,Closed,Closed,NO,25880,Fixed,NO,25880,NO ,0.000000,0.000100,1.010000,0.990000,Middle,100.000000,138.000000,20.000000,0.005459,0.158981,0.000000,0.000000,0.000000,0.000000,1.000000,1.000000,1.100000,0.900000,0.006250,1.000000,0.000000,0,0.000000,YES,Default,97.912323,0.000000,0.000000,0.000000,0.000000,0.000000,0.000000,0.000000,0.000000,0.000000,0.000000,0.000000,0.000000,0.000000,0.000000,1,100.000000,,,,,,,,,,,,,,,,,,,,,,
781,25885,25884,1,Transformer,Closed,Closed,NO,25885,Fixed,NO,25885,NO ,0.000000,0.000100,1.010000,0.990000,Middle,100.000000,345.000000,765.000000,0.000039,0.003606,0.000000,0.000000,0.000000,0.000000,1.000000,1.000000,1.100000,0.900000,0.006250,1.000000,0.000000,0,0.000000,YES,Default,1510.807896,0.000000,0.000000,0.000000,0.000000,0.000000,0.000000,0.000000,0.000000,0.000000,0.000000,0.000000,0.000000,0.000000,0.000000,1,100.000000,,,,,,,,,,,,,,,,,,,,,,
782,25884,25887,1,Transformer,Closed,Closed,NO,25884,Fixed,NO,25884,NO ,0.000000,0.000100,1.010000,0.990000,Middle,100.000000,765.000000,13.800000,0.000095,0.007659,0.000000,0.000000,0.000000,0.000000,1.000000,1.000000,1.100000,0.900000,0.006250,1.000000,0.000000,0,0.000000,YES,Default,1602.231598,0.000000,0.000000,0.000000,0.000000,0.000000,0.000000,0.000000,0.000000,0.000000,0.000000,0.000000,0.000000,0.000000,0.000000,1,100.000000,,,,,,,,,,,,,,,,,,,,,,
783,25886,25885,1,Transformer,Closed,Closed,NO,25886,Fixed,NO,25886,NO ,0.000000,0.000100,1.010000,0.990000,Middle,100.000000,138.000000,345.000000,0.000402,0.024258,0.000000,0.000000,0.000000,0.000000,1.000000,1.000000,1.100000,0.900000,0.006250,1.000000,0.000000,0,0.000000,YES,Default,340.851021,0.000000,0.000000,0.000000,0.000000,0.000000,0.000000,0.000000,0.000000,0.000000,0.000000,0.000000,0.000000,0.000000,0.000000,1,100.000000,,,,,,,,,,,,,,,,,,,,,,
784,25888,25889,1,Transformer,Closed,Closed,NO,25888,Fixed,NO,25888,NO ,0.000000,0.000100,1.010000,0.990000,Middle,100.000000,138.000000,13.800000,0.003261,0.088802,0.000000,0.000000,0.000000,0.000000,1.000000,1.000000,1.100000,0.900000,0.006250,1.050000,0.000000,0,0.000000,YES,Default,107.047987,0.000000,0.000000,0.000000,0.000000,0.000000,0.000000,0.000000,0.000000,0.000000,0.000000,0.000000,0.000000,0.000000,0.000000,1,100.000000,,,,,,,,,,,,,,,,,,,,,,
785,25891,25892,1,Transformer,Closed,Closed,NO,25891,Fixed,NO,25891,NO ,0.000000,0.000100,1.010000,0.990000,Middle,100.000000,138.000000,13.800000,0.005242,0.142156,0.000000,0.000000,0.000000,0.000000,1.000000,1.000000,1.100000,0.900000,0.006250,1.000000,0.000000,0,0.000000,YES,Default,89.156389,0.000000,0.000000,0.000000,0.000000,0.000000,0.000000,0.000000,0.000000,0.000000,0.000000,0.000000,0.000000,0.000000,0.000000,1,100.000000,,,,,,,,,,,,,,,,,,,,,,
786,25895,25894,1,Transformer,Closed,Closed,NO,25895,Fixed,NO,25895,NO ,0.000000,0.000100,1.010000,0.990000,Middle,100.000000,138.000000,345.000000,0.000309,0.025137,0.000000,0.000000,0.000000,0.000000,1.000000,1.000000,1.100000,0.900000,0.006250,1.000000,0.000000,0,0.000000,YES,Default,382.142806,0.000000,0.000000,0.000000,0.000000,0.000000,0.000000,0.000000,0.000000,0.000000,0.000000,0.000000,0.000000,0.000000,0.000000,1,100.000000,,,,,,,,,,,,,,,,,,,,,,
787,25894,25896,1,Transformer,Closed,Closed,NO,25894,Fixed,NO,25894,NO ,0.000000,0.000100,1.010000,0.990000,Middle,100.000000,345.000000,18.000000,0.000474,0.032388,0.000000,0.000000,0.000000,0.000000,1.000000,1.000000,1.100000,0.900000,0.006250,1.000000,0.000000,0,0.000000,YES,Default,444.855356,0.000000,0.000000,0.000000,0.000000,0.000000,0.000000,0.000000,0.000000,0.000000,0.000000,0.000000,0.000000,0.000000,0.000000,1,100.000000,,,,,,,,,,,,,,,,,,,,,,
788,25902,25901,1,Transformer,Closed,Closed,NO,25902,Fixed,NO,25902,NO ,0.000000,0.000100,1.010000,0.990000,Middle,100.000000,345.000000,765.000000,0.000135,0.010481,0.000000,0.000000,0.000000,0.000000,1.000000,1.000000,1.100000,0.900000,0.006250,1.000000,0.000000,0,0.000000,YES,Default,1469.730186,0.000000,0.000000,0.000000,0.000000,0.000000,0.000000,0.000000,0.000000,0.000000,0.000000,0.000000,0.000000,0.000000,0.000000,1,100.000000,,,,,,,,,,,,,,,,,,,,,,
789,25901,25904,1,Transformer,Closed,Closed,NO,25901,Fixed,NO,25901,NO ,0.000000,0.000100,1.010000,0.990000,Middle,100.000000,765.000000,24.000000,0.000107,0.008319,0.000000,0.000000,0.000000,0.000000,1.000000,1.000000,1.100000,0.900000,0.006250,1.025000,0.000000,0,0.000000,YES,Default,1365.786362,0.000000,0.000000,0.000000,0.000000,0.000000,0.000000,0.000000,0.000000,0.000000,0.000000,0.000000,0.000000,0.000000,0.000000,1,100.000000,,,,,,,,,,,,,,,,,,,,,,
790,25901,25905,1,Transformer,Closed,Closed,NO,25901,Fixed,NO,25901,NO ,0.000000,0.000100,1.010000,0.990000,Middle,100.000000,765.000000,13.800000,0.000100,0.008704,0.000000,0.000000,0.000000,0.000000,1.000000,1.000000,1.100000,0.900000,0.006250,1.025000,0.000000,0,0.000000,YES,Default,1364.741421,0.000000,0.000000,0.000000,0.000000,0.000000,0.000000,0.000000,0.000000,0.000000,0.000000,0.000000,0.000000,0.000000,0.000000,1,100.000000,,,,,,,,,,,,,,,,,,,,,,
791,25901,25906,1,Transformer,Closed,Closed,NO,25901,Fixed,NO,25901,NO ,0.000000,0.000100,1.010000,0.990000,Middle,100.000000,765.000000,13.800000,0.000069,0.005831,0.000000,0.000000,0.000000,0.000000,1.000000,1.000000,1.100000,0.900000,0.006250,1.025000,0.000000,0,0.000000,YES,Default,1363.663006,0.000000,0.000000,0.000000,0.000000,0.000000,0.000000,0.000000,0.000000,0.000000,0.000000,0.000000,0.000000,0.000000,0.000000,1,100.000000,,,,,,,,,,,,,,,,,,,,,,
792,25901,25907,1,Transformer,Closed,Closed,NO,25901,Fixed,NO,25901,NO ,0.000000,0.000100,1.010000,0.990000,Middle,100.000000,765.000000,13.800000,0.000119,0.008727,0.000000,0.000000,0.000000,0.000000,1.000000,1.000000,1.100000,0.900000,0.006250,1.025000,0.000000,0,0.000000,YES,Default,1360.051823,0.000000,0.000000,0.000000,0.000000,0.000000,0.000000,0.000000,0.000000,0.000000,0.000000,0.000000,0.000000,0.000000,0.000000,1,100.000000,,,,,,,,,,,,,,,,,,,,,,
793,25901,25908,1,Transformer,Closed,Closed,NO,25901,Fixed,NO,25901,NO ,0.000000,0.000100,1.010000,0.990000,Middle,100.000000,765.000000,13.800000,0.000073,0.005827,0.000000,0.000000,0.000000,0.000000,1.000000,1.000000,1.100000,0.900000,0.006250,1.025000,0.000000,0,0.000000,YES,Default,1359.669876,0.000000,0.000000,0.000000,0.000000,0.000000,0.000000,0.000000,0.000000,0.000000,0.000000,0.000000,0.000000,0.000000,0.000000,1,100.000000,,,,,,,,,,,,,,,,,,,,,,
794,25903,25902,1,Transformer,Closed,Closed,NO,25903,Fixed,NO,25903,NO ,0.000000,0.000100,1.010000,0.990000,Middle,100.000000,138.000000,345.000000,0.000496,0.033248,0.000000,0.000000,0.000000,0.000000,1.000000,1.000000,1.100000,0.900000,0.006250,1.000000,0.000000,0,0.000000,YES,Default,368.941927,0.000000,0.000000,0.000000,0.000000,0.000000,0.000000,0.000000,0.000000,0.000000,0.000000,0.000000,0.000000,0.000000,0.000000,1,100.000000,,,,,,,,,,,,,,,,,,,,,,
795,25910,25911,1,Transformer,Closed,Closed,NO,25910,Fixed,NO,25910,NO ,0.000000,0.000100,1.010000,0.990000,Middle,100.000000,138.000000,13.800000,0.005358,0.173074,0.000000,0.000000,0.000000,0.000000,1.000000,1.000000,1.100000,0.900000,0.006250,1.000000,0.000000,0,0.000000,YES,Default,71.672904,0.000000,0.000000,0.000000,0.000000,0.000000,0.000000,0.000000,0.000000,0.000000,0.000000,0.000000,0.000000,0.000000,0.000000,1,100.000000,,,,,,,,,,,,,,,,,,,,,,
796,25913,25914,1,Transformer,Closed,Closed,NO,25913,Fixed,NO,25913,NO ,0.000000,0.000100,1.010000,0.990000,Middle,100.000000,138.000000,18.000000,0.007296,0.204094,0.000000,0.000000,0.000000,0.000000,1.000000,1.000000,1.100000,0.900000,0.006250,1.000000,0.000000,0,0.000000,YES,Default,82.640314,0.000000,0.000000,0.000000,0.000000,0.000000,0.000000,0.000000,0.000000,0.000000,0.000000,0.000000,0.000000,0.000000,0.000000,1,100.000000,,,,,,,,,,,,,,,,,,,,,,
797,25919,25923,1,Transformer,Closed,Closed,NO,25919,Fixed,NO,25919,NO ,0.000000,0.000100,1.010000,0.990000,Middle,100.000000,345.000000,18.000000,0.000578,0.035880,0.000000,0.000000,0.000000,0.000000,1.000000,1.000000,1.100000,0.900000,0.006250,1.000000,0.000000,0,0.000000,YES,Default,468.396330,0.000000,0.000000,0.000000,0.000000,0.000000,0.000000,0.000000,0.000000,0.000000,0.000000,0.000000,0.000000,0.000000,0.000000,1,100.000000,,,,,,,,,,,,,,,,,,,,,,
798,25919,25924,1,Transformer,Closed,Closed,NO,25919,Fixed,NO,25919,NO ,0.000000,0.000100,1.010000,0.990000,Middle,100.000000,345.000000,13.800000,0.000469,0.030815,0.000000,0.000000,0.000000,0.000000,1.000000,1.000000,1.100000,0.900000,0.006250,1.000000,0.000000,0,0.000000,YES,Default,467.401266,0.000000,0.000000,0.000000,0.000000,0.000000,0.000000,0.000000,0.000000,0.000000,0.000000,0.000000,0.000000,0.000000,0.000000,1,100.000000,,,,,,,,,,,,,,,,,,,,,,
799,25919,25925,1,Transformer,Closed,Closed,NO,25919,Fixed,NO,25919,NO ,0.000000,0.000100,1.010000,0.990000,Middle,100.000000,345.000000,18.000000,0.000551,0.034819,0.000000,0.000000,0.000000,0.000000,1.000000,1.000000,1.100000,0.900000,0.006250,1.000000,0.000000,0,0.000000,YES,Default,466.149235,0.000000,0.000000,0.000000,0.000000,0.000000,0.000000,0.000000,0.000000,0.000000,0.000000,0.000000,0.000000,0.000000,0.000000,1,100.000000,,,,,,,,,,,,,,,,,,,,,,
800,25919,25926,1,Transformer,Closed,Closed,NO,25919,Fixed,NO,25919,NO ,0.000000,0.000100,1.010000,0.990000,Middle,100.000000,345.000000,13.800000,0.000426,0.023921,0.000000,0.000000,0.000000,0.000000,1.000000,1.000000,1.100000,0.900000,0.006250,1.000000,0.000000,0,0.000000,YES,Default,463.610077,0.000000,0.000000,0.000000,0.000000,0.000000,0.000000,0.000000,0.000000,0.000000,0.000000,0.000000,0.000000,0.000000,0.000000,1,100.000000,,,,,,,,,,,,,,,,,,,,,,
801,25931,25930,1,Transformer,Closed,Closed,NO,25931,Fixed,NO,25931,NO ,0.000000,0.000100,1.010000,0.990000,Middle,100.000000,138.000000,345.000000,0.000215,0.017957,0.000000,0.000000,0.000000,0.000000,1.000000,1.000000,1.100000,0.900000,0.006250,1.000000,0.000000,0,0.000000,YES,Default,568.817997,0.000000,0.000000,0.000000,0.000000,0.000000,0.000000,0.000000,0.000000,0.000000,0.000000,0.000000,0.000000,0.000000,0.000000,1,100.000000,,,,,,,,,,,,,,,,,,,,,,
802,25930,25932,1,Transformer,Closed,Closed,NO,25930,Fixed,NO,25930,NO ,0.000000,0.000100,1.010000,0.990000,Middle,100.000000,345.000000,20.000000,0.000394,0.024040,0.000000,0.000000,0.000000,0.000000,1.000000,1.000000,1.100000,0.900000,0.006250,1.000000,0.000000,0,0.000000,YES,Default,379.538965,0.000000,0.000000,0.000000,0.000000,0.000000,0.000000,0.000000,0.000000,0.000000,0.000000,0.000000,0.000000,0.000000,0.000000,1,100.000000,,,,,,,,,,,,,,,,,,,,,,
803,25931,25933,1,Transformer,Closed,Closed,NO,25931,Fixed,NO,25931,NO ,0.000000,0.000100,1.010000,0.990000,Middle,100.000000,138.000000,13.800000,0.005567,0.177311,0.000000,0.000000,0.000000,0.000000,1.000000,1.000000,1.100000,0.900000,0.006250,1.000000,0.000000,0,0.000000,YES,Default,41.871861,0.000000,0.000000,0.000000,0.000000,0.000000,0.000000,0.000000,0.000000,0.000000,0.000000,0.000000,0.000000,0.000000,0.000000,1,100.000000,,,,,,,,,,,,,,,,,,,,,,
804,25935,25934,1,Transformer,Closed,Closed,NO,25935,Fixed,NO,25935,NO ,0.000000,0.000100,1.010000,0.990000,Middle,100.000000,138.000000,345.000000,0.000470,0.029335,0.000000,0.000000,0.000000,0.000000,1.000000,1.000000,1.100000,0.900000,0.006250,1.012500,0.000000,0,0.000000,YES,Default,371.283913,0.000000,0.000000,0.000000,0.000000,0.000000,0.000000,0.000000,0.000000,0.000000,0.000000,0.000000,0.000000,0.000000,0.000000,1,100.000000,,,,,,,,,,,,,,,,,,,,,,
805,25937,25938,1,Transformer,Closed,Closed,NO,25937,Fixed,NO,25937,NO ,0.000000,0.000100,1.010000,0.990000,Middle,100.000000,138.000000,13.800000,0.000524,0.017055,0.000000,0.000000,0.000000,0.000000,1.000000,1.000000,1.100000,0.900000,0.006250,1.000000,0.000000,0,0.000000,YES,Default,444.600010,0.000000,0.000000,0.000000,0.000000,0.000000,0.000000,0.000000,0.000000,0.000000,0.000000,0.000000,0.000000,0.000000,0.000000,1,100.000000,,,,,,,,,,,,,,,,,,,,,,
806,25939,25940,1,Transformer,Closed,Closed,NO,25939,Fixed,NO,25939,NO ,0.000000,0.000100,1.010000,0.990000,Middle,100.000000,138.000000,13.800000,0.004819,0.112375,0.000000,0.000000,0.000000,0.000000,1.000000,1.000000,1.100000,0.900000,0.006250,1.031250,0.000000,0,0.000000,YES,Default,99.888921,0.000000,0.000000,0.000000,0.000000,0.000000,0.000000,0.000000,0.000000,0.000000,0.000000,0.000000,0.000000,0.000000,0.000000,1,100.000000,,,,,,,,,,,,,,,,,,,,,,
807,25939,25941,1,Transformer,Closed,Closed,NO,25939,Fixed,NO,25939,NO ,0.000000,0.000100,1.010000,0.990000,Middle,100.000000,138.000000,13.800000,0.029401,1.001581,0.000000,0.000000,0.000000,0.000000,1.000000,1.000000,1.100000,0.900000,0.006250,1.000000,0.000000,0,0.000000,YES,Default,11.050000,0.000000,0.000000,0.000000,0.000000,0.000000,0.000000,0.000000,0.000000,0.000000,0.000000,0.000000,0.000000,0.000000,0.000000,1,100.000000,,,,,,,,,,,,,,,,,,,,,,
808,25946,25945,1,Transformer,Closed,Closed,NO,25946,Fixed,NO,25946,NO ,0.000000,0.000100,1.010000,0.990000,Middle,100.000000,138.000000,345.000000,0.000641,0.031233,0.000000,0.000000,0.000000,0.000000,1.000000,1.000000,1.100000,0.900000,0.006250,1.000000,0.000000,0,0.000000,YES,Default,356.293082,0.000000,0.000000,0.000000,0.000000,0.000000,0.000000,0.000000,0.000000,0.000000,0.000000,0.000000,0.000000,0.000000,0.000000,1,100.000000,,,,,,,,,,,,,,,,,,,,,,
809,25945,25950,1,Transformer,Closed,Closed,NO,25945,Fixed,NO,25945,NO ,0.000000,0.000100,1.010000,0.990000,Middle,100.000000,345.000000,18.000000,0.000682,0.039427,0.000000,0.000000,0.000000,0.000000,1.000000,1.000000,1.100000,0.900000,0.006250,1.000000,0.000000,0,0.000000,YES,Default,358.323717,0.000000,0.000000,0.000000,0.000000,0.000000,0.000000,0.000000,0.000000,0.000000,0.000000,0.000000,0.000000,0.000000,0.000000,1,100.000000,,,,,,,,,,,,,,,,,,,,,,
810,25945,25951,1,Transformer,Closed,Closed,NO,25945,Fixed,NO,25945,NO ,0.000000,0.000100,1.010000,0.990000,Middle,100.000000,345.000000,13.800000,0.000476,0.027814,0.000000,0.000000,0.000000,0.000000,1.000000,1.000000,1.100000,0.900000,0.006250,1.006250,0.000000,0,0.000000,YES,Default,348.083043,0.000000,0.000000,0.000000,0.000000,0.000000,0.000000,0.000000,0.000000,0.000000,0.000000,0.000000,0.000000,0.000000,0.000000,1,100.000000,,,,,,,,,,,,,,,,,,,,,,
811,25945,25954,1,Transformer,Closed,Closed,NO,25945,Fixed,NO,25945,NO ,0.000000,0.000100,1.010000,0.990000,Middle,100.000000,345.000000,22.000000,0.000645,0.038997,0.000000,0.000000,0.000000,0.000000,1.000000,1.000000,1.100000,0.900000,0.006250,1.006250,0.000000,0,0.000000,YES,Default,308.952689,0.000000,0.000000,0.000000,0.000000,0.000000,0.000000,0.000000,0.000000,0.000000,0.000000,0.000000,0.000000,0.000000,0.000000,1,100.000000,,,,,,,,,,,,,,,,,,,,,,
812,25946,25952,1,Transformer,Closed,Closed,NO,25946,Fixed,NO,25946,NO ,0.000000,0.000100,1.010000,0.990000,Middle,100.000000,138.000000,13.800000,0.011287,0.266302,0.000000,0.000000,0.000000,0.000000,1.000000,1.000000,1.100000,0.900000,0.006250,1.000000,0.000000,0,0.000000,YES,Default,59.811622,0.000000,0.000000,0.000000,0.000000,0.000000,0.000000,0.000000,0.000000,0.000000,0.000000,0.000000,0.000000,0.000000,0.000000,1,100.000000,,,,,,,,,,,,,,,,,,,,,,
813,25946,25953,1,Transformer,Closed,Closed,NO,25946,Fixed,NO,25946,NO ,0.000000,0.000100,1.010000,0.990000,Middle,100.000000,138.000000,13.800000,0.006573,0.223478,0.000000,0.000000,0.000000,0.000000,1.000000,1.000000,1.100000,0.900000,0.006250,1.012500,0.000000,0,0.000000,YES,Default,55.878520,0.000000,0.000000,0.000000,0.000000,0.000000,0.000000,0.000000,0.000000,0.000000,0.000000,0.000000,0.000000,0.000000,0.000000,1,100.000000,,,,,,,,,,,,,,,,,,,,,,
814,25946,25955,1,Transformer,Closed,Closed,NO,25946,Fixed,NO,25946,NO ,0.000000,0.000100,1.010000,0.990000,Middle,100.000000,138.000000,13.800000,0.041968,1.159892,0.000000,0.000000,0.000000,0.000000,1.000000,1.000000,1.100000,0.900000,0.006250,1.000000,0.000000,0,0.000000,YES,Default,11.212500,0.000000,0.000000,0.000000,0.000000,0.000000,0.000000,0.000000,0.000000,0.000000,0.000000,0.000000,0.000000,0.000000,0.000000,1,100.000000,,,,,,,,,,,,,,,,,,,,,,
815,25959,25960,1,Transformer,Closed,Closed,NO,25959,Fixed,NO,25959,NO ,0.000000,0.000100,1.010000,0.990000,Middle,100.000000,138.000000,18.000000,0.010275,0.265859,0.000000,0.000000,0.000000,0.000000,1.000000,1.000000,1.100000,0.900000,0.006250,1.000000,0.000000,0,0.000000,YES,Default,59.644437,0.000000,0.000000,0.000000,0.000000,0.000000,0.000000,0.000000,0.000000,0.000000,0.000000,0.000000,0.000000,0.000000,0.000000,1,100.000000,,,,,,,,,,,,,,,,,,,,,,
816,25959,25961,1,Transformer,Closed,Closed,NO,25959,Fixed,NO,25959,NO ,0.000000,0.000100,1.010000,0.990000,Middle,100.000000,138.000000,13.800000,0.005907,0.156234,0.000000,0.000000,0.000000,0.000000,1.000000,1.000000,1.100000,0.900000,0.006250,1.000000,0.000000,0,0.000000,YES,Default,59.411347,0.000000,0.000000,0.000000,0.000000,0.000000,0.000000,0.000000,0.000000,0.000000,0.000000,0.000000,0.000000,0.000000,0.000000,1,100.000000,,,,,,,,,,,,,,,,,,,,,,
817,25967,25966,1,Transformer,Closed,Closed,NO,25967,Fixed,NO,25967,NO ,0.000000,0.000100,1.010000,0.990000,Middle,100.000000,138.000000,345.000000,0.000454,0.028372,0.000000,0.000000,0.000000,0.000000,1.000000,1.000000,1.100000,0.900000,0.006250,1.000000,0.000000,0,0.000000,YES,Default,252.636814,0.000000,0.000000,0.000000,0.000000,0.000000,0.000000,0.000000,0.000000,0.000000,0.000000,0.000000,0.000000,0.000000,0.000000,1,100.000000,,,,,,,,,,,,,,,,,,,,,,
818,25966,25968,1,Transformer,Closed,Closed,NO,25966,Fixed,NO,25966,NO ,0.000000,0.000100,1.010000,0.990000,Middle,100.000000,345.000000,13.800000,0.000507,0.029969,0.000000,0.000000,0.000000,0.000000,1.000000,1.000000,1.100000,0.900000,0.006250,1.043750,0.000000,0,0.000000,YES,Default,456.242037,0.000000,0.000000,0.000000,0.000000,0.000000,0.000000,0.000000,0.000000,0.000000,0.000000,0.000000,0.000000,0.000000,0.000000,1,100.000000,,,,,,,,,,,,,,,,,,,,,,
819,25967,25969,1,Transformer,Closed,Closed,NO,25967,Fixed,NO,25967,NO ,0.000000,0.000100,1.010000,0.990000,Middle,100.000000,138.000000,13.800000,0.010898,0.351306,0.000000,0.000000,0.000000,0.000000,1.000000,1.000000,1.100000,0.900000,0.006250,1.043750,0.000000,0,0.000000,YES,Default,54.436582,0.000000,0.000000,0.000000,0.000000,0.000000,0.000000,0.000000,0.000000,0.000000,0.000000,0.000000,0.000000,0.000000,0.000000,1,100.000000,,,,,,,,,,,,,,,,,,,,,,
820,25967,25970,1,Transformer,Closed,Closed,NO,25967,Fixed,NO,25967,NO ,0.000000,0.000100,1.010000,0.990000,Middle,100.000000,138.000000,13.800000,0.061735,1.733727,0.000000,0.000000,0.000000,0.000000,1.000000,1.000000,1.100000,0.900000,0.006250,1.062500,0.000000,0,0.000000,YES,Default,8.970000,0.000000,0.000000,0.000000,0.000000,0.000000,0.000000,0.000000,0.000000,0.000000,0.000000,0.000000,0.000000,0.000000,0.000000,1,100.000000,,,,,,,,,,,,,,,,,,,,,,
821,25973,25972,1,Transformer,Closed,Closed,NO,25973,Fixed,NO,25973,NO ,0.000000,0.000100,1.010000,0.990000,Middle,100.000000,138.000000,345.000000,0.000470,0.032127,0.000000,0.000000,0.000000,0.000000,1.000000,1.000000,1.100000,0.900000,0.006250,1.006250,0.000000,0,0.000000,YES,Default,438.224459,0.000000,0.000000,0.000000,0.000000,0.000000,0.000000,0.000000,0.000000,0.000000,0.000000,0.000000,0.000000,0.000000,0.000000,1,100.000000,,,,,,,,,,,,,,,,,,,,,,
822,25974,25975,1,Transformer,Closed,Closed,NO,25974,Fixed,NO,25974,NO ,0.000000,0.000100,1.010000,0.990000,Middle,100.000000,138.000000,18.000000,0.001966,0.060503,0.000000,0.000000,0.000000,0.000000,1.000000,1.000000,1.100000,0.900000,0.006250,1.000000,0.000000,0,0.000000,YES,Default,171.599996,0.000000,0.000000,0.000000,0.000000,0.000000,0.000000,0.000000,0.000000,0.000000,0.000000,0.000000,0.000000,0.000000,0.000000,1,100.000000,,,,,,,,,,,,,,,,,,,,,,
823,25979,25980,1,Transformer,Closed,Closed,NO,25979,Fixed,NO,25979,NO ,0.000000,0.000100,1.010000,0.990000,Middle,100.000000,138.000000,18.000000,0.002761,0.077259,0.000000,0.000000,0.000000,0.000000,1.000000,1.000000,1.100000,0.900000,0.006250,1.000000,0.000000,0,0.000000,YES,Default,88.424748,0.000000,0.000000,0.000000,0.000000,0.000000,0.000000,0.000000,0.000000,0.000000,0.000000,0.000000,0.000000,0.000000,0.000000,1,100.000000,,,,,,,,,,,,,,,,,,,,,,
824,25985,25984,1,Transformer,Closed,Closed,NO,25985,Fixed,NO,25985,NO ,0.000000,0.000100,1.010000,0.990000,Middle,100.000000,138.000000,345.000000,0.000335,0.027837,0.000000,0.000000,0.000000,0.000000,1.000000,1.000000,1.100000,0.900000,0.006250,1.000000,0.000000,0,0.000000,YES,Default,540.475512,0.000000,0.000000,0.000000,0.000000,0.000000,0.000000,0.000000,0.000000,0.000000,0.000000,0.000000,0.000000,0.000000,0.000000,1,100.000000,,,,,,,,,,,,,,,,,,,,,,
825,25988,25987,1,Transformer,Closed,Closed,NO,25988,LTC,YES,25988,NO ,0.000000,0.000100,1.069000,1.019000,Middle,100.000000,345.000000,765.000000,0.000146,0.011471,0.000000,0.000000,0.000000,0.000000,1.000000,1.000000,1.100000,0.900000,0.006250,1.025000,0.000000,0,0.000000,YES,Default,1593.683052,0.000000,0.000000,0.000000,0.000000,0.000000,0.000000,0.000000,0.000000,0.000000,0.000000,0.000000,0.000000,0.000000,0.000000,1,100.000000,,,,,,,,,,,,,,,,,,,,,,
826,25988,25987,2,Transformer,Closed,Closed,NO,25988,LTC,YES,25988,NO ,0.000000,0.000100,1.069000,1.019000,Middle,100.000000,345.000000,765.000000,0.000146,0.011471,0.000000,0.000000,0.000000,0.000000,1.000000,1.000000,1.100000,0.900000,0.006250,1.025000,0.000000,0,0.000000,YES,Default,1593.683052,0.000000,0.000000,0.000000,0.000000,0.000000,0.000000,0.000000,0.000000,0.000000,0.000000,0.000000,0.000000,0.000000,0.000000,1,100.000000,,,,,,,,,,,,,,,,,,,,,,
827,25989,25988,1,Transformer,Closed,Closed,NO,25989,LTC,YES,25989,NO ,0.000000,0.000100,1.070000,1.020000,Middle,100.000000,138.000000,345.000000,0.000336,0.018667,0.000000,0.000000,0.000000,0.000000,1.000000,1.000000,1.100000,0.900000,0.006250,1.012500,0.000000,0,0.000000,YES,Default,624.560118,0.000000,0.000000,0.000000,0.000000,0.000000,0.000000,0.000000,0.000000,0.000000,0.000000,0.000000,0.000000,0.000000,0.000000,1,100.000000,,,,,,,,,,,,,,,,,,,,,,
828,25989,25988,2,Transformer,Closed,Closed,NO,25989,LTC,YES,25989,NO ,0.000000,0.000100,1.070000,1.020000,Middle,100.000000,138.000000,345.000000,0.000336,0.018667,0.000000,0.000000,0.000000,0.000000,1.000000,1.000000,1.100000,0.900000,0.006250,1.012500,0.000000,0,0.000000,YES,Default,624.560118,0.000000,0.000000,0.000000,0.000000,0.000000,0.000000,0.000000,0.000000,0.000000,0.000000,0.000000,0.000000,0.000000,0.000000,1,100.000000,,,,,,,,,,,,,,,,,,,,,,
829,25989,25988,3,Transformer,Closed,Closed,NO,25989,LTC,YES,25989,NO ,0.000000,0.000100,1.070000,1.020000,Middle,100.000000,138.000000,345.000000,0.000336,0.018667,0.000000,0.000000,0.000000,0.000000,1.000000,1.000000,1.100000,0.900000,0.006250,1.012500,0.000000,0,0.000000,YES,Default,624.560118,0.000000,0.000000,0.000000,0.000000,0.000000,0.000000,0.000000,0.000000,0.000000,0.000000,0.000000,0.000000,0.000000,0.000000,1,100.000000,,,,,,,,,,,,,,,,,,,,,,
830,25994,25995,1,Transformer,Closed,Closed,NO,25994,Fixed,NO,25994,NO ,0.000000,0.000100,1.010000,0.990000,Middle,100.000000,138.000000,13.800000,0.002489,0.063476,0.000000,0.000000,0.000000,0.000000,1.000000,1.000000,1.100000,0.900000,0.006250,1.056250,0.000000,0,0.000000,YES,Default,195.000005,0.000000,0.000000,0.000000,0.000000,0.000000,0.000000,0.000000,0.000000,0.000000,0.000000,0.000000,0.000000,0.000000,0.000000,1,100.000000,,,,,,,,,,,,,,,,,,,,,,
831,26003,26004,1,Transformer,Closed,Closed,NO,26003,Fixed,NO,26003,NO ,0.000000,0.000100,1.010000,0.990000,Middle,100.000000,138.000000,22.000000,0.003044,0.070580,0.000000,0.000000,0.000000,0.000000,1.000000,1.000000,1.100000,0.900000,0.006250,1.000000,0.000000,0,0.000000,YES,Default,195.000005,0.000000,0.000000,0.000000,0.000000,0.000000,0.000000,0.000000,0.000000,0.000000,0.000000,0.000000,0.000000,0.000000,0.000000,1,100.000000,,,,,,,,,,,,,,,,,,,,,,
832,26011,26010,1,Transformer,Closed,Closed,NO,26011,LTC,YES,26011,NO ,0.000000,0.000100,1.072000,1.022000,Middle,100.000000,138.000000,345.000000,0.000606,0.036966,0.000000,0.000000,0.000000,0.000000,1.000000,1.000000,1.100000,0.900000,0.006250,1.006250,0.000000,0,0.000000,YES,Default,341.986394,0.000000,0.000000,0.000000,0.000000,0.000000,0.000000,0.000000,0.000000,0.000000,0.000000,0.000000,0.000000,0.000000,0.000000,1,100.000000,,,,,,,,,,,,,,,,,,,,,,
833,26010,26012,1,Transformer,Closed,Closed,NO,26010,Fixed,NO,26010,NO ,0.000000,0.000100,1.010000,0.990000,Middle,100.000000,345.000000,13.800000,0.000311,0.015771,0.000000,0.000000,0.000000,0.000000,1.000000,1.000000,1.100000,0.900000,0.006250,1.031250,0.000000,0,0.000000,YES,Default,505.959415,0.000000,0.000000,0.000000,0.000000,0.000000,0.000000,0.000000,0.000000,0.000000,0.000000,0.000000,0.000000,0.000000,0.000000,1,100.000000,,,,,,,,,,,,,,,,,,,,,,
834,26015,26014,1,Transformer,Closed,Closed,NO,26015,LTC,YES,26015,NO ,0.000000,0.000100,1.071000,1.021000,Middle,100.000000,345.000000,765.000000,0.000172,0.011286,0.000000,0.000000,0.000000,0.000000,1.000000,1.000000,1.100000,0.900000,0.006250,1.037500,0.000000,0,0.000000,YES,Default,1517.250538,0.000000,0.000000,0.000000,0.000000,0.000000,0.000000,0.000000,0.000000,0.000000,0.000000,0.000000,0.000000,0.000000,0.000000,1,100.000000,,,,,,,,,,,,,,,,,,,,,,
835,26014,26017,1,Transformer,Closed,Closed,NO,26014,Fixed,NO,26014,NO ,0.000000,0.000100,1.010000,0.990000,Middle,100.000000,765.000000,13.800000,0.000098,0.007522,0.000000,0.000000,0.000000,0.000000,1.000000,1.000000,1.100000,0.900000,0.006250,1.000000,0.000000,0,0.000000,YES,Default,1699.548912,0.000000,0.000000,0.000000,0.000000,0.000000,0.000000,0.000000,0.000000,0.000000,0.000000,0.000000,0.000000,0.000000,0.000000,1,100.000000,,,,,,,,,,,,,,,,,,,,,,
836,26014,26018,1,Transformer,Closed,Closed,NO,26014,Fixed,NO,26014,NO ,0.000000,0.000100,1.010000,0.990000,Middle,100.000000,765.000000,13.800000,0.000124,0.009124,0.000000,0.000000,0.000000,0.000000,1.000000,1.000000,1.100000,0.900000,0.006250,1.000000,0.000000,0,0.000000,YES,Default,1696.628189,0.000000,0.000000,0.000000,0.000000,0.000000,0.000000,0.000000,0.000000,0.000000,0.000000,0.000000,0.000000,0.000000,0.000000,1,100.000000,,,,,,,,,,,,,,,,,,,,,,
837,26014,26019,1,Transformer,Closed,Closed,NO,26014,Fixed,NO,26014,NO ,0.000000,0.000100,1.010000,0.990000,Middle,100.000000,765.000000,18.000000,0.000100,0.008497,0.000000,0.000000,0.000000,0.000000,1.000000,1.000000,1.100000,0.900000,0.006250,1.000000,0.000000,0,0.000000,YES,Default,1695.494270,0.000000,0.000000,0.000000,0.000000,0.000000,0.000000,0.000000,0.000000,0.000000,0.000000,0.000000,0.000000,0.000000,0.000000,1,100.000000,,,,,,,,,,,,,,,,,,,,,,
838,26014,26020,1,Transformer,Closed,Closed,NO,26014,Fixed,NO,26014,NO ,0.000000,0.000100,1.010000,0.990000,Middle,100.000000,765.000000,13.800000,0.000083,0.006349,0.000000,0.000000,0.000000,0.000000,1.000000,1.000000,1.100000,0.900000,0.006250,1.000000,0.000000,0,0.000000,YES,Default,1695.052910,0.000000,0.000000,0.000000,0.000000,0.000000,0.000000,0.000000,0.000000,0.000000,0.000000,0.000000,0.000000,0.000000,0.000000,1,100.000000,,,,,,,,,,,,,,,,,,,,,,
839,26016,26015,1,Transformer,Closed,Closed,NO,26016,LTC,YES,26016,NO ,0.000000,0.000100,1.070000,1.020000,Middle,100.000000,138.000000,345.000000,0.000376,0.023040,0.000000,0.000000,0.000000,0.000000,1.000000,1.000000,1.100000,0.900000,0.006250,1.031250,0.000000,0,0.000000,YES,Default,522.115946,0.000000,0.000000,0.000000,0.000000,0.000000,0.000000,0.000000,0.000000,0.000000,0.000000,0.000000,0.000000,0.000000,0.000000,1,100.000000,,,,,,,,,,,,,,,,,,,,,,
840,26023,26022,1,Transformer,Closed,Closed,NO,26023,Fixed,NO,26023,NO ,0.000000,0.000100,1.010000,0.990000,Middle,100.000000,138.000000,345.000000,0.000559,0.027180,0.000000,0.000000,0.000000,0.000000,1.000000,1.000000,1.100000,0.900000,0.006250,1.062500,0.000000,0,0.000000,YES,Default,494.080257,0.000000,0.000000,0.000000,0.000000,0.000000,0.000000,0.000000,0.000000,0.000000,0.000000,0.000000,0.000000,0.000000,0.000000,1,100.000000,,,,,,,,,,,,,,,,,,,,,,
841,26036,26035,1,Transformer,Closed,Closed,NO,26036,LTC,YES,26036,NO ,0.000000,0.000100,1.068000,1.018000,Middle,100.000000,345.000000,765.000000,0.000079,0.007217,0.000000,0.000000,0.000000,0.000000,1.000000,1.000000,1.100000,0.900000,0.006250,1.056250,0.000000,0,0.000000,YES,Default,1516.317558,0.000000,0.000000,0.000000,0.000000,0.000000,0.000000,0.000000,0.000000,0.000000,0.000000,0.000000,0.000000,0.000000,0.000000,1,100.000000,,,,,,,,,,,,,,,,,,,,,,
842,26035,26038,1,Transformer,Closed,Closed,NO,26035,Fixed,NO,26035,NO ,0.000000,0.000100,1.010000,0.990000,Middle,100.000000,765.000000,22.000000,0.000070,0.005977,0.000000,0.000000,0.000000,0.000000,1.000000,1.000000,1.100000,0.900000,0.006250,1.000000,0.000000,0,0.000000,YES,Default,1524.883652,0.000000,0.000000,0.000000,0.000000,0.000000,0.000000,0.000000,0.000000,0.000000,0.000000,0.000000,0.000000,0.000000,0.000000,1,100.000000,,,,,,,,,,,,,,,,,,,,,,
843,26035,26039,1,Transformer,Closed,Closed,NO,26035,Fixed,NO,26035,NO ,0.000000,0.000100,1.010000,0.990000,Middle,100.000000,765.000000,13.800000,0.000047,0.004452,0.000000,0.000000,0.000000,0.000000,1.000000,1.000000,1.100000,0.900000,0.006250,1.000000,0.000000,0,0.000000,YES,Default,1524.841976,0.000000,0.000000,0.000000,0.000000,0.000000,0.000000,0.000000,0.000000,0.000000,0.000000,0.000000,0.000000,0.000000,0.000000,1,100.000000,,,,,,,,,,,,,,,,,,,,,,
844,26035,26040,1,Transformer,Closed,Closed,NO,26035,Fixed,NO,26035,NO ,0.000000,0.000100,1.010000,0.990000,Middle,100.000000,765.000000,13.800000,0.000136,0.011472,0.000000,0.000000,0.000000,0.000000,1.000000,1.000000,1.100000,0.900000,0.006250,1.000000,0.000000,0,0.000000,YES,Default,1345.213223,0.000000,0.000000,0.000000,0.000000,0.000000,0.000000,0.000000,0.000000,0.000000,0.000000,0.000000,0.000000,0.000000,0.000000,1,100.000000,,,,,,,,,,,,,,,,,,,,,,
845,26037,26036,1,Transformer,Closed,Closed,NO,26037,LTC,YES,26037,NO ,0.000000,0.000100,1.068000,1.018000,Middle,100.000000,138.000000,345.000000,0.000807,0.039610,0.000000,0.000000,0.000000,0.000000,1.000000,1.000000,1.100000,0.900000,0.006250,1.100000,0.000000,0,0.000000,YES,Default,434.983969,0.000000,0.000000,0.000000,0.000000,0.000000,0.000000,0.000000,0.000000,0.000000,0.000000,0.000000,0.000000,0.000000,0.000000,1,100.000000,,,,,,,,,,,,,,,,,,,,,,
846,26041,26042,1,Transformer,Closed,Closed,NO,26041,Fixed,NO,26041,NO ,0.000000,0.000100,1.010000,0.990000,Middle,100.000000,138.000000,24.000000,0.004063,0.110989,0.000000,0.000000,0.000000,0.000000,1.000000,1.000000,1.100000,0.900000,0.006250,1.000000,0.000000,0,0.000000,YES,Default,98.533839,0.000000,0.000000,0.000000,0.000000,0.000000,0.000000,0.000000,0.000000,0.000000,0.000000,0.000000,0.000000,0.000000,0.000000,1,100.000000,,,,,,,,,,,,,,,,,,,,,,
847,26041,26043,1,Transformer,Closed,Closed,NO,26041,Fixed,NO,26041,NO ,0.000000,0.000100,1.010000,0.990000,Middle,100.000000,138.000000,18.000000,0.037054,0.958814,0.000000,0.000000,0.000000,0.000000,1.000000,1.000000,1.100000,0.900000,0.006250,1.000000,0.000000,0,0.000000,YES,Default,13.000000,0.000000,0.000000,0.000000,0.000000,0.000000,0.000000,0.000000,0.000000,0.000000,0.000000,0.000000,0.000000,0.000000,0.000000,1,100.000000,,,,,,,,,,,,,,,,,,,,,,
848,26046,26047,1,Transformer,Closed,Closed,NO,26046,Fixed,NO,26046,NO ,0.000000,0.000100,1.010000,0.990000,Middle,100.000000,138.000000,13.800000,0.002384,0.073906,0.000000,0.000000,0.000000,0.000000,1.000000,1.000000,1.100000,0.900000,0.006250,1.000000,0.000000,0,0.000000,YES,Default,195.000005,0.000000,0.000000,0.000000,0.000000,0.000000,0.000000,0.000000,0.000000,0.000000,0.000000,0.000000,0.000000,0.000000,0.000000,1,100.000000,,,,,,,,,,,,,,,,,,,,,,
849,26049,26048,1,Transformer,Closed,Closed,NO,26049,Fixed,NO,26049,NO ,0.000000,0.000100,1.010000,0.990000,Middle,100.000000,345.000000,765.000000,0.000118,0.010349,0.000000,0.000000,0.000000,0.000000,1.000000,1.000000,1.100000,0.900000,0.006250,1.000000,0.000000,0,0.000000,YES,Default,1401.807308,0.000000,0.000000,0.000000,0.000000,0.000000,0.000000,0.000000,0.000000,0.000000,0.000000,0.000000,0.000000,0.000000,0.000000,1,100.000000,,,,,,,,,,,,,,,,,,,,,,
850,26048,26051,1,Transformer,Closed,Closed,NO,26048,Fixed,NO,26048,NO ,0.000000,0.000100,1.010000,0.990000,Middle,100.000000,765.000000,13.800000,0.000077,0.006267,0.000000,0.000000,0.000000,0.000000,1.000000,1.000000,1.100000,0.900000,0.006250,1.000000,0.000000,0,0.000000,YES,Default,1471.595192,0.000000,0.000000,0.000000,0.000000,0.000000,0.000000,0.000000,0.000000,0.000000,0.000000,0.000000,0.000000,0.000000,0.000000,1,100.000000,,,,,,,,,,,,,,,,,,,,,,
851,26048,26052,1,Transformer,Closed,Closed,NO,26048,Fixed,NO,26048,NO ,0.000000,0.000100,1.010000,0.990000,Middle,100.000000,765.000000,13.800000,0.000116,0.009965,0.000000,0.000000,0.000000,0.000000,1.000000,1.000000,1.100000,0.900000,0.006250,1.050000,0.000000,0,0.000000,YES,Default,1471.329594,0.000000,0.000000,0.000000,0.000000,0.000000,0.000000,0.000000,0.000000,0.000000,0.000000,0.000000,0.000000,0.000000,0.000000,1,100.000000,,,,,,,,,,,,,,,,,,,,,,
852,26048,26053,1,Transformer,Closed,Closed,NO,26048,Fixed,NO,26048,NO ,0.000000,0.000100,1.010000,0.990000,Middle,100.000000,765.000000,18.000000,0.000121,0.009066,0.000000,0.000000,0.000000,0.000000,1.000000,1.000000,1.100000,0.900000,0.006250,1.050000,0.000000,0,0.000000,YES,Default,1470.718670,0.000000,0.000000,0.000000,0.000000,0.000000,0.000000,0.000000,0.000000,0.000000,0.000000,0.000000,0.000000,0.000000,0.000000,1,100.000000,,,,,,,,,,,,,,,,,,,,,,
853,26050,26049,1,Transformer,Closed,Closed,NO,26050,Fixed,NO,26050,NO ,0.000000,0.000100,1.010000,0.990000,Middle,100.000000,138.000000,345.000000,0.000395,0.024408,0.000000,0.000000,0.000000,0.000000,1.000000,1.000000,1.100000,0.900000,0.006250,1.000000,0.000000,0,0.000000,YES,Default,274.239039,0.000000,0.000000,0.000000,0.000000,0.000000,0.000000,0.000000,0.000000,0.000000,0.000000,0.000000,0.000000,0.000000,0.000000,1,100.000000,,,,,,,,,,,,,,,,,,,,,,
854,26055,26054,1,Transformer,Closed,Closed,NO,26055,Fixed,NO,26055,NO ,0.000000,0.000100,1.010000,0.990000,Middle,100.000000,138.000000,345.000000,0.000334,0.020573,0.000000,0.000000,0.000000,0.000000,1.000000,1.000000,1.100000,0.900000,0.006250,1.000000,0.000000,0,0.000000,YES,Default,325.502324,0.000000,0.000000,0.000000,0.000000,0.000000,0.000000,0.000000,0.000000,0.000000,0.000000,0.000000,0.000000,0.000000,0.000000,1,100.000000,,,,,,,,,,,,,,,,,,,,,,
855,26055,26056,1,Transformer,Closed,Closed,NO,26055,Fixed,NO,26055,NO ,0.000000,0.000100,1.010000,0.990000,Middle,100.000000,138.000000,18.000000,0.005341,0.151071,0.000000,0.000000,0.000000,0.000000,1.000000,1.000000,1.100000,0.900000,0.006250,1.025000,0.000000,0,0.000000,YES,Default,78.793973,0.000000,0.000000,0.000000,0.000000,0.000000,0.000000,0.000000,0.000000,0.000000,0.000000,0.000000,0.000000,0.000000,0.000000,1,100.000000,,,,,,,,,,,,,,,,,,,,,,
856,26059,26058,1,Transformer,Closed,Closed,NO,26059,LTC,YES,26059,NO ,0.000000,0.000100,1.070000,1.020000,Middle,100.000000,345.000000,765.000000,0.000133,0.010580,0.000000,0.000000,0.000000,0.000000,1.000000,1.000000,1.100000,0.900000,0.006250,1.025000,0.000000,0,0.000000,YES,Default,1464.459705,0.000000,0.000000,0.000000,0.000000,0.000000,0.000000,0.000000,0.000000,0.000000,0.000000,0.000000,0.000000,0.000000,0.000000,1,100.000000,,,,,,,,,,,,,,,,,,,,,,
857,26058,26061,1,Transformer,Closed,Closed,NO,26058,Fixed,NO,26058,NO ,0.000000,0.000100,1.010000,0.990000,Middle,100.000000,765.000000,13.800000,0.000091,0.007915,0.000000,0.000000,0.000000,0.000000,1.000000,1.000000,1.100000,0.900000,0.006250,1.012500,0.000000,0,0.000000,YES,Default,1492.137527,0.000000,0.000000,0.000000,0.000000,0.000000,0.000000,0.000000,0.000000,0.000000,0.000000,0.000000,0.000000,0.000000,0.000000,1,100.000000,,,,,,,,,,,,,,,,,,,,,,
858,26058,26062,1,Transformer,Closed,Closed,NO,26058,Fixed,NO,26058,NO ,0.000000,0.000100,1.010000,0.990000,Middle,100.000000,765.000000,13.800000,0.000110,0.009294,0.000000,0.000000,0.000000,0.000000,1.000000,1.000000,1.100000,0.900000,0.006250,1.000000,0.000000,0,0.000000,YES,Default,1490.383339,0.000000,0.000000,0.000000,0.000000,0.000000,0.000000,0.000000,0.000000,0.000000,0.000000,0.000000,0.000000,0.000000,0.000000,1,100.000000,,,,,,,,,,,,,,,,,,,,,,
859,26058,26063,1,Transformer,Closed,Closed,NO,26058,Fixed,NO,26058,NO ,0.000000,0.000100,1.010000,0.990000,Middle,100.000000,765.000000,18.000000,0.000099,0.007779,0.000000,0.000000,0.000000,0.000000,1.000000,1.000000,1.100000,0.900000,0.006250,1.012500,0.000000,0,0.000000,YES,Default,1490.030956,0.000000,0.000000,0.000000,0.000000,0.000000,0.000000,0.000000,0.000000,0.000000,0.000000,0.000000,0.000000,0.000000,0.000000,1,100.000000,,,,,,,,,,,,,,,,,,,,,,
860,26058,26064,1,Transformer,Closed,Closed,NO,26058,Fixed,NO,26058,NO ,0.000000,0.000100,1.010000,0.990000,Middle,100.000000,765.000000,13.800000,0.000168,0.012363,0.000000,0.000000,0.000000,0.000000,1.000000,1.000000,1.100000,0.900000,0.006250,1.006250,0.000000,0,0.000000,YES,Default,1076.699162,0.000000,0.000000,0.000000,0.000000,0.000000,0.000000,0.000000,0.000000,0.000000,0.000000,0.000000,0.000000,0.000000,0.000000,1,100.000000,,,,,,,,,,,,,,,,,,,,,,
861,26060,26059,1,Transformer,Closed,Closed,NO,26060,Fixed,NO,26060,NO ,0.000000,0.000100,1.010000,0.990000,Middle,100.000000,138.000000,345.000000,0.000550,0.031345,0.000000,0.000000,0.000000,0.000000,1.000000,1.000000,1.100000,0.900000,0.006250,1.018750,0.000000,0,0.000000,YES,Default,498.155785,0.000000,0.000000,0.000000,0.000000,0.000000,0.000000,0.000000,0.000000,0.000000,0.000000,0.000000,0.000000,0.000000,0.000000,1,100.000000,,,,,,,,,,,,,,,,,,,,,,
862,26065,26069,1,Transformer,Closed,Closed,NO,26065,Fixed,NO,26065,NO ,0.000000,0.000100,1.010000,0.990000,Middle,100.000000,138.000000,18.000000,0.012737,0.347084,0.000000,0.000000,0.000000,0.000000,1.000000,1.000000,1.100000,0.900000,0.006250,1.000000,0.000000,0,0.000000,YES,Default,30.455601,0.000000,0.000000,0.000000,0.000000,0.000000,0.000000,0.000000,0.000000,0.000000,0.000000,0.000000,0.000000,0.000000,0.000000,1,100.000000,,,,,,,,,,,,,,,,,,,,,,
863,26072,26071,1,Transformer,Closed,Closed,NO,26072,Fixed,NO,26072,NO ,0.000000,0.000100,1.010000,0.990000,Middle,100.000000,138.000000,345.000000,0.000320,0.022687,0.000000,0.000000,0.000000,0.000000,1.000000,1.000000,1.100000,0.900000,0.006250,1.000000,0.000000,0,0.000000,YES,Default,398.157740,0.000000,0.000000,0.000000,0.000000,0.000000,0.000000,0.000000,0.000000,0.000000,0.000000,0.000000,0.000000,0.000000,0.000000,1,100.000000,,,,,,,,,,,,,,,,,,,,,,
864,26071,26073,1,Transformer,Closed,Closed,NO,26071,Fixed,NO,26071,NO ,0.000000,0.000100,1.010000,0.990000,Middle,100.000000,345.000000,13.800000,0.000673,0.039378,0.000000,0.000000,0.000000,0.000000,1.000000,1.000000,1.100000,0.900000,0.006250,1.012500,0.000000,0,0.000000,YES,Default,320.327473,0.000000,0.000000,0.000000,0.000000,0.000000,0.000000,0.000000,0.000000,0.000000,0.000000,0.000000,0.000000,0.000000,0.000000,1,100.000000,,,,,,,,,,,,,,,,,,,,,,
865,26072,26074,1,Transformer,Closed,Closed,NO,26072,Fixed,NO,26072,NO ,0.000000,0.000100,1.010000,0.990000,Middle,100.000000,138.000000,13.800000,0.026799,0.806912,0.000000,0.000000,0.000000,0.000000,1.000000,1.000000,1.100000,0.900000,0.006250,1.037500,0.000000,0,0.000000,YES,Default,25.642622,0.000000,0.000000,0.000000,0.000000,0.000000,0.000000,0.000000,0.000000,0.000000,0.000000,0.000000,0.000000,0.000000,0.000000,1,100.000000,,,,,,,,,,,,,,,,,,,,,,
866,26076,26075,1,Transformer,Closed,Closed,NO,26076,LTC,YES,26076,NO ,0.000000,0.000100,1.071000,1.021000,Middle,100.000000,138.000000,345.000000,0.000530,0.033312,0.000000,0.000000,0.000000,0.000000,1.000000,1.000000,1.100000,0.900000,0.006250,1.050000,0.000000,0,0.000000,YES,Default,501.063204,0.000000,0.000000,0.000000,0.000000,0.000000,0.000000,0.000000,0.000000,0.000000,0.000000,0.000000,0.000000,0.000000,0.000000,1,100.000000,,,,,,,,,,,,,,,,,,,,,,
867,26084,26083,1,Transformer,Closed,Closed,NO,26084,Fixed,NO,26084,NO ,0.000000,0.000100,1.010000,0.990000,Middle,100.000000,138.000000,345.000000,0.000525,0.030002,0.000000,0.000000,0.000000,0.000000,1.000000,1.000000,1.100000,0.900000,0.006250,1.006250,0.000000,0,0.000000,YES,Default,423.782539,0.000000,0.000000,0.000000,0.000000,0.000000,0.000000,0.000000,0.000000,0.000000,0.000000,0.000000,0.000000,0.000000,0.000000,1,100.000000,,,,,,,,,,,,,,,,,,,,,,
868,26083,26085,1,Transformer,Closed,Closed,NO,26083,Fixed,NO,26083,NO ,0.000000,0.000100,1.010000,0.990000,Middle,100.000000,345.000000,18.000000,0.000552,0.033310,0.000000,0.000000,0.000000,0.000000,1.000000,1.000000,1.100000,0.900000,0.006250,1.000000,0.000000,0,0.000000,YES,Default,396.316051,0.000000,0.000000,0.000000,0.000000,0.000000,0.000000,0.000000,0.000000,0.000000,0.000000,0.000000,0.000000,0.000000,0.000000,1,100.000000,,,,,,,,,,,,,,,,,,,,,,
869,26083,26086,1,Transformer,Closed,Closed,NO,26083,Fixed,NO,26083,NO ,0.000000,0.000100,1.010000,0.990000,Middle,100.000000,345.000000,18.000000,0.000615,0.034436,0.000000,0.000000,0.000000,0.000000,1.000000,1.000000,1.100000,0.900000,0.006250,1.000000,0.000000,0,0.000000,YES,Default,278.710294,0.000000,0.000000,0.000000,0.000000,0.000000,0.000000,0.000000,0.000000,0.000000,0.000000,0.000000,0.000000,0.000000,0.000000,1,100.000000,,,,,,,,,,,,,,,,,,,,,,
870,26088,26087,1,Transformer,Closed,Closed,NO,26088,Fixed,NO,26088,NO ,0.000000,0.000100,1.010000,0.990000,Middle,100.000000,138.000000,345.000000,0.000519,0.029001,0.000000,0.000000,0.000000,0.000000,1.000000,1.000000,1.100000,0.900000,0.006250,1.000000,0.000000,0,0.000000,YES,Default,311.371303,0.000000,0.000000,0.000000,0.000000,0.000000,0.000000,0.000000,0.000000,0.000000,0.000000,0.000000,0.000000,0.000000,0.000000,1,100.000000,,,,,,,,,,,,,,,,,,,,,,
871,26087,26089,1,Transformer,Closed,Closed,NO,26087,Fixed,NO,26087,NO ,0.000000,0.000100,1.010000,0.990000,Middle,100.000000,345.000000,13.800000,0.000470,0.025545,0.000000,0.000000,0.000000,0.000000,1.000000,1.000000,1.100000,0.900000,0.006250,1.050000,0.000000,0,0.000000,YES,Default,503.531027,0.000000,0.000000,0.000000,0.000000,0.000000,0.000000,0.000000,0.000000,0.000000,0.000000,0.000000,0.000000,0.000000,0.000000,1,100.000000,,,,,,,,,,,,,,,,,,,,,,
872,26091,26090,1,Transformer,Closed,Closed,NO,26091,Fixed,NO,26091,NO ,0.000000,0.000100,1.010000,0.990000,Middle,100.000000,138.000000,345.000000,0.000571,0.033419,0.000000,0.000000,0.000000,0.000000,1.000000,1.000000,1.100000,0.900000,0.006250,1.006250,0.000000,0,0.000000,YES,Default,389.655828,0.000000,0.000000,0.000000,0.000000,0.000000,0.000000,0.000000,0.000000,0.000000,0.000000,0.000000,0.000000,0.000000,0.000000,1,100.000000,,,,,,,,,,,,,,,,,,,,,,
873,26092,26093,1,Transformer,Closed,Closed,NO,26092,Fixed,NO,26092,NO ,0.000000,0.000100,1.010000,0.990000,Middle,100.000000,138.000000,13.800000,0.008747,0.281294,0.000000,0.000000,0.000000,0.000000,1.000000,1.000000,1.100000,0.900000,0.006250,1.000000,0.000000,0,0.000000,YES,Default,81.397444,0.000000,0.000000,0.000000,0.000000,0.000000,0.000000,0.000000,0.000000,0.000000,0.000000,0.000000,0.000000,0.000000,0.000000,1,100.000000,,,,,,,,,,,,,,,,,,,,,,
874,26095,26094,1,Transformer,Closed,Closed,NO,26095,LTC,YES,26095,NO ,0.000000,0.000100,1.072000,1.022000,Middle,100.000000,345.000000,765.000000,0.000119,0.008742,0.000000,0.000000,0.000000,0.000000,1.000000,1.000000,1.100000,0.900000,0.006250,1.100000,0.000000,0,0.000000,YES,Default,1652.581787,0.000000,0.000000,0.000000,0.000000,0.000000,0.000000,0.000000,0.000000,0.000000,0.000000,0.000000,0.000000,0.000000,0.000000,1,100.000000,,,,,,,,,,,,,,,,,,,,,,
875,26095,26094,2,Transformer,Closed,Closed,NO,26095,Fixed,NO,26095,NO ,0.000000,0.000100,1.010000,0.990000,Middle,100.000000,345.000000,765.000000,0.000119,0.008742,0.000000,0.000000,0.000000,0.000000,1.000000,1.000000,1.100000,0.900000,0.006250,1.056250,0.000000,0,0.000000,YES,Default,1652.581787,0.000000,0.000000,0.000000,0.000000,0.000000,0.000000,0.000000,0.000000,0.000000,0.000000,0.000000,0.000000,0.000000,0.000000,1,100.000000,,,,,,,,,,,,,,,,,,,,,,
876,26095,26094,3,Transformer,Closed,Closed,NO,26095,Fixed,NO,26095,NO ,0.000000,0.000100,1.010000,0.990000,Middle,100.000000,345.000000,765.000000,0.000119,0.008742,0.000000,0.000000,0.000000,0.000000,1.000000,1.000000,1.100000,0.900000,0.006250,1.056250,0.000000,0,0.000000,YES,Default,1652.581787,0.000000,0.000000,0.000000,0.000000,0.000000,0.000000,0.000000,0.000000,0.000000,0.000000,0.000000,0.000000,0.000000,0.000000,1,100.000000,,,,,,,,,,,,,,,,,,,,,,
877,26094,26097,1,Transformer,Closed,Closed,NO,26094,Fixed,NO,26094,NO ,0.000000,0.000100,1.010000,0.990000,Middle,100.000000,765.000000,18.000000,0.000111,0.008944,0.000000,0.000000,0.000000,0.000000,1.000000,1.000000,1.100000,0.900000,0.006250,1.018750,0.000000,0,0.000000,YES,Default,1684.778976,0.000000,0.000000,0.000000,0.000000,0.000000,0.000000,0.000000,0.000000,0.000000,0.000000,0.000000,0.000000,0.000000,0.000000,1,100.000000,,,,,,,,,,,,,,,,,,,,,,
878,26094,26098,1,Transformer,Closed,Closed,NO,26094,Fixed,NO,26094,NO ,0.000000,0.000100,1.010000,0.990000,Middle,100.000000,765.000000,13.800000,0.000117,0.008288,0.000000,0.000000,0.000000,0.000000,1.000000,1.000000,1.100000,0.900000,0.006250,1.018750,0.000000,0,0.000000,YES,Default,1682.289505,0.000000,0.000000,0.000000,0.000000,0.000000,0.000000,0.000000,0.000000,0.000000,0.000000,0.000000,0.000000,0.000000,0.000000,1,100.000000,,,,,,,,,,,,,,,,,,,,,,
879,26094,26099,1,Transformer,Closed,Closed,NO,26094,Fixed,NO,26094,NO ,0.000000,0.000100,1.010000,0.990000,Middle,100.000000,765.000000,13.800000,0.000100,0.007955,0.000000,0.000000,0.000000,0.000000,1.000000,1.000000,1.100000,0.900000,0.006250,1.018750,0.000000,0,0.000000,YES,Default,1682.034302,0.000000,0.000000,0.000000,0.000000,0.000000,0.000000,0.000000,0.000000,0.000000,0.000000,0.000000,0.000000,0.000000,0.000000,1,100.000000,,,,,,,,,,,,,,,,,,,,,,
880,26094,26100,1,Transformer,Closed,Closed,NO,26094,Fixed,NO,26094,NO ,0.000000,0.000100,1.010000,0.990000,Middle,100.000000,765.000000,13.800000,0.000076,0.005515,0.000000,0.000000,0.000000,0.000000,1.000000,1.000000,1.100000,0.900000,0.006250,1.012500,0.000000,0,0.000000,YES,Default,1679.266548,0.000000,0.000000,0.000000,0.000000,0.000000,0.000000,0.000000,0.000000,0.000000,0.000000,0.000000,0.000000,0.000000,0.000000,1,100.000000,,,,,,,,,,,,,,,,,,,,,,
881,26094,26101,1,Transformer,Closed,Closed,NO,26094,Fixed,NO,26094,NO ,0.000000,0.000100,1.010000,0.990000,Middle,100.000000,765.000000,20.000000,0.000092,0.007356,0.000000,0.000000,0.000000,0.000000,1.000000,1.000000,1.100000,0.900000,0.006250,1.012500,0.000000,0,0.000000,YES,Default,1676.401520,0.000000,0.000000,0.000000,0.000000,0.000000,0.000000,0.000000,0.000000,0.000000,0.000000,0.000000,0.000000,0.000000,0.000000,1,100.000000,,,,,,,,,,,,,,,,,,,,,,
882,26094,26102,1,Transformer,Closed,Closed,NO,26094,Fixed,NO,26094,NO ,0.000000,0.000100,1.010000,0.990000,Middle,100.000000,765.000000,13.800000,0.000096,0.007315,0.000000,0.000000,0.000000,0.000000,1.000000,1.000000,1.100000,0.900000,0.006250,1.000000,0.000000,0,0.000000,YES,Default,1675.978279,0.000000,0.000000,0.000000,0.000000,0.000000,0.000000,0.000000,0.000000,0.000000,0.000000,0.000000,0.000000,0.000000,0.000000,1,100.000000,,,,,,,,,,,,,,,,,,,,,,
883,26096,26095,1,Transformer,Closed,Closed,NO,26096,LTC,YES,26096,NO ,0.000000,0.000100,1.072000,1.022000,Middle,100.000000,138.000000,345.000000,0.000536,0.033462,0.000000,0.000000,0.000000,0.000000,1.000000,1.000000,1.100000,0.900000,0.006250,1.018750,0.000000,0,0.000000,YES,Default,441.525173,0.000000,0.000000,0.000000,0.000000,0.000000,0.000000,0.000000,0.000000,0.000000,0.000000,0.000000,0.000000,0.000000,0.000000,1,100.000000,,,,,,,,,,,,,,,,,,,,,,
884,26105,26104,1,Transformer,Closed,Closed,NO,26105,Fixed,NO,26105,NO ,0.000000,0.000100,1.010000,0.990000,Middle,100.000000,138.000000,345.000000,0.000625,0.036298,0.000000,0.000000,0.000000,0.000000,1.000000,1.000000,1.100000,0.900000,0.006250,1.000000,0.000000,0,0.000000,YES,Default,426.984644,0.000000,0.000000,0.000000,0.000000,0.000000,0.000000,0.000000,0.000000,0.000000,0.000000,0.000000,0.000000,0.000000,0.000000,1,100.000000,,,,,,,,,,,,,,,,,,,,,,
885,26109,26110,1,Transformer,Closed,Closed,NO,26109,Fixed,NO,26109,NO ,0.000000,0.000100,1.010000,0.990000,Middle,100.000000,138.000000,13.800000,0.006709,0.202014,0.000000,0.000000,0.000000,0.000000,1.000000,1.000000,1.100000,0.900000,0.006250,1.000000,0.000000,0,0.000000,YES,Default,85.465604,0.000000,0.000000,0.000000,0.000000,0.000000,0.000000,0.000000,0.000000,0.000000,0.000000,0.000000,0.000000,0.000000,0.000000,1,100.000000,,,,,,,,,,,,,,,,,,,,,,
886,26112,26116,1,Transformer,Closed,Closed,NO,26112,Fixed,NO,26112,NO ,0.000000,0.000100,1.010000,0.990000,Middle,100.000000,345.000000,13.800000,0.000481,0.031013,0.000000,0.000000,0.000000,0.000000,1.000000,1.000000,1.100000,0.900000,0.006250,1.000000,0.000000,0,0.000000,YES,Default,505.292559,0.000000,0.000000,0.000000,0.000000,0.000000,0.000000,0.000000,0.000000,0.000000,0.000000,0.000000,0.000000,0.000000,0.000000,1,100.000000,,,,,,,,,,,,,,,,,,,,,,
887,26112,26117,1,Transformer,Closed,Closed,NO,26112,Fixed,NO,26112,NO ,0.000000,0.000100,1.010000,0.990000,Middle,100.000000,345.000000,18.000000,0.000393,0.025437,0.000000,0.000000,0.000000,0.000000,1.000000,1.000000,1.100000,0.900000,0.006250,1.000000,0.000000,0,0.000000,YES,Default,421.522856,0.000000,0.000000,0.000000,0.000000,0.000000,0.000000,0.000000,0.000000,0.000000,0.000000,0.000000,0.000000,0.000000,0.000000,1,100.000000,,,,,,,,,,,,,,,,,,,,,,
888,26119,26120,1,Transformer,Closed,Closed,NO,26119,Fixed,NO,26119,NO ,0.000000,0.000100,1.010000,0.990000,Middle,100.000000,138.000000,13.800000,0.001709,0.052897,0.000000,0.000000,0.000000,0.000000,1.000000,1.000000,1.100000,0.900000,0.006250,1.000000,0.000000,0,0.000000,YES,Default,116.999996,0.000000,0.000000,0.000000,0.000000,0.000000,0.000000,0.000000,0.000000,0.000000,0.000000,0.000000,0.000000,0.000000,0.000000,1,100.000000,,,,,,,,,,,,,,,,,,,,,,
889,26119,26121,1,Transformer,Closed,Closed,NO,26119,Fixed,NO,26119,NO ,0.000000,0.000100,1.010000,0.990000,Middle,100.000000,138.000000,13.800000,0.035394,1.005638,0.000000,0.000000,0.000000,0.000000,1.000000,1.000000,1.100000,0.900000,0.006250,1.012500,0.000000,0,0.000000,YES,Default,14.755000,0.000000,0.000000,0.000000,0.000000,0.000000,0.000000,0.000000,0.000000,0.000000,0.000000,0.000000,0.000000,0.000000,0.000000,1,100.000000,,,,,,,,,,,,,,,,,,,,,,
890,26119,26122,1,Transformer,Closed,Closed,NO,26119,Fixed,NO,26119,NO ,0.000000,0.000100,1.010000,0.990000,Middle,100.000000,138.000000,13.800000,0.009053,0.312638,0.000000,0.000000,0.000000,0.000000,1.000000,1.000000,1.100000,0.900000,0.006250,1.018750,0.000000,0,0.000000,YES,Default,38.532794,0.000000,0.000000,0.000000,0.000000,0.000000,0.000000,0.000000,0.000000,0.000000,0.000000,0.000000,0.000000,0.000000,0.000000,1,100.000000,,,,,,,,,,,,,,,,,,,,,,
891,26126,26125,1,Transformer,Closed,Closed,NO,26126,Fixed,NO,26126,NO ,0.000000,0.000100,1.010000,0.990000,Middle,100.000000,345.000000,765.000000,0.000044,0.003451,0.000000,0.000000,0.000000,0.000000,1.000000,1.000000,1.100000,0.900000,0.006250,1.018750,0.000000,0,0.000000,YES,Default,1827.893639,0.000000,0.000000,0.000000,0.000000,0.000000,0.000000,0.000000,0.000000,0.000000,0.000000,0.000000,0.000000,0.000000,0.000000,1,100.000000,,,,,,,,,,,,,,,,,,,,,,
892,26126,26125,2,Transformer,Closed,Closed,NO,26126,LTC,YES,26126,NO ,0.000000,0.000100,1.072000,1.022000,Middle,100.000000,345.000000,765.000000,0.000044,0.003451,0.000000,0.000000,0.000000,0.000000,1.000000,1.000000,1.100000,0.900000,0.006250,1.100000,0.000000,0,0.000000,YES,Default,3000.000000,0.000000,0.000000,0.000000,0.000000,0.000000,0.000000,0.000000,0.000000,0.000000,0.000000,0.000000,0.000000,0.000000,0.000000,1,100.000000,,,,,,,,,,,,,,,,,,,,,,
893,26126,26125,3,Transformer,Closed,Closed,NO,26126,Fixed,NO,26126,NO ,0.000000,0.000100,1.010000,0.990000,Middle,100.000000,345.000000,765.000000,0.000044,0.003451,0.000000,0.000000,0.000000,0.000000,1.000000,1.000000,1.100000,0.900000,0.006250,1.018750,0.000000,0,0.000000,YES,Default,1827.893639,0.000000,0.000000,0.000000,0.000000,0.000000,0.000000,0.000000,0.000000,0.000000,0.000000,0.000000,0.000000,0.000000,0.000000,1,100.000000,,,,,,,,,,,,,,,,,,,,,,
894,26126,26125,4,Transformer,Closed,Closed,NO,26126,Fixed,NO,26126,NO ,0.000000,0.000100,1.010000,0.990000,Middle,100.000000,345.000000,765.000000,0.000044,0.003451,0.000000,0.000000,0.000000,0.000000,1.000000,1.000000,1.100000,0.900000,0.006250,1.018750,0.000000,0,0.000000,YES,Default,1827.893639,0.000000,0.000000,0.000000,0.000000,0.000000,0.000000,0.000000,0.000000,0.000000,0.000000,0.000000,0.000000,0.000000,0.000000,1,100.000000,,,,,,,,,,,,,,,,,,,,,,
895,26126,26125,5,Transformer,Closed,Closed,NO,26126,LTC,YES,26126,NO ,0.000000,0.000100,1.072000,1.022000,Middle,100.000000,345.000000,765.000000,0.000044,0.003451,0.000000,0.000000,0.000000,0.000000,1.000000,1.000000,1.100000,0.900000,0.006250,1.100000,0.000000,0,0.000000,YES,Default,3000.000000,0.000000,0.000000,0.000000,0.000000,0.000000,0.000000,0.000000,0.000000,0.000000,0.000000,0.000000,0.000000,0.000000,0.000000,1,100.000000,,,,,,,,,,,,,,,,,,,,,,
896,26125,26128,1,Transformer,Closed,Closed,NO,26125,Fixed,NO,26125,NO ,0.000000,0.000100,1.010000,0.990000,Middle,100.000000,765.000000,13.800000,0.000123,0.009697,0.000000,0.000000,0.000000,0.000000,1.000000,1.000000,1.100000,0.900000,0.006250,1.000000,0.000000,0,0.000000,YES,Default,1452.532959,0.000000,0.000000,0.000000,0.000000,0.000000,0.000000,0.000000,0.000000,0.000000,0.000000,0.000000,0.000000,0.000000,0.000000,1,100.000000,,,,,,,,,,,,,,,,,,,,,,
897,26125,26129,1,Transformer,Closed,Closed,NO,26125,Fixed,NO,26125,NO ,0.000000,0.000100,1.010000,0.990000,Middle,100.000000,765.000000,18.000000,0.000108,0.008244,0.000000,0.000000,0.000000,0.000000,1.000000,1.000000,1.100000,0.900000,0.006250,1.000000,0.000000,0,0.000000,YES,Default,1452.094269,0.000000,0.000000,0.000000,0.000000,0.000000,0.000000,0.000000,0.000000,0.000000,0.000000,0.000000,0.000000,0.000000,0.000000,1,100.000000,,,,,,,,,,,,,,,,,,,,,,
898,26127,26126,1,Transformer,Closed,Closed,NO,26127,LTC,YES,26127,NO ,0.000000,0.000100,1.068000,1.018000,Middle,100.000000,138.000000,345.000000,0.000502,0.030256,0.000000,0.000000,0.000000,0.000000,1.000000,1.000000,1.100000,0.900000,0.006250,1.031250,0.000000,0,0.000000,YES,Default,521.001673,0.000000,0.000000,0.000000,0.000000,0.000000,0.000000,0.000000,0.000000,0.000000,0.000000,0.000000,0.000000,0.000000,0.000000,1,100.000000,,,,,,,,,,,,,,,,,,,,,,
899,26131,26130,1,Transformer,Closed,Closed,NO,26131,Fixed,NO,26131,NO ,0.000000,0.000100,1.010000,0.990000,Middle,100.000000,345.000000,765.000000,0.000076,0.005437,0.000000,0.000000,0.000000,0.000000,1.000000,1.000000,1.100000,0.900000,0.006250,1.000000,0.000000,0,0.000000,YES,Default,1555.437660,0.000000,0.000000,0.000000,0.000000,0.000000,0.000000,0.000000,0.000000,0.000000,0.000000,0.000000,0.000000,0.000000,0.000000,1,100.000000,,,,,,,,,,,,,,,,,,,,,,
900,26130,26133,1,Transformer,Closed,Closed,NO,26130,Fixed,NO,26130,NO ,0.000000,0.000100,1.010000,0.990000,Middle,100.000000,765.000000,24.000000,0.000071,0.005273,0.000000,0.000000,0.000000,0.000000,1.000000,1.000000,1.100000,0.900000,0.006250,1.000000,0.000000,0,0.000000,YES,Default,1952.817917,0.000000,0.000000,0.000000,0.000000,0.000000,0.000000,0.000000,0.000000,0.000000,0.000000,0.000000,0.000000,0.000000,0.000000,1,100.000000,,,,,,,,,,,,,,,,,,,,,,
901,26130,26134,1,Transformer,Closed,Closed,NO,26130,Fixed,NO,26130,NO ,0.000000,0.000100,1.010000,0.990000,Middle,100.000000,765.000000,13.800000,0.000072,0.005698,0.000000,0.000000,0.000000,0.000000,1.000000,1.000000,1.100000,0.900000,0.006250,1.000000,0.000000,0,0.000000,YES,Default,1905.408287,0.000000,0.000000,0.000000,0.000000,0.000000,0.000000,0.000000,0.000000,0.000000,0.000000,0.000000,0.000000,0.000000,0.000000,1,100.000000,,,,,,,,,,,,,,,,,,,,,,
902,26132,26131,1,Transformer,Closed,Closed,NO,26132,Fixed,NO,26132,NO ,0.000000,0.000100,1.010000,0.990000,Middle,100.000000,138.000000,345.000000,0.000422,0.023122,0.000000,0.000000,0.000000,0.000000,1.000000,1.000000,1.100000,0.900000,0.006250,1.000000,0.000000,0,0.000000,YES,Default,476.183128,0.000000,0.000000,0.000000,0.000000,0.000000,0.000000,0.000000,0.000000,0.000000,0.000000,0.000000,0.000000,0.000000,0.000000,1,100.000000,,,,,,,,,,,,,,,,,,,,,,
903,26137,26141,1,Transformer,Closed,Closed,NO,26137,Fixed,NO,26137,NO ,0.000000,0.000100,1.010000,0.990000,Middle,100.000000,138.000000,18.000000,0.008724,0.249180,0.000000,0.000000,0.000000,0.000000,1.000000,1.000000,1.100000,0.900000,0.006250,1.012500,0.000000,0,0.000000,YES,Default,43.174860,0.000000,0.000000,0.000000,0.000000,0.000000,0.000000,0.000000,0.000000,0.000000,0.000000,0.000000,0.000000,0.000000,0.000000,1,100.000000,,,,,,,,,,,,,,,,,,,,,,
904,26143,26142,1,Transformer,Closed,Closed,NO,26143,Fixed,NO,26143,NO ,0.000000,0.000100,1.010000,0.990000,Middle,100.000000,345.000000,765.000000,0.000101,0.006735,0.000000,0.000000,0.000000,0.000000,1.000000,1.000000,1.100000,0.900000,0.006250,1.000000,0.000000,0,0.000000,YES,Default,1397.920227,0.000000,0.000000,0.000000,0.000000,0.000000,0.000000,0.000000,0.000000,0.000000,0.000000,0.000000,0.000000,0.000000,0.000000,1,100.000000,,,,,,,,,,,,,,,,,,,,,,
905,26142,26145,1,Transformer,Closed,Closed,NO,26142,Fixed,NO,26142,NO ,0.000000,0.000100,1.010000,0.990000,Middle,100.000000,765.000000,13.800000,0.000081,0.005626,0.000000,0.000000,0.000000,0.000000,1.000000,1.000000,1.100000,0.900000,0.006250,1.000000,0.000000,0,0.000000,YES,Default,1253.101730,0.000000,0.000000,0.000000,0.000000,0.000000,0.000000,0.000000,0.000000,0.000000,0.000000,0.000000,0.000000,0.000000,0.000000,1,100.000000,,,,,,,,,,,,,,,,,,,,,,
906,26142,26146,1,Transformer,Closed,Closed,NO,26142,Fixed,NO,26142,NO ,0.000000,0.000100,1.010000,0.990000,Middle,100.000000,765.000000,13.200000,0.000137,0.010420,0.000000,0.000000,0.000000,0.000000,1.000000,1.000000,1.100000,0.900000,0.006250,1.000000,0.000000,0,0.000000,YES,Default,1252.902985,0.000000,0.000000,0.000000,0.000000,0.000000,0.000000,0.000000,0.000000,0.000000,0.000000,0.000000,0.000000,0.000000,0.000000,1,100.000000,,,,,,,,,,,,,,,,,,,,,,
907,26142,26147,1,Transformer,Closed,Closed,NO,26142,Fixed,NO,26142,NO ,0.000000,0.000100,1.010000,0.990000,Middle,100.000000,765.000000,18.000000,0.000115,0.009950,0.000000,0.000000,0.000000,0.000000,1.000000,1.000000,1.100000,0.900000,0.006250,1.000000,0.000000,0,0.000000,YES,Default,1252.161598,0.000000,0.000000,0.000000,0.000000,0.000000,0.000000,0.000000,0.000000,0.000000,0.000000,0.000000,0.000000,0.000000,0.000000,1,100.000000,,,,,,,,,,,,,,,,,,,,,,
908,26142,26148,1,Transformer,Closed,Closed,NO,26142,Fixed,NO,26142,NO ,0.000000,0.000100,1.010000,0.990000,Middle,100.000000,765.000000,18.000000,0.000131,0.010876,0.000000,0.000000,0.000000,0.000000,1.000000,1.000000,1.100000,0.900000,0.006250,1.000000,0.000000,0,0.000000,YES,Default,1250.827503,0.000000,0.000000,0.000000,0.000000,0.000000,0.000000,0.000000,0.000000,0.000000,0.000000,0.000000,0.000000,0.000000,0.000000,1,100.000000,,,,,,,,,,,,,,,,,,,,,,
909,26142,26149,1,Transformer,Closed,Closed,NO,26142,Fixed,NO,26142,NO ,0.000000,0.000100,1.010000,0.990000,Middle,100.000000,765.000000,13.800000,0.000087,0.007779,0.000000,0.000000,0.000000,0.000000,1.000000,1.000000,1.100000,0.900000,0.006250,1.000000,0.000000,0,0.000000,YES,Default,1248.849392,0.000000,0.000000,0.000000,0.000000,0.000000,0.000000,0.000000,0.000000,0.000000,0.000000,0.000000,0.000000,0.000000,0.000000,1,100.000000,,,,,,,,,,,,,,,,,,,,,,
910,26144,26143,1,Transformer,Closed,Closed,NO,26144,Fixed,NO,26144,NO ,0.000000,0.000100,1.010000,0.990000,Middle,100.000000,138.000000,345.000000,0.000553,0.039499,0.000000,0.000000,0.000000,0.000000,1.000000,1.000000,1.100000,0.900000,0.006250,1.000000,0.000000,0,0.000000,YES,Default,356.683278,0.000000,0.000000,0.000000,0.000000,0.000000,0.000000,0.000000,0.000000,0.000000,0.000000,0.000000,0.000000,0.000000,0.000000,1,100.000000,,,,,,,,,,,,,,,,,,,,,,
911,26152,26157,1,Transformer,Closed,Closed,NO,26152,Fixed,NO,26152,NO ,0.000000,0.000100,1.010000,0.990000,Middle,100.000000,765.000000,18.000000,0.000064,0.004799,0.000000,0.000000,0.000000,0.000000,1.000000,1.000000,1.100000,0.900000,0.006250,1.031250,0.000000,0,0.000000,YES,Default,1546.486473,0.000000,0.000000,0.000000,0.000000,0.000000,0.000000,0.000000,0.000000,0.000000,0.000000,0.000000,0.000000,0.000000,0.000000,1,100.000000,,,,,,,,,,,,,,,,,,,,,,
912,26152,26158,1,Transformer,Closed,Closed,NO,26152,Fixed,NO,26152,NO ,0.000000,0.000100,1.010000,0.990000,Middle,100.000000,765.000000,13.800000,0.000132,0.011229,0.000000,0.000000,0.000000,0.000000,1.000000,1.000000,1.100000,0.900000,0.006250,1.031250,0.000000,0,0.000000,YES,Default,1469.719028,0.000000,0.000000,0.000000,0.000000,0.000000,0.000000,0.000000,0.000000,0.000000,0.000000,0.000000,0.000000,0.000000,0.000000,1,100.000000,,,,,,,,,,,,,,,,,,,,,,
913,26152,26159,1,Transformer,Closed,Closed,NO,26152,Fixed,NO,26152,NO ,0.000000,0.000100,1.010000,0.990000,Middle,100.000000,765.000000,20.000000,0.000166,0.011376,0.000000,0.000000,0.000000,0.000000,1.000000,1.000000,1.100000,0.900000,0.006250,1.000000,0.000000,0,0.000000,YES,Default,1466.963005,0.000000,0.000000,0.000000,0.000000,0.000000,0.000000,0.000000,0.000000,0.000000,0.000000,0.000000,0.000000,0.000000,0.000000,1,100.000000,,,,,,,,,,,,,,,,,,,,,,
914,26154,26153,1,Transformer,Closed,Closed,NO,26154,LTC,YES,26154,NO ,0.000000,0.000100,1.074000,1.024000,Middle,100.000000,138.000000,345.000000,0.000387,0.024325,0.000000,0.000000,0.000000,0.000000,1.000000,1.000000,1.100000,0.900000,0.006250,1.006250,0.000000,0,0.000000,YES,Default,376.110768,0.000000,0.000000,0.000000,0.000000,0.000000,0.000000,0.000000,0.000000,0.000000,0.000000,0.000000,0.000000,0.000000,0.000000,1,100.000000,,,,,,,,,,,,,,,,,,,,,,
915,26161,26160,1,Transformer,Closed,Closed,NO,26161,Fixed,NO,26161,NO ,0.000000,0.000100,1.010000,0.990000,Middle,100.000000,345.000000,765.000000,0.000091,0.006645,0.000000,0.000000,0.000000,0.000000,1.000000,1.000000,1.100000,0.900000,0.006250,1.000000,0.000000,0,0.000000,YES,Default,1421.429539,0.000000,0.000000,0.000000,0.000000,0.000000,0.000000,0.000000,0.000000,0.000000,0.000000,0.000000,0.000000,0.000000,0.000000,1,100.000000,,,,,,,,,,,,,,,,,,,,,,
916,26160,26163,1,Transformer,Closed,Closed,NO,26160,Fixed,NO,26160,NO ,0.000000,0.000100,1.010000,0.990000,Middle,100.000000,765.000000,13.800000,0.000065,0.004804,0.000000,0.000000,0.000000,0.000000,1.000000,1.000000,1.100000,0.900000,0.006250,1.000000,0.000000,0,0.000000,YES,Default,1789.618874,0.000000,0.000000,0.000000,0.000000,0.000000,0.000000,0.000000,0.000000,0.000000,0.000000,0.000000,0.000000,0.000000,0.000000,1,100.000000,,,,,,,,,,,,,,,,,,,,,,
917,26160,26164,1,Transformer,Closed,Closed,NO,26160,Fixed,NO,26160,NO ,0.000000,0.000100,1.010000,0.990000,Middle,100.000000,765.000000,13.800000,0.000093,0.008388,0.000000,0.000000,0.000000,0.000000,1.000000,1.000000,1.100000,0.900000,0.006250,1.000000,0.000000,0,0.000000,YES,Default,1668.818474,0.000000,0.000000,0.000000,0.000000,0.000000,0.000000,0.000000,0.000000,0.000000,0.000000,0.000000,0.000000,0.000000,0.000000,1,100.000000,,,,,,,,,,,,,,,,,,,,,,
918,26160,26165,1,Transformer,Closed,Closed,NO,26160,Fixed,NO,26160,NO ,0.000000,0.000100,1.010000,0.990000,Middle,100.000000,765.000000,13.800000,0.000109,0.008898,0.000000,0.000000,0.000000,0.000000,1.000000,1.000000,1.100000,0.900000,0.006250,1.000000,0.000000,0,0.000000,YES,Default,1656.045151,0.000000,0.000000,0.000000,0.000000,0.000000,0.000000,0.000000,0.000000,0.000000,0.000000,0.000000,0.000000,0.000000,0.000000,1,100.000000,,,,,,,,,,,,,,,,,,,,,,
919,26160,26166,1,Transformer,Closed,Closed,NO,26160,Fixed,NO,26160,NO ,0.000000,0.000100,1.010000,0.990000,Middle,100.000000,765.000000,18.000000,0.000110,0.009336,0.000000,0.000000,0.000000,0.000000,1.000000,1.000000,1.100000,0.900000,0.006250,1.000000,0.000000,0,0.000000,YES,Default,1654.123497,0.000000,0.000000,0.000000,0.000000,0.000000,0.000000,0.000000,0.000000,0.000000,0.000000,0.000000,0.000000,0.000000,0.000000,1,100.000000,,,,,,,,,,,,,,,,,,,,,,
920,26162,26161,1,Transformer,Closed,Closed,NO,26162,Fixed,NO,26162,NO ,0.000000,0.000100,1.010000,0.990000,Middle,100.000000,138.000000,345.000000,0.000286,0.022393,0.000000,0.000000,0.000000,0.000000,1.000000,1.000000,1.100000,0.900000,0.006250,1.000000,0.000000,0,0.000000,YES,Default,328.059745,0.000000,0.000000,0.000000,0.000000,0.000000,0.000000,0.000000,0.000000,0.000000,0.000000,0.000000,0.000000,0.000000,0.000000,1,100.000000,,,,,,,,,,,,,,,,,,,,,,
921,26172,26171,1,Transformer,Closed,Closed,NO,26172,Fixed,NO,26172,NO ,0.000000,0.000100,1.010000,0.990000,Middle,100.000000,138.000000,345.000000,0.000206,0.017820,0.000000,0.000000,0.000000,0.000000,1.000000,1.000000,1.100000,0.900000,0.006250,1.006250,0.000000,0,0.000000,YES,Default,647.891569,0.000000,0.000000,0.000000,0.000000,0.000000,0.000000,0.000000,0.000000,0.000000,0.000000,0.000000,0.000000,0.000000,0.000000,1,100.000000,,,,,,,,,,,,,,,,,,,,,,
922,26172,26171,2,Transformer,Closed,Closed,NO,26172,LTC,YES,26172,NO ,0.000000,0.000100,1.068000,1.018000,Middle,100.000000,138.000000,345.000000,0.000206,0.017820,0.000000,0.000000,0.000000,0.000000,1.000000,1.000000,1.100000,0.900000,0.006250,1.006250,0.000000,0,0.000000,YES,Default,647.891569,0.000000,0.000000,0.000000,0.000000,0.000000,0.000000,0.000000,0.000000,0.000000,0.000000,0.000000,0.000000,0.000000,0.000000,1,100.000000,,,,,,,,,,,,,,,,,,,,,,
923,26172,26171,3,Transformer,Closed,Closed,NO,26172,Fixed,NO,26172,NO ,0.000000,0.000100,1.010000,0.990000,Middle,100.000000,138.000000,345.000000,0.000206,0.017820,0.000000,0.000000,0.000000,0.000000,1.000000,1.000000,1.100000,0.900000,0.006250,1.006250,0.000000,0,0.000000,YES,Default,647.891569,0.000000,0.000000,0.000000,0.000000,0.000000,0.000000,0.000000,0.000000,0.000000,0.000000,0.000000,0.000000,0.000000,0.000000,1,100.000000,,,,,,,,,,,,,,,,,,,,,,
924,26172,26171,4,Transformer,Closed,Closed,NO,26172,LTC,YES,26172,NO ,0.000000,0.000100,1.068000,1.018000,Middle,100.000000,138.000000,345.000000,0.000206,0.017820,0.000000,0.000000,0.000000,0.000000,1.000000,1.000000,1.100000,0.900000,0.006250,1.006250,0.000000,0,0.000000,YES,Default,647.891569,0.000000,0.000000,0.000000,0.000000,0.000000,0.000000,0.000000,0.000000,0.000000,0.000000,0.000000,0.000000,0.000000,0.000000,1,100.000000,,,,,,,,,,,,,,,,,,,,,,
925,26171,26173,1,Transformer,Closed,Closed,NO,26171,Fixed,NO,26171,NO ,0.000000,0.000100,1.010000,0.990000,Middle,100.000000,345.000000,13.800000,0.000452,0.027938,0.000000,0.000000,0.000000,0.000000,1.000000,1.000000,1.100000,0.900000,0.006250,1.000000,0.000000,0,0.000000,YES,Default,541.433907,0.000000,0.000000,0.000000,0.000000,0.000000,0.000000,0.000000,0.000000,0.000000,0.000000,0.000000,0.000000,0.000000,0.000000,1,100.000000,,,,,,,,,,,,,,,,,,,,,,
926,26171,26174,1,Transformer,Closed,Closed,NO,26171,Fixed,NO,26171,NO ,0.000000,0.000100,1.010000,0.990000,Middle,100.000000,345.000000,13.800000,0.000356,0.022933,0.000000,0.000000,0.000000,0.000000,1.000000,1.000000,1.100000,0.900000,0.006250,1.012500,0.000000,0,0.000000,YES,Default,538.630819,0.000000,0.000000,0.000000,0.000000,0.000000,0.000000,0.000000,0.000000,0.000000,0.000000,0.000000,0.000000,0.000000,0.000000,1,100.000000,,,,,,,,,,,,,,,,,,,,,,
927,26171,26175,1,Transformer,Closed,Closed,NO,26171,Fixed,NO,26171,NO ,0.000000,0.000100,1.010000,0.990000,Middle,100.000000,345.000000,13.800000,0.000275,0.016559,0.000000,0.000000,0.000000,0.000000,1.000000,1.000000,1.100000,0.900000,0.006250,1.000000,0.000000,0,0.000000,YES,Default,532.181120,0.000000,0.000000,0.000000,0.000000,0.000000,0.000000,0.000000,0.000000,0.000000,0.000000,0.000000,0.000000,0.000000,0.000000,1,100.000000,,,,,,,,,,,,,,,,,,,,,,
928,26171,26176,1,Transformer,Closed,Closed,NO,26171,Fixed,NO,26171,NO ,0.000000,0.000100,1.010000,0.990000,Middle,100.000000,345.000000,13.800000,0.000577,0.022990,0.000000,0.000000,0.000000,0.000000,1.000000,1.000000,1.100000,0.900000,0.006250,1.012500,0.000000,0,0.000000,YES,Default,531.584311,0.000000,0.000000,0.000000,0.000000,0.000000,0.000000,0.000000,0.000000,0.000000,0.000000,0.000000,0.000000,0.000000,0.000000,1,100.000000,,,,,,,,,,,,,,,,,,,,,,
929,26171,26177,1,Transformer,Closed,Closed,NO,26171,Fixed,NO,26171,NO ,0.000000,0.000100,1.010000,0.990000,Middle,100.000000,345.000000,22.000000,0.000295,0.015216,0.000000,0.000000,0.000000,0.000000,1.000000,1.000000,1.100000,0.900000,0.006250,1.018750,0.000000,0,0.000000,YES,Default,531.008625,0.000000,0.000000,0.000000,0.000000,0.000000,0.000000,0.000000,0.000000,0.000000,0.000000,0.000000,0.000000,0.000000,0.000000,1,100.000000,,,,,,,,,,,,,,,,,,,,,,
930,26171,26178,1,Transformer,Closed,Closed,NO,26171,Fixed,NO,26171,NO ,0.000000,0.000100,1.010000,0.990000,Middle,100.000000,345.000000,13.800000,0.000285,0.021112,0.000000,0.000000,0.000000,0.000000,1.000000,1.000000,1.100000,0.900000,0.006250,1.018750,0.000000,0,0.000000,YES,Default,444.186354,0.000000,0.000000,0.000000,0.000000,0.000000,0.000000,0.000000,0.000000,0.000000,0.000000,0.000000,0.000000,0.000000,0.000000,1,100.000000,,,,,,,,,,,,,,,,,,,,,,
931,26171,26179,1,Transformer,Closed,Closed,NO,26171,Fixed,NO,26171,NO ,0.000000,0.000100,1.010000,0.990000,Middle,100.000000,345.000000,13.800000,0.000312,0.020231,0.000000,0.000000,0.000000,0.000000,1.000000,1.000000,1.100000,0.900000,0.006250,1.018750,0.000000,0,0.000000,YES,Default,442.591619,0.000000,0.000000,0.000000,0.000000,0.000000,0.000000,0.000000,0.000000,0.000000,0.000000,0.000000,0.000000,0.000000,0.000000,1,100.000000,,,,,,,,,,,,,,,,,,,,,,
932,26171,26180,1,Transformer,Closed,Closed,NO,26171,Fixed,NO,26171,NO ,0.000000,0.000100,1.010000,0.990000,Middle,100.000000,345.000000,13.800000,0.000368,0.021415,0.000000,0.000000,0.000000,0.000000,1.000000,1.000000,1.100000,0.900000,0.006250,1.018750,0.000000,0,0.000000,YES,Default,440.444231,0.000000,0.000000,0.000000,0.000000,0.000000,0.000000,0.000000,0.000000,0.000000,0.000000,0.000000,0.000000,0.000000,0.000000,1,100.000000,,,,,,,,,,,,,,,,,,,,,,
933,26171,26181,1,Transformer,Closed,Closed,NO,26171,Fixed,NO,26171,NO ,0.000000,0.000100,1.010000,0.990000,Middle,100.000000,345.000000,24.000000,0.000315,0.020868,0.000000,0.000000,0.000000,0.000000,1.000000,1.000000,1.100000,0.900000,0.006250,1.018750,0.000000,0,0.000000,YES,Default,439.993000,0.000000,0.000000,0.000000,0.000000,0.000000,0.000000,0.000000,0.000000,0.000000,0.000000,0.000000,0.000000,0.000000,0.000000,1,100.000000,,,,,,,,,,,,,,,,,,,,,,
934,26171,26182,1,Transformer,Closed,Closed,NO,26171,Fixed,NO,26171,NO ,0.000000,0.000100,1.010000,0.990000,Middle,100.000000,345.000000,13.800000,0.000512,0.031778,0.000000,0.000000,0.000000,0.000000,1.000000,1.000000,1.100000,0.900000,0.006250,1.012500,0.000000,0,0.000000,YES,Default,439.562607,0.000000,0.000000,0.000000,0.000000,0.000000,0.000000,0.000000,0.000000,0.000000,0.000000,0.000000,0.000000,0.000000,0.000000,1,100.000000,,,,,,,,,,,,,,,,,,,,,,
935,26171,26183,1,Transformer,Closed,Closed,NO,26171,Fixed,NO,26171,NO ,0.000000,0.000100,1.010000,0.990000,Middle,100.000000,345.000000,13.800000,0.000393,0.026696,0.000000,0.000000,0.000000,0.000000,1.000000,1.000000,1.100000,0.900000,0.006250,1.018750,0.000000,0,0.000000,YES,Default,439.492035,0.000000,0.000000,0.000000,0.000000,0.000000,0.000000,0.000000,0.000000,0.000000,0.000000,0.000000,0.000000,0.000000,0.000000,1,100.000000,,,,,,,,,,,,,,,,,,,,,,
936,26186,26190,1,Transformer,Closed,Closed,NO,26186,Fixed,NO,26186,NO ,0.000000,0.000100,1.010000,0.990000,Middle,100.000000,138.000000,13.800000,0.004501,0.135367,0.000000,0.000000,0.000000,0.000000,1.000000,1.000000,1.100000,0.900000,0.006250,1.000000,0.000000,0,0.000000,YES,Default,105.309367,0.000000,0.000000,0.000000,0.000000,0.000000,0.000000,0.000000,0.000000,0.000000,0.000000,0.000000,0.000000,0.000000,0.000000,1,100.000000,,,,,,,,,,,,,,,,,,,,,,
937,26186,26191,1,Transformer,Closed,Closed,NO,26186,Fixed,NO,26186,NO ,0.000000,0.000100,1.010000,0.990000,Middle,100.000000,138.000000,13.800000,0.006818,0.205619,0.000000,0.000000,0.000000,0.000000,1.000000,1.000000,1.100000,0.900000,0.006250,1.000000,0.000000,0,0.000000,YES,Default,69.895661,0.000000,0.000000,0.000000,0.000000,0.000000,0.000000,0.000000,0.000000,0.000000,0.000000,0.000000,0.000000,0.000000,0.000000,1,100.000000,,,,,,,,,,,,,,,,,,,,,,
938,26195,26194,1,Transformer,Closed,Closed,NO,26195,Fixed,NO,26195,NO ,0.000000,0.000100,1.010000,0.990000,Middle,100.000000,345.000000,765.000000,0.000068,0.005344,0.000000,0.000000,0.000000,0.000000,1.000000,1.000000,1.100000,0.900000,0.006250,1.000000,0.000000,0,0.000000,YES,Default,1601.134300,0.000000,0.000000,0.000000,0.000000,0.000000,0.000000,0.000000,0.000000,0.000000,0.000000,0.000000,0.000000,0.000000,0.000000,1,100.000000,,,,,,,,,,,,,,,,,,,,,,
939,26195,26194,2,Transformer,Closed,Closed,NO,26195,Fixed,NO,26195,NO ,0.000000,0.000100,1.010000,0.990000,Middle,100.000000,345.000000,765.000000,0.000068,0.005344,0.000000,0.000000,0.000000,0.000000,1.000000,1.000000,1.100000,0.900000,0.006250,1.000000,0.000000,0,0.000000,YES,Default,1601.134300,0.000000,0.000000,0.000000,0.000000,0.000000,0.000000,0.000000,0.000000,0.000000,0.000000,0.000000,0.000000,0.000000,0.000000,1,100.000000,,,,,,,,,,,,,,,,,,,,,,
940,26195,26194,3,Transformer,Closed,Closed,NO,26195,Fixed,NO,26195,NO ,0.000000,0.000100,1.010000,0.990000,Middle,100.000000,345.000000,765.000000,0.000068,0.005344,0.000000,0.000000,0.000000,0.000000,1.000000,1.000000,1.100000,0.900000,0.006250,1.000000,0.000000,0,0.000000,YES,Default,1601.134300,0.000000,0.000000,0.000000,0.000000,0.000000,0.000000,0.000000,0.000000,0.000000,0.000000,0.000000,0.000000,0.000000,0.000000,1,100.000000,,,,,,,,,,,,,,,,,,,,,,
941,26194,26197,1,Transformer,Closed,Closed,NO,26194,Fixed,NO,26194,NO ,0.000000,0.000100,1.010000,0.990000,Middle,100.000000,765.000000,18.000000,0.000060,0.005047,0.000000,0.000000,0.000000,0.000000,1.000000,1.000000,1.100000,0.900000,0.006250,1.000000,0.000000,0,0.000000,YES,Default,1619.346809,0.000000,0.000000,0.000000,0.000000,0.000000,0.000000,0.000000,0.000000,0.000000,0.000000,0.000000,0.000000,0.000000,0.000000,1,100.000000,,,,,,,,,,,,,,,,,,,,,,
942,26194,26198,1,Transformer,Closed,Closed,NO,26194,Fixed,NO,26194,NO ,0.000000,0.000100,1.010000,0.990000,Middle,100.000000,765.000000,13.800000,0.000090,0.006669,0.000000,0.000000,0.000000,0.000000,1.000000,1.000000,1.100000,0.900000,0.006250,1.000000,0.000000,0,0.000000,YES,Default,1618.576813,0.000000,0.000000,0.000000,0.000000,0.000000,0.000000,0.000000,0.000000,0.000000,0.000000,0.000000,0.000000,0.000000,0.000000,1,100.000000,,,,,,,,,,,,,,,,,,,,,,
943,26194,26199,1,Transformer,Closed,Closed,NO,26194,Fixed,NO,26194,NO ,0.000000,0.000100,1.010000,0.990000,Middle,100.000000,765.000000,18.000000,0.000151,0.011158,0.000000,0.000000,0.000000,0.000000,1.000000,1.000000,1.100000,0.900000,0.006250,1.000000,0.000000,0,0.000000,YES,Default,1613.934135,0.000000,0.000000,0.000000,0.000000,0.000000,0.000000,0.000000,0.000000,0.000000,0.000000,0.000000,0.000000,0.000000,0.000000,1,100.000000,,,,,,,,,,,,,,,,,,,,,,
944,26194,26200,1,Transformer,Closed,Closed,NO,26194,Fixed,NO,26194,NO ,0.000000,0.000100,1.010000,0.990000,Middle,100.000000,765.000000,13.800000,0.000088,0.007188,0.000000,0.000000,0.000000,0.000000,1.000000,1.000000,1.100000,0.900000,0.006250,1.000000,0.000000,0,0.000000,YES,Default,1610.520172,0.000000,0.000000,0.000000,0.000000,0.000000,0.000000,0.000000,0.000000,0.000000,0.000000,0.000000,0.000000,0.000000,0.000000,1,100.000000,,,,,,,,,,,,,,,,,,,,,,
945,26194,26201,1,Transformer,Closed,Closed,NO,26194,Fixed,NO,26194,NO ,0.000000,0.000100,1.010000,0.990000,Middle,100.000000,765.000000,13.800000,0.000106,0.007527,0.000000,0.000000,0.000000,0.000000,1.000000,1.000000,1.100000,0.900000,0.006250,1.000000,0.000000,0,0.000000,YES,Default,1606.615448,0.000000,0.000000,0.000000,0.000000,0.000000,0.000000,0.000000,0.000000,0.000000,0.000000,0.000000,0.000000,0.000000,0.000000,1,100.000000,,,,,,,,,,,,,,,,,,,,,,
946,26194,26202,1,Transformer,Closed,Closed,NO,26194,Fixed,NO,26194,NO ,0.000000,0.000100,1.010000,0.990000,Middle,100.000000,765.000000,13.800000,0.000113,0.009945,0.000000,0.000000,0.000000,0.000000,1.000000,1.000000,1.100000,0.900000,0.006250,1.000000,0.000000,0,0.000000,YES,Default,1606.324768,0.000000,0.000000,0.000000,0.000000,0.000000,0.000000,0.000000,0.000000,0.000000,0.000000,0.000000,0.000000,0.000000,0.000000,1,100.000000,,,,,,,,,,,,,,,,,,,,,,
947,26194,26203,1,Transformer,Closed,Closed,NO,26194,Fixed,NO,26194,NO ,0.000000,0.000100,1.010000,0.990000,Middle,100.000000,765.000000,13.200000,0.000125,0.009347,0.000000,0.000000,0.000000,0.000000,1.000000,1.000000,1.100000,0.900000,0.006250,1.000000,0.000000,0,0.000000,YES,Default,1073.581505,0.000000,0.000000,0.000000,0.000000,0.000000,0.000000,0.000000,0.000000,0.000000,0.000000,0.000000,0.000000,0.000000,0.000000,1,100.000000,,,,,,,,,,,,,,,,,,,,,,
948,26196,26195,1,Transformer,Closed,Closed,NO,26196,Fixed,NO,26196,NO ,0.000000,0.000100,1.010000,0.990000,Middle,100.000000,138.000000,345.000000,0.000389,0.028340,0.000000,0.000000,0.000000,0.000000,1.000000,1.000000,1.100000,0.900000,0.006250,1.000000,0.000000,0,0.000000,YES,Default,506.262541,0.000000,0.000000,0.000000,0.000000,0.000000,0.000000,0.000000,0.000000,0.000000,0.000000,0.000000,0.000000,0.000000,0.000000,1,100.000000,,,,,,,,,,,,,,,,,,,,,,
949,26206,26205,1,Transformer,Closed,Closed,NO,26206,Fixed,NO,26206,NO ,0.000000,0.000100,1.010000,0.990000,Middle,100.000000,138.000000,345.000000,0.000458,0.022659,0.000000,0.000000,0.000000,0.000000,1.000000,1.000000,1.100000,0.900000,0.006250,1.000000,0.000000,0,0.000000,YES,Default,386.163425,0.000000,0.000000,0.000000,0.000000,0.000000,0.000000,0.000000,0.000000,0.000000,0.000000,0.000000,0.000000,0.000000,0.000000,1,100.000000,,,,,,,,,,,,,,,,,,,,,,
950,26207,26208,1,Transformer,Closed,Closed,NO,26207,Fixed,NO,26207,NO ,0.000000,0.000100,1.010000,0.990000,Middle,100.000000,138.000000,13.800000,0.006104,0.156725,0.000000,0.000000,0.000000,0.000000,1.000000,1.000000,1.100000,0.900000,0.006250,1.031250,0.000000,0,0.000000,YES,Default,77.110142,0.000000,0.000000,0.000000,0.000000,0.000000,0.000000,0.000000,0.000000,0.000000,0.000000,0.000000,0.000000,0.000000,0.000000,1,100.000000,,,,,,,,,,,,,,,,,,,,,,
951,26209,26210,1,Transformer,Closed,Closed,NO,26209,Fixed,NO,26209,NO ,0.000000,0.000100,1.010000,0.990000,Middle,100.000000,138.000000,13.800000,0.001750,0.061478,0.000000,0.000000,0.000000,0.000000,1.000000,1.000000,1.100000,0.900000,0.006250,1.050000,0.000000,0,0.000000,YES,Default,132.599998,0.000000,0.000000,0.000000,0.000000,0.000000,0.000000,0.000000,0.000000,0.000000,0.000000,0.000000,0.000000,0.000000,0.000000,1,100.000000,,,,,,,,,,,,,,,,,,,,,,
952,26213,26212,1,Transformer,Closed,Closed,NO,26213,Fixed,NO,26213,NO ,0.000000,0.000100,1.010000,0.990000,Middle,100.000000,345.000000,765.000000,0.000146,0.012067,0.000000,0.000000,0.000000,0.000000,1.000000,1.000000,1.100000,0.900000,0.006250,1.018750,0.000000,0,0.000000,YES,Default,1503.529358,0.000000,0.000000,0.000000,0.000000,0.000000,0.000000,0.000000,0.000000,0.000000,0.000000,0.000000,0.000000,0.000000,0.000000,1,100.000000,,,,,,,,,,,,,,,,,,,,,,
953,26212,26215,1,Transformer,Closed,Closed,NO,26212,Fixed,NO,26212,NO ,0.000000,0.000100,1.010000,0.990000,Middle,100.000000,765.000000,13.800000,0.000037,0.003036,0.000000,0.000000,0.000000,0.000000,1.000000,1.000000,1.100000,0.900000,0.006250,1.012500,0.000000,0,0.000000,YES,Default,1623.706055,0.000000,0.000000,0.000000,0.000000,0.000000,0.000000,0.000000,0.000000,0.000000,0.000000,0.000000,0.000000,0.000000,0.000000,1,100.000000,,,,,,,,,,,,,,,,,,,,,,
954,26212,26216,1,Transformer,Closed,Closed,NO,26212,Fixed,NO,26212,NO ,0.000000,0.000100,1.010000,0.990000,Middle,100.000000,765.000000,13.800000,0.000078,0.006050,0.000000,0.000000,0.000000,0.000000,1.000000,1.000000,1.100000,0.900000,0.006250,1.012500,0.000000,0,0.000000,YES,Default,1622.574806,0.000000,0.000000,0.000000,0.000000,0.000000,0.000000,0.000000,0.000000,0.000000,0.000000,0.000000,0.000000,0.000000,0.000000,1,100.000000,,,,,,,,,,,,,,,,,,,,,,
955,26212,26217,1,Transformer,Closed,Closed,NO,26212,Fixed,NO,26212,NO ,0.000000,0.000100,1.010000,0.990000,Middle,100.000000,765.000000,13.800000,0.000101,0.008673,0.000000,0.000000,0.000000,0.000000,1.000000,1.000000,1.100000,0.900000,0.006250,1.012500,0.000000,0,0.000000,YES,Default,1620.908928,0.000000,0.000000,0.000000,0.000000,0.000000,0.000000,0.000000,0.000000,0.000000,0.000000,0.000000,0.000000,0.000000,0.000000,1,100.000000,,,,,,,,,,,,,,,,,,,,,,
956,26214,26213,1,Transformer,Closed,Closed,NO,26214,Fixed,NO,26214,NO ,0.000000,0.000100,1.010000,0.990000,Middle,100.000000,138.000000,345.000000,0.000344,0.021614,0.000000,0.000000,0.000000,0.000000,1.000000,1.000000,1.100000,0.900000,0.006250,1.018750,0.000000,0,0.000000,YES,Default,532.931900,0.000000,0.000000,0.000000,0.000000,0.000000,0.000000,0.000000,0.000000,0.000000,0.000000,0.000000,0.000000,0.000000,0.000000,1,100.000000,,,,,,,,,,,,,,,,,,,,,,
957,26218,26219,1,Transformer,Closed,Closed,NO,26218,Fixed,NO,26218,NO ,0.000000,0.000100,1.010000,0.990000,Middle,100.000000,138.000000,13.800000,0.003513,0.110794,0.000000,0.000000,0.000000,0.000000,1.000000,1.000000,1.100000,0.900000,0.006250,1.018750,0.000000,0,0.000000,YES,Default,78.546971,0.000000,0.000000,0.000000,0.000000,0.000000,0.000000,0.000000,0.000000,0.000000,0.000000,0.000000,0.000000,0.000000,0.000000,1,100.000000,,,,,,,,,,,,,,,,,,,,,,
958,26221,26220,1,Transformer,Closed,Closed,NO,26221,LTC,YES,26221,NO ,0.000000,0.000100,1.073000,1.023000,Middle,100.000000,138.000000,345.000000,0.000407,0.028935,0.000000,0.000000,0.000000,0.000000,1.000000,1.000000,1.100000,0.900000,0.006250,1.012500,0.000000,0,0.000000,YES,Default,420.314217,0.000000,0.000000,0.000000,0.000000,0.000000,0.000000,0.000000,0.000000,0.000000,0.000000,0.000000,0.000000,0.000000,0.000000,1,100.000000,,,,,,,,,,,,,,,,,,,,,,
959,26220,26226,1,Transformer,Closed,Closed,NO,26220,Fixed,NO,26220,NO ,0.000000,0.000100,1.010000,0.990000,Middle,100.000000,345.000000,24.000000,0.000690,0.037477,0.000000,0.000000,0.000000,0.000000,1.000000,1.000000,1.100000,0.900000,0.006250,1.000000,0.000000,0,0.000000,YES,Default,299.376678,0.000000,0.000000,0.000000,0.000000,0.000000,0.000000,0.000000,0.000000,0.000000,0.000000,0.000000,0.000000,0.000000,0.000000,1,100.000000,,,,,,,,,,,,,,,,,,,,,,
960,26220,26227,1,Transformer,Closed,Closed,NO,26220,Fixed,NO,26220,NO ,0.000000,0.000100,1.010000,0.990000,Middle,100.000000,345.000000,18.000000,0.000337,0.021758,0.000000,0.000000,0.000000,0.000000,1.000000,1.000000,1.100000,0.900000,0.006250,1.000000,0.000000,0,0.000000,YES,Default,290.523100,0.000000,0.000000,0.000000,0.000000,0.000000,0.000000,0.000000,0.000000,0.000000,0.000000,0.000000,0.000000,0.000000,0.000000,1,100.000000,,,,,,,,,,,,,,,,,,,,,,
961,26221,26225,1,Transformer,Closed,Closed,NO,26221,Fixed,NO,26221,NO ,0.000000,0.000100,1.010000,0.990000,Middle,100.000000,138.000000,13.800000,0.027975,0.758398,0.000000,0.000000,0.000000,0.000000,1.000000,1.000000,1.100000,0.900000,0.006250,1.000000,0.000000,0,0.000000,YES,Default,18.446676,0.000000,0.000000,0.000000,0.000000,0.000000,0.000000,0.000000,0.000000,0.000000,0.000000,0.000000,0.000000,0.000000,0.000000,1,100.000000,,,,,,,,,,,,,,,,,,,,,,
962,26233,26234,1,Transformer,Closed,Closed,NO,26233,Fixed,NO,26233,NO ,0.000000,0.000100,1.010000,0.990000,Middle,100.000000,138.000000,22.000000,0.001299,0.035591,0.000000,0.000000,0.000000,0.000000,1.000000,1.000000,1.100000,0.900000,0.006250,1.000000,0.000000,0,0.000000,YES,Default,179.400003,0.000000,0.000000,0.000000,0.000000,0.000000,0.000000,0.000000,0.000000,0.000000,0.000000,0.000000,0.000000,0.000000,0.000000,1,100.000000,,,,,,,,,,,,,,,,,,,,,,
963,26238,26237,1,Transformer,Closed,Closed,NO,26238,LTC,YES,26238,NO ,0.000000,0.000100,1.064000,1.014000,Middle,100.000000,138.000000,345.000000,0.000736,0.037984,0.000000,0.000000,0.000000,0.000000,1.000000,1.000000,1.100000,0.900000,0.006250,1.006250,0.000000,0,0.000000,YES,Default,464.561272,0.000000,0.000000,0.000000,0.000000,0.000000,0.000000,0.000000,0.000000,0.000000,0.000000,0.000000,0.000000,0.000000,0.000000,1,100.000000,,,,,,,,,,,,,,,,,,,,,,
964,28012,28011,1,Transformer,Closed,Closed,NO,28012,Fixed,NO,28012,NO ,0.000000,0.000100,1.010000,0.990000,Middle,100.000000,138.000000,345.000000,0.000461,0.029911,0.000000,0.000000,0.000000,0.000000,1.000000,1.000000,1.100000,0.900000,0.006250,1.000000,0.000000,0,0.000000,YES,Default,487.880707,0.000000,0.000000,0.000000,0.000000,0.000000,0.000000,0.000000,0.000000,0.000000,0.000000,0.000000,0.000000,0.000000,0.000000,1,100.000000,,,,,,,,,,,,,,,,,,,,,,
965,28024,28023,1,Transformer,Closed,Closed,NO,28024,Fixed,NO,28024,NO ,0.000000,0.000100,1.010000,0.990000,Middle,100.000000,138.000000,345.000000,0.000420,0.026145,0.000000,0.000000,0.000000,0.000000,1.000000,1.000000,1.100000,0.900000,0.006250,1.000000,0.000000,0,0.000000,YES,Default,587.962532,0.000000,0.000000,0.000000,0.000000,0.000000,0.000000,0.000000,0.000000,0.000000,0.000000,0.000000,0.000000,0.000000,0.000000,1,100.000000,,,,,,,,,,,,,,,,,,,,,,
966,28024,28023,2,Transformer,Closed,Closed,NO,28024,Fixed,NO,28024,NO ,0.000000,0.000100,1.010000,0.990000,Middle,100.000000,138.000000,345.000000,0.000420,0.026145,0.000000,0.000000,0.000000,0.000000,1.000000,1.000000,1.100000,0.900000,0.006250,1.000000,0.000000,0,0.000000,YES,Default,587.962532,0.000000,0.000000,0.000000,0.000000,0.000000,0.000000,0.000000,0.000000,0.000000,0.000000,0.000000,0.000000,0.000000,0.000000,1,100.000000,,,,,,,,,,,,,,,,,,,,,,
967,28024,28023,3,Transformer,Closed,Closed,NO,28024,Fixed,NO,28024,NO ,0.000000,0.000100,1.010000,0.990000,Middle,100.000000,138.000000,345.000000,0.000420,0.026145,0.000000,0.000000,0.000000,0.000000,1.000000,1.000000,1.100000,0.900000,0.006250,1.000000,0.000000,0,0.000000,YES,Default,587.962532,0.000000,0.000000,0.000000,0.000000,0.000000,0.000000,0.000000,0.000000,0.000000,0.000000,0.000000,0.000000,0.000000,0.000000,1,100.000000,,,,,,,,,,,,,,,,,,,,,,
968,28036,28035,1,Transformer,Closed,Closed,NO,28036,LTC,YES,28036,NO ,0.000000,0.000100,1.066000,1.016000,Middle,100.000000,138.000000,345.000000,0.000482,0.030644,0.000000,0.000000,0.000000,0.000000,1.000000,1.000000,1.100000,0.900000,0.006250,1.062500,0.000000,0,0.000000,YES,Default,507.244253,0.000000,0.000000,0.000000,0.000000,0.000000,0.000000,0.000000,0.000000,0.000000,0.000000,0.000000,0.000000,0.000000,0.000000,1,100.000000,,,,,,,,,,,,,,,,,,,,,,
969,28039,28038,1,Transformer,Closed,Closed,NO,28039,LTC,YES,28039,NO ,0.000000,0.000100,1.063000,1.013000,Middle,100.000000,138.000000,345.000000,0.000562,0.030731,0.000000,0.000000,0.000000,0.000000,1.000000,1.000000,1.100000,0.900000,0.006250,1.100000,0.000000,0,0.000000,YES,Default,506.482840,0.000000,0.000000,0.000000,0.000000,0.000000,0.000000,0.000000,0.000000,0.000000,0.000000,0.000000,0.000000,0.000000,0.000000,1,100.000000,,,,,,,,,,,,,,,,,,,,,,
970,28047,28046,1,Transformer,Closed,Closed,NO,28047,LTC,YES,28047,NO ,0.000000,0.000100,1.068000,1.018000,Middle,100.000000,138.000000,345.000000,0.000480,0.029274,0.000000,0.000000,0.000000,0.000000,1.000000,1.000000,1.100000,0.900000,0.006250,1.100000,0.000000,0,0.000000,YES,Default,470.634794,0.000000,0.000000,0.000000,0.000000,0.000000,0.000000,0.000000,0.000000,0.000000,0.000000,0.000000,0.000000,0.000000,0.000000,1,100.000000,,,,,,,,,,,,,,,,,,,,,,
971,28098,28097,1,Transformer,Closed,Closed,NO,28098,LTC,YES,28098,NO ,0.000000,0.000100,1.072000,1.022000,Middle,100.000000,138.000000,345.000000,0.000438,0.028652,0.000000,0.000000,0.000000,0.000000,1.000000,1.000000,1.100000,0.900000,0.006250,1.100000,0.000000,0,0.000000,YES,Default,468.054771,0.000000,0.000000,0.000000,0.000000,0.000000,0.000000,0.000000,0.000000,0.000000,0.000000,0.000000,0.000000,0.000000,0.000000,1,100.000000,,,,,,,,,,,,,,,,,,,,,,
972,28142,28141,1,Transformer,Closed,Closed,NO,28142,LTC,YES,28142,NO ,0.000000,0.000100,1.070000,1.020000,Middle,100.000000,138.000000,345.000000,0.000427,0.028214,0.000000,0.000000,0.000000,0.000000,1.000000,1.000000,1.100000,0.900000,0.006250,1.056250,0.000000,0,0.000000,YES,Default,513.489342,0.000000,0.000000,0.000000,0.000000,0.000000,0.000000,0.000000,0.000000,0.000000,0.000000,0.000000,0.000000,0.000000,0.000000,1,100.000000,,,,,,,,,,,,,,,,,,,,,,
973,28156,28155,1,Transformer,Closed,Closed,NO,28156,LTC,YES,28156,NO ,0.000000,0.000100,1.067000,1.017000,Middle,100.000000,138.000000,345.000000,0.000223,0.014256,0.000000,0.000000,0.000000,0.000000,1.000000,1.000000,1.100000,0.900000,0.006250,1.100000,0.000000,0,0.000000,YES,Default,568.352795,0.000000,0.000000,0.000000,0.000000,0.000000,0.000000,0.000000,0.000000,0.000000,0.000000,0.000000,0.000000,0.000000,0.000000,1,100.000000,,,,,,,,,,,,,,,,,,,,,,
974,28169,28168,1,Transformer,Closed,Closed,NO,28169,LTC,YES,28169,NO ,0.000000,0.000100,1.064000,1.014000,Middle,100.000000,138.000000,345.000000,0.000523,0.037268,0.000000,0.000000,0.000000,0.000000,1.000000,1.000000,1.100000,0.900000,0.006250,1.100000,0.000000,0,0.000000,YES,Default,465.495110,0.000000,0.000000,0.000000,0.000000,0.000000,0.000000,0.000000,0.000000,0.000000,0.000000,0.000000,0.000000,0.000000,0.000000,1,100.000000,,,,,,,,,,,,,,,,,,,,,,
975,28212,28211,1,Transformer,Closed,Closed,NO,28212,LTC,YES,28212,NO ,0.000000,0.000100,1.070000,1.020000,Middle,100.000000,138.000000,345.000000,0.000309,0.018675,0.000000,0.000000,0.000000,0.000000,1.000000,1.000000,1.100000,0.900000,0.006250,1.068750,0.000000,0,0.000000,YES,Default,495.984554,0.000000,0.000000,0.000000,0.000000,0.000000,0.000000,0.000000,0.000000,0.000000,0.000000,0.000000,0.000000,0.000000,0.000000,1,100.000000,,,,,,,,,,,,,,,,,,,,,,
976,28218,28217,1,Transformer,Closed,Closed,NO,28218,Fixed,NO,28218,NO ,0.000000,0.000100,1.010000,0.990000,Middle,100.000000,138.000000,345.000000,0.000467,0.024371,0.000000,0.000000,0.000000,0.000000,1.000000,1.000000,1.100000,0.900000,0.006250,1.000000,0.000000,0,0.000000,YES,Default,595.592690,0.000000,0.000000,0.000000,0.000000,0.000000,0.000000,0.000000,0.000000,0.000000,0.000000,0.000000,0.000000,0.000000,0.000000,1,100.000000,,,,,,,,,,,,,,,,,,,,,,
977,28218,28217,2,Transformer,Closed,Closed,NO,28218,Fixed,NO,28218,NO ,0.000000,0.000100,1.010000,0.990000,Middle,100.000000,138.000000,345.000000,0.000467,0.024371,0.000000,0.000000,0.000000,0.000000,1.000000,1.000000,1.100000,0.900000,0.006250,1.000000,0.000000,0,0.000000,YES,Default,595.592690,0.000000,0.000000,0.000000,0.000000,0.000000,0.000000,0.000000,0.000000,0.000000,0.000000,0.000000,0.000000,0.000000,0.000000,1,100.000000,,,,,,,,,,,,,,,,,,,,,,
978,28218,28217,3,Transformer,Closed,Closed,NO,28218,Fixed,NO,28218,NO ,0.000000,0.000100,1.010000,0.990000,Middle,100.000000,138.000000,345.000000,0.000467,0.024371,0.000000,0.000000,0.000000,0.000000,1.000000,1.000000,1.100000,0.900000,0.006250,1.000000,0.000000,0,0.000000,YES,Default,595.592690,0.000000,0.000000,0.000000,0.000000,0.000000,0.000000,0.000000,0.000000,0.000000,0.000000,0.000000,0.000000,0.000000,0.000000,1,100.000000,,,,,,,,,,,,,,,,,,,,,,
979,28223,28222,1,Transformer,Closed,Closed,NO,28223,Fixed,NO,28223,NO ,0.000000,0.000100,1.010000,0.990000,Middle,100.000000,138.000000,345.000000,0.000320,0.021840,0.000000,0.000000,0.000000,0.000000,1.000000,1.000000,1.100000,0.900000,0.006250,1.000000,0.000000,0,0.000000,YES,Default,507.422113,0.000000,0.000000,0.000000,0.000000,0.000000,0.000000,0.000000,0.000000,0.000000,0.000000,0.000000,0.000000,0.000000,0.000000,1,100.000000,,,,,,,,,,,,,,,,,,,,,,
980,28318,28317,1,Transformer,Closed,Closed,NO,28318,Fixed,NO,28318,NO ,0.000000,0.000100,1.010000,0.990000,Middle,100.000000,138.000000,345.000000,0.000416,0.022260,0.000000,0.000000,0.000000,0.000000,1.000000,1.000000,1.100000,0.900000,0.006250,1.000000,0.000000,0,0.000000,YES,Default,479.043341,0.000000,0.000000,0.000000,0.000000,0.000000,0.000000,0.000000,0.000000,0.000000,0.000000,0.000000,0.000000,0.000000,0.000000,1,100.000000,,,,,,,,,,,,,,,,,,,,,,
981,28326,28325,1,Transformer,Closed,Closed,NO,28326,Fixed,NO,28326,NO ,0.000000,0.000100,1.010000,0.990000,Middle,100.000000,138.000000,345.000000,0.000649,0.030012,0.000000,0.000000,0.000000,0.000000,1.000000,1.000000,1.100000,0.900000,0.006250,1.000000,0.000000,0,0.000000,YES,Default,516.779947,0.000000,0.000000,0.000000,0.000000,0.000000,0.000000,0.000000,0.000000,0.000000,0.000000,0.000000,0.000000,0.000000,0.000000,1,100.000000,,,,,,,,,,,,,,,,,,,,,,
982,28365,28364,1,Transformer,Closed,Closed,NO,28365,LTC,YES,28365,NO ,0.000000,0.000100,1.070000,1.020000,Middle,100.000000,138.000000,345.000000,0.000442,0.029693,0.000000,0.000000,0.000000,0.000000,1.000000,1.000000,1.100000,0.900000,0.006250,1.031250,0.000000,0,0.000000,YES,Default,521.202087,0.000000,0.000000,0.000000,0.000000,0.000000,0.000000,0.000000,0.000000,0.000000,0.000000,0.000000,0.000000,0.000000,0.000000,1,100.000000,,,,,,,,,,,,,,,,,,,,,,
983,28417,28416,1,Transformer,Closed,Closed,NO,28417,LTC,YES,28417,NO ,0.000000,0.000100,1.069000,1.019000,Middle,100.000000,138.000000,345.000000,0.000513,0.023690,0.000000,0.000000,0.000000,0.000000,1.000000,1.000000,1.100000,0.900000,0.006250,1.037500,0.000000,0,0.000000,YES,Default,519.396687,0.000000,0.000000,0.000000,0.000000,0.000000,0.000000,0.000000,0.000000,0.000000,0.000000,0.000000,0.000000,0.000000,0.000000,1,100.000000,,,,,,,,,,,,,,,,,,,,,,
984,28459,28458,1,Transformer,Closed,Closed,NO,28459,LTC,YES,28459,NO ,0.000000,0.000100,1.074000,1.024000,Middle,100.000000,138.000000,345.000000,0.000179,0.010006,0.000000,0.000000,0.000000,0.000000,1.000000,1.000000,1.100000,0.900000,0.006250,1.012500,0.000000,0,0.000000,YES,Default,468.619061,0.000000,0.000000,0.000000,0.000000,0.000000,0.000000,0.000000,0.000000,0.000000,0.000000,0.000000,0.000000,0.000000,0.000000,1,100.000000,,,,,,,,,,,,,,,,,,,,,,
985,28503,28502,1,Transformer,Closed,Closed,NO,28503,LTC,YES,28503,NO ,0.000000,0.000100,1.067000,1.017000,Middle,100.000000,138.000000,345.000000,0.000641,0.032529,0.000000,0.000000,0.000000,0.000000,1.000000,1.000000,1.100000,0.900000,0.006250,1.025000,0.000000,0,0.000000,YES,Default,505.662918,0.000000,0.000000,0.000000,0.000000,0.000000,0.000000,0.000000,0.000000,0.000000,0.000000,0.000000,0.000000,0.000000,0.000000,1,100.000000,,,,,,,,,,,,,,,,,,,,,,
986,28536,28535,1,Transformer,Closed,Closed,NO,28536,Fixed,NO,28536,NO ,0.000000,0.000100,1.010000,0.990000,Middle,100.000000,138.000000,345.000000,0.000380,0.020220,0.000000,0.000000,0.000000,0.000000,1.000000,1.000000,1.100000,0.900000,0.006250,1.000000,0.000000,0,0.000000,YES,Default,528.494406,0.000000,0.000000,0.000000,0.000000,0.000000,0.000000,0.000000,0.000000,0.000000,0.000000,0.000000,0.000000,0.000000,0.000000,1,100.000000,,,,,,,,,,,,,,,,,,,,,,
987,28544,28543,1,Transformer,Closed,Closed,NO,28544,Fixed,NO,28544,NO ,0.000000,0.000100,1.010000,0.990000,Middle,100.000000,138.000000,345.000000,0.000395,0.028750,0.000000,0.000000,0.000000,0.000000,1.000000,1.000000,1.100000,0.900000,0.006250,1.000000,0.000000,0,0.000000,YES,Default,518.566513,0.000000,0.000000,0.000000,0.000000,0.000000,0.000000,0.000000,0.000000,0.000000,0.000000,0.000000,0.000000,0.000000,0.000000,1,100.000000,,,,,,,,,,,,,,,,,,,,,,
988,28567,28566,1,Transformer,Closed,Closed,NO,28567,LTC,YES,28567,NO ,0.000000,0.000100,1.071000,1.021000,Middle,100.000000,138.000000,345.000000,0.000277,0.018819,0.000000,0.000000,0.000000,0.000000,1.000000,1.000000,1.100000,0.900000,0.006250,1.043750,0.000000,0,0.000000,YES,Default,436.608696,0.000000,0.000000,0.000000,0.000000,0.000000,0.000000,0.000000,0.000000,0.000000,0.000000,0.000000,0.000000,0.000000,0.000000,1,100.000000,,,,,,,,,,,,,,,,,,,,,,
989,28575,28574,1,Transformer,Closed,Closed,NO,28575,LTC,YES,28575,NO ,0.000000,0.000100,1.068000,1.018000,Middle,100.000000,138.000000,345.000000,0.000378,0.024683,0.000000,0.000000,0.000000,0.000000,1.000000,1.000000,1.100000,0.900000,0.006250,1.050000,0.000000,0,0.000000,YES,Default,536.858702,0.000000,0.000000,0.000000,0.000000,0.000000,0.000000,0.000000,0.000000,0.000000,0.000000,0.000000,0.000000,0.000000,0.000000,1,100.000000,,,,,,,,,,,,,,,,,,,,,,
990,28582,28581,1,Transformer,Closed,Closed,NO,28582,LTC,YES,28582,NO ,0.000000,0.000100,1.070000,1.020000,Middle,100.000000,138.000000,345.000000,0.000286,0.020307,0.000000,0.000000,0.000000,0.000000,1.000000,1.000000,1.100000,0.900000,0.006250,1.012500,0.000000,0,0.000000,YES,Default,492.919683,0.000000,0.000000,0.000000,0.000000,0.000000,0.000000,0.000000,0.000000,0.000000,0.000000,0.000000,0.000000,0.000000,0.000000,1,100.000000,,,,,,,,,,,,,,,,,,,,,,
991,28599,28598,1,Transformer,Closed,Closed,NO,28599,Fixed,NO,28599,NO ,0.000000,0.000100,1.010000,0.990000,Middle,100.000000,138.000000,345.000000,0.000458,0.027057,0.000000,0.000000,0.000000,0.000000,1.000000,1.000000,1.100000,0.900000,0.006250,1.043750,0.000000,0,0.000000,YES,Default,531.688547,0.000000,0.000000,0.000000,0.000000,0.000000,0.000000,0.000000,0.000000,0.000000,0.000000,0.000000,0.000000,0.000000,0.000000,1,100.000000,,,,,,,,,,,,,,,,,,,,,,
992,28626,28625,1,Transformer,Closed,Closed,NO,28626,LTC,YES,28626,NO ,0.000000,0.000100,1.070000,1.020000,Middle,100.000000,138.000000,345.000000,0.000296,0.017602,0.000000,0.000000,0.000000,0.000000,1.000000,1.000000,1.100000,0.900000,0.006250,1.031250,0.000000,0,0.000000,YES,Default,490.731144,0.000000,0.000000,0.000000,0.000000,0.000000,0.000000,0.000000,0.000000,0.000000,0.000000,0.000000,0.000000,0.000000,0.000000,1,100.000000,,,,,,,,,,,,,,,,,,,,,,
993,28632,28631,1,Transformer,Closed,Closed,NO,28632,LTC,YES,28632,NO ,0.000000,0.000100,1.066000,1.016000,Middle,100.000000,138.000000,345.000000,0.000510,0.033850,0.000000,0.000000,0.000000,0.000000,1.000000,1.000000,1.100000,0.900000,0.006250,1.031250,0.000000,0,0.000000,YES,Default,448.664236,0.000000,0.000000,0.000000,0.000000,0.000000,0.000000,0.000000,0.000000,0.000000,0.000000,0.000000,0.000000,0.000000,0.000000,1,100.000000,,,,,,,,,,,,,,,,,,,,,,
994,28656,28655,1,Transformer,Closed,Closed,NO,28656,LTC,YES,28656,NO ,0.000000,0.000100,1.068000,1.018000,Middle,100.000000,138.000000,345.000000,0.000613,0.036358,0.000000,0.000000,0.000000,0.000000,1.000000,1.000000,1.100000,0.900000,0.006250,1.018750,0.000000,0,0.000000,YES,Default,426.807356,0.000000,0.000000,0.000000,0.000000,0.000000,0.000000,0.000000,0.000000,0.000000,0.000000,0.000000,0.000000,0.000000,0.000000,1,100.000000,,,,,,,,,,,,,,,,,,,,,,
995,28712,28711,1,Transformer,Closed,Closed,NO,28712,LTC,YES,28712,NO ,0.000000,0.000100,1.069000,1.019000,Middle,100.000000,115.000000,138.000000,0.005752,0.170643,0.000000,0.000000,0.000000,0.000000,1.000000,1.000000,1.100000,0.900000,0.006250,1.100000,0.000000,0,0.000000,YES,Default,128.881502,0.000000,0.000000,0.000000,0.000000,0.000000,0.000000,0.000000,0.000000,0.000000,0.000000,0.000000,0.000000,0.000000,0.000000,1,100.000000,,,,,,,,,,,,,,,,,,,,,,
996,28718,28717,1,Transformer,Closed,Closed,NO,28718,Fixed,NO,28718,NO ,0.000000,0.000100,1.010000,0.990000,Middle,100.000000,345.000000,765.000000,0.000084,0.006128,0.000000,0.000000,0.000000,0.000000,1.000000,1.000000,1.100000,0.900000,0.006250,1.000000,0.000000,0,0.000000,YES,Default,1413.959026,0.000000,0.000000,0.000000,0.000000,0.000000,0.000000,0.000000,0.000000,0.000000,0.000000,0.000000,0.000000,0.000000,0.000000,1,100.000000,,,,,,,,,,,,,,,,,,,,,,
997,28717,28720,1,Transformer,Closed,Closed,NO,28717,Fixed,NO,28717,NO ,0.000000,0.000100,1.010000,0.990000,Middle,100.000000,765.000000,13.800000,0.000095,0.006815,0.000000,0.000000,0.000000,0.000000,1.000000,1.000000,1.100000,0.900000,0.006250,1.000000,0.000000,0,0.000000,YES,Default,1346.862888,0.000000,0.000000,0.000000,0.000000,0.000000,0.000000,0.000000,0.000000,0.000000,0.000000,0.000000,0.000000,0.000000,0.000000,1,100.000000,,,,,,,,,,,,,,,,,,,,,,
998,28717,28721,1,Transformer,Closed,Closed,NO,28717,Fixed,NO,28717,NO ,0.000000,0.000100,1.010000,0.990000,Middle,100.000000,765.000000,13.800000,0.000063,0.004708,0.000000,0.000000,0.000000,0.000000,1.000000,1.000000,1.100000,0.900000,0.006250,1.000000,0.000000,0,0.000000,YES,Default,1345.344067,0.000000,0.000000,0.000000,0.000000,0.000000,0.000000,0.000000,0.000000,0.000000,0.000000,0.000000,0.000000,0.000000,0.000000,1,100.000000,,,,,,,,,,,,,,,,,,,,,,
999,28717,28722,1,Transformer,Closed,Closed,NO,28717,Fixed,NO,28717,NO ,0.000000,0.000100,1.010000,0.990000,Middle,100.000000,765.000000,13.800000,0.000086,0.006996,0.000000,0.000000,0.000000,0.000000,1.000000,1.000000,1.100000,0.900000,0.006250,1.000000,0.000000,0,0.000000,YES,Default,948.777390,0.000000,0.000000,0.000000,0.000000,0.000000,0.000000,0.000000,0.000000,0.000000,0.000000,0.000000,0.000000,0.000000,0.000000,1,100.000000,,,,,,,,,,,,,,,,,,,,,,
1000,28719,28718,1,Transformer,Closed,Closed,NO,28719,Fixed,NO,28719,NO ,0.000000,0.000100,1.010000,0.990000,Middle,100.000000,138.000000,345.000000,0.000465,0.028568,0.000000,0.000000,0.000000,0.000000,1.000000,1.000000,1.100000,0.900000,0.006250,1.000000,0.000000,0,0.000000,YES,Default,346.980214,0.000000,0.000000,0.000000,0.000000,0.000000,0.000000,0.000000,0.000000,0.000000,0.000000,0.000000,0.000000,0.000000,0.000000,1,100.000000,,,,,,,,,,,,,,,,,,,,,,
1001,28718,28723,1,Transformer,Closed,Closed,NO,28718,Fixed,NO,28718,NO ,0.000000,0.000100,1.010000,0.990000,Middle,100.000000,345.000000,13.800000,0.001244,0.062371,0.000000,0.000000,0.000000,0.000000,1.000000,1.000000,1.100000,0.900000,0.006250,1.000000,0.000000,0,0.000000,YES,Default,205.462551,0.000000,0.000000,0.000000,0.000000,0.000000,0.000000,0.000000,0.000000,0.000000,0.000000,0.000000,0.000000,0.000000,0.000000,1,100.000000,,,,,,,,,,,,,,,,,,,,,,
1002,28724,28725,1,Transformer,Closed,Closed,NO,28724,Fixed,NO,28724,NO ,0.000000,0.000100,1.010000,0.990000,Middle,100.000000,138.000000,13.800000,0.006557,0.185350,0.000000,0.000000,0.000000,0.000000,1.000000,1.000000,1.100000,0.900000,0.006250,1.062500,0.000000,0,0.000000,YES,Default,98.710638,0.000000,0.000000,0.000000,0.000000,0.000000,0.000000,0.000000,0.000000,0.000000,0.000000,0.000000,0.000000,0.000000,0.000000,1,100.000000,,,,,,,,,,,,,,,,,,,,,,
1003,28726,28727,1,Transformer,Closed,Closed,NO,28726,Fixed,NO,28726,NO ,0.000000,0.000100,1.010000,0.990000,Middle,100.000000,138.000000,13.800000,0.003807,0.126047,0.000000,0.000000,0.000000,0.000000,1.000000,1.000000,1.100000,0.900000,0.006250,1.000000,0.000000,0,0.000000,YES,Default,86.452866,0.000000,0.000000,0.000000,0.000000,0.000000,0.000000,0.000000,0.000000,0.000000,0.000000,0.000000,0.000000,0.000000,0.000000,1,100.000000,,,,,,,,,,,,,,,,,,,,,,
1004,28728,28729,1,Transformer,Closed,Closed,NO,28728,Fixed,NO,28728,NO ,0.000000,0.000100,1.010000,0.990000,Middle,100.000000,138.000000,13.800000,0.003883,0.128235,0.000000,0.000000,0.000000,0.000000,1.000000,1.000000,1.100000,0.900000,0.006250,1.000000,0.000000,0,0.000000,YES,Default,99.997073,0.000000,0.000000,0.000000,0.000000,0.000000,0.000000,0.000000,0.000000,0.000000,0.000000,0.000000,0.000000,0.000000,0.000000,1,100.000000,,,,,,,,,,,,,,,,,,,,,,
1005,28731,28730,1,Transformer,Closed,Closed,NO,28731,Fixed,NO,28731,NO ,0.000000,0.000100,1.010000,0.990000,Middle,100.000000,138.000000,345.000000,0.000352,0.023191,0.000000,0.000000,0.000000,0.000000,1.000000,1.000000,1.100000,0.900000,0.006250,1.000000,0.000000,0,0.000000,YES,Default,277.420425,0.000000,0.000000,0.000000,0.000000,0.000000,0.000000,0.000000,0.000000,0.000000,0.000000,0.000000,0.000000,0.000000,0.000000,1,100.000000,,,,,,,,,,,,,,,,,,,,,,
1006,28731,28735,1,Transformer,Closed,Closed,NO,28731,Fixed,NO,28731,NO ,0.000000,0.000100,1.010000,0.990000,Middle,100.000000,138.000000,13.800000,0.012395,0.371207,0.000000,0.000000,0.000000,0.000000,1.000000,1.000000,1.100000,0.900000,0.006250,1.000000,0.000000,0,0.000000,YES,Default,40.581080,0.000000,0.000000,0.000000,0.000000,0.000000,0.000000,0.000000,0.000000,0.000000,0.000000,0.000000,0.000000,0.000000,0.000000,1,100.000000,,,,,,,,,,,,,,,,,,,,,,
1007,28731,28736,1,Transformer,Closed,Closed,NO,28731,Fixed,NO,28731,NO ,0.000000,0.000100,1.010000,0.990000,Middle,100.000000,138.000000,13.800000,0.008678,0.257527,0.000000,0.000000,0.000000,0.000000,1.000000,1.000000,1.100000,0.900000,0.006250,1.000000,0.000000,0,0.000000,YES,Default,65.033907,0.000000,0.000000,0.000000,0.000000,0.000000,0.000000,0.000000,0.000000,0.000000,0.000000,0.000000,0.000000,0.000000,0.000000,1,100.000000,,,,,,,,,,,,,,,,,,,,,,
1008,28738,28737,1,Transformer,Closed,Closed,NO,28738,Fixed,NO,28738,NO ,0.000000,0.000100,1.010000,0.990000,Middle,100.000000,345.000000,765.000000,0.000093,0.007486,0.000000,0.000000,0.000000,0.000000,1.000000,1.000000,1.100000,0.900000,0.006250,0.981250,0.000000,0,0.000000,YES,Default,1328.600979,0.000000,0.000000,0.000000,0.000000,0.000000,0.000000,0.000000,0.000000,0.000000,0.000000,0.000000,0.000000,0.000000,0.000000,1,100.000000,,,,,,,,,,,,,,,,,,,,,,
1009,28737,28740,1,Transformer,Closed,Closed,NO,28737,Fixed,NO,28737,NO ,0.000000,0.000100,1.010000,0.990000,Middle,100.000000,765.000000,13.800000,0.000102,0.008545,0.000000,0.000000,0.000000,0.000000,1.000000,1.000000,1.100000,0.900000,0.006250,1.006250,0.000000,0,0.000000,YES,Default,1031.428909,0.000000,0.000000,0.000000,0.000000,0.000000,0.000000,0.000000,0.000000,0.000000,0.000000,0.000000,0.000000,0.000000,0.000000,1,100.000000,,,,,,,,,,,,,,,,,,,,,,
1010,28737,28741,1,Transformer,Closed,Closed,NO,28737,Fixed,NO,28737,NO ,0.000000,0.000100,1.010000,0.990000,Middle,100.000000,765.000000,13.800000,0.000122,0.009723,0.000000,0.000000,0.000000,0.000000,1.000000,1.000000,1.100000,0.900000,0.006250,1.000000,0.000000,0,0.000000,YES,Default,1025.099087,0.000000,0.000000,0.000000,0.000000,0.000000,0.000000,0.000000,0.000000,0.000000,0.000000,0.000000,0.000000,0.000000,0.000000,1,100.000000,,,,,,,,,,,,,,,,,,,,,,
1011,28737,28742,1,Transformer,Closed,Closed,NO,28737,Fixed,NO,28737,NO ,0.000000,0.000100,1.010000,0.990000,Middle,100.000000,765.000000,18.000000,0.000126,0.010612,0.000000,0.000000,0.000000,0.000000,1.000000,1.000000,1.100000,0.900000,0.006250,1.006250,0.000000,0,0.000000,YES,Default,1013.737106,0.000000,0.000000,0.000000,0.000000,0.000000,0.000000,0.000000,0.000000,0.000000,0.000000,0.000000,0.000000,0.000000,0.000000,1,100.000000,,,,,,,,,,,,,,,,,,,,,,
1012,28737,28743,1,Transformer,Closed,Closed,NO,28737,Fixed,NO,28737,NO ,0.000000,0.000100,1.010000,0.990000,Middle,100.000000,765.000000,13.800000,0.000131,0.009688,0.000000,0.000000,0.000000,0.000000,1.000000,1.000000,1.100000,0.900000,0.006250,1.006250,0.000000,0,0.000000,YES,Default,1003.523731,0.000000,0.000000,0.000000,0.000000,0.000000,0.000000,0.000000,0.000000,0.000000,0.000000,0.000000,0.000000,0.000000,0.000000,1,100.000000,,,,,,,,,,,,,,,,,,,,,,
1013,28737,28744,1,Transformer,Closed,Closed,NO,28737,Fixed,NO,28737,NO ,0.000000,0.000100,1.010000,0.990000,Middle,100.000000,765.000000,13.800000,0.000209,0.015009,0.000000,0.000000,0.000000,0.000000,1.000000,1.000000,1.100000,0.900000,0.006250,1.006250,0.000000,0,0.000000,YES,Default,997.115326,0.000000,0.000000,0.000000,0.000000,0.000000,0.000000,0.000000,0.000000,0.000000,0.000000,0.000000,0.000000,0.000000,0.000000,1,100.000000,,,,,,,,,,,,,,,,,,,,,,
1014,28737,28745,1,Transformer,Closed,Closed,NO,28737,Phase,YES,0,NO ,0.000000,0.000100,2800.000000,2500.000000,Middle,100.000000,765.000000,18.000000,0.187850,1.638269,0.000000,0.000000,0.000000,0.000000,1.000000,1.000000,30.000000,-30.000000,2.000000,0.023529,-7.695820,2,0.000000,YES,Default,7500.000000,0.000000,0.000000,0.000000,0.000000,0.000000,0.000000,0.000000,0.000000,0.000000,0.000000,0.000000,0.000000,0.000000,0.000000,1,100.000000,,,,,,,,,,,,,,,,,,,,,,
1015,28737,28746,1,Transformer,Closed,Closed,NO,28737,Fixed,NO,28737,NO ,0.000000,0.000100,1.010000,0.990000,Middle,100.000000,765.000000,13.800000,0.000205,0.014972,0.000000,0.000000,0.000000,0.000000,1.000000,1.000000,1.100000,0.900000,0.006250,1.006250,0.000000,0,0.000000,YES,Default,1119.418240,0.000000,0.000000,0.000000,0.000000,0.000000,0.000000,0.000000,0.000000,0.000000,0.000000,0.000000,0.000000,0.000000,0.000000,1,100.000000,,,,,,,,,,,,,,,,,,,,,,
1016,28737,28747,1,Transformer,Closed,Closed,NO,28737,Fixed,NO,28737,NO ,0.000000,0.000100,1.010000,0.990000,Middle,100.000000,765.000000,24.000000,0.000212,0.014485,0.000000,0.000000,0.000000,0.000000,1.000000,1.000000,1.100000,0.900000,0.006250,1.006250,0.000000,0,0.000000,YES,Default,1116.238499,0.000000,0.000000,0.000000,0.000000,0.000000,0.000000,0.000000,0.000000,0.000000,0.000000,0.000000,0.000000,0.000000,0.000000,1,100.000000,,,,,,,,,,,,,,,,,,,,,,
1017,28737,28748,1,Transformer,Closed,Closed,NO,28737,Fixed,NO,28737,NO ,0.000000,0.000100,1.010000,0.990000,Middle,100.000000,765.000000,22.000000,0.000138,0.012996,0.000000,0.000000,0.000000,0.000000,1.000000,1.000000,1.100000,0.900000,0.006250,1.006250,0.000000,0,0.000000,YES,Default,1113.557911,0.000000,0.000000,0.000000,0.000000,0.000000,0.000000,0.000000,0.000000,0.000000,0.000000,0.000000,0.000000,0.000000,0.000000,1,100.000000,,,,,,,,,,,,,,,,,,,,,,
1018,28739,28738,1,Transformer,Closed,Closed,NO,28739,Fixed,NO,28739,NO ,0.000000,0.000100,1.010000,0.990000,Middle,100.000000,138.000000,345.000000,0.000397,0.025497,0.000000,0.000000,0.000000,0.000000,1.000000,1.000000,1.100000,0.900000,0.006250,0.993750,0.000000,0,0.000000,YES,Default,376.675582,0.000000,0.000000,0.000000,0.000000,0.000000,0.000000,0.000000,0.000000,0.000000,0.000000,0.000000,0.000000,0.000000,0.000000,1,100.000000,,,,,,,,,,,,,,,,,,,,,,
1019,28750,28749,1,Transformer,Closed,Closed,NO,28750,Fixed,NO,28750,NO ,0.000000,0.000100,1.010000,0.990000,Middle,100.000000,138.000000,345.000000,0.000314,0.021986,0.000000,0.000000,0.000000,0.000000,1.000000,1.000000,1.100000,0.900000,0.006250,1.000000,0.000000,0,0.000000,YES,Default,327.125502,0.000000,0.000000,0.000000,0.000000,0.000000,0.000000,0.000000,0.000000,0.000000,0.000000,0.000000,0.000000,0.000000,0.000000,1,100.000000,,,,,,,,,,,,,,,,,,,,,,
1020,28749,28751,1,Transformer,Closed,Closed,NO,28749,Fixed,NO,28749,NO ,0.000000,0.000100,1.010000,0.990000,Middle,100.000000,345.000000,13.800000,0.000629,0.035494,0.000000,0.000000,0.000000,0.000000,1.000000,1.000000,1.100000,0.900000,0.006250,1.025000,0.000000,0,0.000000,YES,Default,348.679256,0.000000,0.000000,0.000000,0.000000,0.000000,0.000000,0.000000,0.000000,0.000000,0.000000,0.000000,0.000000,0.000000,0.000000,1,100.000000,,,,,,,,,,,,,,,,,,,,,,
1021,28749,28752,1,Transformer,Closed,Closed,NO,28749,Fixed,NO,28749,NO ,0.000000,0.000100,1.010000,0.990000,Middle,100.000000,345.000000,13.800000,0.000808,0.049621,0.000000,0.000000,0.000000,0.000000,1.000000,1.000000,1.100000,0.900000,0.006250,1.025000,0.000000,0,0.000000,YES,Default,302.796268,0.000000,0.000000,0.000000,0.000000,0.000000,0.000000,0.000000,0.000000,0.000000,0.000000,0.000000,0.000000,0.000000,0.000000,1,100.000000,,,,,,,,,,,,,,,,,,,,,,
1022,28749,28753,1,Transformer,Closed,Closed,NO,28749,Fixed,NO,28749,NO ,0.000000,0.000100,1.010000,0.990000,Middle,100.000000,345.000000,13.800000,0.000700,0.035812,0.000000,0.000000,0.000000,0.000000,1.000000,1.000000,1.100000,0.900000,0.006250,1.025000,0.000000,0,0.000000,YES,Default,348.146081,0.000000,0.000000,0.000000,0.000000,0.000000,0.000000,0.000000,0.000000,0.000000,0.000000,0.000000,0.000000,0.000000,0.000000,1,100.000000,,,,,,,,,,,,,,,,,,,,,,
1023,28749,28754,1,Transformer,Closed,Closed,NO,28749,Fixed,NO,28749,NO ,0.000000,0.000100,1.010000,0.990000,Middle,100.000000,345.000000,13.800000,0.000694,0.036722,0.000000,0.000000,0.000000,0.000000,1.000000,1.000000,1.100000,0.900000,0.006250,1.025000,0.000000,0,0.000000,YES,Default,302.417636,0.000000,0.000000,0.000000,0.000000,0.000000,0.000000,0.000000,0.000000,0.000000,0.000000,0.000000,0.000000,0.000000,0.000000,1,100.000000,,,,,,,,,,,,,,,,,,,,,,
1024,28756,28757,1,Transformer,Closed,Closed,NO,28756,Fixed,NO,28756,NO ,0.000000,0.000100,1.010000,0.990000,Middle,100.000000,138.000000,18.000000,0.002985,0.093858,0.000000,0.000000,0.000000,0.000000,1.000000,1.000000,1.100000,0.900000,0.006250,1.000000,0.000000,0,0.000000,YES,Default,90.206057,0.000000,0.000000,0.000000,0.000000,0.000000,0.000000,0.000000,0.000000,0.000000,0.000000,0.000000,0.000000,0.000000,0.000000,1,100.000000,,,,,,,,,,,,,,,,,,,,,,
1025,28759,28758,1,Transformer,Closed,Closed,NO,28759,Fixed,NO,28759,NO ,0.000000,0.000100,1.010000,0.990000,Middle,100.000000,345.000000,765.000000,0.000120,0.009785,0.000000,0.000000,0.000000,0.000000,1.000000,1.000000,1.100000,0.900000,0.006250,1.000000,0.000000,0,0.000000,YES,Default,1410.976315,0.000000,0.000000,0.000000,0.000000,0.000000,0.000000,0.000000,0.000000,0.000000,0.000000,0.000000,0.000000,0.000000,0.000000,1,100.000000,,,,,,,,,,,,,,,,,,,,,,
1026,28758,28761,1,Transformer,Closed,Closed,NO,28758,Fixed,NO,28758,NO ,0.000000,0.000100,1.010000,0.990000,Middle,100.000000,765.000000,22.000000,0.000103,0.009452,0.000000,0.000000,0.000000,0.000000,1.000000,1.000000,1.100000,0.900000,0.006250,1.000000,0.000000,0,0.000000,YES,Default,1321.405792,0.000000,0.000000,0.000000,0.000000,0.000000,0.000000,0.000000,0.000000,0.000000,0.000000,0.000000,0.000000,0.000000,0.000000,1,100.000000,,,,,,,,,,,,,,,,,,,,,,
1027,28760,28759,1,Transformer,Closed,Closed,NO,28760,Fixed,NO,28760,NO ,0.000000,0.000100,1.010000,0.990000,Middle,100.000000,138.000000,345.000000,0.000358,0.025244,0.000000,0.000000,0.000000,0.000000,1.000000,1.000000,1.100000,0.900000,0.006250,1.000000,0.000000,0,0.000000,YES,Default,321.205974,0.000000,0.000000,0.000000,0.000000,0.000000,0.000000,0.000000,0.000000,0.000000,0.000000,0.000000,0.000000,0.000000,0.000000,1,100.000000,,,,,,,,,,,,,,,,,,,,,,
1028,28763,28762,1,Transformer,Closed,Closed,NO,28763,Fixed,NO,28763,NO ,0.000000,0.000100,1.010000,0.990000,Middle,100.000000,345.000000,765.000000,0.000110,0.008054,0.000000,0.000000,0.000000,0.000000,1.000000,1.000000,1.100000,0.900000,0.006250,1.018750,0.000000,0,0.000000,YES,Default,1518.981838,0.000000,0.000000,0.000000,0.000000,0.000000,0.000000,0.000000,0.000000,0.000000,0.000000,0.000000,0.000000,0.000000,0.000000,1,100.000000,,,,,,,,,,,,,,,,,,,,,,
1029,28762,28765,1,Transformer,Closed,Closed,NO,28762,Fixed,NO,28762,NO ,0.000000,0.000100,1.010000,0.990000,Middle,100.000000,765.000000,18.000000,0.000150,0.011906,0.000000,0.000000,0.000000,0.000000,1.000000,1.000000,1.100000,0.900000,0.006250,1.000000,0.000000,0,0.000000,YES,Default,1318.805790,0.000000,0.000000,0.000000,0.000000,0.000000,0.000000,0.000000,0.000000,0.000000,0.000000,0.000000,0.000000,0.000000,0.000000,1,100.000000,,,,,,,,,,,,,,,,,,,,,,
1030,28762,28766,1,Transformer,Closed,Closed,NO,28762,Fixed,NO,28762,NO ,0.000000,0.000100,1.010000,0.990000,Middle,100.000000,765.000000,13.800000,0.000108,0.009172,0.000000,0.000000,0.000000,0.000000,1.000000,1.000000,1.100000,0.900000,0.006250,1.000000,0.000000,0,0.000000,YES,Default,1317.225647,0.000000,0.000000,0.000000,0.000000,0.000000,0.000000,0.000000,0.000000,0.000000,0.000000,0.000000,0.000000,0.000000,0.000000,1,100.000000,,,,,,,,,,,,,,,,,,,,,,
1031,28762,28767,1,Transformer,Closed,Closed,NO,28762,Fixed,NO,28762,NO ,0.000000,0.000100,1.010000,0.990000,Middle,100.000000,765.000000,18.000000,0.000130,0.010372,0.000000,0.000000,0.000000,0.000000,1.000000,1.000000,1.100000,0.900000,0.006250,1.000000,0.000000,0,0.000000,YES,Default,1315.745258,0.000000,0.000000,0.000000,0.000000,0.000000,0.000000,0.000000,0.000000,0.000000,0.000000,0.000000,0.000000,0.000000,0.000000,1,100.000000,,,,,,,,,,,,,,,,,,,,,,
1032,28762,28768,1,Transformer,Closed,Closed,NO,28762,Fixed,NO,28762,NO ,0.000000,0.000100,1.010000,0.990000,Middle,100.000000,765.000000,13.800000,0.000094,0.007515,0.000000,0.000000,0.000000,0.000000,1.000000,1.000000,1.100000,0.900000,0.006250,1.000000,0.000000,0,0.000000,YES,Default,1314.657307,0.000000,0.000000,0.000000,0.000000,0.000000,0.000000,0.000000,0.000000,0.000000,0.000000,0.000000,0.000000,0.000000,0.000000,1,100.000000,,,,,,,,,,,,,,,,,,,,,,
1033,28762,28769,1,Transformer,Closed,Closed,NO,28762,Fixed,NO,28762,NO ,0.000000,0.000100,1.010000,0.990000,Middle,100.000000,765.000000,18.000000,0.000069,0.005924,0.000000,0.000000,0.000000,0.000000,1.000000,1.000000,1.100000,0.900000,0.006250,1.000000,0.000000,0,0.000000,YES,Default,1314.246368,0.000000,0.000000,0.000000,0.000000,0.000000,0.000000,0.000000,0.000000,0.000000,0.000000,0.000000,0.000000,0.000000,0.000000,1,100.000000,,,,,,,,,,,,,,,,,,,,,,
1034,28762,28770,1,Transformer,Closed,Closed,NO,28762,Fixed,NO,28762,NO ,0.000000,0.000100,1.010000,0.990000,Middle,100.000000,765.000000,13.800000,0.000153,0.010517,0.000000,0.000000,0.000000,0.000000,1.000000,1.000000,1.100000,0.900000,0.006250,1.000000,0.000000,0,0.000000,YES,Default,1312.578964,0.000000,0.000000,0.000000,0.000000,0.000000,0.000000,0.000000,0.000000,0.000000,0.000000,0.000000,0.000000,0.000000,0.000000,1,100.000000,,,,,,,,,,,,,,,,,,,,,,
1035,28762,28771,1,Transformer,Closed,Closed,NO,28762,Fixed,NO,28762,NO ,0.000000,0.000100,1.010000,0.990000,Middle,100.000000,765.000000,13.800000,0.000236,0.018326,0.000000,0.000000,0.000000,0.000000,1.000000,1.000000,1.100000,0.900000,0.006250,1.000000,0.000000,0,0.000000,YES,Default,720.549488,0.000000,0.000000,0.000000,0.000000,0.000000,0.000000,0.000000,0.000000,0.000000,0.000000,0.000000,0.000000,0.000000,0.000000,1,100.000000,,,,,,,,,,,,,,,,,,,,,,
1036,28764,28763,1,Transformer,Closed,Closed,NO,28764,LTC,YES,28764,NO ,0.000000,0.000100,1.070000,1.020000,Middle,100.000000,138.000000,345.000000,0.000421,0.030883,0.000000,0.000000,0.000000,0.000000,1.000000,1.000000,1.100000,0.900000,0.006250,1.012500,0.000000,0,0.000000,YES,Default,411.733007,0.000000,0.000000,0.000000,0.000000,0.000000,0.000000,0.000000,0.000000,0.000000,0.000000,0.000000,0.000000,0.000000,0.000000,1,100.000000,,,,,,,,,,,,,,,,,,,,,,
1037,28774,28773,1,Transformer,Closed,Closed,NO,28774,LTC,YES,28774,NO ,0.000000,0.000100,1.070000,1.020000,Middle,100.000000,138.000000,345.000000,0.000518,0.025802,0.000000,0.000000,0.000000,0.000000,1.000000,1.000000,1.100000,0.900000,0.006250,1.056250,0.000000,0,0.000000,YES,Default,474.337435,0.000000,0.000000,0.000000,0.000000,0.000000,0.000000,0.000000,0.000000,0.000000,0.000000,0.000000,0.000000,0.000000,0.000000,1,100.000000,,,,,,,,,,,,,,,,,,,,,,
1038,28773,28778,1,Transformer,Closed,Closed,NO,28773,Fixed,NO,28773,NO ,0.000000,0.000100,1.010000,0.990000,Middle,100.000000,345.000000,13.800000,0.000695,0.040452,0.000000,0.000000,0.000000,0.000000,1.000000,1.000000,1.100000,0.900000,0.006250,1.025000,0.000000,0,0.000000,YES,Default,339.332414,0.000000,0.000000,0.000000,0.000000,0.000000,0.000000,0.000000,0.000000,0.000000,0.000000,0.000000,0.000000,0.000000,0.000000,1,100.000000,,,,,,,,,,,,,,,,,,,,,,
1039,28773,28779,1,Transformer,Closed,Closed,NO,28773,Fixed,NO,28773,NO ,0.000000,0.000100,1.010000,0.990000,Middle,100.000000,345.000000,13.800000,0.000828,0.041988,0.000000,0.000000,0.000000,0.000000,1.000000,1.000000,1.100000,0.900000,0.006250,1.025000,0.000000,0,0.000000,YES,Default,338.828945,0.000000,0.000000,0.000000,0.000000,0.000000,0.000000,0.000000,0.000000,0.000000,0.000000,0.000000,0.000000,0.000000,0.000000,1,100.000000,,,,,,,,,,,,,,,,,,,,,,
1040,28782,28781,1,Transformer,Closed,Closed,NO,28782,LTC,YES,28782,NO ,0.000000,0.000100,1.063000,1.013000,Middle,100.000000,345.000000,765.000000,0.000085,0.006933,0.000000,0.000000,0.000000,0.000000,1.000000,1.000000,1.100000,0.900000,0.006250,1.006250,0.000000,0,0.000000,YES,Default,1722.568321,0.000000,0.000000,0.000000,0.000000,0.000000,0.000000,0.000000,0.000000,0.000000,0.000000,0.000000,0.000000,0.000000,0.000000,1,100.000000,,,,,,,,,,,,,,,,,,,,,,
1041,28782,28781,2,Transformer,Closed,Closed,NO,28782,LTC,YES,28782,NO ,0.000000,0.000100,1.063000,1.013000,Middle,100.000000,345.000000,765.000000,0.000085,0.006933,0.000000,0.000000,0.000000,0.000000,1.000000,1.000000,1.100000,0.900000,0.006250,1.006250,0.000000,0,0.000000,YES,Default,1722.568321,0.000000,0.000000,0.000000,0.000000,0.000000,0.000000,0.000000,0.000000,0.000000,0.000000,0.000000,0.000000,0.000000,0.000000,1,100.000000,,,,,,,,,,,,,,,,,,,,,,
1042,28782,28781,3,Transformer,Closed,Closed,NO,28782,Fixed,NO,28782,NO ,0.000000,0.000100,1.010000,0.990000,Middle,100.000000,345.000000,765.000000,0.000085,0.006933,0.000000,0.000000,0.000000,0.000000,1.000000,1.000000,1.100000,0.900000,0.006250,1.006250,0.000000,0,0.000000,YES,Default,1722.568321,0.000000,0.000000,0.000000,0.000000,0.000000,0.000000,0.000000,0.000000,0.000000,0.000000,0.000000,0.000000,0.000000,0.000000,1,100.000000,,,,,,,,,,,,,,,,,,,,,,
1043,28781,28784,1,Transformer,Closed,Closed,NO,28781,Fixed,NO,28781,NO ,0.000000,0.000100,1.010000,0.990000,Middle,100.000000,765.000000,13.800000,0.000129,0.010359,0.000000,0.000000,0.000000,0.000000,1.000000,1.000000,1.100000,0.900000,0.006250,0.993750,0.000000,0,0.000000,YES,Default,1402.460480,0.000000,0.000000,0.000000,0.000000,0.000000,0.000000,0.000000,0.000000,0.000000,0.000000,0.000000,0.000000,0.000000,0.000000,1,100.000000,,,,,,,,,,,,,,,,,,,,,,
1044,28781,28785,1,Transformer,Closed,Closed,NO,28781,Fixed,NO,28781,NO ,0.000000,0.000100,1.010000,0.990000,Middle,100.000000,765.000000,18.000000,0.000131,0.012166,0.000000,0.000000,0.000000,0.000000,1.000000,1.000000,1.100000,0.900000,0.006250,0.993750,0.000000,0,0.000000,YES,Default,1400.895596,0.000000,0.000000,0.000000,0.000000,0.000000,0.000000,0.000000,0.000000,0.000000,0.000000,0.000000,0.000000,0.000000,0.000000,1,100.000000,,,,,,,,,,,,,,,,,,,,,,
1045,28781,28786,1,Transformer,Closed,Closed,NO,28781,Fixed,NO,28781,NO ,0.000000,0.000100,1.010000,0.990000,Middle,100.000000,765.000000,13.800000,0.000113,0.008550,0.000000,0.000000,0.000000,0.000000,1.000000,1.000000,1.100000,0.900000,0.006250,0.993750,0.000000,0,0.000000,YES,Default,1400.438786,0.000000,0.000000,0.000000,0.000000,0.000000,0.000000,0.000000,0.000000,0.000000,0.000000,0.000000,0.000000,0.000000,0.000000,1,100.000000,,,,,,,,,,,,,,,,,,,,,,
1046,28781,28787,1,Transformer,Closed,Closed,NO,28781,Fixed,NO,28781,NO ,0.000000,0.000100,1.010000,0.990000,Middle,100.000000,765.000000,13.800000,0.000145,0.011595,0.000000,0.000000,0.000000,0.000000,1.000000,1.000000,1.100000,0.900000,0.006250,0.993750,0.000000,0,0.000000,YES,Default,1399.388218,0.000000,0.000000,0.000000,0.000000,0.000000,0.000000,0.000000,0.000000,0.000000,0.000000,0.000000,0.000000,0.000000,0.000000,1,100.000000,,,,,,,,,,,,,,,,,,,,,,
1047,28781,28788,1,Transformer,Closed,Closed,NO,28781,Fixed,NO,28781,NO ,0.000000,0.000100,1.010000,0.990000,Middle,100.000000,765.000000,22.000000,0.000099,0.007866,0.000000,0.000000,0.000000,0.000000,1.000000,1.000000,1.100000,0.900000,0.006250,0.993750,0.000000,0,0.000000,YES,Default,1397.334766,0.000000,0.000000,0.000000,0.000000,0.000000,0.000000,0.000000,0.000000,0.000000,0.000000,0.000000,0.000000,0.000000,0.000000,1,100.000000,,,,,,,,,,,,,,,,,,,,,,
1048,28781,28789,1,Transformer,Closed,Closed,NO,28781,Fixed,NO,28781,NO ,0.000000,0.000100,1.010000,0.990000,Middle,100.000000,765.000000,13.800000,0.000126,0.010050,0.000000,0.000000,0.000000,0.000000,1.000000,1.000000,1.100000,0.900000,0.006250,0.993750,0.000000,0,0.000000,YES,Default,1393.899250,0.000000,0.000000,0.000000,0.000000,0.000000,0.000000,0.000000,0.000000,0.000000,0.000000,0.000000,0.000000,0.000000,0.000000,1,100.000000,,,,,,,,,,,,,,,,,,,,,,
1049,28783,28782,1,Transformer,Closed,Closed,NO,28783,LTC,YES,28783,NO ,0.000000,0.000100,1.063000,1.013000,Middle,100.000000,138.000000,345.000000,0.000327,0.022855,0.000000,0.000000,0.000000,0.000000,1.000000,1.000000,1.100000,0.900000,0.006250,1.012500,0.000000,0,0.000000,YES,Default,641.548204,0.000000,0.000000,0.000000,0.000000,0.000000,0.000000,0.000000,0.000000,0.000000,0.000000,0.000000,0.000000,0.000000,0.000000,1,100.000000,,,,,,,,,,,,,,,,,,,,,,
1050,28783,28782,2,Transformer,Closed,Closed,NO,28783,LTC,YES,28783,NO ,0.000000,0.000100,1.063000,1.013000,Middle,100.000000,138.000000,345.000000,0.000327,0.022855,0.000000,0.000000,0.000000,0.000000,1.000000,1.000000,1.100000,0.900000,0.006250,1.012500,0.000000,0,0.000000,YES,Default,641.548204,0.000000,0.000000,0.000000,0.000000,0.000000,0.000000,0.000000,0.000000,0.000000,0.000000,0.000000,0.000000,0.000000,0.000000,1,100.000000,,,,,,,,,,,,,,,,,,,,,,
1051,28783,28782,3,Transformer,Closed,Closed,NO,28783,LTC,YES,28783,NO ,0.000000,0.000100,1.063000,1.013000,Middle,100.000000,138.000000,345.000000,0.000327,0.022855,0.000000,0.000000,0.000000,0.000000,1.000000,1.000000,1.100000,0.900000,0.006250,1.012500,0.000000,0,0.000000,YES,Default,641.548204,0.000000,0.000000,0.000000,0.000000,0.000000,0.000000,0.000000,0.000000,0.000000,0.000000,0.000000,0.000000,0.000000,0.000000,1,100.000000,,,,,,,,,,,,,,,,,,,,,,
1052,28795,28794,1,Transformer,Closed,Closed,NO,28795,Fixed,NO,28795,NO ,0.000000,0.000100,1.010000,0.990000,Middle,100.000000,345.000000,765.000000,0.000124,0.009240,0.000000,0.000000,0.000000,0.000000,1.000000,1.000000,1.100000,0.900000,0.006250,1.000000,0.000000,0,0.000000,YES,Default,1522.956944,0.000000,0.000000,0.000000,0.000000,0.000000,0.000000,0.000000,0.000000,0.000000,0.000000,0.000000,0.000000,0.000000,0.000000,1,100.000000,,,,,,,,,,,,,,,,,,,,,,
1053,28794,28797,1,Transformer,Closed,Closed,NO,28794,Fixed,NO,28794,NO ,0.000000,0.000100,1.010000,0.990000,Middle,100.000000,765.000000,18.000000,0.000058,0.004985,0.000000,0.000000,0.000000,0.000000,1.000000,1.000000,1.100000,0.900000,0.006250,1.050000,0.000000,0,0.000000,YES,Default,1709.171295,0.000000,0.000000,0.000000,0.000000,0.000000,0.000000,0.000000,0.000000,0.000000,0.000000,0.000000,0.000000,0.000000,0.000000,1,100.000000,,,,,,,,,,,,,,,,,,,,,,
1054,28794,28798,1,Transformer,Closed,Closed,NO,28794,Fixed,NO,28794,NO ,0.000000,0.000100,1.010000,0.990000,Middle,100.000000,765.000000,18.000000,0.000105,0.007970,0.000000,0.000000,0.000000,0.000000,1.000000,1.000000,1.100000,0.900000,0.006250,1.050000,0.000000,0,0.000000,YES,Default,1699.797249,0.000000,0.000000,0.000000,0.000000,0.000000,0.000000,0.000000,0.000000,0.000000,0.000000,0.000000,0.000000,0.000000,0.000000,1,100.000000,,,,,,,,,,,,,,,,,,,,,,
1055,28796,28795,1,Transformer,Closed,Closed,NO,28796,Fixed,NO,28796,NO ,0.000000,0.000100,1.010000,0.990000,Middle,100.000000,138.000000,345.000000,0.000512,0.035942,0.000000,0.000000,0.000000,0.000000,1.000000,1.000000,1.100000,0.900000,0.006250,1.000000,0.000000,0,0.000000,YES,Default,475.851202,0.000000,0.000000,0.000000,0.000000,0.000000,0.000000,0.000000,0.000000,0.000000,0.000000,0.000000,0.000000,0.000000,0.000000,1,100.000000,,,,,,,,,,,,,,,,,,,,,,
1056,28807,28811,1,Transformer,Closed,Closed,NO,28807,Fixed,NO,28807,NO ,0.000000,0.000100,1.010000,0.990000,Middle,100.000000,345.000000,13.800000,0.000422,0.020904,0.000000,0.000000,0.000000,0.000000,1.000000,1.000000,1.100000,0.900000,0.006250,1.012500,0.000000,0,0.000000,YES,Default,353.208804,0.000000,0.000000,0.000000,0.000000,0.000000,0.000000,0.000000,0.000000,0.000000,0.000000,0.000000,0.000000,0.000000,0.000000,1,100.000000,,,,,,,,,,,,,,,,,,,,,,
1057,28807,28812,1,Transformer,Closed,Closed,NO,28807,Fixed,NO,28807,NO ,0.000000,0.000100,1.010000,0.990000,Middle,100.000000,345.000000,13.800000,0.000354,0.022480,0.000000,0.000000,0.000000,0.000000,1.000000,1.000000,1.100000,0.900000,0.006250,1.012500,0.000000,0,0.000000,YES,Default,350.428677,0.000000,0.000000,0.000000,0.000000,0.000000,0.000000,0.000000,0.000000,0.000000,0.000000,0.000000,0.000000,0.000000,0.000000,1,100.000000,,,,,,,,,,,,,,,,,,,,,,
1058,28815,28814,1,Transformer,Closed,Closed,NO,28815,Fixed,NO,28815,NO ,0.000000,0.000100,1.010000,0.990000,Middle,100.000000,138.000000,345.000000,0.000275,0.017600,0.000000,0.000000,0.000000,0.000000,1.000000,1.000000,1.100000,0.900000,0.006250,1.000000,0.000000,0,0.000000,YES,Default,336.845994,0.000000,0.000000,0.000000,0.000000,0.000000,0.000000,0.000000,0.000000,0.000000,0.000000,0.000000,0.000000,0.000000,0.000000,1,100.000000,,,,,,,,,,,,,,,,,,,,,,
1059,28819,28820,1,Transformer,Closed,Closed,NO,28819,Fixed,NO,28819,NO ,0.000000,0.000100,1.010000,0.990000,Middle,100.000000,138.000000,18.000000,0.015686,0.411749,0.000000,0.000000,0.000000,0.000000,1.000000,1.000000,1.100000,0.900000,0.006250,1.000000,0.000000,0,0.000000,YES,Default,34.306791,0.000000,0.000000,0.000000,0.000000,0.000000,0.000000,0.000000,0.000000,0.000000,0.000000,0.000000,0.000000,0.000000,0.000000,1,100.000000,,,,,,,,,,,,,,,,,,,,,,
1060,28819,28821,1,Transformer,Closed,Closed,NO,28819,Fixed,NO,28819,NO ,0.000000,0.000100,1.010000,0.990000,Middle,100.000000,138.000000,13.800000,0.016728,0.489978,0.000000,0.000000,0.000000,0.000000,1.000000,1.000000,1.100000,0.900000,0.006250,1.000000,0.000000,0,0.000000,YES,Default,30.234197,0.000000,0.000000,0.000000,0.000000,0.000000,0.000000,0.000000,0.000000,0.000000,0.000000,0.000000,0.000000,0.000000,0.000000,1,100.000000,,,,,,,,,,,,,,,,,,,,,,
1061,28827,28826,1,Transformer,Closed,Closed,NO,28827,Fixed,NO,28827,NO ,0.000000,0.000100,1.010000,0.990000,Middle,100.000000,138.000000,345.000000,0.000454,0.022451,0.000000,0.000000,0.000000,0.000000,1.000000,1.000000,1.100000,0.900000,0.006250,1.000000,0.000000,0,0.000000,YES,Default,335.590076,0.000000,0.000000,0.000000,0.000000,0.000000,0.000000,0.000000,0.000000,0.000000,0.000000,0.000000,0.000000,0.000000,0.000000,1,100.000000,,,,,,,,,,,,,,,,,,,,,,
1062,28826,28828,1,Transformer,Closed,Closed,NO,28826,Fixed,NO,28826,NO ,0.000000,0.000100,1.010000,0.990000,Middle,100.000000,345.000000,18.000000,0.000744,0.034349,0.000000,0.000000,0.000000,0.000000,1.000000,1.000000,1.100000,0.900000,0.006250,1.037500,0.000000,0,0.000000,YES,Default,340.115333,0.000000,0.000000,0.000000,0.000000,0.000000,0.000000,0.000000,0.000000,0.000000,0.000000,0.000000,0.000000,0.000000,0.000000,1,100.000000,,,,,,,,,,,,,,,,,,,,,,
1063,28826,28830,1,Transformer,Closed,Closed,NO,28826,Fixed,NO,28826,NO ,0.000000,0.000100,1.010000,0.990000,Middle,100.000000,345.000000,13.800000,0.000821,0.058568,0.000000,0.000000,0.000000,0.000000,1.000000,1.000000,1.100000,0.900000,0.006250,1.037500,0.000000,0,0.000000,YES,Default,259.839082,0.000000,0.000000,0.000000,0.000000,0.000000,0.000000,0.000000,0.000000,0.000000,0.000000,0.000000,0.000000,0.000000,0.000000,1,100.000000,,,,,,,,,,,,,,,,,,,,,,
1064,28827,28829,1,Transformer,Closed,Closed,NO,28827,Fixed,NO,28827,NO ,0.000000,0.000100,1.010000,0.990000,Middle,100.000000,138.000000,13.800000,0.027323,0.640997,0.000000,0.000000,0.000000,0.000000,1.000000,1.000000,1.100000,0.900000,0.006250,1.012500,0.000000,0,0.000000,YES,Default,21.666667,0.000000,0.000000,0.000000,0.000000,0.000000,0.000000,0.000000,0.000000,0.000000,0.000000,0.000000,0.000000,0.000000,0.000000,1,100.000000,,,,,,,,,,,,,,,,,,,,,,
1065,28832,28831,1,Transformer,Closed,Closed,NO,28832,Fixed,NO,28832,NO ,0.000000,0.000100,1.010000,0.990000,Middle,100.000000,138.000000,345.000000,0.000634,0.029761,0.000000,0.000000,0.000000,0.000000,1.000000,1.000000,1.100000,0.900000,0.006250,1.000000,0.000000,0,0.000000,YES,Default,500.381327,0.000000,0.000000,0.000000,0.000000,0.000000,0.000000,0.000000,0.000000,0.000000,0.000000,0.000000,0.000000,0.000000,0.000000,1,100.000000,,,,,,,,,,,,,,,,,,,,,,
1066,28834,28833,1,Transformer,Closed,Closed,NO,28834,Fixed,NO,28834,NO ,0.000000,0.000100,1.010000,0.990000,Middle,100.000000,138.000000,345.000000,0.000540,0.034111,0.000000,0.000000,0.000000,0.000000,1.000000,1.000000,1.100000,0.900000,0.006250,1.000000,0.000000,0,0.000000,YES,Default,381.844687,0.000000,0.000000,0.000000,0.000000,0.000000,0.000000,0.000000,0.000000,0.000000,0.000000,0.000000,0.000000,0.000000,0.000000,1,100.000000,,,,,,,,,,,,,,,,,,,,,,
1067,28836,28837,1,Transformer,Closed,Closed,NO,28836,Fixed,NO,28836,NO ,0.000000,0.000100,1.010000,0.990000,Middle,100.000000,138.000000,13.800000,0.006624,0.185279,0.000000,0.000000,0.000000,0.000000,1.000000,1.000000,1.100000,0.900000,0.006250,1.012500,0.000000,0,0.000000,YES,Default,41.486016,0.000000,0.000000,0.000000,0.000000,0.000000,0.000000,0.000000,0.000000,0.000000,0.000000,0.000000,0.000000,0.000000,0.000000,1,100.000000,,,,,,,,,,,,,,,,,,,,,,
1068,28836,28838,1,Transformer,Closed,Closed,NO,28836,Fixed,NO,28836,NO ,0.000000,0.000100,1.010000,0.990000,Middle,100.000000,138.000000,13.800000,0.041807,0.895375,0.000000,0.000000,0.000000,0.000000,1.000000,1.000000,1.100000,0.900000,0.006250,1.050000,0.000000,0,0.000000,YES,Default,14.300001,0.000000,0.000000,0.000000,0.000000,0.000000,0.000000,0.000000,0.000000,0.000000,0.000000,0.000000,0.000000,0.000000,0.000000,1,100.000000,,,,,,,,,,,,,,,,,,,,,,
1069,28842,28841,1,Transformer,Closed,Closed,NO,28842,LTC,YES,28842,NO ,0.000000,0.000100,1.069000,1.019000,Middle,100.000000,345.000000,765.000000,0.000081,0.006561,0.000000,0.000000,0.000000,0.000000,1.000000,1.000000,1.100000,0.900000,0.006250,1.006250,0.000000,0,0.000000,YES,Default,1614.734077,0.000000,0.000000,0.000000,0.000000,0.000000,0.000000,0.000000,0.000000,0.000000,0.000000,0.000000,0.000000,0.000000,0.000000,1,100.000000,,,,,,,,,,,,,,,,,,,,,,
1070,28842,28841,2,Transformer,Closed,Closed,NO,28842,Fixed,NO,28842,NO ,0.000000,0.000100,1.010000,0.990000,Middle,100.000000,345.000000,765.000000,0.000081,0.006561,0.000000,0.000000,0.000000,0.000000,1.000000,1.000000,1.100000,0.900000,0.006250,1.006250,0.000000,0,0.000000,YES,Default,1614.734077,0.000000,0.000000,0.000000,0.000000,0.000000,0.000000,0.000000,0.000000,0.000000,0.000000,0.000000,0.000000,0.000000,0.000000,1,100.000000,,,,,,,,,,,,,,,,,,,,,,
1071,28842,28841,3,Transformer,Closed,Closed,NO,28842,Fixed,NO,28842,NO ,0.000000,0.000100,1.010000,0.990000,Middle,100.000000,345.000000,765.000000,0.000081,0.006561,0.000000,0.000000,0.000000,0.000000,1.000000,1.000000,1.100000,0.900000,0.006250,1.006250,0.000000,0,0.000000,YES,Default,1614.734077,0.000000,0.000000,0.000000,0.000000,0.000000,0.000000,0.000000,0.000000,0.000000,0.000000,0.000000,0.000000,0.000000,0.000000,1,100.000000,,,,,,,,,,,,,,,,,,,,,,
1072,28841,28844,1,Transformer,Closed,Closed,NO,28841,Fixed,NO,28841,NO ,0.000000,0.000100,1.010000,0.990000,Middle,100.000000,765.000000,13.800000,0.000070,0.005600,0.000000,0.000000,0.000000,0.000000,1.000000,1.000000,1.100000,0.900000,0.006250,1.000000,0.000000,0,0.000000,YES,Default,1440.136337,0.000000,0.000000,0.000000,0.000000,0.000000,0.000000,0.000000,0.000000,0.000000,0.000000,0.000000,0.000000,0.000000,0.000000,1,100.000000,,,,,,,,,,,,,,,,,,,,,,
1073,28841,28845,1,Transformer,Closed,Closed,NO,28841,Fixed,NO,28841,NO ,0.000000,0.000100,1.010000,0.990000,Middle,100.000000,765.000000,13.800000,0.000151,0.011444,0.000000,0.000000,0.000000,0.000000,1.000000,1.000000,1.100000,0.900000,0.006250,1.000000,0.000000,0,0.000000,YES,Default,1438.128853,0.000000,0.000000,0.000000,0.000000,0.000000,0.000000,0.000000,0.000000,0.000000,0.000000,0.000000,0.000000,0.000000,0.000000,1,100.000000,,,,,,,,,,,,,,,,,,,,,,
1074,28841,28846,1,Transformer,Closed,Closed,NO,28841,Fixed,NO,28841,NO ,0.000000,0.000100,1.010000,0.990000,Middle,100.000000,765.000000,18.000000,0.000093,0.007228,0.000000,0.000000,0.000000,0.000000,1.000000,1.000000,1.100000,0.900000,0.006250,1.000000,0.000000,0,0.000000,YES,Default,1437.857533,0.000000,0.000000,0.000000,0.000000,0.000000,0.000000,0.000000,0.000000,0.000000,0.000000,0.000000,0.000000,0.000000,0.000000,1,100.000000,,,,,,,,,,,,,,,,,,,,,,
1075,28843,28842,1,Transformer,Closed,Closed,NO,28843,LTC,YES,28843,NO ,0.000000,0.000100,1.065000,1.015000,Middle,100.000000,138.000000,345.000000,0.000479,0.032584,0.000000,0.000000,0.000000,0.000000,1.000000,1.000000,1.100000,0.900000,0.006250,1.031250,0.000000,0,0.000000,YES,Default,540.950775,0.000000,0.000000,0.000000,0.000000,0.000000,0.000000,0.000000,0.000000,0.000000,0.000000,0.000000,0.000000,0.000000,0.000000,1,100.000000,,,,,,,,,,,,,,,,,,,,,,
1076,28848,28847,1,Transformer,Closed,Closed,NO,28848,LTC,YES,28848,NO ,0.000000,0.000100,1.070000,1.020000,Middle,100.000000,345.000000,765.000000,0.000070,0.005288,0.000000,0.000000,0.000000,0.000000,1.000000,1.000000,1.100000,0.900000,0.006250,1.012500,0.000000,0,0.000000,YES,Default,1568.871021,0.000000,0.000000,0.000000,0.000000,0.000000,0.000000,0.000000,0.000000,0.000000,0.000000,0.000000,0.000000,0.000000,0.000000,1,100.000000,,,,,,,,,,,,,,,,,,,,,,
1077,28847,28850,1,Transformer,Closed,Closed,NO,28847,Fixed,NO,28847,NO ,0.000000,0.000100,1.010000,0.990000,Middle,100.000000,765.000000,13.200000,0.000068,0.006353,0.000000,0.000000,0.000000,0.000000,1.000000,1.000000,1.100000,0.900000,0.006250,1.000000,0.000000,0,0.000000,YES,Default,1504.135227,0.000000,0.000000,0.000000,0.000000,0.000000,0.000000,0.000000,0.000000,0.000000,0.000000,0.000000,0.000000,0.000000,0.000000,1,100.000000,,,,,,,,,,,,,,,,,,,,,,
1078,28847,28851,1,Transformer,Closed,Closed,NO,28847,Fixed,NO,28847,NO ,0.000000,0.000100,1.010000,0.990000,Middle,100.000000,765.000000,13.800000,0.000113,0.008305,0.000000,0.000000,0.000000,0.000000,1.000000,1.000000,1.100000,0.900000,0.006250,1.000000,0.000000,0,0.000000,YES,Default,1503.866100,0.000000,0.000000,0.000000,0.000000,0.000000,0.000000,0.000000,0.000000,0.000000,0.000000,0.000000,0.000000,0.000000,0.000000,1,100.000000,,,,,,,,,,,,,,,,,,,,,,
1079,28847,28852,1,Transformer,Closed,Closed,NO,28847,Fixed,NO,28847,NO ,0.000000,0.000100,1.010000,0.990000,Middle,100.000000,765.000000,13.800000,0.000118,0.008852,0.000000,0.000000,0.000000,0.000000,1.000000,1.000000,1.100000,0.900000,0.006250,1.000000,0.000000,0,0.000000,YES,Default,1502.784252,0.000000,0.000000,0.000000,0.000000,0.000000,0.000000,0.000000,0.000000,0.000000,0.000000,0.000000,0.000000,0.000000,0.000000,1,100.000000,,,,,,,,,,,,,,,,,,,,,,
1080,28847,28853,1,Transformer,Closed,Closed,NO,28847,Fixed,NO,28847,NO ,0.000000,0.000100,1.010000,0.990000,Middle,100.000000,765.000000,13.800000,0.000100,0.008101,0.000000,0.000000,0.000000,0.000000,1.000000,1.000000,1.100000,0.900000,0.006250,1.000000,0.000000,0,0.000000,YES,Default,1501.467323,0.000000,0.000000,0.000000,0.000000,0.000000,0.000000,0.000000,0.000000,0.000000,0.000000,0.000000,0.000000,0.000000,0.000000,1,100.000000,,,,,,,,,,,,,,,,,,,,,,
1081,28847,28854,1,Transformer,Closed,Closed,NO,28847,Fixed,NO,28847,NO ,0.000000,0.000100,1.010000,0.990000,Middle,100.000000,765.000000,22.000000,0.000241,0.021687,0.000000,0.000000,0.000000,0.000000,1.000000,1.000000,1.100000,0.900000,0.006250,1.000000,0.000000,0,0.000000,YES,Default,875.868130,0.000000,0.000000,0.000000,0.000000,0.000000,0.000000,0.000000,0.000000,0.000000,0.000000,0.000000,0.000000,0.000000,0.000000,1,100.000000,,,,,,,,,,,,,,,,,,,,,,
1082,28849,28848,1,Transformer,Closed,Closed,NO,28849,LTC,YES,28849,NO ,0.000000,0.000100,1.069000,1.019000,Middle,100.000000,138.000000,345.000000,0.000275,0.015583,0.000000,0.000000,0.000000,0.000000,1.000000,1.000000,1.100000,0.900000,0.006250,1.006250,0.000000,0,0.000000,YES,Default,607.213974,0.000000,0.000000,0.000000,0.000000,0.000000,0.000000,0.000000,0.000000,0.000000,0.000000,0.000000,0.000000,0.000000,0.000000,1,100.000000,,,,,,,,,,,,,,,,,,,,,,
1083,28849,28848,2,Transformer,Closed,Closed,NO,28849,LTC,YES,28849,NO ,0.000000,0.000100,1.069000,1.019000,Middle,100.000000,138.000000,345.000000,0.000275,0.015583,0.000000,0.000000,0.000000,0.000000,1.000000,1.000000,1.100000,0.900000,0.006250,1.006250,0.000000,0,0.000000,YES,Default,607.213974,0.000000,0.000000,0.000000,0.000000,0.000000,0.000000,0.000000,0.000000,0.000000,0.000000,0.000000,0.000000,0.000000,0.000000,1,100.000000,,,,,,,,,,,,,,,,,,,,,,
1084,28849,28848,3,Transformer,Closed,Closed,NO,28849,LTC,YES,28849,NO ,0.000000,0.000100,1.069000,1.019000,Middle,100.000000,138.000000,345.000000,0.000275,0.015583,0.000000,0.000000,0.000000,0.000000,1.000000,1.000000,1.100000,0.900000,0.006250,1.006250,0.000000,0,0.000000,YES,Default,607.213974,0.000000,0.000000,0.000000,0.000000,0.000000,0.000000,0.000000,0.000000,0.000000,0.000000,0.000000,0.000000,0.000000,0.000000,1,100.000000,,,,,,,,,,,,,,,,,,,,,,
1085,28856,28855,1,Transformer,Closed,Closed,NO,28856,LTC,YES,28856,NO ,0.000000,0.000100,1.063000,1.013000,Middle,100.000000,138.000000,345.000000,0.000844,0.039120,0.000000,0.000000,0.000000,0.000000,1.000000,1.000000,1.100000,0.900000,0.006250,1.018750,0.000000,0,0.000000,YES,Default,455.681992,0.000000,0.000000,0.000000,0.000000,0.000000,0.000000,0.000000,0.000000,0.000000,0.000000,0.000000,0.000000,0.000000,0.000000,1,100.000000,,,,,,,,,,,,,,,,,,,,,,
1086,28861,28860,1,Transformer,Closed,Closed,NO,28861,LTC,YES,28861,NO ,0.000000,0.000100,1.070000,1.020000,Middle,100.000000,138.000000,345.000000,0.000520,0.031741,0.000000,0.000000,0.000000,0.000000,1.000000,1.000000,1.100000,0.900000,0.006250,1.100000,0.000000,0,0.000000,YES,Default,467.608356,0.000000,0.000000,0.000000,0.000000,0.000000,0.000000,0.000000,0.000000,0.000000,0.000000,0.000000,0.000000,0.000000,0.000000,1,100.000000,,,,,,,,,,,,,,,,,,,,,,
1087,28860,28865,1,Transformer,Closed,Closed,NO,28860,Fixed,NO,28860,NO ,0.000000,0.000100,1.010000,0.990000,Middle,100.000000,345.000000,18.000000,0.000600,0.035445,0.000000,0.000000,0.000000,0.000000,1.000000,1.000000,1.100000,0.900000,0.006250,1.000000,0.000000,0,0.000000,YES,Default,392.450666,0.000000,0.000000,0.000000,0.000000,0.000000,0.000000,0.000000,0.000000,0.000000,0.000000,0.000000,0.000000,0.000000,0.000000,1,100.000000,,,,,,,,,,,,,,,,,,,,,,
1088,28860,28866,1,Transformer,Closed,Closed,NO,28860,Fixed,NO,28860,NO ,0.000000,0.000100,1.010000,0.990000,Middle,100.000000,345.000000,13.800000,0.000499,0.028733,0.000000,0.000000,0.000000,0.000000,1.000000,1.000000,1.100000,0.900000,0.006250,1.000000,0.000000,0,0.000000,YES,Default,391.956973,0.000000,0.000000,0.000000,0.000000,0.000000,0.000000,0.000000,0.000000,0.000000,0.000000,0.000000,0.000000,0.000000,0.000000,1,100.000000,,,,,,,,,,,,,,,,,,,,,,
1089,28860,28867,1,Transformer,Closed,Closed,NO,28860,Fixed,NO,28860,NO ,0.000000,0.000100,1.010000,0.990000,Middle,100.000000,345.000000,18.000000,0.000259,0.015818,0.000000,0.000000,0.000000,0.000000,1.000000,1.000000,1.100000,0.900000,0.006250,1.000000,0.000000,0,0.000000,YES,Default,391.141462,0.000000,0.000000,0.000000,0.000000,0.000000,0.000000,0.000000,0.000000,0.000000,0.000000,0.000000,0.000000,0.000000,0.000000,1,100.000000,,,,,,,,,,,,,,,,,,,,,,
1090,28860,28868,1,Transformer,Closed,Closed,NO,28860,Fixed,NO,28860,NO ,0.000000,0.000100,1.010000,0.990000,Middle,100.000000,345.000000,24.000000,0.000386,0.028354,0.000000,0.000000,0.000000,0.000000,1.000000,1.000000,1.100000,0.900000,0.006250,1.000000,0.000000,0,0.000000,YES,Default,391.041303,0.000000,0.000000,0.000000,0.000000,0.000000,0.000000,0.000000,0.000000,0.000000,0.000000,0.000000,0.000000,0.000000,0.000000,1,100.000000,,,,,,,,,,,,,,,,,,,,,,
1091,28878,28877,1,Transformer,Closed,Closed,NO,28878,Fixed,NO,28878,NO ,0.000000,0.000100,1.010000,0.990000,Middle,100.000000,138.000000,345.000000,0.000452,0.026474,0.000000,0.000000,0.000000,0.000000,1.000000,1.000000,1.100000,0.900000,0.006250,1.000000,0.000000,0,0.000000,YES,Default,290.439010,0.000000,0.000000,0.000000,0.000000,0.000000,0.000000,0.000000,0.000000,0.000000,0.000000,0.000000,0.000000,0.000000,0.000000,1,100.000000,,,,,,,,,,,,,,,,,,,,,,
1092,28880,28879,1,Transformer,Closed,Closed,NO,28880,Fixed,NO,28880,NO ,0.000000,0.000100,1.010000,0.990000,Middle,100.000000,345.000000,765.000000,0.000125,0.009656,0.000000,0.000000,0.000000,0.000000,1.000000,1.000000,1.100000,0.900000,0.006250,1.000000,0.000000,0,0.000000,YES,Default,1401.758289,0.000000,0.000000,0.000000,0.000000,0.000000,0.000000,0.000000,0.000000,0.000000,0.000000,0.000000,0.000000,0.000000,0.000000,1,100.000000,,,,,,,,,,,,,,,,,,,,,,
1093,28879,28885,1,Transformer,Closed,Closed,NO,28879,Fixed,NO,28879,NO ,0.000000,0.000100,1.010000,0.990000,Middle,100.000000,765.000000,24.000000,0.000075,0.006256,0.000000,0.000000,0.000000,0.000000,1.000000,1.000000,1.100000,0.900000,0.006250,1.000000,0.000000,0,0.000000,YES,Default,1466.175938,0.000000,0.000000,0.000000,0.000000,0.000000,0.000000,0.000000,0.000000,0.000000,0.000000,0.000000,0.000000,0.000000,0.000000,1,100.000000,,,,,,,,,,,,,,,,,,,,,,
1094,28879,28886,1,Transformer,Closed,Closed,NO,28879,Fixed,NO,28879,NO ,0.000000,0.000100,1.010000,0.990000,Middle,100.000000,765.000000,22.000000,0.000075,0.006691,0.000000,0.000000,0.000000,0.000000,1.000000,1.000000,1.100000,0.900000,0.006250,1.000000,0.000000,0,0.000000,YES,Default,1464.850330,0.000000,0.000000,0.000000,0.000000,0.000000,0.000000,0.000000,0.000000,0.000000,0.000000,0.000000,0.000000,0.000000,0.000000,1,100.000000,,,,,,,,,,,,,,,,,,,,,,
1095,28879,28887,1,Transformer,Closed,Closed,NO,28879,Fixed,NO,28879,NO ,0.000000,0.000100,1.010000,0.990000,Middle,100.000000,765.000000,13.800000,0.000144,0.011301,0.000000,0.000000,0.000000,0.000000,1.000000,1.000000,1.100000,0.900000,0.006250,1.000000,0.000000,0,0.000000,YES,Default,1463.572407,0.000000,0.000000,0.000000,0.000000,0.000000,0.000000,0.000000,0.000000,0.000000,0.000000,0.000000,0.000000,0.000000,0.000000,1,100.000000,,,,,,,,,,,,,,,,,,,,,,
1096,28882,28881,1,Transformer,Closed,Closed,NO,28882,Fixed,NO,28882,NO ,0.000000,0.000100,1.010000,0.990000,Middle,100.000000,115.000000,138.000000,0.004648,0.147601,0.000000,0.000000,0.000000,0.000000,1.000000,1.000000,1.100000,0.900000,0.006250,1.000000,0.000000,0,0.000000,YES,Default,92.044777,0.000000,0.000000,0.000000,0.000000,0.000000,0.000000,0.000000,0.000000,0.000000,0.000000,0.000000,0.000000,0.000000,0.000000,1,100.000000,,,,,,,,,,,,,,,,,,,,,,
1097,28889,28890,1,Transformer,Closed,Closed,NO,28889,Fixed,NO,28889,NO ,0.000000,0.000100,1.010000,0.990000,Middle,100.000000,138.000000,20.000000,0.002742,0.072142,0.000000,0.000000,0.000000,0.000000,1.000000,1.000000,1.100000,0.900000,0.006250,1.000000,0.000000,0,0.000000,YES,Default,172.899997,0.000000,0.000000,0.000000,0.000000,0.000000,0.000000,0.000000,0.000000,0.000000,0.000000,0.000000,0.000000,0.000000,0.000000,1,100.000000,,,,,,,,,,,,,,,,,,,,,,
1098,28892,28893,1,Transformer,Closed,Closed,NO,28892,Fixed,NO,28892,NO ,0.000000,0.000100,1.010000,0.990000,Middle,100.000000,138.000000,13.800000,0.004700,0.124920,0.000000,0.000000,0.000000,0.000000,1.000000,1.000000,1.100000,0.900000,0.006250,1.000000,0.000000,0,0.000000,YES,Default,74.138558,0.000000,0.000000,0.000000,0.000000,0.000000,0.000000,0.000000,0.000000,0.000000,0.000000,0.000000,0.000000,0.000000,0.000000,1,100.000000,,,,,,,,,,,,,,,,,,,,,,
1099,28900,28901,1,Transformer,Closed,Closed,NO,28900,Fixed,NO,28900,NO ,0.000000,0.000100,1.010000,0.990000,Middle,100.000000,138.000000,22.000000,0.003886,0.128195,0.000000,0.000000,0.000000,0.000000,1.000000,1.000000,1.100000,0.900000,0.006250,1.000000,0.000000,0,0.000000,YES,Default,86.031640,0.000000,0.000000,0.000000,0.000000,0.000000,0.000000,0.000000,0.000000,0.000000,0.000000,0.000000,0.000000,0.000000,0.000000,1,100.000000,,,,,,,,,,,,,,,,,,,,,,
1100,28904,28903,1,Transformer,Closed,Closed,NO,28904,Fixed,NO,28904,NO ,0.000000,0.000100,1.010000,0.990000,Middle,100.000000,345.000000,765.000000,0.000113,0.008591,0.000000,0.000000,0.000000,0.000000,1.000000,1.000000,1.100000,0.900000,0.006250,1.000000,0.000000,0,0.000000,YES,Default,1320.732403,0.000000,0.000000,0.000000,0.000000,0.000000,0.000000,0.000000,0.000000,0.000000,0.000000,0.000000,0.000000,0.000000,0.000000,1,100.000000,,,,,,,,,,,,,,,,,,,,,,
1101,28903,28906,1,Transformer,Closed,Closed,NO,28903,Fixed,NO,28903,NO ,0.000000,0.000100,1.010000,0.990000,Middle,100.000000,765.000000,13.800000,0.000098,0.007967,0.000000,0.000000,0.000000,0.000000,1.000000,1.000000,1.100000,0.900000,0.006250,1.037500,0.000000,0,0.000000,YES,Default,1605.842209,0.000000,0.000000,0.000000,0.000000,0.000000,0.000000,0.000000,0.000000,0.000000,0.000000,0.000000,0.000000,0.000000,0.000000,1,100.000000,,,,,,,,,,,,,,,,,,,,,,
1102,28905,28904,1,Transformer,Closed,Closed,NO,28905,Fixed,NO,28905,NO ,0.000000,0.000100,1.010000,0.990000,Middle,100.000000,138.000000,345.000000,0.000446,0.023855,0.000000,0.000000,0.000000,0.000000,1.000000,1.000000,1.100000,0.900000,0.006250,1.000000,0.000000,0,0.000000,YES,Default,356.156421,0.000000,0.000000,0.000000,0.000000,0.000000,0.000000,0.000000,0.000000,0.000000,0.000000,0.000000,0.000000,0.000000,0.000000,1,100.000000,,,,,,,,,,,,,,,,,,,,,,
1103,28908,28907,1,Transformer,Closed,Closed,NO,28908,Fixed,NO,28908,NO ,0.000000,0.000100,1.010000,0.990000,Middle,100.000000,138.000000,345.000000,0.000287,0.019251,0.000000,0.000000,0.000000,0.000000,1.000000,1.000000,1.100000,0.900000,0.006250,1.025000,0.000000,0,0.000000,YES,Default,541.102505,0.000000,0.000000,0.000000,0.000000,0.000000,0.000000,0.000000,0.000000,0.000000,0.000000,0.000000,0.000000,0.000000,0.000000,1,100.000000,,,,,,,,,,,,,,,,,,,,,,
1104,28912,28911,1,Transformer,Closed,Closed,NO,28912,Fixed,NO,28912,NO ,0.000000,0.000100,1.010000,0.990000,Middle,100.000000,138.000000,345.000000,0.000580,0.037665,0.000000,0.000000,0.000000,0.000000,1.000000,1.000000,1.100000,0.900000,0.006250,1.000000,0.000000,0,0.000000,YES,Default,322.375226,0.000000,0.000000,0.000000,0.000000,0.000000,0.000000,0.000000,0.000000,0.000000,0.000000,0.000000,0.000000,0.000000,0.000000,1,100.000000,,,,,,,,,,,,,,,,,,,,,,
1105,28911,28913,1,Transformer,Closed,Closed,NO,28911,Fixed,NO,28911,NO ,0.000000,0.000100,1.010000,0.990000,Middle,100.000000,345.000000,13.200000,0.000366,0.024327,0.000000,0.000000,0.000000,0.000000,1.000000,1.000000,1.100000,0.900000,0.006250,1.000000,0.000000,0,0.000000,YES,Default,477.715778,0.000000,0.000000,0.000000,0.000000,0.000000,0.000000,0.000000,0.000000,0.000000,0.000000,0.000000,0.000000,0.000000,0.000000,1,100.000000,,,,,,,,,,,,,,,,,,,,,,
1106,28915,28914,1,Transformer,Closed,Closed,NO,28915,Fixed,NO,28915,NO ,0.000000,0.000100,1.010000,0.990000,Middle,100.000000,138.000000,345.000000,0.000535,0.031212,0.000000,0.000000,0.000000,0.000000,1.000000,1.000000,1.100000,0.900000,0.006250,1.000000,0.000000,0,0.000000,YES,Default,282.798886,0.000000,0.000000,0.000000,0.000000,0.000000,0.000000,0.000000,0.000000,0.000000,0.000000,0.000000,0.000000,0.000000,0.000000,1,100.000000,,,,,,,,,,,,,,,,,,,,,,
1107,28917,28918,1,Transformer,Closed,Closed,NO,28917,Fixed,NO,28917,NO ,0.000000,0.000100,1.010000,0.990000,Middle,100.000000,138.000000,13.800000,0.002618,0.089651,0.000000,0.000000,0.000000,0.000000,1.000000,1.000000,1.100000,0.900000,0.006250,1.037500,0.000000,0,0.000000,YES,Default,77.935457,0.000000,0.000000,0.000000,0.000000,0.000000,0.000000,0.000000,0.000000,0.000000,0.000000,0.000000,0.000000,0.000000,0.000000,1,100.000000,,,,,,,,,,,,,,,,,,,,,,
1108,28920,28919,1,Transformer,Closed,Closed,NO,28920,LTC,YES,28920,NO ,0.000000,0.000100,1.072000,1.022000,Middle,100.000000,345.000000,765.000000,0.000122,0.009823,0.000000,0.000000,0.000000,0.000000,1.000000,1.000000,1.100000,0.900000,0.006250,1.006250,0.000000,0,0.000000,YES,Default,1281.200790,0.000000,0.000000,0.000000,0.000000,0.000000,0.000000,0.000000,0.000000,0.000000,0.000000,0.000000,0.000000,0.000000,0.000000,1,100.000000,,,,,,,,,,,,,,,,,,,,,,
1109,28925,28924,1,Transformer,Closed,Closed,NO,28925,LTC,YES,28925,NO ,0.000000,0.000100,1.070000,1.020000,Middle,100.000000,138.000000,345.000000,0.000699,0.040891,0.000000,0.000000,0.000000,0.000000,1.000000,1.000000,1.100000,0.900000,0.006250,1.006250,0.000000,0,0.000000,YES,Default,396.467400,0.000000,0.000000,0.000000,0.000000,0.000000,0.000000,0.000000,0.000000,0.000000,0.000000,0.000000,0.000000,0.000000,0.000000,1,100.000000,,,,,,,,,,,,,,,,,,,,,,
1110,28924,28926,1,Transformer,Closed,Closed,NO,28924,Fixed,NO,28924,NO ,0.000000,0.000100,1.010000,0.990000,Middle,100.000000,345.000000,13.800000,0.000399,0.026804,0.000000,0.000000,0.000000,0.000000,1.000000,1.000000,1.100000,0.900000,0.006250,1.031250,0.000000,0,0.000000,YES,Default,414.542198,0.000000,0.000000,0.000000,0.000000,0.000000,0.000000,0.000000,0.000000,0.000000,0.000000,0.000000,0.000000,0.000000,0.000000,1,100.000000,,,,,,,,,,,,,,,,,,,,,,
1111,28925,28927,1,Transformer,Closed,Closed,NO,28925,Fixed,NO,28925,NO ,0.000000,0.000100,1.010000,0.990000,Middle,100.000000,138.000000,13.800000,0.004215,0.107728,0.000000,0.000000,0.000000,0.000000,1.000000,1.000000,1.100000,0.900000,0.006250,1.056250,0.000000,0,0.000000,YES,Default,90.159923,0.000000,0.000000,0.000000,0.000000,0.000000,0.000000,0.000000,0.000000,0.000000,0.000000,0.000000,0.000000,0.000000,0.000000,1,100.000000,,,,,,,,,,,,,,,,,,,,,,
1112,28933,28934,1,Transformer,Closed,Closed,NO,28933,Fixed,NO,28933,NO ,0.000000,0.000100,1.010000,0.990000,Middle,100.000000,138.000000,13.800000,0.003805,0.114886,0.000000,0.000000,0.000000,0.000000,1.000000,1.000000,1.100000,0.900000,0.006250,0.987500,0.000000,0,0.000000,YES,Default,66.592288,0.000000,0.000000,0.000000,0.000000,0.000000,0.000000,0.000000,0.000000,0.000000,0.000000,0.000000,0.000000,0.000000,0.000000,1,100.000000,,,,,,,,,,,,,,,,,,,,,,
1113,28936,28935,1,Transformer,Closed,Closed,NO,28936,LTC,YES,28936,NO ,0.000000,0.000100,1.068000,1.018000,Middle,100.000000,138.000000,345.000000,0.000501,0.032620,0.000000,0.000000,0.000000,0.000000,1.000000,1.000000,1.100000,0.900000,0.006250,1.006250,0.000000,0,0.000000,YES,Default,209.286737,0.000000,0.000000,0.000000,0.000000,0.000000,0.000000,0.000000,0.000000,0.000000,0.000000,0.000000,0.000000,0.000000,0.000000,1,100.000000,,,,,,,,,,,,,,,,,,,,,,
1114,28937,28941,1,Transformer,Closed,Closed,NO,28937,Fixed,NO,28937,NO ,0.000000,0.000100,1.010000,0.990000,Middle,100.000000,138.000000,13.800000,0.023679,0.655281,0.000000,0.000000,0.000000,0.000000,1.000000,1.000000,1.100000,0.900000,0.006250,1.000000,0.000000,0,0.000000,YES,Default,14.560001,0.000000,0.000000,0.000000,0.000000,0.000000,0.000000,0.000000,0.000000,0.000000,0.000000,0.000000,0.000000,0.000000,0.000000,1,100.000000,,,,,,,,,,,,,,,,,,,,,,
1115,28937,28942,1,Transformer,Closed,Closed,NO,28937,Fixed,NO,28937,NO ,0.000000,0.000100,1.010000,0.990000,Middle,100.000000,138.000000,13.800000,0.033854,0.869121,0.000000,0.000000,0.000000,0.000000,1.000000,1.000000,1.100000,0.900000,0.006250,1.000000,0.000000,0,0.000000,YES,Default,14.560001,0.000000,0.000000,0.000000,0.000000,0.000000,0.000000,0.000000,0.000000,0.000000,0.000000,0.000000,0.000000,0.000000,0.000000,1,100.000000,,,,,,,,,,,,,,,,,,,,,,
1116,28945,28946,1,Transformer,Closed,Closed,NO,28945,Fixed,NO,28945,NO ,0.000000,0.000100,1.010000,0.990000,Middle,100.000000,138.000000,20.000000,0.005034,0.138771,0.000000,0.000000,0.000000,0.000000,1.000000,1.000000,1.100000,0.900000,0.006250,1.000000,0.000000,0,0.000000,YES,Default,87.671864,0.000000,0.000000,0.000000,0.000000,0.000000,0.000000,0.000000,0.000000,0.000000,0.000000,0.000000,0.000000,0.000000,0.000000,1,100.000000,,,,,,,,,,,,,,,,,,,,,,
1117,28950,28949,1,Transformer,Closed,Closed,NO,28950,Fixed,NO,28950,NO ,0.000000,0.000100,1.010000,0.990000,Middle,100.000000,138.000000,345.000000,0.000557,0.032469,0.000000,0.000000,0.000000,0.000000,1.000000,1.000000,1.100000,0.900000,0.006250,0.993750,0.000000,0,0.000000,YES,Default,366.875219,0.000000,0.000000,0.000000,0.000000,0.000000,0.000000,0.000000,0.000000,0.000000,0.000000,0.000000,0.000000,0.000000,0.000000,1,100.000000,,,,,,,,,,,,,,,,,,,,,,
1118,28949,28951,1,Transformer,Closed,Closed,NO,28949,Fixed,NO,28949,NO ,0.000000,0.000100,1.010000,0.990000,Middle,100.000000,345.000000,13.800000,0.000353,0.020829,0.000000,0.000000,0.000000,0.000000,1.000000,1.000000,1.100000,0.900000,0.006250,1.037500,0.000000,0,0.000000,YES,Default,460.364342,0.000000,0.000000,0.000000,0.000000,0.000000,0.000000,0.000000,0.000000,0.000000,0.000000,0.000000,0.000000,0.000000,0.000000,1,100.000000,,,,,,,,,,,,,,,,,,,,,,
1119,28949,28952,1,Transformer,Closed,Closed,NO,28949,Fixed,NO,28949,NO ,0.000000,0.000100,1.010000,0.990000,Middle,100.000000,345.000000,13.800000,0.000373,0.023093,0.000000,0.000000,0.000000,0.000000,1.000000,1.000000,1.100000,0.900000,0.006250,1.000000,0.000000,0,0.000000,YES,Default,458.537340,0.000000,0.000000,0.000000,0.000000,0.000000,0.000000,0.000000,0.000000,0.000000,0.000000,0.000000,0.000000,0.000000,0.000000,1,100.000000,,,,,,,,,,,,,,,,,,,,,,
1120,28950,28953,1,Transformer,Closed,Closed,NO,28950,Fixed,NO,28950,NO ,0.000000,0.000100,1.010000,0.990000,Middle,100.000000,138.000000,13.800000,0.009827,0.337751,0.000000,0.000000,0.000000,0.000000,1.000000,1.000000,1.100000,0.900000,0.006250,1.000000,0.000000,0,0.000000,YES,Default,40.417996,0.000000,0.000000,0.000000,0.000000,0.000000,0.000000,0.000000,0.000000,0.000000,0.000000,0.000000,0.000000,0.000000,0.000000,1,100.000000,,,,,,,,,,,,,,,,,,,,,,
1121,28960,28959,1,Transformer,Closed,Closed,NO,28960,Fixed,NO,28960,NO ,0.000000,0.000100,1.010000,0.990000,Middle,100.000000,138.000000,345.000000,0.000473,0.032628,0.000000,0.000000,0.000000,0.000000,1.000000,1.000000,1.100000,0.900000,0.006250,1.000000,0.000000,0,0.000000,YES,Default,347.407031,0.000000,0.000000,0.000000,0.000000,0.000000,0.000000,0.000000,0.000000,0.000000,0.000000,0.000000,0.000000,0.000000,0.000000,1,100.000000,,,,,,,,,,,,,,,,,,,,,,
1122,28959,28961,1,Transformer,Closed,Closed,NO,28959,Fixed,NO,28959,NO ,0.000000,0.000100,1.010000,0.990000,Middle,100.000000,345.000000,13.800000,0.000402,0.026823,0.000000,0.000000,0.000000,0.000000,1.000000,1.000000,1.100000,0.900000,0.006250,1.025000,0.000000,0,0.000000,YES,Default,303.831840,0.000000,0.000000,0.000000,0.000000,0.000000,0.000000,0.000000,0.000000,0.000000,0.000000,0.000000,0.000000,0.000000,0.000000,1,100.000000,,,,,,,,,,,,,,,,,,,,,,
1123,28960,28962,1,Transformer,Closed,Closed,NO,28960,Fixed,NO,28960,NO ,0.000000,0.000100,1.010000,0.990000,Middle,100.000000,138.000000,20.000000,0.014478,0.392282,0.000000,0.000000,0.000000,0.000000,1.000000,1.000000,1.100000,0.900000,0.006250,1.031250,0.000000,0,0.000000,YES,Default,33.424959,0.000000,0.000000,0.000000,0.000000,0.000000,0.000000,0.000000,0.000000,0.000000,0.000000,0.000000,0.000000,0.000000,0.000000,1,100.000000,,,,,,,,,,,,,,,,,,,,,,
1124,28960,28963,1,Transformer,Closed,Closed,NO,28960,Fixed,NO,28960,NO ,0.000000,0.000100,1.010000,0.990000,Middle,100.000000,138.000000,13.800000,0.005692,0.134550,0.000000,0.000000,0.000000,0.000000,1.000000,1.000000,1.100000,0.900000,0.006250,1.031250,0.000000,0,0.000000,YES,Default,56.134862,0.000000,0.000000,0.000000,0.000000,0.000000,0.000000,0.000000,0.000000,0.000000,0.000000,0.000000,0.000000,0.000000,0.000000,1,100.000000,,,,,,,,,,,,,,,,,,,,,,
1125,28965,28974,1,Transformer,Closed,Closed,NO,28965,Fixed,NO,28965,NO ,0.000000,0.000100,1.010000,0.990000,Middle,100.000000,345.000000,13.800000,0.000703,0.039939,0.000000,0.000000,0.000000,0.000000,1.000000,1.000000,1.100000,0.900000,0.006250,1.000000,0.000000,0,0.000000,YES,Default,256.131649,0.000000,0.000000,0.000000,0.000000,0.000000,0.000000,0.000000,0.000000,0.000000,0.000000,0.000000,0.000000,0.000000,0.000000,1,100.000000,,,,,,,,,,,,,,,,,,,,,,
1126,28965,28975,1,Transformer,Closed,Closed,NO,28965,Fixed,NO,28965,NO ,0.000000,0.000100,1.010000,0.990000,Middle,100.000000,345.000000,18.000000,0.000890,0.040102,0.000000,0.000000,0.000000,0.000000,1.000000,1.000000,1.100000,0.900000,0.006250,1.000000,0.000000,0,0.000000,YES,Default,250.094509,0.000000,0.000000,0.000000,0.000000,0.000000,0.000000,0.000000,0.000000,0.000000,0.000000,0.000000,0.000000,0.000000,0.000000,1,100.000000,,,,,,,,,,,,,,,,,,,,,,
1127,28966,28972,1,Transformer,Closed,Closed,NO,28966,Fixed,NO,28966,NO ,0.000000,0.000100,1.010000,0.990000,Middle,100.000000,138.000000,18.000000,0.007248,0.211591,0.000000,0.000000,0.000000,0.000000,1.000000,1.000000,1.100000,0.900000,0.006250,1.012500,0.000000,0,0.000000,YES,Default,65.821475,0.000000,0.000000,0.000000,0.000000,0.000000,0.000000,0.000000,0.000000,0.000000,0.000000,0.000000,0.000000,0.000000,0.000000,1,100.000000,,,,,,,,,,,,,,,,,,,,,,
1128,28966,28973,1,Transformer,Closed,Closed,NO,28966,Fixed,NO,28966,NO ,0.000000,0.000100,1.010000,0.990000,Middle,100.000000,138.000000,20.000000,0.007315,0.235967,0.000000,0.000000,0.000000,0.000000,1.000000,1.000000,1.100000,0.900000,0.006250,1.012500,0.000000,0,0.000000,YES,Default,62.467861,0.000000,0.000000,0.000000,0.000000,0.000000,0.000000,0.000000,0.000000,0.000000,0.000000,0.000000,0.000000,0.000000,0.000000,1,100.000000,,,,,,,,,,,,,,,,,,,,,,
1129,28979,28978,1,Transformer,Closed,Closed,NO,28979,LTC,YES,28979,NO ,0.000000,0.000100,1.064000,1.014000,Middle,100.000000,138.000000,345.000000,0.000406,0.020407,0.000000,0.000000,0.000000,0.000000,1.000000,1.000000,1.100000,0.900000,0.006250,1.012500,0.000000,0,0.000000,YES,Default,612.637568,0.000000,0.000000,0.000000,0.000000,0.000000,0.000000,0.000000,0.000000,0.000000,0.000000,0.000000,0.000000,0.000000,0.000000,1,100.000000,,,,,,,,,,,,,,,,,,,,,,
1130,28979,28978,2,Transformer,Closed,Closed,NO,28979,Fixed,NO,28979,NO ,0.000000,0.000100,1.010000,0.990000,Middle,100.000000,138.000000,345.000000,0.000406,0.020407,0.000000,0.000000,0.000000,0.000000,1.000000,1.000000,1.100000,0.900000,0.006250,1.012500,0.000000,0,0.000000,YES,Default,612.637568,0.000000,0.000000,0.000000,0.000000,0.000000,0.000000,0.000000,0.000000,0.000000,0.000000,0.000000,0.000000,0.000000,0.000000,1,100.000000,,,,,,,,,,,,,,,,,,,,,,
1131,28979,28978,3,Transformer,Closed,Closed,NO,28979,Fixed,NO,28979,NO ,0.000000,0.000100,1.010000,0.990000,Middle,100.000000,138.000000,345.000000,0.000406,0.020407,0.000000,0.000000,0.000000,0.000000,1.000000,1.000000,1.100000,0.900000,0.006250,1.012500,0.000000,0,0.000000,YES,Default,612.637568,0.000000,0.000000,0.000000,0.000000,0.000000,0.000000,0.000000,0.000000,0.000000,0.000000,0.000000,0.000000,0.000000,0.000000,1,100.000000,,,,,,,,,,,,,,,,,,,,,,
1132,28981,28982,1,Transformer,Closed,Closed,NO,28981,Fixed,NO,28981,NO ,0.000000,0.000100,1.010000,0.990000,Middle,100.000000,138.000000,18.000000,0.004973,0.160930,0.000000,0.000000,0.000000,0.000000,1.000000,1.000000,1.100000,0.900000,0.006250,1.000000,0.000000,0,0.000000,YES,Default,69.652385,0.000000,0.000000,0.000000,0.000000,0.000000,0.000000,0.000000,0.000000,0.000000,0.000000,0.000000,0.000000,0.000000,0.000000,1,100.000000,,,,,,,,,,,,,,,,,,,,,,
1133,28983,28984,1,Transformer,Closed,Closed,NO,28983,Fixed,NO,28983,NO ,0.000000,0.000100,1.010000,0.990000,Middle,100.000000,138.000000,13.800000,0.005014,0.144756,0.000000,0.000000,0.000000,0.000000,1.000000,1.000000,1.100000,0.900000,0.006250,1.043750,0.000000,0,0.000000,YES,Default,86.891842,0.000000,0.000000,0.000000,0.000000,0.000000,0.000000,0.000000,0.000000,0.000000,0.000000,0.000000,0.000000,0.000000,0.000000,1,100.000000,,,,,,,,,,,,,,,,,,,,,,
1134,28986,28987,1,Transformer,Closed,Closed,NO,28986,Fixed,NO,28986,NO ,0.000000,0.000100,1.010000,0.990000,Middle,100.000000,138.000000,13.800000,0.005444,0.185901,0.000000,0.000000,0.000000,0.000000,1.000000,1.000000,1.100000,0.900000,0.006250,1.000000,0.000000,0,0.000000,YES,Default,98.107129,0.000000,0.000000,0.000000,0.000000,0.000000,0.000000,0.000000,0.000000,0.000000,0.000000,0.000000,0.000000,0.000000,0.000000,1,100.000000,,,,,,,,,,,,,,,,,,,,,,
1135,28989,28988,1,Transformer,Closed,Closed,NO,28989,Fixed,NO,28989,NO ,0.000000,0.000100,1.010000,0.990000,Middle,100.000000,138.000000,345.000000,0.000307,0.019966,0.000000,0.000000,0.000000,0.000000,1.000000,1.000000,1.100000,0.900000,0.006250,1.000000,0.000000,0,0.000000,YES,Default,344.044995,0.000000,0.000000,0.000000,0.000000,0.000000,0.000000,0.000000,0.000000,0.000000,0.000000,0.000000,0.000000,0.000000,0.000000,1,100.000000,,,,,,,,,,,,,,,,,,,,,,
1136,28988,28991,1,Transformer,Closed,Closed,NO,28988,Fixed,NO,28988,NO ,0.000000,0.000100,1.010000,0.990000,Middle,100.000000,345.000000,22.000000,0.000349,0.022381,0.000000,0.000000,0.000000,0.000000,1.000000,1.000000,1.100000,0.900000,0.006250,1.000000,0.000000,0,0.000000,YES,Default,357.432866,0.000000,0.000000,0.000000,0.000000,0.000000,0.000000,0.000000,0.000000,0.000000,0.000000,0.000000,0.000000,0.000000,0.000000,1,100.000000,,,,,,,,,,,,,,,,,,,,,,
1137,28988,28992,1,Transformer,Closed,Closed,NO,28988,Fixed,NO,28988,NO ,0.000000,0.000100,1.010000,0.990000,Middle,100.000000,345.000000,13.800000,0.000529,0.036928,0.000000,0.000000,0.000000,0.000000,1.000000,1.000000,1.100000,0.900000,0.006250,1.000000,0.000000,0,0.000000,YES,Default,354.377723,0.000000,0.000000,0.000000,0.000000,0.000000,0.000000,0.000000,0.000000,0.000000,0.000000,0.000000,0.000000,0.000000,0.000000,1,100.000000,,,,,,,,,,,,,,,,,,,,,,
1138,28990,28989,1,Transformer,Closed,Closed,NO,28990,Fixed,NO,28990,NO ,0.000000,0.000100,1.010000,0.990000,Middle,100.000000,115.000000,138.000000,0.006470,0.206993,0.000000,0.000000,0.000000,0.000000,1.000000,1.000000,1.100000,0.900000,0.006250,1.000000,0.000000,0,0.000000,YES,Default,89.999998,0.000000,0.000000,0.000000,0.000000,0.000000,0.000000,0.000000,0.000000,0.000000,0.000000,0.000000,0.000000,0.000000,0.000000,1,100.000000,,,,,,,,,,,,,,,,,,,,,,
1139,28993,28994,1,Transformer,Closed,Closed,NO,28993,Fixed,NO,28993,NO ,0.000000,0.000100,1.010000,0.990000,Middle,100.000000,138.000000,20.000000,0.003991,0.115545,0.000000,0.000000,0.000000,0.000000,1.000000,1.000000,1.100000,0.900000,0.006250,1.000000,0.000000,0,0.000000,YES,Default,82.608694,0.000000,0.000000,0.000000,0.000000,0.000000,0.000000,0.000000,0.000000,0.000000,0.000000,0.000000,0.000000,0.000000,0.000000,1,100.000000,,,,,,,,,,,,,,,,,,,,,,
1140,28993,28995,1,Transformer,Closed,Closed,NO,28993,Fixed,NO,28993,NO ,0.000000,0.000100,1.010000,0.990000,Middle,100.000000,138.000000,18.000000,0.003847,0.098161,0.000000,0.000000,0.000000,0.000000,1.000000,1.000000,1.100000,0.900000,0.006250,1.000000,0.000000,0,0.000000,YES,Default,81.697899,0.000000,0.000000,0.000000,0.000000,0.000000,0.000000,0.000000,0.000000,0.000000,0.000000,0.000000,0.000000,0.000000,0.000000,1,100.000000,,,,,,,,,,,,,,,,,,,,,,
1141,28999,28998,1,Transformer,Closed,Closed,NO,28999,LTC,YES,28999,NO ,0.000000,0.000100,1.063000,1.013000,Middle,100.000000,138.000000,345.000000,0.000268,0.016797,0.000000,0.000000,0.000000,0.000000,1.000000,1.000000,1.100000,0.900000,0.006250,1.050000,0.000000,0,0.000000,YES,Default,561.046839,0.000000,0.000000,0.000000,0.000000,0.000000,0.000000,0.000000,0.000000,0.000000,0.000000,0.000000,0.000000,0.000000,0.000000,1,100.000000,,,,,,,,,,,,,,,,,,,,,,
1142,28998,29000,1,Transformer,Closed,Closed,NO,28998,Fixed,NO,28998,NO ,0.000000,0.000100,1.010000,0.990000,Middle,100.000000,345.000000,13.800000,0.000802,0.055594,0.000000,0.000000,0.000000,0.000000,1.000000,1.000000,1.100000,0.900000,0.006250,1.000000,0.000000,0,0.000000,YES,Default,330.414963,0.000000,0.000000,0.000000,0.000000,0.000000,0.000000,0.000000,0.000000,0.000000,0.000000,0.000000,0.000000,0.000000,0.000000,1,100.000000,,,,,,,,,,,,,,,,,,,,,,
1143,28998,29001,1,Transformer,Closed,Closed,NO,28998,Fixed,NO,28998,NO ,0.000000,0.000100,1.010000,0.990000,Middle,100.000000,345.000000,13.800000,0.000721,0.035482,0.000000,0.000000,0.000000,0.000000,1.000000,1.000000,1.100000,0.900000,0.006250,1.000000,0.000000,0,0.000000,YES,Default,412.911987,0.000000,0.000000,0.000000,0.000000,0.000000,0.000000,0.000000,0.000000,0.000000,0.000000,0.000000,0.000000,0.000000,0.000000,1,100.000000,,,,,,,,,,,,,,,,,,,,,,
1144,28998,29002,1,Transformer,Closed,Closed,NO,28998,Fixed,NO,28998,NO ,0.000000,0.000100,1.010000,0.990000,Middle,100.000000,345.000000,13.800000,0.000652,0.034766,0.000000,0.000000,0.000000,0.000000,1.000000,1.000000,1.100000,0.900000,0.006250,1.000000,0.000000,0,0.000000,YES,Default,329.384041,0.000000,0.000000,0.000000,0.000000,0.000000,0.000000,0.000000,0.000000,0.000000,0.000000,0.000000,0.000000,0.000000,0.000000,1,100.000000,,,,,,,,,,,,,,,,,,,,,,
1145,29005,29006,1,Transformer,Closed,Closed,NO,29005,Fixed,NO,29005,NO ,0.000000,0.000100,1.010000,0.990000,Middle,100.000000,138.000000,13.800000,0.007241,0.250658,0.000000,0.000000,0.000000,0.000000,1.000000,1.000000,1.100000,0.900000,0.006250,1.000000,0.000000,0,0.000000,YES,Default,43.102023,0.000000,0.000000,0.000000,0.000000,0.000000,0.000000,0.000000,0.000000,0.000000,0.000000,0.000000,0.000000,0.000000,0.000000,1,100.000000,,,,,,,,,,,,,,,,,,,,,,
1146,29005,29007,1,Transformer,Closed,Closed,NO,29005,Fixed,NO,29005,NO ,0.000000,0.000100,1.010000,0.990000,Middle,100.000000,138.000000,13.800000,0.011320,0.290211,0.000000,0.000000,0.000000,0.000000,1.000000,1.000000,1.100000,0.900000,0.006250,1.000000,0.000000,0,0.000000,YES,Default,42.580089,0.000000,0.000000,0.000000,0.000000,0.000000,0.000000,0.000000,0.000000,0.000000,0.000000,0.000000,0.000000,0.000000,0.000000,1,100.000000,,,,,,,,,,,,,,,,,,,,,,
1147,29009,29008,1,Transformer,Closed,Closed,NO,29009,Fixed,NO,29009,NO ,0.000000,0.000100,1.010000,0.990000,Middle,100.000000,138.000000,345.000000,0.000426,0.024348,0.000000,0.000000,0.000000,0.000000,1.000000,1.000000,1.100000,0.900000,0.006250,1.000000,0.000000,0,0.000000,YES,Default,292.891479,0.000000,0.000000,0.000000,0.000000,0.000000,0.000000,0.000000,0.000000,0.000000,0.000000,0.000000,0.000000,0.000000,0.000000,1,100.000000,,,,,,,,,,,,,,,,,,,,,,
1148,29008,29010,1,Transformer,Closed,Closed,NO,29008,Fixed,NO,29008,NO ,0.000000,0.000100,1.010000,0.990000,Middle,100.000000,345.000000,24.000000,0.000420,0.030780,0.000000,0.000000,0.000000,0.000000,1.000000,1.000000,1.100000,0.900000,0.006250,1.000000,0.000000,0,0.000000,YES,Default,360.705972,0.000000,0.000000,0.000000,0.000000,0.000000,0.000000,0.000000,0.000000,0.000000,0.000000,0.000000,0.000000,0.000000,0.000000,1,100.000000,,,,,,,,,,,,,,,,,,,,,,
1149,29008,29011,1,Transformer,Closed,Closed,NO,29008,Fixed,NO,29008,NO ,0.000000,0.000100,1.010000,0.990000,Middle,100.000000,345.000000,18.000000,0.000628,0.032996,0.000000,0.000000,0.000000,0.000000,1.000000,1.000000,1.100000,0.900000,0.006250,1.000000,0.000000,0,0.000000,YES,Default,360.321712,0.000000,0.000000,0.000000,0.000000,0.000000,0.000000,0.000000,0.000000,0.000000,0.000000,0.000000,0.000000,0.000000,0.000000,1,100.000000,,,,,,,,,,,,,,,,,,,,,,
1150,29012,29013,1,Transformer,Closed,Closed,NO,29012,Fixed,NO,29012,NO ,0.000000,0.000100,1.010000,0.990000,Middle,100.000000,138.000000,13.200000,0.003751,0.138156,0.000000,0.000000,0.000000,0.000000,1.000000,1.000000,1.100000,0.900000,0.006250,1.000000,0.000000,0,0.000000,YES,Default,82.641518,0.000000,0.000000,0.000000,0.000000,0.000000,0.000000,0.000000,0.000000,0.000000,0.000000,0.000000,0.000000,0.000000,0.000000,1,100.000000,,,,,,,,,,,,,,,,,,,,,,
1151,29016,29015,1,Transformer,Closed,Closed,NO,29016,LTC,YES,29016,NO ,0.000000,0.000100,1.068000,1.018000,Middle,100.000000,345.000000,765.000000,0.000068,0.005385,0.000000,0.000000,0.000000,0.000000,1.000000,1.000000,1.100000,0.900000,0.006250,1.012500,0.000000,0,0.000000,YES,Default,1624.342537,0.000000,0.000000,0.000000,0.000000,0.000000,0.000000,0.000000,0.000000,0.000000,0.000000,0.000000,0.000000,0.000000,0.000000,1,100.000000,,,,,,,,,,,,,,,,,,,,,,
1152,29016,29015,2,Transformer,Closed,Closed,NO,29016,Fixed,NO,29016,NO ,0.000000,0.000100,1.010000,0.990000,Middle,100.000000,345.000000,765.000000,0.000068,0.005385,0.000000,0.000000,0.000000,0.000000,1.000000,1.000000,1.100000,0.900000,0.006250,1.012500,0.000000,0,0.000000,YES,Default,1624.342537,0.000000,0.000000,0.000000,0.000000,0.000000,0.000000,0.000000,0.000000,0.000000,0.000000,0.000000,0.000000,0.000000,0.000000,1,100.000000,,,,,,,,,,,,,,,,,,,,,,
1153,29016,29015,3,Transformer,Closed,Closed,NO,29016,LTC,YES,29016,NO ,0.000000,0.000100,1.068000,1.018000,Middle,100.000000,345.000000,765.000000,0.000068,0.005385,0.000000,0.000000,0.000000,0.000000,1.000000,1.000000,1.100000,0.900000,0.006250,1.012500,0.000000,0,0.000000,YES,Default,1624.342537,0.000000,0.000000,0.000000,0.000000,0.000000,0.000000,0.000000,0.000000,0.000000,0.000000,0.000000,0.000000,0.000000,0.000000,1,100.000000,,,,,,,,,,,,,,,,,,,,,,
1154,29015,29018,1,Transformer,Closed,Closed,NO,29015,Fixed,NO,29015,NO ,0.000000,0.000100,1.010000,0.990000,Middle,100.000000,765.000000,13.800000,0.000117,0.009223,0.000000,0.000000,0.000000,0.000000,1.000000,1.000000,1.100000,0.900000,0.006250,1.000000,0.000000,0,0.000000,YES,Default,1558.199120,0.000000,0.000000,0.000000,0.000000,0.000000,0.000000,0.000000,0.000000,0.000000,0.000000,0.000000,0.000000,0.000000,0.000000,1,100.000000,,,,,,,,,,,,,,,,,,,,,,
1155,29015,29019,1,Transformer,Closed,Closed,NO,29015,Fixed,NO,29015,NO ,0.000000,0.000100,1.010000,0.990000,Middle,100.000000,765.000000,20.000000,0.000117,0.009172,0.000000,0.000000,0.000000,0.000000,1.000000,1.000000,1.100000,0.900000,0.006250,1.000000,0.000000,0,0.000000,YES,Default,1553.843403,0.000000,0.000000,0.000000,0.000000,0.000000,0.000000,0.000000,0.000000,0.000000,0.000000,0.000000,0.000000,0.000000,0.000000,1,100.000000,,,,,,,,,,,,,,,,,,,,,,
1156,29015,29020,1,Transformer,Closed,Closed,NO,29015,Fixed,NO,29015,NO ,0.000000,0.000100,1.010000,0.990000,Middle,100.000000,765.000000,13.800000,0.000114,0.009521,0.000000,0.000000,0.000000,0.000000,1.000000,1.000000,1.100000,0.900000,0.006250,1.000000,0.000000,0,0.000000,YES,Default,1553.418732,0.000000,0.000000,0.000000,0.000000,0.000000,0.000000,0.000000,0.000000,0.000000,0.000000,0.000000,0.000000,0.000000,0.000000,1,100.000000,,,,,,,,,,,,,,,,,,,,,,
1157,29017,29016,1,Transformer,Closed,Closed,NO,29017,LTC,YES,29017,NO ,0.000000,0.000100,1.066000,1.016000,Middle,100.000000,138.000000,345.000000,0.000565,0.031918,0.000000,0.000000,0.000000,0.000000,1.000000,1.000000,1.100000,0.900000,0.006250,1.025000,0.000000,0,0.000000,YES,Default,535.635567,0.000000,0.000000,0.000000,0.000000,0.000000,0.000000,0.000000,0.000000,0.000000,0.000000,0.000000,0.000000,0.000000,0.000000,1,100.000000,,,,,,,,,,,,,,,,,,,,,,
1158,29021,29022,1,Transformer,Closed,Closed,NO,29021,Fixed,NO,29021,NO ,0.000000,0.000100,1.010000,0.990000,Middle,100.000000,138.000000,13.800000,0.002364,0.072383,0.000000,0.000000,0.000000,0.000000,1.000000,1.000000,1.100000,0.900000,0.006250,1.000000,0.000000,0,0.000000,YES,Default,167.569995,0.000000,0.000000,0.000000,0.000000,0.000000,0.000000,0.000000,0.000000,0.000000,0.000000,0.000000,0.000000,0.000000,0.000000,1,100.000000,,,,,,,,,,,,,,,,,,,,,,
1159,29025,29024,1,Transformer,Closed,Closed,NO,29025,Fixed,NO,29025,NO ,0.000000,0.000100,1.010000,0.990000,Middle,100.000000,345.000000,765.000000,0.000073,0.006066,0.000000,0.000000,0.000000,0.000000,1.000000,1.000000,1.100000,0.900000,0.006250,1.018750,0.000000,0,0.000000,YES,Default,1562.591839,0.000000,0.000000,0.000000,0.000000,0.000000,0.000000,0.000000,0.000000,0.000000,0.000000,0.000000,0.000000,0.000000,0.000000,1,100.000000,,,,,,,,,,,,,,,,,,,,,,
1160,29024,29027,1,Transformer,Closed,Closed,NO,29024,Fixed,NO,29024,NO ,0.000000,0.000100,1.010000,0.990000,Middle,100.000000,765.000000,13.800000,0.000157,0.011804,0.000000,0.000000,0.000000,0.000000,1.000000,1.000000,1.100000,0.900000,0.006250,1.000000,0.000000,0,0.000000,YES,Default,1458.754444,0.000000,0.000000,0.000000,0.000000,0.000000,0.000000,0.000000,0.000000,0.000000,0.000000,0.000000,0.000000,0.000000,0.000000,1,100.000000,,,,,,,,,,,,,,,,,,,,,,
1161,29024,29028,1,Transformer,Closed,Closed,NO,29024,Fixed,NO,29024,NO ,0.000000,0.000100,1.010000,0.990000,Middle,100.000000,765.000000,13.800000,0.000104,0.007569,0.000000,0.000000,0.000000,0.000000,1.000000,1.000000,1.100000,0.900000,0.006250,1.000000,0.000000,0,0.000000,YES,Default,1458.515644,0.000000,0.000000,0.000000,0.000000,0.000000,0.000000,0.000000,0.000000,0.000000,0.000000,0.000000,0.000000,0.000000,0.000000,1,100.000000,,,,,,,,,,,,,,,,,,,,,,
1162,29024,29029,1,Transformer,Closed,Closed,NO,29024,Fixed,NO,29024,NO ,0.000000,0.000100,1.010000,0.990000,Middle,100.000000,765.000000,18.000000,0.000096,0.007493,0.000000,0.000000,0.000000,0.000000,1.000000,1.000000,1.100000,0.900000,0.006250,1.000000,0.000000,0,0.000000,YES,Default,1457.663631,0.000000,0.000000,0.000000,0.000000,0.000000,0.000000,0.000000,0.000000,0.000000,0.000000,0.000000,0.000000,0.000000,0.000000,1,100.000000,,,,,,,,,,,,,,,,,,,,,,
1163,29024,29030,1,Transformer,Closed,Closed,NO,29024,Fixed,NO,29024,NO ,0.000000,0.000100,1.010000,0.990000,Middle,100.000000,765.000000,20.000000,0.000127,0.010171,0.000000,0.000000,0.000000,0.000000,1.000000,1.000000,1.100000,0.900000,0.006250,1.000000,0.000000,0,0.000000,YES,Default,1457.012844,0.000000,0.000000,0.000000,0.000000,0.000000,0.000000,0.000000,0.000000,0.000000,0.000000,0.000000,0.000000,0.000000,0.000000,1,100.000000,,,,,,,,,,,,,,,,,,,,,,
1164,29024,29031,1,Transformer,Closed,Closed,NO,29024,Fixed,NO,29024,NO ,0.000000,0.000100,1.010000,0.990000,Middle,100.000000,765.000000,18.000000,0.000073,0.007447,0.000000,0.000000,0.000000,0.000000,1.000000,1.000000,1.100000,0.900000,0.006250,1.000000,0.000000,0,0.000000,YES,Default,1456.816101,0.000000,0.000000,0.000000,0.000000,0.000000,0.000000,0.000000,0.000000,0.000000,0.000000,0.000000,0.000000,0.000000,0.000000,1,100.000000,,,,,,,,,,,,,,,,,,,,,,
1165,29026,29025,1,Transformer,Closed,Closed,NO,29026,LTC,YES,29026,NO ,0.000000,0.000100,1.068000,1.018000,Middle,100.000000,138.000000,345.000000,0.000410,0.031674,0.000000,0.000000,0.000000,0.000000,1.000000,1.000000,1.100000,0.900000,0.006250,1.031250,0.000000,0,0.000000,YES,Default,539.425898,0.000000,0.000000,0.000000,0.000000,0.000000,0.000000,0.000000,0.000000,0.000000,0.000000,0.000000,0.000000,0.000000,0.000000,1,100.000000,,,,,,,,,,,,,,,,,,,,,,
1166,29025,29032,1,Transformer,Closed,Closed,NO,29025,Fixed,NO,29025,NO ,0.000000,0.000100,1.010000,0.990000,Middle,100.000000,345.000000,13.800000,0.000483,0.030877,0.000000,0.000000,0.000000,0.000000,1.000000,1.000000,1.100000,0.900000,0.006250,1.000000,0.000000,0,0.000000,YES,Default,276.856685,0.000000,0.000000,0.000000,0.000000,0.000000,0.000000,0.000000,0.000000,0.000000,0.000000,0.000000,0.000000,0.000000,0.000000,1,100.000000,,,,,,,,,,,,,,,,,,,,,,
1167,29040,29039,1,Transformer,Closed,Closed,NO,29040,LTC,YES,29040,NO ,0.000000,0.000100,1.067000,1.017000,Middle,100.000000,345.000000,765.000000,0.000146,0.008801,0.000000,0.000000,0.000000,0.000000,1.000000,1.000000,1.100000,0.900000,0.006250,1.018750,0.000000,0,0.000000,YES,Default,1541.073036,0.000000,0.000000,0.000000,0.000000,0.000000,0.000000,0.000000,0.000000,0.000000,0.000000,0.000000,0.000000,0.000000,0.000000,1,100.000000,,,,,,,,,,,,,,,,,,,,,,
1168,29039,29042,1,Transformer,Closed,Closed,NO,29039,Fixed,NO,29039,NO ,0.000000,0.000100,1.010000,0.990000,Middle,100.000000,765.000000,13.800000,0.000137,0.010840,0.000000,0.000000,0.000000,0.000000,1.000000,1.000000,1.100000,0.900000,0.006250,1.000000,0.000000,0,0.000000,YES,Default,1523.338223,0.000000,0.000000,0.000000,0.000000,0.000000,0.000000,0.000000,0.000000,0.000000,0.000000,0.000000,0.000000,0.000000,0.000000,1,100.000000,,,,,,,,,,,,,,,,,,,,,,
1169,29039,29043,1,Transformer,Closed,Closed,NO,29039,Fixed,NO,29039,NO ,0.000000,0.000100,1.010000,0.990000,Middle,100.000000,765.000000,22.000000,0.000063,0.005748,0.000000,0.000000,0.000000,0.000000,1.000000,1.000000,1.100000,0.900000,0.006250,1.000000,0.000000,0,0.000000,YES,Default,1522.142220,0.000000,0.000000,0.000000,0.000000,0.000000,0.000000,0.000000,0.000000,0.000000,0.000000,0.000000,0.000000,0.000000,0.000000,1,100.000000,,,,,,,,,,,,,,,,,,,,,,
1170,29041,29040,1,Transformer,Closed,Closed,NO,29041,Fixed,NO,29041,NO ,0.000000,0.000100,1.010000,0.990000,Middle,100.000000,138.000000,345.000000,0.000533,0.038043,0.000000,0.000000,0.000000,0.000000,1.000000,1.000000,1.100000,0.900000,0.006250,1.018750,0.000000,0,0.000000,YES,Default,455.807734,0.000000,0.000000,0.000000,0.000000,0.000000,0.000000,0.000000,0.000000,0.000000,0.000000,0.000000,0.000000,0.000000,0.000000,1,100.000000,,,,,,,,,,,,,,,,,,,,,,
1171,29046,29047,1,Transformer,Closed,Closed,NO,29046,Fixed,NO,29046,NO ,0.000000,0.000100,1.010000,0.990000,Middle,100.000000,138.000000,13.800000,0.007161,0.168415,0.000000,0.000000,0.000000,0.000000,1.000000,1.000000,1.100000,0.900000,0.006250,0.981250,0.000000,0,0.000000,YES,Default,103.194392,0.000000,0.000000,0.000000,0.000000,0.000000,0.000000,0.000000,0.000000,0.000000,0.000000,0.000000,0.000000,0.000000,0.000000,1,100.000000,,,,,,,,,,,,,,,,,,,,,,
1172,29046,29048,1,Transformer,Closed,Closed,NO,29046,Fixed,NO,29046,NO ,0.000000,0.000100,1.010000,0.990000,Middle,100.000000,138.000000,13.800000,0.008271,0.228600,0.000000,0.000000,0.000000,0.000000,1.000000,1.000000,1.100000,0.900000,0.006250,1.000000,0.000000,0,0.000000,YES,Default,54.423749,0.000000,0.000000,0.000000,0.000000,0.000000,0.000000,0.000000,0.000000,0.000000,0.000000,0.000000,0.000000,0.000000,0.000000,1,100.000000,,,,,,,,,,,,,,,,,,,,,,
1173,29050,29051,1,Transformer,Closed,Closed,NO,29050,Fixed,NO,29050,NO ,0.000000,0.000100,1.010000,0.990000,Middle,100.000000,138.000000,13.800000,0.006535,0.157843,0.000000,0.000000,0.000000,0.000000,1.000000,1.000000,1.100000,0.900000,0.006250,1.000000,0.000000,0,0.000000,YES,Default,93.985015,0.000000,0.000000,0.000000,0.000000,0.000000,0.000000,0.000000,0.000000,0.000000,0.000000,0.000000,0.000000,0.000000,0.000000,1,100.000000,,,,,,,,,,,,,,,,,,,,,,
1174,29050,29052,1,Transformer,Closed,Closed,NO,29050,Fixed,NO,29050,NO ,0.000000,0.000100,1.010000,0.990000,Middle,100.000000,138.000000,18.000000,0.010076,0.309834,0.000000,0.000000,0.000000,0.000000,1.000000,1.000000,1.100000,0.900000,0.006250,1.000000,0.000000,0,0.000000,YES,Default,43.395922,0.000000,0.000000,0.000000,0.000000,0.000000,0.000000,0.000000,0.000000,0.000000,0.000000,0.000000,0.000000,0.000000,0.000000,1,100.000000,,,,,,,,,,,,,,,,,,,,,,
1175,29055,29054,1,Transformer,Closed,Closed,NO,29055,Fixed,NO,29055,NO ,0.000000,0.000100,1.010000,0.990000,Middle,100.000000,138.000000,345.000000,0.000314,0.023453,0.000000,0.000000,0.000000,0.000000,1.000000,1.000000,1.100000,0.900000,0.006250,1.000000,0.000000,0,0.000000,YES,Default,400.804186,0.000000,0.000000,0.000000,0.000000,0.000000,0.000000,0.000000,0.000000,0.000000,0.000000,0.000000,0.000000,0.000000,0.000000,1,100.000000,,,,,,,,,,,,,,,,,,,,,,
1176,29066,29070,1,Transformer,Closed,Closed,NO,29066,Fixed,NO,29066,NO ,0.000000,0.000100,1.010000,0.990000,Middle,100.000000,138.000000,13.800000,0.003560,0.102947,0.000000,0.000000,0.000000,0.000000,1.000000,1.000000,1.100000,0.900000,0.006250,1.000000,0.000000,0,0.000000,YES,Default,100.716245,0.000000,0.000000,0.000000,0.000000,0.000000,0.000000,0.000000,0.000000,0.000000,0.000000,0.000000,0.000000,0.000000,0.000000,1,100.000000,,,,,,,,,,,,,,,,,,,,,,
1177,29066,29071,1,Transformer,Closed,Closed,NO,29066,Fixed,NO,29066,NO ,0.000000,0.000100,1.010000,0.990000,Middle,100.000000,138.000000,18.000000,0.009131,0.283869,0.000000,0.000000,0.000000,0.000000,1.000000,1.000000,1.100000,0.900000,0.006250,1.000000,0.000000,0,0.000000,YES,Default,65.406686,0.000000,0.000000,0.000000,0.000000,0.000000,0.000000,0.000000,0.000000,0.000000,0.000000,0.000000,0.000000,0.000000,0.000000,1,100.000000,,,,,,,,,,,,,,,,,,,,,,
1178,29072,29073,1,Transformer,Closed,Closed,NO,29072,Fixed,NO,29072,NO ,0.000000,0.000100,1.010000,0.990000,Middle,100.000000,138.000000,18.000000,0.002299,0.069935,0.000000,0.000000,0.000000,0.000000,1.000000,1.000000,1.100000,0.900000,0.006250,1.000000,0.000000,0,0.000000,YES,Default,173.420000,0.000000,0.000000,0.000000,0.000000,0.000000,0.000000,0.000000,0.000000,0.000000,0.000000,0.000000,0.000000,0.000000,0.000000,1,100.000000,,,,,,,,,,,,,,,,,,,,,,
1179,29081,29080,1,Transformer,Closed,Closed,NO,29081,LTC,YES,29081,NO ,0.000000,0.000100,1.070000,1.020000,Middle,100.000000,345.000000,765.000000,0.000085,0.006929,0.000000,0.000000,0.000000,0.000000,1.000000,1.000000,1.100000,0.900000,0.006250,1.068750,0.000000,0,0.000000,YES,Default,1580.278873,0.000000,0.000000,0.000000,0.000000,0.000000,0.000000,0.000000,0.000000,0.000000,0.000000,0.000000,0.000000,0.000000,0.000000,1,100.000000,,,,,,,,,,,,,,,,,,,,,,
1180,29080,29083,1,Transformer,Closed,Closed,NO,29080,Fixed,NO,29080,NO ,0.000000,0.000100,1.010000,0.990000,Middle,100.000000,765.000000,18.000000,0.000115,0.009408,0.000000,0.000000,0.000000,0.000000,1.000000,1.000000,1.100000,0.900000,0.006250,1.000000,0.000000,0,0.000000,YES,Default,1756.477165,0.000000,0.000000,0.000000,0.000000,0.000000,0.000000,0.000000,0.000000,0.000000,0.000000,0.000000,0.000000,0.000000,0.000000,1,100.000000,,,,,,,,,,,,,,,,,,,,,,
1181,29080,29084,1,Transformer,Closed,Closed,NO,29080,Fixed,NO,29080,NO ,0.000000,0.000100,1.010000,0.990000,Middle,100.000000,765.000000,20.000000,0.000088,0.007418,0.000000,0.000000,0.000000,0.000000,1.000000,1.000000,1.100000,0.900000,0.006250,1.000000,0.000000,0,0.000000,YES,Default,1752.742386,0.000000,0.000000,0.000000,0.000000,0.000000,0.000000,0.000000,0.000000,0.000000,0.000000,0.000000,0.000000,0.000000,0.000000,1,100.000000,,,,,,,,,,,,,,,,,,,,,,
1182,29082,29081,1,Transformer,Closed,Closed,NO,29082,LTC,YES,29082,NO ,0.000000,0.000100,1.070000,1.020000,Middle,100.000000,138.000000,345.000000,0.000474,0.022542,0.000000,0.000000,0.000000,0.000000,1.000000,1.000000,1.100000,0.900000,0.006250,1.031250,0.000000,0,0.000000,YES,Default,544.084835,0.000000,0.000000,0.000000,0.000000,0.000000,0.000000,0.000000,0.000000,0.000000,0.000000,0.000000,0.000000,0.000000,0.000000,1,100.000000,,,,,,,,,,,,,,,,,,,,,,
1183,30003,30002,1,Transformer,Closed,Closed,NO,30003,LTC,YES,30003,NO ,0.000000,0.000100,1.070000,1.020000,Middle,100.000000,138.000000,161.000000,0.002510,0.086554,0.000000,0.000000,0.000000,0.000000,1.000000,1.000000,1.100000,0.900000,0.006250,1.056250,0.000000,0,0.000000,YES,Default,114.904034,0.000000,0.000000,0.000000,0.000000,0.000000,0.000000,0.000000,0.000000,0.000000,0.000000,0.000000,0.000000,0.000000,0.000000,1,100.000000,,,,,,,,,,,,,,,,,,,,,,
1184,30003,30002,2,Transformer,Closed,Closed,NO,30003,LTC,YES,30003,NO ,0.000000,0.000100,1.070000,1.020000,Middle,100.000000,138.000000,161.000000,0.002510,0.086554,0.000000,0.000000,0.000000,0.000000,1.000000,1.000000,1.100000,0.900000,0.006250,1.056250,0.000000,0,0.000000,YES,Default,114.904034,0.000000,0.000000,0.000000,0.000000,0.000000,0.000000,0.000000,0.000000,0.000000,0.000000,0.000000,0.000000,0.000000,0.000000,1,100.000000,,,,,,,,,,,,,,,,,,,,,,
1185,30003,30002,3,Transformer,Closed,Closed,NO,30003,LTC,YES,30003,NO ,0.000000,0.000100,1.070000,1.020000,Middle,100.000000,138.000000,161.000000,0.002510,0.086554,0.000000,0.000000,0.000000,0.000000,1.000000,1.000000,1.100000,0.900000,0.006250,1.056250,0.000000,0,0.000000,YES,Default,114.904034,0.000000,0.000000,0.000000,0.000000,0.000000,0.000000,0.000000,0.000000,0.000000,0.000000,0.000000,0.000000,0.000000,0.000000,1,100.000000,,,,,,,,,,,,,,,,,,,,,,
1186,30013,30012,1,Transformer,Closed,Closed,NO,30013,Fixed,NO,30013,NO ,0.000000,0.000100,1.010000,0.990000,Middle,100.000000,138.000000,161.000000,0.006154,0.198695,0.000000,0.000000,0.000000,0.000000,1.000000,1.000000,1.100000,0.900000,0.006250,1.000000,0.000000,0,0.000000,YES,Default,120.000005,0.000000,0.000000,0.000000,0.000000,0.000000,0.000000,0.000000,0.000000,0.000000,0.000000,0.000000,0.000000,0.000000,0.000000,1,100.000000,,,,,,,,,,,,,,,,,,,,,,
1187,30017,30016,1,Transformer,Closed,Closed,NO,30017,Fixed,NO,30017,NO ,0.000000,0.000100,1.010000,0.990000,Middle,100.000000,138.000000,161.000000,0.003592,0.109681,0.000000,0.000000,0.000000,0.000000,1.000000,1.000000,1.100000,0.900000,0.006250,1.000000,0.000000,0,0.000000,YES,Default,82.599050,0.000000,0.000000,0.000000,0.000000,0.000000,0.000000,0.000000,0.000000,0.000000,0.000000,0.000000,0.000000,0.000000,0.000000,1,100.000000,,,,,,,,,,,,,,,,,,,,,,
1188,30036,30035,1,Transformer,Closed,Closed,NO,30036,Fixed,NO,30036,NO ,0.000000,0.000100,1.010000,0.990000,Middle,100.000000,161.000000,345.000000,0.000441,0.028270,0.000000,0.000000,0.000000,0.000000,1.000000,1.000000,1.100000,0.900000,0.006250,1.000000,0.000000,0,0.000000,YES,Default,415.092897,0.000000,0.000000,0.000000,0.000000,0.000000,0.000000,0.000000,0.000000,0.000000,0.000000,0.000000,0.000000,0.000000,0.000000,1,100.000000,,,,,,,,,,,,,,,,,,,,,,
1189,30042,30041,1,Transformer,Closed,Closed,NO,30042,Fixed,NO,30042,NO ,0.000000,0.000100,1.010000,0.990000,Middle,100.000000,161.000000,345.000000,0.000495,0.031042,0.000000,0.000000,0.000000,0.000000,1.000000,1.000000,1.100000,0.900000,0.006250,1.018750,0.000000,0,0.000000,YES,Default,461.735535,0.000000,0.000000,0.000000,0.000000,0.000000,0.000000,0.000000,0.000000,0.000000,0.000000,0.000000,0.000000,0.000000,0.000000,1,100.000000,,,,,,,,,,,,,,,,,,,,,,
1190,30046,30045,1,Transformer,Closed,Closed,NO,30046,LTC,YES,30046,NO ,0.000000,0.000100,1.066000,1.016000,Middle,100.000000,161.000000,345.000000,0.000477,0.035213,0.000000,0.000000,0.000000,0.000000,1.000000,1.000000,1.100000,0.900000,0.006250,1.087500,0.000000,0,0.000000,YES,Default,446.133471,0.000000,0.000000,0.000000,0.000000,0.000000,0.000000,0.000000,0.000000,0.000000,0.000000,0.000000,0.000000,0.000000,0.000000,1,100.000000,,,,,,,,,,,,,,,,,,,,,,
1191,30071,30070,1,Transformer,Closed,Closed,NO,30071,Fixed,NO,30071,NO ,0.000000,0.000100,1.010000,0.990000,Middle,100.000000,161.000000,345.000000,0.000259,0.018963,0.000000,0.000000,0.000000,0.000000,1.000000,1.000000,1.100000,0.900000,0.006250,1.000000,0.000000,0,0.000000,YES,Default,427.974272,0.000000,0.000000,0.000000,0.000000,0.000000,0.000000,0.000000,0.000000,0.000000,0.000000,0.000000,0.000000,0.000000,0.000000,1,100.000000,,,,,,,,,,,,,,,,,,,,,,
1192,30076,30075,1,Transformer,Closed,Closed,NO,30076,LTC,YES,30076,NO ,0.000000,0.000100,1.062000,1.012000,Middle,100.000000,161.000000,345.000000,0.000341,0.019415,0.000000,0.000000,0.000000,0.000000,1.000000,1.000000,1.100000,0.900000,0.006250,1.025000,0.000000,0,0.000000,YES,Default,393.395185,0.000000,0.000000,0.000000,0.000000,0.000000,0.000000,0.000000,0.000000,0.000000,0.000000,0.000000,0.000000,0.000000,0.000000,1,100.000000,,,,,,,,,,,,,,,,,,,,,,
1193,30091,30090,1,Transformer,Closed,Closed,NO,30091,Fixed,NO,30091,NO ,0.000000,0.000100,1.010000,0.990000,Middle,100.000000,161.000000,345.000000,0.000606,0.040163,0.000000,0.000000,0.000000,0.000000,1.000000,1.000000,1.100000,0.900000,0.006250,1.006250,0.000000,0,0.000000,YES,Default,389.285851,0.000000,0.000000,0.000000,0.000000,0.000000,0.000000,0.000000,0.000000,0.000000,0.000000,0.000000,0.000000,0.000000,0.000000,1,100.000000,,,,,,,,,,,,,,,,,,,,,,
1194,30094,30093,1,Transformer,Closed,Closed,NO,30094,Fixed,NO,30094,NO ,0.000000,0.000100,1.010000,0.990000,Middle,100.000000,161.000000,345.000000,0.000451,0.030700,0.000000,0.000000,0.000000,0.000000,1.000000,1.000000,1.100000,0.900000,0.006250,1.000000,0.000000,0,0.000000,YES,Default,386.331582,0.000000,0.000000,0.000000,0.000000,0.000000,0.000000,0.000000,0.000000,0.000000,0.000000,0.000000,0.000000,0.000000,0.000000,1,100.000000,,,,,,,,,,,,,,,,,,,,,,
1195,30095,30094,1,Transformer,Closed,Closed,NO,30095,LTC,YES,30095,NO ,0.000000,0.000100,1.064000,1.014000,Middle,100.000000,138.000000,161.000000,0.003140,0.110459,0.000000,0.000000,0.000000,0.000000,1.000000,1.000000,1.100000,0.900000,0.006250,1.056250,0.000000,0,0.000000,YES,Default,108.292615,0.000000,0.000000,0.000000,0.000000,0.000000,0.000000,0.000000,0.000000,0.000000,0.000000,0.000000,0.000000,0.000000,0.000000,1,100.000000,,,,,,,,,,,,,,,,,,,,,,
1196,30113,30112,1,Transformer,Closed,Closed,NO,30113,Fixed,NO,30113,NO ,0.000000,0.000100,1.010000,0.990000,Middle,100.000000,161.000000,345.000000,0.000527,0.025587,0.000000,0.000000,0.000000,0.000000,1.000000,1.000000,1.100000,0.900000,0.006250,1.031250,0.000000,0,0.000000,YES,Default,471.717501,0.000000,0.000000,0.000000,0.000000,0.000000,0.000000,0.000000,0.000000,0.000000,0.000000,0.000000,0.000000,0.000000,0.000000,1,100.000000,,,,,,,,,,,,,,,,,,,,,,
1197,30118,30117,1,Transformer,Closed,Closed,NO,30118,Fixed,NO,30118,NO ,0.000000,0.000100,1.010000,0.990000,Middle,100.000000,138.000000,161.000000,0.002862,0.099751,0.000000,0.000000,0.000000,0.000000,1.000000,1.000000,1.100000,0.900000,0.006250,1.012500,0.000000,0,0.000000,YES,Default,108.445787,0.000000,0.000000,0.000000,0.000000,0.000000,0.000000,0.000000,0.000000,0.000000,0.000000,0.000000,0.000000,0.000000,0.000000,1,100.000000,,,,,,,,,,,,,,,,,,,,,,
1198,30124,30123,1,Transformer,Closed,Closed,NO,30124,Fixed,NO,30124,NO ,0.000000,0.000100,1.010000,0.990000,Middle,100.000000,161.000000,345.000000,0.000416,0.025345,0.000000,0.000000,0.000000,0.000000,1.000000,1.000000,1.100000,0.900000,0.006250,1.000000,0.000000,0,0.000000,YES,Default,517.180586,0.000000,0.000000,0.000000,0.000000,0.000000,0.000000,0.000000,0.000000,0.000000,0.000000,0.000000,0.000000,0.000000,0.000000,1,100.000000,,,,,,,,,,,,,,,,,,,,,,
1199,30159,30158,1,Transformer,Closed,Closed,NO,30159,Fixed,NO,30159,NO ,0.000000,0.000100,1.010000,0.990000,Middle,100.000000,138.000000,161.000000,0.003118,0.114643,0.000000,0.000000,0.000000,0.000000,1.000000,1.000000,1.100000,0.900000,0.006250,1.000000,0.000000,0,0.000000,YES,Default,104.734170,0.000000,0.000000,0.000000,0.000000,0.000000,0.000000,0.000000,0.000000,0.000000,0.000000,0.000000,0.000000,0.000000,0.000000,1,100.000000,,,,,,,,,,,,,,,,,,,,,,
1200,30172,30171,1,Transformer,Closed,Closed,NO,30172,Fixed,NO,30172,NO ,0.000000,0.000100,1.010000,0.990000,Middle,100.000000,161.000000,345.000000,0.000243,0.016551,0.000000,0.000000,0.000000,0.000000,1.000000,1.000000,1.100000,0.900000,0.006250,1.025000,0.000000,0,0.000000,YES,Default,599.021196,0.000000,0.000000,0.000000,0.000000,0.000000,0.000000,0.000000,0.000000,0.000000,0.000000,0.000000,0.000000,0.000000,0.000000,1,100.000000,,,,,,,,,,,,,,,,,,,,,,
1201,30172,30171,2,Transformer,Closed,Closed,NO,30172,LTC,YES,30172,NO ,0.000000,0.000100,1.069000,1.019000,Middle,100.000000,161.000000,345.000000,0.000243,0.016551,0.000000,0.000000,0.000000,0.000000,1.000000,1.000000,1.100000,0.900000,0.006250,1.025000,0.000000,0,0.000000,YES,Default,599.021196,0.000000,0.000000,0.000000,0.000000,0.000000,0.000000,0.000000,0.000000,0.000000,0.000000,0.000000,0.000000,0.000000,0.000000,1,100.000000,,,,,,,,,,,,,,,,,,,,,,
1202,30172,30171,3,Transformer,Closed,Closed,NO,30172,LTC,YES,30172,NO ,0.000000,0.000100,1.069000,1.019000,Middle,100.000000,161.000000,345.000000,0.000243,0.016551,0.000000,0.000000,0.000000,0.000000,1.000000,1.000000,1.100000,0.900000,0.006250,1.025000,0.000000,0,0.000000,YES,Default,599.021196,0.000000,0.000000,0.000000,0.000000,0.000000,0.000000,0.000000,0.000000,0.000000,0.000000,0.000000,0.000000,0.000000,0.000000,1,100.000000,,,,,,,,,,,,,,,,,,,,,,
1203,30174,30173,1,Transformer,Closed,Closed,NO,30174,Fixed,NO,30174,NO ,0.000000,0.000100,1.010000,0.990000,Middle,100.000000,161.000000,345.000000,0.000618,0.032789,0.000000,0.000000,0.000000,0.000000,1.000000,1.000000,1.100000,0.900000,0.006250,1.100000,0.000000,0,0.000000,YES,Default,460.364151,0.000000,0.000000,0.000000,0.000000,0.000000,0.000000,0.000000,0.000000,0.000000,0.000000,0.000000,0.000000,0.000000,0.000000,1,100.000000,,,,,,,,,,,,,,,,,,,,,,
1204,30180,30179,1,Transformer,Closed,Closed,NO,30180,Fixed,NO,30180,NO ,0.000000,0.000100,1.010000,0.990000,Middle,100.000000,138.000000,161.000000,0.004050,0.108994,0.000000,0.000000,0.000000,0.000000,1.000000,1.000000,1.100000,0.900000,0.006250,1.000000,0.000000,0,0.000000,YES,Default,94.750750,0.000000,0.000000,0.000000,0.000000,0.000000,0.000000,0.000000,0.000000,0.000000,0.000000,0.000000,0.000000,0.000000,0.000000,1,100.000000,,,,,,,,,,,,,,,,,,,,,,
1205,30197,30196,1,Transformer,Closed,Closed,NO,30197,Fixed,NO,30197,NO ,0.000000,0.000100,1.010000,0.990000,Middle,100.000000,161.000000,345.000000,0.000352,0.022677,0.000000,0.000000,0.000000,0.000000,1.000000,1.000000,1.100000,0.900000,0.006250,1.000000,0.000000,0,0.000000,YES,Default,593.485403,0.000000,0.000000,0.000000,0.000000,0.000000,0.000000,0.000000,0.000000,0.000000,0.000000,0.000000,0.000000,0.000000,0.000000,1,100.000000,,,,,,,,,,,,,,,,,,,,,,
1206,30197,30196,2,Transformer,Closed,Closed,NO,30197,Fixed,NO,30197,NO ,0.000000,0.000100,1.010000,0.990000,Middle,100.000000,161.000000,345.000000,0.000352,0.022677,0.000000,0.000000,0.000000,0.000000,1.000000,1.000000,1.100000,0.900000,0.006250,1.000000,0.000000,0,0.000000,YES,Default,593.485403,0.000000,0.000000,0.000000,0.000000,0.000000,0.000000,0.000000,0.000000,0.000000,0.000000,0.000000,0.000000,0.000000,0.000000,1,100.000000,,,,,,,,,,,,,,,,,,,,,,
1207,30197,30196,3,Transformer,Closed,Closed,NO,30197,Fixed,NO,30197,NO ,0.000000,0.000100,1.010000,0.990000,Middle,100.000000,161.000000,345.000000,0.000352,0.022677,0.000000,0.000000,0.000000,0.000000,1.000000,1.000000,1.100000,0.900000,0.006250,1.000000,0.000000,0,0.000000,YES,Default,593.485403,0.000000,0.000000,0.000000,0.000000,0.000000,0.000000,0.000000,0.000000,0.000000,0.000000,0.000000,0.000000,0.000000,0.000000,1,100.000000,,,,,,,,,,,,,,,,,,,,,,
1208,30209,30208,1,Transformer,Closed,Closed,NO,30209,LTC,YES,30209,NO ,0.000000,0.000100,1.066000,1.016000,Middle,100.000000,161.000000,345.000000,0.000435,0.028153,0.000000,0.000000,0.000000,0.000000,1.000000,1.000000,1.100000,0.900000,0.006250,1.043750,0.000000,0,0.000000,YES,Default,455.174303,0.000000,0.000000,0.000000,0.000000,0.000000,0.000000,0.000000,0.000000,0.000000,0.000000,0.000000,0.000000,0.000000,0.000000,1,100.000000,,,,,,,,,,,,,,,,,,,,,,
1209,30219,30218,1,Transformer,Closed,Closed,NO,30219,Fixed,NO,30219,NO ,0.000000,0.000100,1.010000,0.990000,Middle,100.000000,161.000000,345.000000,0.000416,0.025783,0.000000,0.000000,0.000000,0.000000,1.000000,1.000000,1.100000,0.900000,0.006250,1.050000,0.000000,0,0.000000,YES,Default,431.350088,0.000000,0.000000,0.000000,0.000000,0.000000,0.000000,0.000000,0.000000,0.000000,0.000000,0.000000,0.000000,0.000000,0.000000,1,100.000000,,,,,,,,,,,,,,,,,,,,,,
1210,30241,30240,1,Transformer,Closed,Closed,NO,30241,Fixed,NO,30241,NO ,0.000000,0.000100,1.010000,0.990000,Middle,100.000000,115.000000,161.000000,0.006140,0.159197,0.000000,0.000000,0.000000,0.000000,1.000000,1.000000,1.100000,0.900000,0.006250,1.000000,0.000000,0,0.000000,YES,Default,106.728661,0.000000,0.000000,0.000000,0.000000,0.000000,0.000000,0.000000,0.000000,0.000000,0.000000,0.000000,0.000000,0.000000,0.000000,1,100.000000,,,,,,,,,,,,,,,,,,,,,,
1211,30254,30253,1,Transformer,Closed,Closed,NO,30254,LTC,YES,30254,NO ,0.000000,0.000100,1.065000,1.015000,Middle,100.000000,115.000000,161.000000,0.005386,0.163664,0.000000,0.000000,0.000000,0.000000,1.000000,1.000000,1.100000,0.900000,0.006250,1.100000,0.000000,0,0.000000,YES,Default,102.768207,0.000000,0.000000,0.000000,0.000000,0.000000,0.000000,0.000000,0.000000,0.000000,0.000000,0.000000,0.000000,0.000000,0.000000,1,100.000000,,,,,,,,,,,,,,,,,,,,,,
1212,30268,30269,1,Transformer,Closed,Closed,NO,30268,Fixed,NO,30268,NO ,0.000000,0.000100,1.010000,0.990000,Middle,100.000000,161.000000,13.800000,0.003806,0.090566,0.000000,0.000000,0.000000,0.000000,1.000000,1.000000,1.100000,0.900000,0.006250,1.006250,0.000000,0,0.000000,YES,Default,132.774448,0.000000,0.000000,0.000000,0.000000,0.000000,0.000000,0.000000,0.000000,0.000000,0.000000,0.000000,0.000000,0.000000,0.000000,1,100.000000,,,,,,,,,,,,,,,,,,,,,,
1213,30272,30271,1,Transformer,Closed,Closed,NO,30272,Fixed,NO,30272,NO ,0.000000,0.000100,1.010000,0.990000,Middle,100.000000,161.000000,345.000000,0.000342,0.022418,0.000000,0.000000,0.000000,0.000000,1.000000,1.000000,1.100000,0.900000,0.006250,1.000000,0.000000,0,0.000000,YES,Default,264.774752,0.000000,0.000000,0.000000,0.000000,0.000000,0.000000,0.000000,0.000000,0.000000,0.000000,0.000000,0.000000,0.000000,0.000000,1,100.000000,,,,,,,,,,,,,,,,,,,,,,
1214,30273,30274,1,Transformer,Closed,Closed,NO,30273,Fixed,NO,30273,NO ,0.000000,0.000100,1.010000,0.990000,Middle,100.000000,161.000000,13.800000,0.006748,0.208225,0.000000,0.000000,0.000000,0.000000,1.000000,1.000000,1.100000,0.900000,0.006250,1.025000,0.000000,0,0.000000,YES,Default,71.436006,0.000000,0.000000,0.000000,0.000000,0.000000,0.000000,0.000000,0.000000,0.000000,0.000000,0.000000,0.000000,0.000000,0.000000,1,100.000000,,,,,,,,,,,,,,,,,,,,,,
1215,30278,30279,1,Transformer,Closed,Closed,NO,30278,Fixed,NO,30278,NO ,0.000000,0.000100,1.010000,0.990000,Middle,100.000000,161.000000,13.800000,0.006385,0.231200,0.000000,0.000000,0.000000,0.000000,1.000000,1.000000,1.100000,0.900000,0.006250,1.000000,0.000000,0,0.000000,YES,Default,60.477704,0.000000,0.000000,0.000000,0.000000,0.000000,0.000000,0.000000,0.000000,0.000000,0.000000,0.000000,0.000000,0.000000,0.000000,1,100.000000,,,,,,,,,,,,,,,,,,,,,,
1216,30278,30280,1,Transformer,Closed,Closed,NO,30278,Fixed,NO,30278,NO ,0.000000,0.000100,1.010000,0.990000,Middle,100.000000,161.000000,13.800000,0.015253,0.509316,0.000000,0.000000,0.000000,0.000000,1.000000,1.000000,1.100000,0.900000,0.006250,1.000000,0.000000,0,0.000000,YES,Default,24.076653,0.000000,0.000000,0.000000,0.000000,0.000000,0.000000,0.000000,0.000000,0.000000,0.000000,0.000000,0.000000,0.000000,0.000000,1,100.000000,,,,,,,,,,,,,,,,,,,,,,
1217,30285,30284,1,Transformer,Closed,Closed,NO,30285,Fixed,NO,30285,NO ,0.000000,0.000100,1.010000,0.990000,Middle,100.000000,138.000000,161.000000,0.003024,0.113376,0.000000,0.000000,0.000000,0.000000,1.000000,1.000000,1.100000,0.900000,0.006250,1.000000,0.000000,0,0.000000,YES,Default,85.791928,0.000000,0.000000,0.000000,0.000000,0.000000,0.000000,0.000000,0.000000,0.000000,0.000000,0.000000,0.000000,0.000000,0.000000,1,100.000000,,,,,,,,,,,,,,,,,,,,,,
1218,30290,30289,1,Transformer,Closed,Closed,NO,30290,Fixed,NO,30290,NO ,0.000000,0.000100,1.010000,0.990000,Middle,100.000000,138.000000,161.000000,0.004047,0.133198,0.000000,0.000000,0.000000,0.000000,1.000000,1.000000,1.100000,0.900000,0.006250,1.000000,0.000000,0,0.000000,YES,Default,70.405716,0.000000,0.000000,0.000000,0.000000,0.000000,0.000000,0.000000,0.000000,0.000000,0.000000,0.000000,0.000000,0.000000,0.000000,1,100.000000,,,,,,,,,,,,,,,,,,,,,,
1219,30289,30291,1,Transformer,Closed,Closed,NO,30289,Fixed,NO,30289,NO ,0.000000,0.000100,1.010000,0.990000,Middle,100.000000,161.000000,18.000000,0.003968,0.119673,0.000000,0.000000,0.000000,0.000000,1.000000,1.000000,1.100000,0.900000,0.006250,1.006250,0.000000,0,0.000000,YES,Default,95.655602,0.000000,0.000000,0.000000,0.000000,0.000000,0.000000,0.000000,0.000000,0.000000,0.000000,0.000000,0.000000,0.000000,0.000000,1,100.000000,,,,,,,,,,,,,,,,,,,,,,
1220,30293,30292,1,Transformer,Closed,Closed,NO,30293,Fixed,NO,30293,NO ,0.000000,0.000100,1.010000,0.990000,Middle,100.000000,115.000000,161.000000,0.004297,0.149969,0.000000,0.000000,0.000000,0.000000,1.000000,1.000000,1.100000,0.900000,0.006250,1.012500,0.000000,0,0.000000,YES,Default,109.394097,0.000000,0.000000,0.000000,0.000000,0.000000,0.000000,0.000000,0.000000,0.000000,0.000000,0.000000,0.000000,0.000000,0.000000,1,100.000000,,,,,,,,,,,,,,,,,,,,,,
1221,30296,30295,1,Transformer,Closed,Closed,NO,30296,Fixed,NO,30296,NO ,0.000000,0.000100,1.010000,0.990000,Middle,100.000000,161.000000,345.000000,0.000364,0.020203,0.000000,0.000000,0.000000,0.000000,1.000000,1.000000,1.100000,0.900000,0.006250,1.000000,0.000000,0,0.000000,YES,Default,452.454185,0.000000,0.000000,0.000000,0.000000,0.000000,0.000000,0.000000,0.000000,0.000000,0.000000,0.000000,0.000000,0.000000,0.000000,1,100.000000,,,,,,,,,,,,,,,,,,,,,,
1222,30295,30297,1,Transformer,Closed,Closed,NO,30295,Fixed,NO,30295,NO ,0.000000,0.000100,1.010000,0.990000,Middle,100.000000,345.000000,13.800000,0.000180,0.011182,0.000000,0.000000,0.000000,0.000000,1.000000,1.000000,1.100000,0.900000,0.006250,1.000000,0.000000,0,0.000000,YES,Default,516.328144,0.000000,0.000000,0.000000,0.000000,0.000000,0.000000,0.000000,0.000000,0.000000,0.000000,0.000000,0.000000,0.000000,0.000000,1,100.000000,,,,,,,,,,,,,,,,,,,,,,
1223,30295,30298,1,Transformer,Closed,Closed,NO,30295,Fixed,NO,30295,NO ,0.000000,0.000100,1.010000,0.990000,Middle,100.000000,345.000000,13.200000,0.000321,0.017896,0.000000,0.000000,0.000000,0.000000,1.000000,1.000000,1.100000,0.900000,0.006250,1.025000,0.000000,0,0.000000,YES,Default,516.119003,0.000000,0.000000,0.000000,0.000000,0.000000,0.000000,0.000000,0.000000,0.000000,0.000000,0.000000,0.000000,0.000000,0.000000,1,100.000000,,,,,,,,,,,,,,,,,,,,,,
1224,30295,30299,1,Transformer,Closed,Closed,NO,30295,Fixed,NO,30295,NO ,0.000000,0.000100,1.010000,0.990000,Middle,100.000000,345.000000,18.000000,0.000535,0.028439,0.000000,0.000000,0.000000,0.000000,1.000000,1.000000,1.100000,0.900000,0.006250,1.031250,0.000000,0,0.000000,YES,Default,515.797281,0.000000,0.000000,0.000000,0.000000,0.000000,0.000000,0.000000,0.000000,0.000000,0.000000,0.000000,0.000000,0.000000,0.000000,1,100.000000,,,,,,,,,,,,,,,,,,,,,,
1225,30295,30300,1,Transformer,Closed,Closed,NO,30295,Fixed,NO,30295,NO ,0.000000,0.000100,1.010000,0.990000,Middle,100.000000,345.000000,13.800000,0.000546,0.033821,0.000000,0.000000,0.000000,0.000000,1.000000,1.000000,1.100000,0.900000,0.006250,1.025000,0.000000,0,0.000000,YES,Default,410.165882,0.000000,0.000000,0.000000,0.000000,0.000000,0.000000,0.000000,0.000000,0.000000,0.000000,0.000000,0.000000,0.000000,0.000000,1,100.000000,,,,,,,,,,,,,,,,,,,,,,
1226,30295,30301,1,Transformer,Closed,Closed,NO,30295,Fixed,NO,30295,NO ,0.000000,0.000100,1.010000,0.990000,Middle,100.000000,345.000000,18.000000,0.000678,0.033768,0.000000,0.000000,0.000000,0.000000,1.000000,1.000000,1.100000,0.900000,0.006250,1.025000,0.000000,0,0.000000,YES,Default,409.894037,0.000000,0.000000,0.000000,0.000000,0.000000,0.000000,0.000000,0.000000,0.000000,0.000000,0.000000,0.000000,0.000000,0.000000,1,100.000000,,,,,,,,,,,,,,,,,,,,,,
1227,30302,30306,1,Transformer,Closed,Closed,NO,30302,Fixed,NO,30302,NO ,0.000000,0.000100,1.010000,0.990000,Middle,100.000000,345.000000,13.800000,0.000303,0.020173,0.000000,0.000000,0.000000,0.000000,1.000000,1.000000,1.100000,0.900000,0.006250,1.000000,0.000000,0,0.000000,YES,Default,570.574903,0.000000,0.000000,0.000000,0.000000,0.000000,0.000000,0.000000,0.000000,0.000000,0.000000,0.000000,0.000000,0.000000,0.000000,1,100.000000,,,,,,,,,,,,,,,,,,,,,,
1228,30308,30307,1,Transformer,Closed,Closed,NO,30308,Fixed,NO,30308,NO ,0.000000,0.000100,1.010000,0.990000,Middle,100.000000,161.000000,345.000000,0.000798,0.040359,0.000000,0.000000,0.000000,0.000000,1.000000,1.000000,1.100000,0.900000,0.006250,1.000000,0.000000,0,0.000000,YES,Default,369.999504,0.000000,0.000000,0.000000,0.000000,0.000000,0.000000,0.000000,0.000000,0.000000,0.000000,0.000000,0.000000,0.000000,0.000000,1,100.000000,,,,,,,,,,,,,,,,,,,,,,
1229,30314,30313,1,Transformer,Closed,Closed,NO,30314,Fixed,NO,30314,NO ,0.000000,0.000100,1.010000,0.990000,Middle,100.000000,345.000000,765.000000,0.000118,0.009824,0.000000,0.000000,0.000000,0.000000,1.000000,1.000000,1.100000,0.900000,0.006250,1.000000,0.000000,0,0.000000,YES,Default,1080.778408,0.000000,0.000000,0.000000,0.000000,0.000000,0.000000,0.000000,0.000000,0.000000,0.000000,0.000000,0.000000,0.000000,0.000000,1,100.000000,,,,,,,,,,,,,,,,,,,,,,
1230,30313,30316,1,Transformer,Closed,Closed,NO,30313,Fixed,NO,30313,NO ,0.000000,0.000100,1.010000,0.990000,Middle,100.000000,765.000000,13.800000,0.000109,0.008990,0.000000,0.000000,0.000000,0.000000,1.000000,1.000000,1.100000,0.900000,0.006250,1.050000,0.000000,0,0.000000,YES,Default,1641.366005,0.000000,0.000000,0.000000,0.000000,0.000000,0.000000,0.000000,0.000000,0.000000,0.000000,0.000000,0.000000,0.000000,0.000000,1,100.000000,,,,,,,,,,,,,,,,,,,,,,
1231,30313,30317,1,Transformer,Closed,Closed,NO,30313,Fixed,NO,30313,NO ,0.000000,0.000100,1.010000,0.990000,Middle,100.000000,765.000000,20.000000,0.000042,0.003168,0.000000,0.000000,0.000000,0.000000,1.000000,1.000000,1.100000,0.900000,0.006250,1.043750,0.000000,0,0.000000,YES,Default,1640.352821,0.000000,0.000000,0.000000,0.000000,0.000000,0.000000,0.000000,0.000000,0.000000,0.000000,0.000000,0.000000,0.000000,0.000000,1,100.000000,,,,,,,,,,,,,,,,,,,,,,
1232,30315,30314,1,Transformer,Closed,Closed,NO,30315,Fixed,NO,30315,NO ,0.000000,0.000100,1.010000,0.990000,Middle,100.000000,161.000000,345.000000,0.000527,0.030754,0.000000,0.000000,0.000000,0.000000,1.000000,1.000000,1.100000,0.900000,0.006250,1.000000,0.000000,0,0.000000,YES,Default,346.960068,0.000000,0.000000,0.000000,0.000000,0.000000,0.000000,0.000000,0.000000,0.000000,0.000000,0.000000,0.000000,0.000000,0.000000,1,100.000000,,,,,,,,,,,,,,,,,,,,,,
1233,30323,30322,1,Transformer,Closed,Closed,NO,30323,LTC,YES,30323,NO ,0.000000,0.000100,1.061000,1.011000,Middle,100.000000,161.000000,345.000000,0.000426,0.022224,0.000000,0.000000,0.000000,0.000000,1.000000,1.000000,1.100000,0.900000,0.006250,1.018750,0.000000,0,0.000000,YES,Default,487.501669,0.000000,0.000000,0.000000,0.000000,0.000000,0.000000,0.000000,0.000000,0.000000,0.000000,0.000000,0.000000,0.000000,0.000000,1,100.000000,,,,,,,,,,,,,,,,,,,,,,
1234,30334,30335,1,Transformer,Closed,Closed,NO,30334,Fixed,NO,30334,NO ,0.000000,0.000100,1.010000,0.990000,Middle,100.000000,161.000000,13.800000,0.002283,0.075489,0.000000,0.000000,0.000000,0.000000,1.000000,1.000000,1.100000,0.900000,0.006250,1.006250,0.000000,0,0.000000,YES,Default,138.383937,0.000000,0.000000,0.000000,0.000000,0.000000,0.000000,0.000000,0.000000,0.000000,0.000000,0.000000,0.000000,0.000000,0.000000,1,100.000000,,,,,,,,,,,,,,,,,,,,,,
1235,30334,30336,1,Transformer,Closed,Closed,NO,30334,Fixed,NO,30334,NO ,0.000000,0.000100,1.010000,0.990000,Middle,100.000000,161.000000,13.800000,0.003419,0.116721,0.000000,0.000000,0.000000,0.000000,1.000000,1.000000,1.100000,0.900000,0.006250,1.006250,0.000000,0,0.000000,YES,Default,91.059512,0.000000,0.000000,0.000000,0.000000,0.000000,0.000000,0.000000,0.000000,0.000000,0.000000,0.000000,0.000000,0.000000,0.000000,1,100.000000,,,,,,,,,,,,,,,,,,,,,,
1236,30334,30337,1,Transformer,Closed,Closed,NO,30334,Fixed,NO,30334,NO ,0.000000,0.000100,1.010000,0.990000,Middle,100.000000,161.000000,13.800000,0.020884,0.803441,0.000000,0.000000,0.000000,0.000000,1.000000,1.000000,1.100000,0.900000,0.006250,1.006250,0.000000,0,0.000000,YES,Default,15.340000,0.000000,0.000000,0.000000,0.000000,0.000000,0.000000,0.000000,0.000000,0.000000,0.000000,0.000000,0.000000,0.000000,0.000000,1,100.000000,,,,,,,,,,,,,,,,,,,,,,
1237,30338,30342,1,Transformer,Closed,Closed,NO,30338,Fixed,NO,30338,NO ,0.000000,0.000100,1.010000,0.990000,Middle,100.000000,345.000000,18.000000,0.000474,0.032899,0.000000,0.000000,0.000000,0.000000,1.000000,1.000000,1.100000,0.900000,0.006250,0.987500,0.000000,0,0.000000,YES,Default,514.395666,0.000000,0.000000,0.000000,0.000000,0.000000,0.000000,0.000000,0.000000,0.000000,0.000000,0.000000,0.000000,0.000000,0.000000,1,100.000000,,,,,,,,,,,,,,,,,,,,,,
1238,30338,30343,1,Transformer,Closed,Closed,NO,30338,Fixed,NO,30338,NO ,0.000000,0.000100,1.010000,0.990000,Middle,100.000000,345.000000,13.800000,0.000263,0.015021,0.000000,0.000000,0.000000,0.000000,1.000000,1.000000,1.100000,0.900000,0.006250,0.987500,0.000000,0,0.000000,YES,Default,514.322758,0.000000,0.000000,0.000000,0.000000,0.000000,0.000000,0.000000,0.000000,0.000000,0.000000,0.000000,0.000000,0.000000,0.000000,1,100.000000,,,,,,,,,,,,,,,,,,,,,,
1239,30338,30344,1,Transformer,Closed,Closed,NO,30338,Fixed,NO,30338,NO ,0.000000,0.000100,1.010000,0.990000,Middle,100.000000,345.000000,18.000000,0.000283,0.014577,0.000000,0.000000,0.000000,0.000000,1.000000,1.000000,1.100000,0.900000,0.006250,0.987500,0.000000,0,0.000000,YES,Default,513.310766,0.000000,0.000000,0.000000,0.000000,0.000000,0.000000,0.000000,0.000000,0.000000,0.000000,0.000000,0.000000,0.000000,0.000000,1,100.000000,,,,,,,,,,,,,,,,,,,,,,
1240,30346,30345,1,Transformer,Closed,Closed,NO,30346,Fixed,NO,30346,NO ,0.000000,0.000100,1.010000,0.990000,Middle,100.000000,161.000000,345.000000,0.000627,0.038806,0.000000,0.000000,0.000000,0.000000,1.000000,1.000000,1.100000,0.900000,0.006250,1.000000,0.000000,0,0.000000,YES,Default,388.922715,0.000000,0.000000,0.000000,0.000000,0.000000,0.000000,0.000000,0.000000,0.000000,0.000000,0.000000,0.000000,0.000000,0.000000,1,100.000000,,,,,,,,,,,,,,,,,,,,,,
1241,30345,30347,1,Transformer,Closed,Closed,NO,30345,Fixed,NO,30345,NO ,0.000000,0.000100,1.010000,0.990000,Middle,100.000000,345.000000,13.200000,0.000440,0.024238,0.000000,0.000000,0.000000,0.000000,1.000000,1.000000,1.100000,0.900000,0.006250,1.000000,0.000000,0,0.000000,YES,Default,588.399267,0.000000,0.000000,0.000000,0.000000,0.000000,0.000000,0.000000,0.000000,0.000000,0.000000,0.000000,0.000000,0.000000,0.000000,1,100.000000,,,,,,,,,,,,,,,,,,,,,,
1242,30348,30349,1,Transformer,Closed,Closed,NO,30348,Fixed,NO,30348,NO ,0.000000,0.000100,1.010000,0.990000,Middle,100.000000,161.000000,13.800000,0.002441,0.082691,0.000000,0.000000,0.000000,0.000000,1.000000,1.000000,1.100000,0.900000,0.006250,1.000000,0.000000,0,0.000000,YES,Default,190.675294,0.000000,0.000000,0.000000,0.000000,0.000000,0.000000,0.000000,0.000000,0.000000,0.000000,0.000000,0.000000,0.000000,0.000000,1,100.000000,,,,,,,,,,,,,,,,,,,,,,
1243,30348,30350,1,Transformer,Closed,Closed,NO,30348,Fixed,NO,30348,NO ,0.000000,0.000100,1.010000,0.990000,Middle,100.000000,161.000000,18.000000,0.002102,0.070343,0.000000,0.000000,0.000000,0.000000,1.000000,1.000000,1.100000,0.900000,0.006250,1.000000,0.000000,0,0.000000,YES,Default,170.677423,0.000000,0.000000,0.000000,0.000000,0.000000,0.000000,0.000000,0.000000,0.000000,0.000000,0.000000,0.000000,0.000000,0.000000,1,100.000000,,,,,,,,,,,,,,,,,,,,,,
1244,30363,30362,1,Transformer,Closed,Closed,NO,30363,Fixed,NO,30363,NO ,0.000000,0.000100,1.010000,0.990000,Middle,100.000000,161.000000,345.000000,0.000663,0.030499,0.000000,0.000000,0.000000,0.000000,1.000000,1.000000,1.100000,0.900000,0.006250,1.000000,0.000000,0,0.000000,YES,Default,374.158049,0.000000,0.000000,0.000000,0.000000,0.000000,0.000000,0.000000,0.000000,0.000000,0.000000,0.000000,0.000000,0.000000,0.000000,1,100.000000,,,,,,,,,,,,,,,,,,,,,,
1245,30370,30369,1,Transformer,Closed,Closed,NO,30370,Fixed,NO,30370,NO ,0.000000,0.000100,1.010000,0.990000,Middle,100.000000,345.000000,765.000000,0.000105,0.008030,0.000000,0.000000,0.000000,0.000000,1.000000,1.000000,1.100000,0.900000,0.006250,1.000000,0.000000,0,0.000000,YES,Default,1514.044762,0.000000,0.000000,0.000000,0.000000,0.000000,0.000000,0.000000,0.000000,0.000000,0.000000,0.000000,0.000000,0.000000,0.000000,1,100.000000,,,,,,,,,,,,,,,,,,,,,,
1246,30369,30372,1,Transformer,Closed,Closed,NO,30369,Fixed,NO,30369,NO ,0.000000,0.000100,1.010000,0.990000,Middle,100.000000,765.000000,13.800000,0.000081,0.007265,0.000000,0.000000,0.000000,0.000000,1.000000,1.000000,1.100000,0.900000,0.006250,1.000000,0.000000,0,0.000000,YES,Default,1601.713753,0.000000,0.000000,0.000000,0.000000,0.000000,0.000000,0.000000,0.000000,0.000000,0.000000,0.000000,0.000000,0.000000,0.000000,1,100.000000,,,,,,,,,,,,,,,,,,,,,,
1247,30369,30373,1,Transformer,Closed,Closed,NO,30369,Fixed,NO,30369,NO ,0.000000,0.000100,1.010000,0.990000,Middle,100.000000,765.000000,13.800000,0.000151,0.009484,0.000000,0.000000,0.000000,0.000000,1.000000,1.000000,1.100000,0.900000,0.006250,1.000000,0.000000,0,0.000000,YES,Default,1598.287773,0.000000,0.000000,0.000000,0.000000,0.000000,0.000000,0.000000,0.000000,0.000000,0.000000,0.000000,0.000000,0.000000,0.000000,1,100.000000,,,,,,,,,,,,,,,,,,,,,,
1248,30369,30374,1,Transformer,Closed,Closed,NO,30369,Fixed,NO,30369,NO ,0.000000,0.000100,1.010000,0.990000,Middle,100.000000,765.000000,13.800000,0.000078,0.005705,0.000000,0.000000,0.000000,0.000000,1.000000,1.000000,1.100000,0.900000,0.006250,1.000000,0.000000,0,0.000000,YES,Default,1595.706177,0.000000,0.000000,0.000000,0.000000,0.000000,0.000000,0.000000,0.000000,0.000000,0.000000,0.000000,0.000000,0.000000,0.000000,1,100.000000,,,,,,,,,,,,,,,,,,,,,,
1249,30369,30375,1,Transformer,Closed,Closed,NO,30369,Fixed,NO,30369,NO ,0.000000,0.000100,1.010000,0.990000,Middle,100.000000,765.000000,18.000000,0.000111,0.007779,0.000000,0.000000,0.000000,0.000000,1.000000,1.000000,1.100000,0.900000,0.006250,1.000000,0.000000,0,0.000000,YES,Default,1592.689323,0.000000,0.000000,0.000000,0.000000,0.000000,0.000000,0.000000,0.000000,0.000000,0.000000,0.000000,0.000000,0.000000,0.000000,1,100.000000,,,,,,,,,,,,,,,,,,,,,,
1250,30369,30376,1,Transformer,Closed,Closed,NO,30369,Fixed,NO,30369,NO ,0.000000,0.000100,1.010000,0.990000,Middle,100.000000,765.000000,13.800000,0.000023,0.001936,0.000000,0.000000,0.000000,0.000000,1.000000,1.000000,1.100000,0.900000,0.006250,1.000000,0.000000,0,0.000000,YES,Default,1591.165066,0.000000,0.000000,0.000000,0.000000,0.000000,0.000000,0.000000,0.000000,0.000000,0.000000,0.000000,0.000000,0.000000,0.000000,1,100.000000,,,,,,,,,,,,,,,,,,,,,,
1251,30369,30377,1,Transformer,Closed,Closed,NO,30369,Fixed,NO,30369,NO ,0.000000,0.000100,1.010000,0.990000,Middle,100.000000,765.000000,13.800000,0.000065,0.005341,0.000000,0.000000,0.000000,0.000000,1.000000,1.000000,1.100000,0.900000,0.006250,1.000000,0.000000,0,0.000000,YES,Default,1587.512207,0.000000,0.000000,0.000000,0.000000,0.000000,0.000000,0.000000,0.000000,0.000000,0.000000,0.000000,0.000000,0.000000,0.000000,1,100.000000,,,,,,,,,,,,,,,,,,,,,,
1252,30371,30370,1,Transformer,Closed,Closed,NO,30371,Fixed,NO,30371,NO ,0.000000,0.000100,1.010000,0.990000,Middle,100.000000,161.000000,345.000000,0.000784,0.040698,0.000000,0.000000,0.000000,0.000000,1.000000,1.000000,1.100000,0.900000,0.006250,1.000000,0.000000,0,0.000000,YES,Default,401.263046,0.000000,0.000000,0.000000,0.000000,0.000000,0.000000,0.000000,0.000000,0.000000,0.000000,0.000000,0.000000,0.000000,0.000000,1,100.000000,,,,,,,,,,,,,,,,,,,,,,
1253,30380,30379,1,Transformer,Closed,Closed,NO,30380,LTC,YES,30380,NO ,0.000000,0.000100,1.068000,1.018000,Middle,100.000000,161.000000,345.000000,0.000219,0.015008,0.000000,0.000000,0.000000,0.000000,1.000000,1.000000,1.100000,0.900000,0.006250,1.018750,0.000000,0,0.000000,YES,Default,602.055979,0.000000,0.000000,0.000000,0.000000,0.000000,0.000000,0.000000,0.000000,0.000000,0.000000,0.000000,0.000000,0.000000,0.000000,1,100.000000,,,,,,,,,,,,,,,,,,,,,,
1254,30380,30379,2,Transformer,Closed,Closed,NO,30380,Fixed,NO,30380,NO ,0.000000,0.000100,1.010000,0.990000,Middle,100.000000,161.000000,345.000000,0.000219,0.015008,0.000000,0.000000,0.000000,0.000000,1.000000,1.000000,1.100000,0.900000,0.006250,1.018750,0.000000,0,0.000000,YES,Default,602.055979,0.000000,0.000000,0.000000,0.000000,0.000000,0.000000,0.000000,0.000000,0.000000,0.000000,0.000000,0.000000,0.000000,0.000000,1,100.000000,,,,,,,,,,,,,,,,,,,,,,
1255,30380,30379,3,Transformer,Closed,Closed,NO,30380,Fixed,NO,30380,NO ,0.000000,0.000100,1.010000,0.990000,Middle,100.000000,161.000000,345.000000,0.000219,0.015008,0.000000,0.000000,0.000000,0.000000,1.000000,1.000000,1.100000,0.900000,0.006250,1.018750,0.000000,0,0.000000,YES,Default,602.055979,0.000000,0.000000,0.000000,0.000000,0.000000,0.000000,0.000000,0.000000,0.000000,0.000000,0.000000,0.000000,0.000000,0.000000,1,100.000000,,,,,,,,,,,,,,,,,,,,,,
1256,30382,30386,1,Transformer,Closed,Closed,NO,30382,Fixed,NO,30382,NO ,0.000000,0.000100,1.010000,0.990000,Middle,100.000000,345.000000,13.800000,0.000588,0.037111,0.000000,0.000000,0.000000,0.000000,1.000000,1.000000,1.100000,0.900000,0.006250,1.000000,0.000000,0,0.000000,YES,Default,484.582806,0.000000,0.000000,0.000000,0.000000,0.000000,0.000000,0.000000,0.000000,0.000000,0.000000,0.000000,0.000000,0.000000,0.000000,1,100.000000,,,,,,,,,,,,,,,,,,,,,,
1257,30388,30387,1,Transformer,Closed,Closed,NO,30388,Fixed,NO,30388,NO ,0.000000,0.000100,1.010000,0.990000,Middle,100.000000,345.000000,765.000000,0.000153,0.010725,0.000000,0.000000,0.000000,0.000000,1.000000,1.000000,1.100000,0.900000,0.006250,1.000000,0.000000,0,0.000000,YES,Default,1348.695087,0.000000,0.000000,0.000000,0.000000,0.000000,0.000000,0.000000,0.000000,0.000000,0.000000,0.000000,0.000000,0.000000,0.000000,1,100.000000,,,,,,,,,,,,,,,,,,,,,,
1258,30387,30390,1,Transformer,Closed,Closed,NO,30387,Fixed,NO,30387,NO ,0.000000,0.000100,1.010000,0.990000,Middle,100.000000,765.000000,18.000000,0.000126,0.008857,0.000000,0.000000,0.000000,0.000000,1.000000,1.000000,1.100000,0.900000,0.006250,1.000000,0.000000,0,0.000000,YES,Default,1354.744625,0.000000,0.000000,0.000000,0.000000,0.000000,0.000000,0.000000,0.000000,0.000000,0.000000,0.000000,0.000000,0.000000,0.000000,1,100.000000,,,,,,,,,,,,,,,,,,,,,,
1259,30387,30391,1,Transformer,Closed,Closed,NO,30387,Fixed,NO,30387,NO ,0.000000,0.000100,1.010000,0.990000,Middle,100.000000,765.000000,13.800000,0.000096,0.007048,0.000000,0.000000,0.000000,0.000000,1.000000,1.000000,1.100000,0.900000,0.006250,1.000000,0.000000,0,0.000000,YES,Default,1353.787994,0.000000,0.000000,0.000000,0.000000,0.000000,0.000000,0.000000,0.000000,0.000000,0.000000,0.000000,0.000000,0.000000,0.000000,1,100.000000,,,,,,,,,,,,,,,,,,,,,,
1260,30387,30392,1,Transformer,Closed,Closed,NO,30387,Fixed,NO,30387,NO ,0.000000,0.000100,1.010000,0.990000,Middle,100.000000,765.000000,13.800000,0.000131,0.009598,0.000000,0.000000,0.000000,0.000000,1.000000,1.000000,1.100000,0.900000,0.006250,1.000000,0.000000,0,0.000000,YES,Default,1352.620792,0.000000,0.000000,0.000000,0.000000,0.000000,0.000000,0.000000,0.000000,0.000000,0.000000,0.000000,0.000000,0.000000,0.000000,1,100.000000,,,,,,,,,,,,,,,,,,,,,,
1261,30387,30393,1,Transformer,Closed,Closed,NO,30387,Fixed,NO,30387,NO ,0.000000,0.000100,1.010000,0.990000,Middle,100.000000,765.000000,13.800000,0.000054,0.004383,0.000000,0.000000,0.000000,0.000000,1.000000,1.000000,1.100000,0.900000,0.006250,1.000000,0.000000,0,0.000000,YES,Default,1351.506424,0.000000,0.000000,0.000000,0.000000,0.000000,0.000000,0.000000,0.000000,0.000000,0.000000,0.000000,0.000000,0.000000,0.000000,1,100.000000,,,,,,,,,,,,,,,,,,,,,,
1262,30387,30394,1,Transformer,Closed,Closed,NO,30387,Fixed,NO,30387,NO ,0.000000,0.000100,1.010000,0.990000,Middle,100.000000,765.000000,18.000000,0.000125,0.009471,0.000000,0.000000,0.000000,0.000000,1.000000,1.000000,1.100000,0.900000,0.006250,1.000000,0.000000,0,0.000000,YES,Default,1350.548458,0.000000,0.000000,0.000000,0.000000,0.000000,0.000000,0.000000,0.000000,0.000000,0.000000,0.000000,0.000000,0.000000,0.000000,1,100.000000,,,,,,,,,,,,,,,,,,,,,,
1263,30387,30395,1,Transformer,Closed,Closed,NO,30387,Fixed,NO,30387,NO ,0.000000,0.000100,1.010000,0.990000,Middle,100.000000,765.000000,18.000000,0.000102,0.008322,0.000000,0.000000,0.000000,0.000000,1.000000,1.000000,1.100000,0.900000,0.006250,1.000000,0.000000,0,0.000000,YES,Default,1269.572353,0.000000,0.000000,0.000000,0.000000,0.000000,0.000000,0.000000,0.000000,0.000000,0.000000,0.000000,0.000000,0.000000,0.000000,1,100.000000,,,,,,,,,,,,,,,,,,,,,,
1264,30387,30396,1,Transformer,Closed,Closed,NO,30387,Fixed,NO,30387,NO ,0.000000,0.000100,1.010000,0.990000,Middle,100.000000,765.000000,13.800000,0.000146,0.011892,0.000000,0.000000,0.000000,0.000000,1.000000,1.000000,1.100000,0.900000,0.006250,1.000000,0.000000,0,0.000000,YES,Default,1141.112137,0.000000,0.000000,0.000000,0.000000,0.000000,0.000000,0.000000,0.000000,0.000000,0.000000,0.000000,0.000000,0.000000,0.000000,1,100.000000,,,,,,,,,,,,,,,,,,,,,,
1265,30387,30397,1,Transformer,Closed,Closed,NO,30387,Fixed,NO,30387,NO ,0.000000,0.000100,1.010000,0.990000,Middle,100.000000,765.000000,13.800000,0.000093,0.008196,0.000000,0.000000,0.000000,0.000000,1.000000,1.000000,1.100000,0.900000,0.006250,1.000000,0.000000,0,0.000000,YES,Default,1127.167797,0.000000,0.000000,0.000000,0.000000,0.000000,0.000000,0.000000,0.000000,0.000000,0.000000,0.000000,0.000000,0.000000,0.000000,1,100.000000,,,,,,,,,,,,,,,,,,,,,,
1266,30389,30388,1,Transformer,Closed,Closed,NO,30389,Fixed,NO,30389,NO ,0.000000,0.000100,1.010000,0.990000,Middle,100.000000,161.000000,345.000000,0.000492,0.024947,0.000000,0.000000,0.000000,0.000000,1.000000,1.000000,1.100000,0.900000,0.006250,1.000000,0.000000,0,0.000000,YES,Default,441.793346,0.000000,0.000000,0.000000,0.000000,0.000000,0.000000,0.000000,0.000000,0.000000,0.000000,0.000000,0.000000,0.000000,0.000000,1,100.000000,,,,,,,,,,,,,,,,,,,,,,
1267,30400,30399,1,Transformer,Closed,Closed,NO,30400,Fixed,NO,30400,NO ,0.000000,0.000100,1.010000,0.990000,Middle,100.000000,345.000000,765.000000,0.000098,0.006285,0.000000,0.000000,0.000000,0.000000,1.000000,1.000000,1.100000,0.900000,0.006250,1.012500,0.000000,0,0.000000,YES,Default,1652.284050,0.000000,0.000000,0.000000,0.000000,0.000000,0.000000,0.000000,0.000000,0.000000,0.000000,0.000000,0.000000,0.000000,0.000000,1,100.000000,,,,,,,,,,,,,,,,,,,,,,
1268,30400,30399,2,Transformer,Closed,Closed,NO,30400,LTC,YES,30400,NO ,0.000000,0.000100,1.074000,1.024000,Middle,100.000000,345.000000,765.000000,0.000098,0.006285,0.000000,0.000000,0.000000,0.000000,1.000000,1.000000,1.100000,0.900000,0.006250,1.012500,0.000000,0,0.000000,YES,Default,1652.284050,0.000000,0.000000,0.000000,0.000000,0.000000,0.000000,0.000000,0.000000,0.000000,0.000000,0.000000,0.000000,0.000000,0.000000,1,100.000000,,,,,,,,,,,,,,,,,,,,,,
1269,30400,30399,3,Transformer,Closed,Closed,NO,30400,LTC,YES,30400,NO ,0.000000,0.000100,1.074000,1.024000,Middle,100.000000,345.000000,765.000000,0.000098,0.006285,0.000000,0.000000,0.000000,0.000000,1.000000,1.000000,1.100000,0.900000,0.006250,1.012500,0.000000,0,0.000000,YES,Default,1652.284050,0.000000,0.000000,0.000000,0.000000,0.000000,0.000000,0.000000,0.000000,0.000000,0.000000,0.000000,0.000000,0.000000,0.000000,1,100.000000,,,,,,,,,,,,,,,,,,,,,,
1270,30399,30404,1,Transformer,Closed,Closed,NO,30399,Fixed,NO,30399,NO ,0.000000,0.000100,1.010000,0.990000,Middle,100.000000,765.000000,13.800000,0.000102,0.008108,0.000000,0.000000,0.000000,0.000000,1.000000,1.000000,1.100000,0.900000,0.006250,1.000000,0.000000,0,0.000000,YES,Default,1306.073666,0.000000,0.000000,0.000000,0.000000,0.000000,0.000000,0.000000,0.000000,0.000000,0.000000,0.000000,0.000000,0.000000,0.000000,1,100.000000,,,,,,,,,,,,,,,,,,,,,,
1271,30399,30405,1,Transformer,Closed,Closed,NO,30399,Fixed,NO,30399,NO ,0.000000,0.000100,1.010000,0.990000,Middle,100.000000,765.000000,13.800000,0.000143,0.012255,0.000000,0.000000,0.000000,0.000000,1.000000,1.000000,1.100000,0.900000,0.006250,1.000000,0.000000,0,0.000000,YES,Default,1305.211067,0.000000,0.000000,0.000000,0.000000,0.000000,0.000000,0.000000,0.000000,0.000000,0.000000,0.000000,0.000000,0.000000,0.000000,1,100.000000,,,,,,,,,,,,,,,,,,,,,,
1272,30399,30406,1,Transformer,Closed,Closed,NO,30399,Fixed,NO,30399,NO ,0.000000,0.000100,1.010000,0.990000,Middle,100.000000,765.000000,13.800000,0.000034,0.002650,0.000000,0.000000,0.000000,0.000000,1.000000,1.000000,1.100000,0.900000,0.006250,1.000000,0.000000,0,0.000000,YES,Default,1302.022457,0.000000,0.000000,0.000000,0.000000,0.000000,0.000000,0.000000,0.000000,0.000000,0.000000,0.000000,0.000000,0.000000,0.000000,1,100.000000,,,,,,,,,,,,,,,,,,,,,,
1273,30399,30407,1,Transformer,Closed,Closed,NO,30399,Fixed,NO,30399,NO ,0.000000,0.000100,1.010000,0.990000,Middle,100.000000,765.000000,13.800000,0.000125,0.010927,0.000000,0.000000,0.000000,0.000000,1.000000,1.000000,1.100000,0.900000,0.006250,1.000000,0.000000,0,0.000000,YES,Default,1301.726723,0.000000,0.000000,0.000000,0.000000,0.000000,0.000000,0.000000,0.000000,0.000000,0.000000,0.000000,0.000000,0.000000,0.000000,1,100.000000,,,,,,,,,,,,,,,,,,,,,,
1274,30399,30408,1,Transformer,Closed,Closed,NO,30399,Fixed,NO,30399,NO ,0.000000,0.000100,1.010000,0.990000,Middle,100.000000,765.000000,18.000000,0.000080,0.007103,0.000000,0.000000,0.000000,0.000000,1.000000,1.000000,1.100000,0.900000,0.006250,1.000000,0.000000,0,0.000000,YES,Default,1300.978661,0.000000,0.000000,0.000000,0.000000,0.000000,0.000000,0.000000,0.000000,0.000000,0.000000,0.000000,0.000000,0.000000,0.000000,1,100.000000,,,,,,,,,,,,,,,,,,,,,,
1275,30399,30409,1,Transformer,Closed,Closed,NO,30399,Fixed,NO,30399,NO ,0.000000,0.000100,1.010000,0.990000,Middle,100.000000,765.000000,18.000000,0.000101,0.007539,0.000000,0.000000,0.000000,0.000000,1.000000,1.000000,1.100000,0.900000,0.006250,1.000000,0.000000,0,0.000000,YES,Default,1298.789120,0.000000,0.000000,0.000000,0.000000,0.000000,0.000000,0.000000,0.000000,0.000000,0.000000,0.000000,0.000000,0.000000,0.000000,1,100.000000,,,,,,,,,,,,,,,,,,,,,,
1276,30399,30410,1,Transformer,Closed,Closed,NO,30399,Fixed,NO,30399,NO ,0.000000,0.000100,1.010000,0.990000,Middle,100.000000,765.000000,13.800000,0.000034,0.002545,0.000000,0.000000,0.000000,0.000000,1.000000,1.000000,1.100000,0.900000,0.006250,1.000000,0.000000,0,0.000000,YES,Default,1178.765678,0.000000,0.000000,0.000000,0.000000,0.000000,0.000000,0.000000,0.000000,0.000000,0.000000,0.000000,0.000000,0.000000,0.000000,1,100.000000,,,,,,,,,,,,,,,,,,,,,,
1277,30399,30411,1,Transformer,Closed,Closed,NO,30399,Fixed,NO,30399,NO ,0.000000,0.000100,1.010000,0.990000,Middle,100.000000,765.000000,13.800000,0.000125,0.012409,0.000000,0.000000,0.000000,0.000000,1.000000,1.000000,1.100000,0.900000,0.006250,1.000000,0.000000,0,0.000000,YES,Default,1167.978764,0.000000,0.000000,0.000000,0.000000,0.000000,0.000000,0.000000,0.000000,0.000000,0.000000,0.000000,0.000000,0.000000,0.000000,1,100.000000,,,,,,,,,,,,,,,,,,,,,,
1278,30399,30412,1,Transformer,Closed,Closed,NO,30399,Fixed,NO,30399,NO ,0.000000,0.000100,1.010000,0.990000,Middle,100.000000,765.000000,13.800000,0.000134,0.010864,0.000000,0.000000,0.000000,0.000000,1.000000,1.000000,1.100000,0.900000,0.006250,1.000000,0.000000,0,0.000000,YES,Default,1164.046574,0.000000,0.000000,0.000000,0.000000,0.000000,0.000000,0.000000,0.000000,0.000000,0.000000,0.000000,0.000000,0.000000,0.000000,1,100.000000,,,,,,,,,,,,,,,,,,,,,,
1279,30399,30413,1,Transformer,Closed,Closed,NO,30399,Fixed,NO,30399,NO ,0.000000,0.000100,1.010000,0.990000,Middle,100.000000,765.000000,13.800000,0.000128,0.009458,0.000000,0.000000,0.000000,0.000000,1.000000,1.000000,1.100000,0.900000,0.006250,1.000000,0.000000,0,0.000000,YES,Default,1161.934185,0.000000,0.000000,0.000000,0.000000,0.000000,0.000000,0.000000,0.000000,0.000000,0.000000,0.000000,0.000000,0.000000,0.000000,1,100.000000,,,,,,,,,,,,,,,,,,,,,,
1280,30399,30414,1,Transformer,Closed,Closed,NO,30399,Fixed,NO,30399,NO ,0.000000,0.000100,1.010000,0.990000,Middle,100.000000,765.000000,18.000000,0.000115,0.009561,0.000000,0.000000,0.000000,0.000000,1.000000,1.000000,1.100000,0.900000,0.006250,1.000000,0.000000,0,0.000000,YES,Default,1161.035919,0.000000,0.000000,0.000000,0.000000,0.000000,0.000000,0.000000,0.000000,0.000000,0.000000,0.000000,0.000000,0.000000,0.000000,1,100.000000,,,,,,,,,,,,,,,,,,,,,,
1281,30399,30415,1,Transformer,Closed,Closed,NO,30399,Fixed,NO,30399,NO ,0.000000,0.000100,1.010000,0.990000,Middle,100.000000,765.000000,13.800000,0.000193,0.015313,0.000000,0.000000,0.000000,0.000000,1.000000,1.000000,1.100000,0.900000,0.006250,1.000000,0.000000,0,0.000000,YES,Default,1156.904507,0.000000,0.000000,0.000000,0.000000,0.000000,0.000000,0.000000,0.000000,0.000000,0.000000,0.000000,0.000000,0.000000,0.000000,1,100.000000,,,,,,,,,,,,,,,,,,,,,,
1282,30417,30421,1,Transformer,Closed,Closed,NO,30417,Fixed,NO,30417,NO ,0.000000,0.000100,1.010000,0.990000,Middle,100.000000,345.000000,13.800000,0.000485,0.026716,0.000000,0.000000,0.000000,0.000000,1.000000,1.000000,1.100000,0.900000,0.006250,1.000000,0.000000,0,0.000000,YES,Default,535.016441,0.000000,0.000000,0.000000,0.000000,0.000000,0.000000,0.000000,0.000000,0.000000,0.000000,0.000000,0.000000,0.000000,0.000000,1,100.000000,,,,,,,,,,,,,,,,,,,,,,
1283,30417,30422,1,Transformer,Closed,Closed,NO,30417,Fixed,NO,30417,NO ,0.000000,0.000100,1.010000,0.990000,Middle,100.000000,345.000000,13.800000,0.000511,0.027791,0.000000,0.000000,0.000000,0.000000,1.000000,1.000000,1.100000,0.900000,0.006250,1.068750,0.000000,0,0.000000,YES,Default,534.795094,0.000000,0.000000,0.000000,0.000000,0.000000,0.000000,0.000000,0.000000,0.000000,0.000000,0.000000,0.000000,0.000000,0.000000,1,100.000000,,,,,,,,,,,,,,,,,,,,,,
1284,30417,30423,1,Transformer,Closed,Closed,NO,30417,Fixed,NO,30417,NO ,0.000000,0.000100,1.010000,0.990000,Middle,100.000000,345.000000,13.800000,0.000295,0.019823,0.000000,0.000000,0.000000,0.000000,1.000000,1.000000,1.100000,0.900000,0.006250,1.062500,0.000000,0,0.000000,YES,Default,532.909107,0.000000,0.000000,0.000000,0.000000,0.000000,0.000000,0.000000,0.000000,0.000000,0.000000,0.000000,0.000000,0.000000,0.000000,1,100.000000,,,,,,,,,,,,,,,,,,,,,,
1285,30437,30441,1,Transformer,Closed,Closed,NO,30437,Fixed,NO,30437,NO ,0.000000,0.000100,1.010000,0.990000,Middle,100.000000,345.000000,13.800000,0.000402,0.022896,0.000000,0.000000,0.000000,0.000000,1.000000,1.000000,1.100000,0.900000,0.006250,1.037500,0.000000,0,0.000000,YES,Default,525.451708,0.000000,0.000000,0.000000,0.000000,0.000000,0.000000,0.000000,0.000000,0.000000,0.000000,0.000000,0.000000,0.000000,0.000000,1,100.000000,,,,,,,,,,,,,,,,,,,,,,
1286,30437,30442,1,Transformer,Closed,Closed,NO,30437,Fixed,NO,30437,NO ,0.000000,0.000100,1.010000,0.990000,Middle,100.000000,345.000000,13.800000,0.000522,0.037645,0.000000,0.000000,0.000000,0.000000,1.000000,1.000000,1.100000,0.900000,0.006250,1.050000,0.000000,0,0.000000,YES,Default,525.001097,0.000000,0.000000,0.000000,0.000000,0.000000,0.000000,0.000000,0.000000,0.000000,0.000000,0.000000,0.000000,0.000000,0.000000,1,100.000000,,,,,,,,,,,,,,,,,,,,,,
1287,30437,30443,1,Transformer,Closed,Closed,NO,30437,Fixed,NO,30437,NO ,0.000000,0.000100,1.010000,0.990000,Middle,100.000000,345.000000,13.800000,0.000279,0.017058,0.000000,0.000000,0.000000,0.000000,1.000000,1.000000,1.100000,0.900000,0.006250,1.031250,0.000000,0,0.000000,YES,Default,523.789597,0.000000,0.000000,0.000000,0.000000,0.000000,0.000000,0.000000,0.000000,0.000000,0.000000,0.000000,0.000000,0.000000,0.000000,1,100.000000,,,,,,,,,,,,,,,,,,,,,,
1288,30450,30449,1,Transformer,Closed,Closed,NO,30450,Fixed,NO,30450,NO ,0.000000,0.000100,1.010000,0.990000,Middle,100.000000,161.000000,345.000000,0.000492,0.030133,0.000000,0.000000,0.000000,0.000000,1.000000,1.000000,1.100000,0.900000,0.006250,1.000000,0.000000,0,0.000000,YES,Default,451.125145,0.000000,0.000000,0.000000,0.000000,0.000000,0.000000,0.000000,0.000000,0.000000,0.000000,0.000000,0.000000,0.000000,0.000000,1,100.000000,,,,,,,,,,,,,,,,,,,,,,
1289,30449,30451,1,Transformer,Closed,Closed,NO,30449,Fixed,NO,30449,NO ,0.000000,0.000100,1.010000,0.990000,Middle,100.000000,345.000000,13.800000,0.000461,0.027344,0.000000,0.000000,0.000000,0.000000,1.000000,1.000000,1.100000,0.900000,0.006250,1.000000,0.000000,0,0.000000,YES,Default,511.899137,0.000000,0.000000,0.000000,0.000000,0.000000,0.000000,0.000000,0.000000,0.000000,0.000000,0.000000,0.000000,0.000000,0.000000,1,100.000000,,,,,,,,,,,,,,,,,,,,,,
1290,30449,30452,1,Transformer,Closed,Closed,NO,30449,Fixed,NO,30449,NO ,0.000000,0.000100,1.010000,0.990000,Middle,100.000000,345.000000,24.000000,0.000455,0.027211,0.000000,0.000000,0.000000,0.000000,1.000000,1.000000,1.100000,0.900000,0.006250,0.993750,0.000000,0,0.000000,YES,Default,511.396122,0.000000,0.000000,0.000000,0.000000,0.000000,0.000000,0.000000,0.000000,0.000000,0.000000,0.000000,0.000000,0.000000,0.000000,1,100.000000,,,,,,,,,,,,,,,,,,,,,,
1291,30449,30453,1,Transformer,Closed,Closed,NO,30449,Fixed,NO,30449,NO ,0.000000,0.000100,1.010000,0.990000,Middle,100.000000,345.000000,13.800000,0.000321,0.019817,0.000000,0.000000,0.000000,0.000000,1.000000,1.000000,1.100000,0.900000,0.006250,0.993750,0.000000,0,0.000000,YES,Default,511.021471,0.000000,0.000000,0.000000,0.000000,0.000000,0.000000,0.000000,0.000000,0.000000,0.000000,0.000000,0.000000,0.000000,0.000000,1,100.000000,,,,,,,,,,,,,,,,,,,,,,
1292,30449,30454,1,Transformer,Closed,Closed,NO,30449,Fixed,NO,30449,NO ,0.000000,0.000100,1.010000,0.990000,Middle,100.000000,345.000000,13.800000,0.000442,0.026759,0.000000,0.000000,0.000000,0.000000,1.000000,1.000000,1.100000,0.900000,0.006250,0.993750,0.000000,0,0.000000,YES,Default,510.006332,0.000000,0.000000,0.000000,0.000000,0.000000,0.000000,0.000000,0.000000,0.000000,0.000000,0.000000,0.000000,0.000000,0.000000,1,100.000000,,,,,,,,,,,,,,,,,,,,,,
1293,30449,30455,1,Transformer,Closed,Closed,NO,30449,Fixed,NO,30449,NO ,0.000000,0.000100,1.010000,0.990000,Middle,100.000000,345.000000,13.800000,0.000373,0.023718,0.000000,0.000000,0.000000,0.000000,1.000000,1.000000,1.100000,0.900000,0.006250,0.993750,0.000000,0,0.000000,YES,Default,509.743738,0.000000,0.000000,0.000000,0.000000,0.000000,0.000000,0.000000,0.000000,0.000000,0.000000,0.000000,0.000000,0.000000,0.000000,1,100.000000,,,,,,,,,,,,,,,,,,,,,,
1294,30449,30456,1,Transformer,Closed,Closed,NO,30449,Fixed,NO,30449,NO ,0.000000,0.000100,1.010000,0.990000,Middle,100.000000,345.000000,13.800000,0.000617,0.035460,0.000000,0.000000,0.000000,0.000000,1.000000,1.000000,1.100000,0.900000,0.006250,0.993750,0.000000,0,0.000000,YES,Default,508.108997,0.000000,0.000000,0.000000,0.000000,0.000000,0.000000,0.000000,0.000000,0.000000,0.000000,0.000000,0.000000,0.000000,0.000000,1,100.000000,,,,,,,,,,,,,,,,,,,,,,
1295,30459,30458,1,Transformer,Closed,Closed,NO,30459,LTC,YES,30459,NO ,0.000000,0.000100,1.074000,1.024000,Middle,100.000000,161.000000,345.000000,0.000423,0.021148,0.000000,0.000000,0.000000,0.000000,1.000000,1.000000,1.100000,0.900000,0.006250,1.043750,0.000000,0,0.000000,YES,Default,453.652048,0.000000,0.000000,0.000000,0.000000,0.000000,0.000000,0.000000,0.000000,0.000000,0.000000,0.000000,0.000000,0.000000,0.000000,1,100.000000,,,,,,,,,,,,,,,,,,,,,,
1296,30458,30460,1,Transformer,Closed,Closed,NO,30458,Fixed,NO,30458,NO ,0.000000,0.000100,1.010000,0.990000,Middle,100.000000,345.000000,13.800000,0.000223,0.014942,0.000000,0.000000,0.000000,0.000000,1.000000,1.000000,1.100000,0.900000,0.006250,1.050000,0.000000,0,0.000000,YES,Default,450.184536,0.000000,0.000000,0.000000,0.000000,0.000000,0.000000,0.000000,0.000000,0.000000,0.000000,0.000000,0.000000,0.000000,0.000000,1,100.000000,,,,,,,,,,,,,,,,,,,,,,
1297,30458,30461,1,Transformer,Closed,Closed,NO,30458,Fixed,NO,30458,NO ,0.000000,0.000100,1.010000,0.990000,Middle,100.000000,345.000000,13.800000,0.000601,0.033383,0.000000,0.000000,0.000000,0.000000,1.000000,1.000000,1.100000,0.900000,0.006250,1.056250,0.000000,0,0.000000,YES,Default,449.560022,0.000000,0.000000,0.000000,0.000000,0.000000,0.000000,0.000000,0.000000,0.000000,0.000000,0.000000,0.000000,0.000000,0.000000,1,100.000000,,,,,,,,,,,,,,,,,,,,,,
1298,40039,40038,1,Transformer,Closed,Closed,NO,40039,Fixed,NO,40039,NO ,0.000000,0.000100,1.010000,0.990000,Middle,100.000000,345.000000,500.000000,0.000226,0.016307,0.000000,0.000000,0.000000,0.000000,1.000000,1.000000,1.100000,0.900000,0.006250,1.000000,0.000000,0,0.000000,YES,Default,659.911680,0.000000,0.000000,0.000000,0.000000,0.000000,0.000000,0.000000,0.000000,0.000000,0.000000,0.000000,0.000000,0.000000,0.000000,1,100.000000,,,,,,,,,,,,,,,,,,,,,,
1299,40040,40039,1,Transformer,Closed,Closed,NO,40040,Fixed,NO,40040,NO ,0.000000,0.000100,1.010000,0.990000,Middle,100.000000,115.000000,345.000000,0.000454,0.035618,0.000000,0.000000,0.000000,0.000000,1.000000,1.000000,1.100000,0.900000,0.006250,1.000000,0.000000,0,0.000000,YES,Default,434.178114,0.000000,0.000000,0.000000,0.000000,0.000000,0.000000,0.000000,0.000000,0.000000,0.000000,0.000000,0.000000,0.000000,0.000000,1,100.000000,,,,,,,,,,,,,,,,,,,,,,
1300,40075,40074,1,Transformer,Closed,Closed,NO,40075,LTC,YES,40075,NO ,0.000000,0.000100,1.073000,1.023000,Middle,100.000000,115.000000,500.000000,0.000166,0.013131,0.000000,0.000000,0.000000,0.000000,1.000000,1.000000,1.100000,0.900000,0.006250,1.043750,0.000000,0,0.000000,YES,Default,915.649128,0.000000,0.000000,0.000000,0.000000,0.000000,0.000000,0.000000,0.000000,0.000000,0.000000,0.000000,0.000000,0.000000,0.000000,1,100.000000,,,,,,,,,,,,,,,,,,,,,,
1301,40108,40107,1,Transformer,Closed,Closed,NO,40108,LTC,YES,40108,NO ,0.000000,0.000100,1.072000,1.022000,Middle,100.000000,115.000000,500.000000,0.000166,0.012424,0.000000,0.000000,0.000000,0.000000,1.000000,1.000000,1.100000,0.900000,0.006250,1.100000,0.000000,0,0.000000,YES,Default,1130.592251,0.000000,0.000000,0.000000,0.000000,0.000000,0.000000,0.000000,0.000000,0.000000,0.000000,0.000000,0.000000,0.000000,0.000000,1,100.000000,,,,,,,,,,,,,,,,,,,,,,
1302,40108,40107,2,Transformer,Closed,Closed,NO,40108,Fixed,NO,40108,NO ,0.000000,0.000100,1.010000,0.990000,Middle,100.000000,115.000000,500.000000,0.000166,0.012424,0.000000,0.000000,0.000000,0.000000,1.000000,1.000000,1.100000,0.900000,0.006250,1.018750,0.000000,0,0.000000,YES,Default,1130.592251,0.000000,0.000000,0.000000,0.000000,0.000000,0.000000,0.000000,0.000000,0.000000,0.000000,0.000000,0.000000,0.000000,0.000000,1,100.000000,,,,,,,,,,,,,,,,,,,,,,
1303,40108,40107,3,Transformer,Closed,Closed,NO,40108,Fixed,NO,40108,NO ,0.000000,0.000100,1.010000,0.990000,Middle,100.000000,115.000000,500.000000,0.000166,0.012424,0.000000,0.000000,0.000000,0.000000,1.000000,1.000000,1.100000,0.900000,0.006250,1.018750,0.000000,0,0.000000,YES,Default,1130.592251,0.000000,0.000000,0.000000,0.000000,0.000000,0.000000,0.000000,0.000000,0.000000,0.000000,0.000000,0.000000,0.000000,0.000000,1,100.000000,,,,,,,,,,,,,,,,,,,,,,
1304,40151,40150,1,Transformer,Closed,Closed,NO,40151,LTC,YES,40151,NO ,0.000000,0.000100,1.050000,1.010000,Middle,100.000000,115.000000,500.000000,0.000221,0.014443,0.000000,0.000000,0.000000,0.000000,1.000000,1.000000,1.100000,0.900000,0.006250,1.043750,0.000000,0,0.000000,YES,Default,998.888016,0.000000,0.000000,0.000000,0.000000,0.000000,0.000000,0.000000,0.000000,0.000000,0.000000,0.000000,0.000000,0.000000,0.000000,1,100.000000,,,,,,,,,,,,,,,,,,,,,,
1305,40187,40186,1,Transformer,Closed,Closed,NO,40187,LTC,YES,40187,NO ,0.000000,0.000100,1.069000,1.019000,Middle,100.000000,115.000000,500.000000,0.000193,0.013167,0.000000,0.000000,0.000000,0.000000,1.000000,1.000000,1.100000,0.900000,0.006250,1.068750,0.000000,0,0.000000,YES,Default,1179.991245,0.000000,0.000000,0.000000,0.000000,0.000000,0.000000,0.000000,0.000000,0.000000,0.000000,0.000000,0.000000,0.000000,0.000000,1,100.000000,,,,,,,,,,,,,,,,,,,,,,
1306,40187,40186,2,Transformer,Closed,Closed,NO,40187,LTC,YES,40187,NO ,0.000000,0.000100,1.069000,1.019000,Middle,100.000000,115.000000,500.000000,0.000193,0.013167,0.000000,0.000000,0.000000,0.000000,1.000000,1.000000,1.100000,0.900000,0.006250,1.068750,0.000000,0,0.000000,YES,Default,1179.991245,0.000000,0.000000,0.000000,0.000000,0.000000,0.000000,0.000000,0.000000,0.000000,0.000000,0.000000,0.000000,0.000000,0.000000,1,100.000000,,,,,,,,,,,,,,,,,,,,,,
1307,40187,40186,3,Transformer,Closed,Closed,NO,40187,LTC,YES,40187,NO ,0.000000,0.000100,1.069000,1.019000,Middle,100.000000,115.000000,500.000000,0.000193,0.013167,0.000000,0.000000,0.000000,0.000000,1.000000,1.000000,1.100000,0.900000,0.006250,1.068750,0.000000,0,0.000000,YES,Default,1179.991245,0.000000,0.000000,0.000000,0.000000,0.000000,0.000000,0.000000,0.000000,0.000000,0.000000,0.000000,0.000000,0.000000,0.000000,1,100.000000,,,,,,,,,,,,,,,,,,,,,,
1308,40215,40214,1,Transformer,Closed,Closed,NO,40215,LTC,YES,40215,NO ,0.000000,0.000100,1.067000,1.017000,Middle,100.000000,115.000000,500.000000,0.000318,0.020739,0.000000,0.000000,0.000000,0.000000,1.000000,1.000000,1.100000,0.900000,0.006250,1.100000,0.000000,0,0.000000,YES,Default,963.002491,0.000000,0.000000,0.000000,0.000000,0.000000,0.000000,0.000000,0.000000,0.000000,0.000000,0.000000,0.000000,0.000000,0.000000,1,100.000000,,,,,,,,,,,,,,,,,,,,,,
1309,40255,40254,1,Transformer,Closed,Closed,NO,40255,LTC,YES,40255,NO ,0.000000,0.000100,1.063000,1.013000,Middle,100.000000,115.000000,500.000000,0.000220,0.017800,0.000000,0.000000,0.000000,0.000000,1.000000,1.000000,1.100000,0.900000,0.006250,1.068750,0.000000,0,0.000000,YES,Default,930.434322,0.000000,0.000000,0.000000,0.000000,0.000000,0.000000,0.000000,0.000000,0.000000,0.000000,0.000000,0.000000,0.000000,0.000000,1,100.000000,,,,,,,,,,,,,,,,,,,,,,
1310,40299,40298,1,Transformer,Closed,Closed,NO,40299,LTC,YES,40299,NO ,0.000000,0.000100,1.070000,1.020000,Middle,100.000000,115.000000,500.000000,0.000181,0.013723,0.000000,0.000000,0.000000,0.000000,1.000000,1.000000,1.100000,0.900000,0.006250,1.100000,0.000000,0,0.000000,YES,Default,1044.798279,0.000000,0.000000,0.000000,0.000000,0.000000,0.000000,0.000000,0.000000,0.000000,0.000000,0.000000,0.000000,0.000000,0.000000,1,100.000000,,,,,,,,,,,,,,,,,,,,,,
1311,40383,40382,1,Transformer,Closed,Closed,NO,40383,Fixed,NO,40383,NO ,0.000000,0.000100,1.010000,0.990000,Middle,100.000000,115.000000,500.000000,0.000169,0.011680,0.000000,0.000000,0.000000,0.000000,1.000000,1.000000,1.100000,0.900000,0.006250,1.025000,0.000000,0,0.000000,YES,Default,1110.716534,0.000000,0.000000,0.000000,0.000000,0.000000,0.000000,0.000000,0.000000,0.000000,0.000000,0.000000,0.000000,0.000000,0.000000,1,100.000000,,,,,,,,,,,,,,,,,,,,,,
1312,40429,40428,1,Transformer,Closed,Closed,NO,40429,Fixed,NO,40429,NO ,0.000000,0.000100,1.010000,0.990000,Middle,100.000000,115.000000,500.000000,0.000236,0.012627,0.000000,0.000000,0.000000,0.000000,1.000000,1.000000,1.100000,0.900000,0.006250,1.006250,0.000000,0,0.000000,YES,Default,814.452839,0.000000,0.000000,0.000000,0.000000,0.000000,0.000000,0.000000,0.000000,0.000000,0.000000,0.000000,0.000000,0.000000,0.000000,1,100.000000,,,,,,,,,,,,,,,,,,,,,,
1313,40429,40428, 2,Transformer,Closed,Closed,NO,40429,Fixed,NO,0,NO ,0.000000,0.000100,1.500000,0.510000,Middle,100.000000,115.000000,500.000000,0.000236,0.012627,0.000000,0.000000,0.000000,0.000000,1.000000,1.000000,1.500000,0.510000,0.006250,1.006250,0.000000,0,0.000000,YES,Default,814.453030,0.000000,0.000000,0.000000,0.000000,0.000000,0.000000,0.000000,0.000000,0.000000,0.000000,0.000000,0.000000,0.000000,0.000000,1,100.000000,,,,,,,,,,,,,,,,,,,,,,
1314,40440,40439,1,Transformer,Closed,Closed,NO,40440,LTC,YES,40440,NO ,0.000000,0.000100,1.071000,1.021000,Middle,100.000000,115.000000,500.000000,0.000340,0.020204,0.000000,0.000000,0.000000,0.000000,1.000000,1.000000,1.100000,0.900000,0.006250,1.100000,0.000000,0,0.000000,YES,Default,995.323944,0.000000,0.000000,0.000000,0.000000,0.000000,0.000000,0.000000,0.000000,0.000000,0.000000,0.000000,0.000000,0.000000,0.000000,1,100.000000,,,,,,,,,,,,,,,,,,,,,,
1315,40508,40507,1,Transformer,Closed,Closed,NO,40508,Fixed,NO,40508,NO ,0.000000,0.000100,1.010000,0.990000,Middle,100.000000,115.000000,500.000000,0.000170,0.010748,0.000000,0.000000,0.000000,0.000000,1.000000,1.000000,1.100000,0.900000,0.006250,1.000000,0.000000,0,0.000000,YES,Default,813.768959,0.000000,0.000000,0.000000,0.000000,0.000000,0.000000,0.000000,0.000000,0.000000,0.000000,0.000000,0.000000,0.000000,0.000000,1,100.000000,,,,,,,,,,,,,,,,,,,,,,
1316,40518,40517,1,Transformer,Closed,Closed,NO,40518,Fixed,NO,40518,NO ,0.000000,0.000100,1.010000,0.990000,Middle,100.000000,115.000000,500.000000,0.000221,0.012813,0.000000,0.000000,0.000000,0.000000,1.000000,1.000000,1.100000,0.900000,0.006250,1.000000,0.000000,0,0.000000,YES,Default,998.731804,0.000000,0.000000,0.000000,0.000000,0.000000,0.000000,0.000000,0.000000,0.000000,0.000000,0.000000,0.000000,0.000000,0.000000,1,100.000000,,,,,,,,,,,,,,,,,,,,,,
1317,40563,40562,1,Transformer,Closed,Closed,NO,40563,Fixed,NO,40563,NO ,0.000000,0.000100,1.010000,0.990000,Middle,100.000000,115.000000,500.000000,0.000199,0.014192,0.000000,0.000000,0.000000,0.000000,1.000000,1.000000,1.100000,0.900000,0.006250,1.025000,0.000000,0,0.000000,YES,Default,954.827499,0.000000,0.000000,0.000000,0.000000,0.000000,0.000000,0.000000,0.000000,0.000000,0.000000,0.000000,0.000000,0.000000,0.000000,1,100.000000,,,,,,,,,,,,,,,,,,,,,,
1318,40624,40623,1,Transformer,Closed,Closed,NO,40624,LTC,YES,40624,NO ,0.000000,0.000100,1.068000,1.018000,Middle,100.000000,115.000000,500.000000,0.000215,0.014158,0.000000,0.000000,0.000000,0.000000,1.000000,1.000000,1.100000,0.900000,0.006250,1.056250,0.000000,0,0.000000,YES,Default,803.825665,0.000000,0.000000,0.000000,0.000000,0.000000,0.000000,0.000000,0.000000,0.000000,0.000000,0.000000,0.000000,0.000000,0.000000,1,100.000000,,,,,,,,,,,,,,,,,,,,,,
1319,40656,40655,1,Transformer,Closed,Closed,NO,40656,Fixed,NO,40656,NO ,0.000000,0.000100,1.010000,0.990000,Middle,100.000000,115.000000,500.000000,0.000237,0.017161,0.000000,0.000000,0.000000,0.000000,1.000000,1.000000,1.100000,0.900000,0.006250,1.000000,0.000000,0,0.000000,YES,Default,732.812643,0.000000,0.000000,0.000000,0.000000,0.000000,0.000000,0.000000,0.000000,0.000000,0.000000,0.000000,0.000000,0.000000,0.000000,1,100.000000,,,,,,,,,,,,,,,,,,,,,,
1320,40667,40666,1,Transformer,Closed,Closed,NO,40667,Fixed,NO,40667,NO ,0.000000,0.000100,1.010000,0.990000,Middle,100.000000,115.000000,500.000000,0.000219,0.015755,0.000000,0.000000,0.000000,0.000000,1.000000,1.000000,1.100000,0.900000,0.006250,1.000000,0.000000,0,0.000000,YES,Default,666.531467,0.000000,0.000000,0.000000,0.000000,0.000000,0.000000,0.000000,0.000000,0.000000,0.000000,0.000000,0.000000,0.000000,0.000000,1,100.000000,,,,,,,,,,,,,,,,,,,,,,
1321,40694,40693,1,Transformer,Closed,Closed,NO,40694,Fixed,NO,40694,NO ,0.000000,0.000100,1.010000,0.990000,Middle,100.000000,115.000000,500.000000,0.000238,0.015529,0.000000,0.000000,0.000000,0.000000,1.000000,1.000000,1.100000,0.900000,0.006250,1.000000,0.000000,0,0.000000,YES,Default,794.585323,0.000000,0.000000,0.000000,0.000000,0.000000,0.000000,0.000000,0.000000,0.000000,0.000000,0.000000,0.000000,0.000000,0.000000,1,100.000000,,,,,,,,,,,,,,,,,,,,,,
1322,40693,40695,1,Transformer,Closed,Closed,NO,40693,Fixed,NO,40693,NO ,0.000000,0.000100,1.010000,0.990000,Middle,100.000000,500.000000,24.000000,0.000400,0.032439,0.000000,0.000000,0.000000,0.000000,1.000000,1.000000,1.100000,0.900000,0.006250,1.043750,0.000000,0,0.000000,YES,Default,551.516151,0.000000,0.000000,0.000000,0.000000,0.000000,0.000000,0.000000,0.000000,0.000000,0.000000,0.000000,0.000000,0.000000,0.000000,1,100.000000,,,,,,,,,,,,,,,,,,,,,,
1323,40693,40696,1,Transformer,Closed,Closed,NO,40693,Fixed,NO,40693,NO ,0.000000,0.000100,1.010000,0.990000,Middle,100.000000,500.000000,13.800000,0.000341,0.025523,0.000000,0.000000,0.000000,0.000000,1.000000,1.000000,1.100000,0.900000,0.006250,1.000000,0.000000,0,0.000000,YES,Default,549.426270,0.000000,0.000000,0.000000,0.000000,0.000000,0.000000,0.000000,0.000000,0.000000,0.000000,0.000000,0.000000,0.000000,0.000000,1,100.000000,,,,,,,,,,,,,,,,,,,,,,
1324,40693,40697,1,Transformer,Closed,Closed,NO,40693,Fixed,NO,40693,NO ,0.000000,0.000100,1.010000,0.990000,Middle,100.000000,500.000000,13.800000,0.000249,0.016958,0.000000,0.000000,0.000000,0.000000,1.000000,1.000000,1.100000,0.900000,0.006250,1.037500,0.000000,0,0.000000,YES,Default,547.594070,0.000000,0.000000,0.000000,0.000000,0.000000,0.000000,0.000000,0.000000,0.000000,0.000000,0.000000,0.000000,0.000000,0.000000,1,100.000000,,,,,,,,,,,,,,,,,,,,,,
1325,40699,40698,1,Transformer,Closed,Closed,NO,40699,Fixed,NO,40699,NO ,0.000000,0.000100,1.010000,0.990000,Middle,100.000000,115.000000,500.000000,0.000311,0.023073,0.000000,0.000000,0.000000,0.000000,1.000000,1.000000,1.100000,0.900000,0.006250,1.000000,0.000000,0,0.000000,YES,Default,505.628061,0.000000,0.000000,0.000000,0.000000,0.000000,0.000000,0.000000,0.000000,0.000000,0.000000,0.000000,0.000000,0.000000,0.000000,1,100.000000,,,,,,,,,,,,,,,,,,,,,,
1326,40698,40700,1,Transformer,Closed,Closed,NO,40698,Fixed,NO,40698,NO ,0.000000,0.000100,1.010000,0.990000,Middle,100.000000,500.000000,13.800000,0.000189,0.014221,0.000000,0.000000,0.000000,0.000000,1.000000,1.000000,1.100000,0.900000,0.006250,1.000000,0.000000,0,0.000000,YES,Default,752.641678,0.000000,0.000000,0.000000,0.000000,0.000000,0.000000,0.000000,0.000000,0.000000,0.000000,0.000000,0.000000,0.000000,0.000000,1,100.000000,,,,,,,,,,,,,,,,,,,,,,
1327,40698,40701,1,Transformer,Closed,Closed,NO,40698,Fixed,NO,40698,NO ,0.000000,0.000100,1.010000,0.990000,Middle,100.000000,500.000000,13.800000,0.000140,0.008288,0.000000,0.000000,0.000000,0.000000,1.000000,1.000000,1.100000,0.900000,0.006250,1.000000,0.000000,0,0.000000,YES,Default,752.536392,0.000000,0.000000,0.000000,0.000000,0.000000,0.000000,0.000000,0.000000,0.000000,0.000000,0.000000,0.000000,0.000000,0.000000,1,100.000000,,,,,,,,,,,,,,,,,,,,,,
1328,40698,40702,1,Transformer,Closed,Closed,NO,40698,Fixed,NO,40698,NO ,0.000000,0.000100,1.010000,0.990000,Middle,100.000000,500.000000,18.000000,0.000220,0.016421,0.000000,0.000000,0.000000,0.000000,1.000000,1.000000,1.100000,0.900000,0.006250,1.000000,0.000000,0,0.000000,YES,Default,751.153326,0.000000,0.000000,0.000000,0.000000,0.000000,0.000000,0.000000,0.000000,0.000000,0.000000,0.000000,0.000000,0.000000,0.000000,1,100.000000,,,,,,,,,,,,,,,,,,,,,,
1329,40705,40704,1,Transformer,Closed,Closed,NO,40705,LTC,YES,40705,NO ,0.000000,0.000100,1.066000,1.016000,Middle,100.000000,115.000000,500.000000,0.000323,0.018547,0.000000,0.000000,0.000000,0.000000,1.000000,1.000000,1.100000,0.900000,0.006250,1.075000,0.000000,0,0.000000,YES,Default,685.142946,0.000000,0.000000,0.000000,0.000000,0.000000,0.000000,0.000000,0.000000,0.000000,0.000000,0.000000,0.000000,0.000000,0.000000,1,100.000000,,,,,,,,,,,,,,,,,,,,,,
1330,40705,40704, 2,Transformer,Closed,Closed,NO,40705,LTC,NO,0,NO ,0.000000,0.000100,1.500000,0.510000,Middle,100.000000,115.000000,500.000000,0.000323,0.018547,0.000000,0.000000,0.000000,0.000000,1.000000,1.000000,1.500000,0.510000,0.006250,1.006250,0.000000,0,0.000000,YES,Default,685.142994,0.000000,0.000000,0.000000,0.000000,0.000000,0.000000,0.000000,0.000000,0.000000,0.000000,0.000000,0.000000,0.000000,0.000000,1,100.000000,,,,,,,,,,,,,,,,,,,,,,
1331,40704,40706,1,Transformer,Closed,Closed,NO,40704,Fixed,NO,40704,NO ,0.000000,0.000100,1.010000,0.990000,Middle,100.000000,500.000000,13.800000,0.000243,0.017079,0.000000,0.000000,0.000000,0.000000,1.000000,1.000000,1.100000,0.900000,0.006250,0.993750,0.000000,0,0.000000,YES,Default,530.723190,0.000000,0.000000,0.000000,0.000000,0.000000,0.000000,0.000000,0.000000,0.000000,0.000000,0.000000,0.000000,0.000000,0.000000,1,100.000000,,,,,,,,,,,,,,,,,,,,,,
1332,40704,40707,1,Transformer,Closed,Closed,NO,40704,Fixed,NO,40704,NO ,0.000000,0.000100,1.010000,0.990000,Middle,100.000000,500.000000,24.000000,0.000249,0.015570,0.000000,0.000000,0.000000,0.000000,1.000000,1.000000,1.100000,0.900000,0.006250,0.987500,0.000000,0,0.000000,YES,Default,529.525518,0.000000,0.000000,0.000000,0.000000,0.000000,0.000000,0.000000,0.000000,0.000000,0.000000,0.000000,0.000000,0.000000,0.000000,1,100.000000,,,,,,,,,,,,,,,,,,,,,,
1333,40720,40721,1,Transformer,Closed,Closed,NO,40720,Fixed,NO,40720,NO ,0.000000,0.000100,1.010000,0.990000,Middle,100.000000,115.000000,13.800000,0.022422,0.537955,0.000000,0.000000,0.000000,0.000000,1.000000,1.000000,1.100000,0.900000,0.006250,0.993750,0.000000,0,0.000000,YES,Default,19.499999,0.000000,0.000000,0.000000,0.000000,0.000000,0.000000,0.000000,0.000000,0.000000,0.000000,0.000000,0.000000,0.000000,0.000000,1,100.000000,,,,,,,,,,,,,,,,,,,,,,
1334,40723,40722,1,Transformer,Closed,Closed,NO,40723,Fixed,NO,40723,NO ,0.000000,0.000100,1.010000,0.990000,Middle,100.000000,500.000000,765.000000,0.000073,0.006540,0.000000,0.000000,0.000000,0.000000,1.000000,1.000000,1.100000,0.900000,0.006250,1.000000,0.000000,0,0.000000,YES,Default,1370.104408,0.000000,0.000000,0.000000,0.000000,0.000000,0.000000,0.000000,0.000000,0.000000,0.000000,0.000000,0.000000,0.000000,0.000000,1,100.000000,,,,,,,,,,,,,,,,,,,,,,
1335,40724,40723,1,Transformer,Closed,Closed,NO,40724,Fixed,NO,40724,NO ,0.000000,0.000100,1.010000,0.990000,Middle,100.000000,345.000000,500.000000,0.000276,0.020681,0.000000,0.000000,0.000000,0.000000,1.000000,1.000000,1.100000,0.900000,0.006250,1.000000,0.000000,0,0.000000,YES,Default,741.706991,0.000000,0.000000,0.000000,0.000000,0.000000,0.000000,0.000000,0.000000,0.000000,0.000000,0.000000,0.000000,0.000000,0.000000,1,100.000000,,,,,,,,,,,,,,,,,,,,,,
1336,40725,40724,1,Transformer,Closed,Closed,NO,40725,Fixed,NO,40725,NO ,0.000000,0.000100,1.010000,0.990000,Middle,100.000000,115.000000,345.000000,0.000267,0.018763,0.000000,0.000000,0.000000,0.000000,1.000000,1.000000,1.100000,0.900000,0.006250,1.000000,0.000000,0,0.000000,YES,Default,548.612309,0.000000,0.000000,0.000000,0.000000,0.000000,0.000000,0.000000,0.000000,0.000000,0.000000,0.000000,0.000000,0.000000,0.000000,1,100.000000,,,,,,,,,,,,,,,,,,,,,,
1337,40727,40728,1,Transformer,Closed,Closed,NO,40727,Fixed,NO,40727,NO ,0.000000,0.000100,1.010000,0.990000,Middle,100.000000,115.000000,13.800000,0.017214,0.404239,0.000000,0.000000,0.000000,0.000000,1.000000,1.000000,1.100000,0.900000,0.006250,1.000000,0.000000,0,0.000000,YES,Default,38.429242,0.000000,0.000000,0.000000,0.000000,0.000000,0.000000,0.000000,0.000000,0.000000,0.000000,0.000000,0.000000,0.000000,0.000000,1,100.000000,,,,,,,,,,,,,,,,,,,,,,
1338,40730,40729,1,Transformer,Closed,Closed,NO,40730,Fixed,NO,40730,NO ,0.000000,0.000100,1.010000,0.990000,Middle,100.000000,345.000000,500.000000,0.000138,0.009283,0.000000,0.000000,0.000000,0.000000,1.000000,1.000000,1.100000,0.900000,0.006250,1.000000,0.000000,0,0.000000,YES,Default,754.424143,0.000000,0.000000,0.000000,0.000000,0.000000,0.000000,0.000000,0.000000,0.000000,0.000000,0.000000,0.000000,0.000000,0.000000,1,100.000000,,,,,,,,,,,,,,,,,,,,,,
1339,40729,40732,1,Transformer,Closed,Closed,NO,40729,Fixed,NO,40729,NO ,0.000000,0.000100,1.010000,0.990000,Middle,100.000000,500.000000,18.000000,0.000368,0.025886,0.000000,0.000000,0.000000,0.000000,1.000000,1.000000,1.100000,0.900000,0.006250,1.037500,0.000000,0,0.000000,YES,Default,508.234072,0.000000,0.000000,0.000000,0.000000,0.000000,0.000000,0.000000,0.000000,0.000000,0.000000,0.000000,0.000000,0.000000,0.000000,1,100.000000,,,,,,,,,,,,,,,,,,,,,,
1340,40729,40733,1,Transformer,Closed,Closed,NO,40729,Fixed,NO,40729,NO ,0.000000,0.000100,1.010000,0.990000,Middle,100.000000,500.000000,20.000000,0.000373,0.025756,0.000000,0.000000,0.000000,0.000000,1.000000,1.000000,1.100000,0.900000,0.006250,1.037500,0.000000,0,0.000000,YES,Default,496.429014,0.000000,0.000000,0.000000,0.000000,0.000000,0.000000,0.000000,0.000000,0.000000,0.000000,0.000000,0.000000,0.000000,0.000000,1,100.000000,,,,,,,,,,,,,,,,,,,,,,
1341,40729,40734,1,Transformer,Closed,Closed,NO,40729,Fixed,NO,40729,NO ,0.000000,0.000100,1.010000,0.990000,Middle,100.000000,500.000000,13.800000,0.000113,0.006274,0.000000,0.000000,0.000000,0.000000,1.000000,1.000000,1.100000,0.900000,0.006250,1.000000,0.000000,0,0.000000,YES,Default,478.172112,0.000000,0.000000,0.000000,0.000000,0.000000,0.000000,0.000000,0.000000,0.000000,0.000000,0.000000,0.000000,0.000000,0.000000,1,100.000000,,,,,,,,,,,,,,,,,,,,,,
1342,40729,40735,1,Transformer,Closed,Closed,NO,40729,Fixed,NO,40729,NO ,0.000000,0.000100,1.010000,0.990000,Middle,100.000000,500.000000,13.800000,0.000371,0.022275,0.000000,0.000000,0.000000,0.000000,1.000000,1.000000,1.100000,0.900000,0.006250,1.031250,0.000000,0,0.000000,YES,Default,466.050196,0.000000,0.000000,0.000000,0.000000,0.000000,0.000000,0.000000,0.000000,0.000000,0.000000,0.000000,0.000000,0.000000,0.000000,1,100.000000,,,,,,,,,,,,,,,,,,,,,,
1343,40729,40736,1,Transformer,Closed,Closed,NO,40729,Fixed,NO,40729,NO ,0.000000,0.000100,1.010000,0.990000,Middle,100.000000,500.000000,13.800000,0.000633,0.043775,0.000000,0.000000,0.000000,0.000000,1.000000,1.000000,1.100000,0.900000,0.006250,1.037500,0.000000,0,0.000000,YES,Default,455.008507,0.000000,0.000000,0.000000,0.000000,0.000000,0.000000,0.000000,0.000000,0.000000,0.000000,0.000000,0.000000,0.000000,0.000000,1,100.000000,,,,,,,,,,,,,,,,,,,,,,
1344,40731,40730,1,Transformer,Closed,Closed,NO,40731,Fixed,NO,40731,NO ,0.000000,0.000100,1.010000,0.990000,Middle,100.000000,115.000000,345.000000,0.000466,0.034095,0.000000,0.000000,0.000000,0.000000,1.000000,1.000000,1.100000,0.900000,0.006250,1.000000,0.000000,0,0.000000,YES,Default,452.087450,0.000000,0.000000,0.000000,0.000000,0.000000,0.000000,0.000000,0.000000,0.000000,0.000000,0.000000,0.000000,0.000000,0.000000,1,100.000000,,,,,,,,,,,,,,,,,,,,,,
1345,40738,40737,1,Transformer,Closed,Closed,NO,40738,Fixed,NO,40738,NO ,0.000000,0.000100,1.010000,0.990000,Middle,100.000000,115.000000,500.000000,0.000170,0.016569,0.000000,0.000000,0.000000,0.000000,1.000000,1.000000,1.100000,0.900000,0.006250,1.000000,0.000000,0,0.000000,YES,Default,1003.607750,0.000000,0.000000,0.000000,0.000000,0.000000,0.000000,0.000000,0.000000,0.000000,0.000000,0.000000,0.000000,0.000000,0.000000,1,100.000000,,,,,,,,,,,,,,,,,,,,,,
1346,40737,40739,1,Transformer,Closed,Closed,NO,40737,Fixed,NO,40737,NO ,0.000000,0.000100,1.010000,0.990000,Middle,100.000000,500.000000,13.800000,0.000190,0.015792,0.000000,0.000000,0.000000,0.000000,1.000000,1.000000,1.100000,0.900000,0.006250,1.000000,0.000000,0,0.000000,YES,Default,794.155598,0.000000,0.000000,0.000000,0.000000,0.000000,0.000000,0.000000,0.000000,0.000000,0.000000,0.000000,0.000000,0.000000,0.000000,1,100.000000,,,,,,,,,,,,,,,,,,,,,,
1347,40737,40740,1,Transformer,Closed,Closed,NO,40737,Fixed,NO,40737,NO ,0.000000,0.000100,1.010000,0.990000,Middle,100.000000,500.000000,13.800000,0.000066,0.006123,0.000000,0.000000,0.000000,0.000000,1.000000,1.000000,1.100000,0.900000,0.006250,1.018750,0.000000,0,0.000000,YES,Default,794.140196,0.000000,0.000000,0.000000,0.000000,0.000000,0.000000,0.000000,0.000000,0.000000,0.000000,0.000000,0.000000,0.000000,0.000000,1,100.000000,,,,,,,,,,,,,,,,,,,,,,
1348,40737,40741,1,Transformer,Closed,Closed,NO,40737,Fixed,NO,40737,NO ,0.000000,0.000100,1.010000,0.990000,Middle,100.000000,500.000000,13.800000,0.000314,0.020619,0.000000,0.000000,0.000000,0.000000,1.000000,1.000000,1.100000,0.900000,0.006250,1.000000,0.000000,0,0.000000,YES,Default,546.417522,0.000000,0.000000,0.000000,0.000000,0.000000,0.000000,0.000000,0.000000,0.000000,0.000000,0.000000,0.000000,0.000000,0.000000,1,100.000000,,,,,,,,,,,,,,,,,,,,,,
1349,40737,40742,1,Transformer,Closed,Closed,NO,40737,Fixed,NO,40737,NO ,0.000000,0.000100,1.010000,0.990000,Middle,100.000000,500.000000,13.800000,0.000423,0.028665,0.000000,0.000000,0.000000,0.000000,1.000000,1.000000,1.100000,0.900000,0.006250,1.025000,0.000000,0,0.000000,YES,Default,545.291328,0.000000,0.000000,0.000000,0.000000,0.000000,0.000000,0.000000,0.000000,0.000000,0.000000,0.000000,0.000000,0.000000,0.000000,1,100.000000,,,,,,,,,,,,,,,,,,,,,,
1350,40737,40743,1,Transformer,Closed,Closed,NO,40737,Fixed,NO,40737,NO ,0.000000,0.000100,1.010000,0.990000,Middle,100.000000,500.000000,22.000000,0.000215,0.017117,0.000000,0.000000,0.000000,0.000000,1.000000,1.000000,1.100000,0.900000,0.006250,1.018750,0.000000,0,0.000000,YES,Default,544.921780,0.000000,0.000000,0.000000,0.000000,0.000000,0.000000,0.000000,0.000000,0.000000,0.000000,0.000000,0.000000,0.000000,0.000000,1,100.000000,,,,,,,,,,,,,,,,,,,,,,
1351,40737,40744,1,Transformer,Closed,Closed,NO,40737,Fixed,NO,40737,NO ,0.000000,0.000100,1.010000,0.990000,Middle,100.000000,500.000000,13.800000,0.000529,0.033530,0.000000,0.000000,0.000000,0.000000,1.000000,1.000000,1.100000,0.900000,0.006250,1.025000,0.000000,0,0.000000,YES,Default,523.565340,0.000000,0.000000,0.000000,0.000000,0.000000,0.000000,0.000000,0.000000,0.000000,0.000000,0.000000,0.000000,0.000000,0.000000,1,100.000000,,,,,,,,,,,,,,,,,,,,,,
1352,40737,40745,1,Transformer,Closed,Closed,NO,40737,Fixed,NO,40737,NO ,0.000000,0.000100,1.010000,0.990000,Middle,100.000000,500.000000,13.800000,0.000167,0.011268,0.000000,0.000000,0.000000,0.000000,1.000000,1.000000,1.100000,0.900000,0.006250,1.018750,0.000000,0,0.000000,YES,Default,514.734650,0.000000,0.000000,0.000000,0.000000,0.000000,0.000000,0.000000,0.000000,0.000000,0.000000,0.000000,0.000000,0.000000,0.000000,1,100.000000,,,,,,,,,,,,,,,,,,,,,,
1353,40749,40750,1,Transformer,Closed,Closed,NO,40749,Fixed,NO,40749,NO ,0.000000,0.000100,1.010000,0.990000,Middle,100.000000,115.000000,13.800000,0.022388,0.513363,0.000000,0.000000,0.000000,0.000000,1.000000,1.000000,1.100000,0.900000,0.006250,1.000000,0.000000,0,0.000000,YES,Default,19.499999,0.000000,0.000000,0.000000,0.000000,0.000000,0.000000,0.000000,0.000000,0.000000,0.000000,0.000000,0.000000,0.000000,0.000000,1,100.000000,,,,,,,,,,,,,,,,,,,,,,
1354,40751,40756,1,Transformer,Closed,Closed,NO,40751,Fixed,NO,40751,NO ,0.000000,0.000100,1.010000,0.990000,Middle,100.000000,765.000000,13.800000,0.000080,0.006845,0.000000,0.000000,0.000000,0.000000,1.000000,1.000000,1.100000,0.900000,0.006250,1.025000,0.000000,0,0.000000,YES,Default,1585.242176,0.000000,0.000000,0.000000,0.000000,0.000000,0.000000,0.000000,0.000000,0.000000,0.000000,0.000000,0.000000,0.000000,0.000000,1,100.000000,,,,,,,,,,,,,,,,,,,,,,
1355,40751,40757,1,Transformer,Closed,Closed,NO,40751,Fixed,NO,40751,NO ,0.000000,0.000100,1.010000,0.990000,Middle,100.000000,765.000000,13.800000,0.000062,0.005042,0.000000,0.000000,0.000000,0.000000,1.000000,1.000000,1.100000,0.900000,0.006250,1.000000,0.000000,0,0.000000,YES,Default,1583.299446,0.000000,0.000000,0.000000,0.000000,0.000000,0.000000,0.000000,0.000000,0.000000,0.000000,0.000000,0.000000,0.000000,0.000000,1,100.000000,,,,,,,,,,,,,,,,,,,,,,
1356,40751,40758,1,Transformer,Closed,Closed,NO,40751,Fixed,NO,40751,NO ,0.000000,0.000100,1.010000,0.990000,Middle,100.000000,765.000000,18.000000,0.000152,0.011717,0.000000,0.000000,0.000000,0.000000,1.000000,1.000000,1.100000,0.900000,0.006250,1.025000,0.000000,0,0.000000,YES,Default,1581.536102,0.000000,0.000000,0.000000,0.000000,0.000000,0.000000,0.000000,0.000000,0.000000,0.000000,0.000000,0.000000,0.000000,0.000000,1,100.000000,,,,,,,,,,,,,,,,,,,,,,
1357,40753,40752,1,Transformer,Closed,Closed,NO,40753,LTC,YES,40753,NO ,0.000000,0.000100,1.075000,1.025000,Middle,100.000000,115.000000,500.000000,0.000273,0.019323,0.000000,0.000000,0.000000,0.000000,1.000000,1.000000,1.100000,0.900000,0.006250,1.025000,0.000000,0,0.000000,YES,Default,582.565641,0.000000,0.000000,0.000000,0.000000,0.000000,0.000000,0.000000,0.000000,0.000000,0.000000,0.000000,0.000000,0.000000,0.000000,1,100.000000,,,,,,,,,,,,,,,,,,,,,,
1358,40761,40760,1,Transformer,Closed,Closed,NO,40761,Fixed,NO,40761,NO ,0.000000,0.000100,1.010000,0.990000,Middle,100.000000,500.000000,765.000000,0.000083,0.007100,0.000000,0.000000,0.000000,0.000000,1.000000,1.000000,1.100000,0.900000,0.006250,1.000000,0.000000,0,0.000000,YES,Default,1439.542103,0.000000,0.000000,0.000000,0.000000,0.000000,0.000000,0.000000,0.000000,0.000000,0.000000,0.000000,0.000000,0.000000,0.000000,1,100.000000,,,,,,,,,,,,,,,,,,,,,,
1359,40760,40763,1,Transformer,Closed,Closed,NO,40760,Fixed,NO,40760,NO ,0.000000,0.000100,1.010000,0.990000,Middle,100.000000,765.000000,13.800000,0.000084,0.006633,0.000000,0.000000,0.000000,0.000000,1.000000,1.000000,1.100000,0.900000,0.006250,1.037500,0.000000,0,0.000000,YES,Default,1761.885452,0.000000,0.000000,0.000000,0.000000,0.000000,0.000000,0.000000,0.000000,0.000000,0.000000,0.000000,0.000000,0.000000,0.000000,1,100.000000,,,,,,,,,,,,,,,,,,,,,,
1360,40760,40764,1,Transformer,Closed,Closed,NO,40760,Fixed,NO,40760,NO ,0.000000,0.000100,1.010000,0.990000,Middle,100.000000,765.000000,13.800000,0.000092,0.006900,0.000000,0.000000,0.000000,0.000000,1.000000,1.000000,1.100000,0.900000,0.006250,1.037500,0.000000,0,0.000000,YES,Default,1756.879807,0.000000,0.000000,0.000000,0.000000,0.000000,0.000000,0.000000,0.000000,0.000000,0.000000,0.000000,0.000000,0.000000,0.000000,1,100.000000,,,,,,,,,,,,,,,,,,,,,,
1361,40762,40761,1,Transformer,Closed,Closed,NO,40762,Fixed,NO,40762,NO ,0.000000,0.000100,1.010000,0.990000,Middle,100.000000,115.000000,500.000000,0.000201,0.014483,0.000000,0.000000,0.000000,0.000000,1.000000,1.000000,1.100000,0.900000,0.006250,1.000000,0.000000,0,0.000000,YES,Default,666.981697,0.000000,0.000000,0.000000,0.000000,0.000000,0.000000,0.000000,0.000000,0.000000,0.000000,0.000000,0.000000,0.000000,0.000000,1,100.000000,,,,,,,,,,,,,,,,,,,,,,
1362,40766,40765,1,Transformer,Closed,Closed,NO,40766,Fixed,NO,40766,NO ,0.000000,0.000100,1.010000,0.990000,Middle,100.000000,500.000000,765.000000,0.000123,0.009858,0.000000,0.000000,0.000000,0.000000,1.000000,1.000000,1.100000,0.900000,0.006250,1.000000,0.000000,0,0.000000,YES,Default,1382.145214,0.000000,0.000000,0.000000,0.000000,0.000000,0.000000,0.000000,0.000000,0.000000,0.000000,0.000000,0.000000,0.000000,0.000000,1,100.000000,,,,,,,,,,,,,,,,,,,,,,
1363,40765,40768,1,Transformer,Closed,Closed,NO,40765,Fixed,NO,40765,NO ,0.000000,0.000100,1.010000,0.990000,Middle,100.000000,765.000000,18.000000,0.000124,0.009835,0.000000,0.000000,0.000000,0.000000,1.000000,1.000000,1.100000,0.900000,0.006250,1.000000,0.000000,0,0.000000,YES,Default,1475.684261,0.000000,0.000000,0.000000,0.000000,0.000000,0.000000,0.000000,0.000000,0.000000,0.000000,0.000000,0.000000,0.000000,0.000000,1,100.000000,,,,,,,,,,,,,,,,,,,,,,
1364,40765,40769,1,Transformer,Closed,Closed,NO,40765,Fixed,NO,40765,NO ,0.000000,0.000100,1.010000,0.990000,Middle,100.000000,765.000000,13.800000,0.000081,0.008000,0.000000,0.000000,0.000000,0.000000,1.000000,1.000000,1.100000,0.900000,0.006250,1.000000,0.000000,0,0.000000,YES,Default,1473.917675,0.000000,0.000000,0.000000,0.000000,0.000000,0.000000,0.000000,0.000000,0.000000,0.000000,0.000000,0.000000,0.000000,0.000000,1,100.000000,,,,,,,,,,,,,,,,,,,,,,
1365,40765,40770,1,Transformer,Closed,Closed,NO,40765,Fixed,NO,40765,NO ,0.000000,0.000100,1.010000,0.990000,Middle,100.000000,765.000000,22.000000,0.000093,0.008591,0.000000,0.000000,0.000000,0.000000,1.000000,1.000000,1.100000,0.900000,0.006250,1.000000,0.000000,0,0.000000,YES,Default,1107.555771,0.000000,0.000000,0.000000,0.000000,0.000000,0.000000,0.000000,0.000000,0.000000,0.000000,0.000000,0.000000,0.000000,0.000000,1,100.000000,,,,,,,,,,,,,,,,,,,,,,
1366,40765,40771,1,Transformer,Closed,Closed,NO,40765,Fixed,NO,40765,NO ,0.000000,0.000100,1.010000,0.990000,Middle,100.000000,765.000000,13.800000,0.000206,0.015603,0.000000,0.000000,0.000000,0.000000,1.000000,1.000000,1.100000,0.900000,0.006250,1.000000,0.000000,0,0.000000,YES,Default,975.737762,0.000000,0.000000,0.000000,0.000000,0.000000,0.000000,0.000000,0.000000,0.000000,0.000000,0.000000,0.000000,0.000000,0.000000,1,100.000000,,,,,,,,,,,,,,,,,,,,,,
1367,40765,40772,1,Transformer,Closed,Closed,NO,40765,Fixed,NO,40765,NO ,0.000000,0.000100,1.010000,0.990000,Middle,100.000000,765.000000,13.800000,0.000122,0.010032,0.000000,0.000000,0.000000,0.000000,1.000000,1.000000,1.100000,0.900000,0.006250,1.000000,0.000000,0,0.000000,YES,Default,1142.072964,0.000000,0.000000,0.000000,0.000000,0.000000,0.000000,0.000000,0.000000,0.000000,0.000000,0.000000,0.000000,0.000000,0.000000,1,100.000000,,,,,,,,,,,,,,,,,,,,,,
1368,40765,40773,1,Transformer,Closed,Closed,NO,40765,Fixed,NO,40765,NO ,0.000000,0.000100,1.010000,0.990000,Middle,100.000000,765.000000,18.000000,0.000206,0.015946,0.000000,0.000000,0.000000,0.000000,1.000000,1.000000,1.100000,0.900000,0.006250,1.000000,0.000000,0,0.000000,YES,Default,973.936749,0.000000,0.000000,0.000000,0.000000,0.000000,0.000000,0.000000,0.000000,0.000000,0.000000,0.000000,0.000000,0.000000,0.000000,1,100.000000,,,,,,,,,,,,,,,,,,,,,,
1369,40767,40766,1,Transformer,Closed,Closed,NO,40767,Fixed,NO,40767,NO ,0.000000,0.000100,1.010000,0.990000,Middle,100.000000,115.000000,500.000000,0.000276,0.019482,0.000000,0.000000,0.000000,0.000000,1.000000,1.000000,1.100000,0.900000,0.006250,1.000000,0.000000,0,0.000000,YES,Default,726.375532,0.000000,0.000000,0.000000,0.000000,0.000000,0.000000,0.000000,0.000000,0.000000,0.000000,0.000000,0.000000,0.000000,0.000000,1,100.000000,,,,,,,,,,,,,,,,,,,,,,
1370,40777,40778,1,Transformer,Closed,Closed,NO,40777,Fixed,NO,40777,NO ,0.000000,0.000100,1.010000,0.990000,Middle,100.000000,115.000000,18.000000,0.010937,0.266633,0.000000,0.000000,0.000000,0.000000,1.000000,1.000000,1.100000,0.900000,0.006250,1.000000,0.000000,0,0.000000,YES,Default,89.999998,0.000000,0.000000,0.000000,0.000000,0.000000,0.000000,0.000000,0.000000,0.000000,0.000000,0.000000,0.000000,0.000000,0.000000,1,100.000000,,,,,,,,,,,,,,,,,,,,,,
1371,40777,40779,1,Transformer,Closed,Closed,NO,40777,Fixed,NO,40777,NO ,0.000000,0.000100,1.010000,0.990000,Middle,100.000000,115.000000,13.800000,0.005049,0.139706,0.000000,0.000000,0.000000,0.000000,1.000000,1.000000,1.100000,0.900000,0.006250,1.000000,0.000000,0,0.000000,YES,Default,67.079997,0.000000,0.000000,0.000000,0.000000,0.000000,0.000000,0.000000,0.000000,0.000000,0.000000,0.000000,0.000000,0.000000,0.000000,1,100.000000,,,,,,,,,,,,,,,,,,,,,,
1372,40777,40780,1,Transformer,Closed,Closed,NO,40777,Fixed,NO,40777,NO ,0.000000,0.000100,1.010000,0.990000,Middle,100.000000,115.000000,13.800000,0.006354,0.173205,0.000000,0.000000,0.000000,0.000000,1.000000,1.000000,1.100000,0.900000,0.006250,1.000000,0.000000,0,0.000000,YES,Default,37.591296,0.000000,0.000000,0.000000,0.000000,0.000000,0.000000,0.000000,0.000000,0.000000,0.000000,0.000000,0.000000,0.000000,0.000000,1,100.000000,,,,,,,,,,,,,,,,,,,,,,
1373,40784,40783,1,Transformer,Closed,Closed,NO,40784,LTC,YES,40784,NO ,0.000000,0.000100,1.073000,1.023000,Middle,100.000000,500.000000,765.000000,0.000083,0.006465,0.000000,0.000000,0.000000,0.000000,1.000000,1.000000,1.100000,0.900000,0.006250,1.100000,0.000000,0,0.000000,YES,Default,2207.536125,0.000000,0.000000,0.000000,0.000000,0.000000,0.000000,0.000000,0.000000,0.000000,0.000000,0.000000,0.000000,0.000000,0.000000,1,100.000000,,,,,,,,,,,,,,,,,,,,,,
1374,40784,40783, 2,Transformer,Closed,Closed,NO,40784,LTC,NO,0,NO ,0.000000,0.000100,1.500000,0.510000,Middle,100.000000,500.000000,765.000000,0.000083,0.006465,0.000000,0.000000,0.000000,0.000000,1.000000,1.000000,1.500000,0.510000,0.006250,1.006250,0.000000,0,0.000000,YES,Default,2207.535934,0.000000,0.000000,0.000000,0.000000,0.000000,0.000000,0.000000,0.000000,0.000000,0.000000,0.000000,0.000000,0.000000,0.000000,1,100.000000,,,,,,,,,,,,,,,,,,,,,,
1375,40783,40786,1,Transformer,Closed,Closed,NO,40783,Fixed,NO,40783,NO ,0.000000,0.000100,1.010000,0.990000,Middle,100.000000,765.000000,18.000000,0.000091,0.007498,0.000000,0.000000,0.000000,0.000000,1.000000,1.000000,1.100000,0.900000,0.006250,1.018750,0.000000,0,0.000000,YES,Default,1834.745598,0.000000,0.000000,0.000000,0.000000,0.000000,0.000000,0.000000,0.000000,0.000000,0.000000,0.000000,0.000000,0.000000,0.000000,1,100.000000,,,,,,,,,,,,,,,,,,,,,,
1376,40783,40787,1,Transformer,Closed,Closed,NO,40783,Fixed,NO,40783,NO ,0.000000,0.000100,1.010000,0.990000,Middle,100.000000,765.000000,13.800000,0.000132,0.010434,0.000000,0.000000,0.000000,0.000000,1.000000,1.000000,1.100000,0.900000,0.006250,1.018750,0.000000,0,0.000000,YES,Default,1827.202225,0.000000,0.000000,0.000000,0.000000,0.000000,0.000000,0.000000,0.000000,0.000000,0.000000,0.000000,0.000000,0.000000,0.000000,1,100.000000,,,,,,,,,,,,,,,,,,,,,,
1377,40783,40788,1,Transformer,Closed,Closed,NO,40783,Fixed,NO,40783,NO ,0.000000,0.000100,1.010000,0.990000,Middle,100.000000,765.000000,22.000000,0.000081,0.006112,0.000000,0.000000,0.000000,0.000000,1.000000,1.000000,1.100000,0.900000,0.006250,1.018750,0.000000,0,0.000000,YES,Default,1826.085091,0.000000,0.000000,0.000000,0.000000,0.000000,0.000000,0.000000,0.000000,0.000000,0.000000,0.000000,0.000000,0.000000,0.000000,1,100.000000,,,,,,,,,,,,,,,,,,,,,,
1378,40785,40784,1,Transformer,Closed,Closed,NO,40785,Fixed,NO,40785,NO ,0.000000,0.000100,1.010000,0.990000,Middle,100.000000,115.000000,500.000000,0.000240,0.016162,0.000000,0.000000,0.000000,0.000000,1.000000,1.000000,1.100000,0.900000,0.006250,1.000000,0.000000,0,0.000000,YES,Default,589.538193,0.000000,0.000000,0.000000,0.000000,0.000000,0.000000,0.000000,0.000000,0.000000,0.000000,0.000000,0.000000,0.000000,0.000000,1,100.000000,,,,,,,,,,,,,,,,,,,,,,
1379,40795,40794,1,Transformer,Closed,Closed,NO,40795,Fixed,NO,40795,NO ,0.000000,0.000100,1.010000,0.990000,Middle,100.000000,500.000000,765.000000,0.000121,0.008104,0.000000,0.000000,0.000000,0.000000,1.000000,1.000000,1.100000,0.900000,0.006250,1.000000,0.000000,0,0.000000,YES,Default,1585.619259,0.000000,0.000000,0.000000,0.000000,0.000000,0.000000,0.000000,0.000000,0.000000,0.000000,0.000000,0.000000,0.000000,0.000000,1,100.000000,,,,,,,,,,,,,,,,,,,,,,
1380,40794,40797,1,Transformer,Closed,Closed,NO,40794,Fixed,NO,40794,NO ,0.000000,0.000100,1.010000,0.990000,Middle,100.000000,765.000000,13.800000,0.000102,0.008004,0.000000,0.000000,0.000000,0.000000,1.000000,1.000000,1.100000,0.900000,0.006250,1.000000,0.000000,0,0.000000,YES,Default,1436.693668,0.000000,0.000000,0.000000,0.000000,0.000000,0.000000,0.000000,0.000000,0.000000,0.000000,0.000000,0.000000,0.000000,0.000000,1,100.000000,,,,,,,,,,,,,,,,,,,,,,
1381,40794,40798,1,Transformer,Closed,Closed,NO,40794,Fixed,NO,40794,NO ,0.000000,0.000100,1.010000,0.990000,Middle,100.000000,765.000000,13.800000,0.000093,0.008033,0.000000,0.000000,0.000000,0.000000,1.000000,1.000000,1.100000,0.900000,0.006250,1.000000,0.000000,0,0.000000,YES,Default,1435.150528,0.000000,0.000000,0.000000,0.000000,0.000000,0.000000,0.000000,0.000000,0.000000,0.000000,0.000000,0.000000,0.000000,0.000000,1,100.000000,,,,,,,,,,,,,,,,,,,,,,
1382,40794,40799,1,Transformer,Closed,Closed,NO,40794,Fixed,NO,40794,NO ,0.000000,0.000100,1.010000,0.990000,Middle,100.000000,765.000000,13.800000,0.000079,0.006657,0.000000,0.000000,0.000000,0.000000,1.000000,1.000000,1.100000,0.900000,0.006250,1.000000,0.000000,0,0.000000,YES,Default,1434.983349,0.000000,0.000000,0.000000,0.000000,0.000000,0.000000,0.000000,0.000000,0.000000,0.000000,0.000000,0.000000,0.000000,0.000000,1,100.000000,,,,,,,,,,,,,,,,,,,,,,
1383,40794,40800,1,Transformer,Closed,Closed,NO,40794,Fixed,NO,40794,NO ,0.000000,0.000100,1.010000,0.990000,Middle,100.000000,765.000000,13.800000,0.000158,0.010711,0.000000,0.000000,0.000000,0.000000,1.000000,1.000000,1.100000,0.900000,0.006250,1.000000,0.000000,0,0.000000,YES,Default,1430.105209,0.000000,0.000000,0.000000,0.000000,0.000000,0.000000,0.000000,0.000000,0.000000,0.000000,0.000000,0.000000,0.000000,0.000000,1,100.000000,,,,,,,,,,,,,,,,,,,,,,
1384,40794,40801,1,Transformer,Closed,Closed,NO,40794,Fixed,NO,40794,NO ,0.000000,0.000100,1.010000,0.990000,Middle,100.000000,765.000000,13.800000,0.000078,0.005820,0.000000,0.000000,0.000000,0.000000,1.000000,1.000000,1.100000,0.900000,0.006250,1.000000,0.000000,0,0.000000,YES,Default,1429.120827,0.000000,0.000000,0.000000,0.000000,0.000000,0.000000,0.000000,0.000000,0.000000,0.000000,0.000000,0.000000,0.000000,0.000000,1,100.000000,,,,,,,,,,,,,,,,,,,,,,
1385,40794,40802,1,Transformer,Closed,Closed,NO,40794,Fixed,NO,40794,NO ,0.000000,0.000100,1.010000,0.990000,Middle,100.000000,765.000000,13.800000,0.000117,0.009989,0.000000,0.000000,0.000000,0.000000,1.000000,1.000000,1.100000,0.900000,0.006250,1.000000,0.000000,0,0.000000,YES,Default,1428.302574,0.000000,0.000000,0.000000,0.000000,0.000000,0.000000,0.000000,0.000000,0.000000,0.000000,0.000000,0.000000,0.000000,0.000000,1,100.000000,,,,,,,,,,,,,,,,,,,,,,
1386,40794,40803,1,Transformer,Closed,Closed,NO,40794,Fixed,NO,40794,NO ,0.000000,0.000100,1.010000,0.990000,Middle,100.000000,765.000000,13.800000,0.000119,0.010545,0.000000,0.000000,0.000000,0.000000,1.000000,1.000000,1.100000,0.900000,0.006250,1.000000,0.000000,0,0.000000,YES,Default,1067.547035,0.000000,0.000000,0.000000,0.000000,0.000000,0.000000,0.000000,0.000000,0.000000,0.000000,0.000000,0.000000,0.000000,0.000000,1,100.000000,,,,,,,,,,,,,,,,,,,,,,
1387,40794,40804,1,Transformer,Closed,Closed,NO,40794,Fixed,NO,40794,NO ,0.000000,0.000100,1.010000,0.990000,Middle,100.000000,765.000000,13.800000,0.000113,0.009604,0.000000,0.000000,0.000000,0.000000,1.000000,1.000000,1.100000,0.900000,0.006250,1.000000,0.000000,0,0.000000,YES,Default,1066.367435,0.000000,0.000000,0.000000,0.000000,0.000000,0.000000,0.000000,0.000000,0.000000,0.000000,0.000000,0.000000,0.000000,0.000000,1,100.000000,,,,,,,,,,,,,,,,,,,,,,
1388,40796,40795,1,Transformer,Closed,Closed,NO,40796,Fixed,NO,40796,NO ,0.000000,0.000100,1.010000,0.990000,Middle,100.000000,115.000000,500.000000,0.000157,0.012887,0.000000,0.000000,0.000000,0.000000,1.000000,1.000000,1.100000,0.900000,0.006250,1.000000,0.000000,0,0.000000,YES,Default,1056.681824,0.000000,0.000000,0.000000,0.000000,0.000000,0.000000,0.000000,0.000000,0.000000,0.000000,0.000000,0.000000,0.000000,0.000000,1,100.000000,,,,,,,,,,,,,,,,,,,,,,
1389,40806,40805,1,Transformer,Closed,Closed,NO,40806,Fixed,NO,40806,NO ,0.000000,0.000100,1.010000,0.990000,Middle,100.000000,115.000000,500.000000,0.000303,0.019931,0.000000,0.000000,0.000000,0.000000,1.000000,1.000000,1.100000,0.900000,0.006250,1.012500,0.000000,0,0.000000,YES,Default,816.575432,0.000000,0.000000,0.000000,0.000000,0.000000,0.000000,0.000000,0.000000,0.000000,0.000000,0.000000,0.000000,0.000000,0.000000,1,100.000000,,,,,,,,,,,,,,,,,,,,,,
1390,40807,40808,1,Transformer,Closed,Closed,NO,40807,Fixed,NO,40807,NO ,0.000000,0.000100,1.010000,0.990000,Middle,100.000000,115.000000,13.800000,0.009743,0.206013,0.000000,0.000000,0.000000,0.000000,1.000000,1.000000,1.100000,0.900000,0.006250,0.956250,0.000000,0,0.000000,YES,Default,24.699999,0.000000,0.000000,0.000000,0.000000,0.000000,0.000000,0.000000,0.000000,0.000000,0.000000,0.000000,0.000000,0.000000,0.000000,1,100.000000,,,,,,,,,,,,,,,,,,,,,,
1391,40809,40813,1,Transformer,Closed,Closed,NO,40809,Fixed,NO,40809,NO ,0.000000,0.000100,1.010000,0.990000,Middle,100.000000,500.000000,20.000000,0.000208,0.014682,0.000000,0.000000,0.000000,0.000000,1.000000,1.000000,1.100000,0.900000,0.006250,1.025000,0.000000,0,0.000000,YES,Default,762.224054,0.000000,0.000000,0.000000,0.000000,0.000000,0.000000,0.000000,0.000000,0.000000,0.000000,0.000000,0.000000,0.000000,0.000000,1,100.000000,,,,,,,,,,,,,,,,,,,,,,
1392,40809,40814,1,Transformer,Closed,Closed,NO,40809,Fixed,NO,40809,NO ,0.000000,0.000100,1.010000,0.990000,Middle,100.000000,500.000000,18.000000,0.000152,0.012276,0.000000,0.000000,0.000000,0.000000,1.000000,1.000000,1.100000,0.900000,0.006250,1.025000,0.000000,0,0.000000,YES,Default,758.408737,0.000000,0.000000,0.000000,0.000000,0.000000,0.000000,0.000000,0.000000,0.000000,0.000000,0.000000,0.000000,0.000000,0.000000,1,100.000000,,,,,,,,,,,,,,,,,,,,,,
1393,40809,40815,1,Transformer,Closed,Closed,NO,40809,Fixed,NO,40809,NO ,0.000000,0.000100,1.010000,0.990000,Middle,100.000000,500.000000,13.800000,0.000242,0.018452,0.000000,0.000000,0.000000,0.000000,1.000000,1.000000,1.100000,0.900000,0.006250,1.031250,0.000000,0,0.000000,YES,Default,756.945515,0.000000,0.000000,0.000000,0.000000,0.000000,0.000000,0.000000,0.000000,0.000000,0.000000,0.000000,0.000000,0.000000,0.000000,1,100.000000,,,,,,,,,,,,,,,,,,,,,,
1394,40809,40816,1,Transformer,Closed,Closed,NO,40809,Fixed,NO,40809,NO ,0.000000,0.000100,1.010000,0.990000,Middle,100.000000,500.000000,24.000000,0.000554,0.029423,0.000000,0.000000,0.000000,0.000000,1.000000,1.000000,1.100000,0.900000,0.006250,1.031250,0.000000,0,0.000000,YES,Default,610.065031,0.000000,0.000000,0.000000,0.000000,0.000000,0.000000,0.000000,0.000000,0.000000,0.000000,0.000000,0.000000,0.000000,0.000000,1,100.000000,,,,,,,,,,,,,,,,,,,,,,
1395,40809,40817,1,Transformer,Closed,Closed,NO,40809,Fixed,NO,40809,NO ,0.000000,0.000100,1.010000,0.990000,Middle,100.000000,500.000000,24.000000,0.000247,0.019666,0.000000,0.000000,0.000000,0.000000,1.000000,1.000000,1.100000,0.900000,0.006250,1.025000,0.000000,0,0.000000,YES,Default,601.631737,0.000000,0.000000,0.000000,0.000000,0.000000,0.000000,0.000000,0.000000,0.000000,0.000000,0.000000,0.000000,0.000000,0.000000,1,100.000000,,,,,,,,,,,,,,,,,,,,,,
1396,40809,40818,1,Transformer,Closed,Closed,NO,40809,Fixed,NO,40809,NO ,0.000000,0.000100,1.010000,0.990000,Middle,100.000000,500.000000,20.000000,0.000419,0.034651,0.000000,0.000000,0.000000,0.000000,1.000000,1.000000,1.100000,0.900000,0.006250,1.031250,0.000000,0,0.000000,YES,Default,591.806650,0.000000,0.000000,0.000000,0.000000,0.000000,0.000000,0.000000,0.000000,0.000000,0.000000,0.000000,0.000000,0.000000,0.000000,1,100.000000,,,,,,,,,,,,,,,,,,,,,,
1397,40819,40824,1,Transformer,Closed,Closed,NO,40819,Fixed,NO,40819,NO ,0.000000,0.000100,1.010000,0.990000,Middle,100.000000,765.000000,13.800000,0.000155,0.010326,0.000000,0.000000,0.000000,0.000000,1.000000,1.000000,1.100000,0.900000,0.006250,1.000000,0.000000,0,0.000000,YES,Default,1278.610706,0.000000,0.000000,0.000000,0.000000,0.000000,0.000000,0.000000,0.000000,0.000000,0.000000,0.000000,0.000000,0.000000,0.000000,1,100.000000,,,,,,,,,,,,,,,,,,,,,,
1398,40819,40825,1,Transformer,Closed,Closed,NO,40819,Fixed,NO,40819,NO ,0.000000,0.000100,1.010000,0.990000,Middle,100.000000,765.000000,22.000000,0.000152,0.011223,0.000000,0.000000,0.000000,0.000000,1.000000,1.000000,1.100000,0.900000,0.006250,1.000000,0.000000,0,0.000000,YES,Default,1277.166939,0.000000,0.000000,0.000000,0.000000,0.000000,0.000000,0.000000,0.000000,0.000000,0.000000,0.000000,0.000000,0.000000,0.000000,1,100.000000,,,,,,,,,,,,,,,,,,,,,,
1399,40819,40826,1,Transformer,Closed,Closed,NO,40819,Fixed,NO,40819,NO ,0.000000,0.000100,1.010000,0.990000,Middle,100.000000,765.000000,18.000000,0.000116,0.009887,0.000000,0.000000,0.000000,0.000000,1.000000,1.000000,1.100000,0.900000,0.006250,1.000000,0.000000,0,0.000000,YES,Default,1277.160263,0.000000,0.000000,0.000000,0.000000,0.000000,0.000000,0.000000,0.000000,0.000000,0.000000,0.000000,0.000000,0.000000,0.000000,1,100.000000,,,,,,,,,,,,,,,,,,,,,,
1400,40819,40827,1,Transformer,Closed,Closed,NO,40819,Fixed,NO,40819,NO ,0.000000,0.000100,1.010000,0.990000,Middle,100.000000,765.000000,13.800000,0.000103,0.008799,0.000000,0.000000,0.000000,0.000000,1.000000,1.000000,1.100000,0.900000,0.006250,1.000000,0.000000,0,0.000000,YES,Default,1275.722408,0.000000,0.000000,0.000000,0.000000,0.000000,0.000000,0.000000,0.000000,0.000000,0.000000,0.000000,0.000000,0.000000,0.000000,1,100.000000,,,,,,,,,,,,,,,,,,,,,,
1401,40819,40828,1,Transformer,Closed,Closed,NO,40819,Fixed,NO,40819,NO ,0.000000,0.000100,1.010000,0.990000,Middle,100.000000,765.000000,13.800000,0.000134,0.009334,0.000000,0.000000,0.000000,0.000000,1.000000,1.000000,1.100000,0.900000,0.006250,1.000000,0.000000,0,0.000000,YES,Default,1275.184155,0.000000,0.000000,0.000000,0.000000,0.000000,0.000000,0.000000,0.000000,0.000000,0.000000,0.000000,0.000000,0.000000,0.000000,1,100.000000,,,,,,,,,,,,,,,,,,,,,,
1402,40819,40829,1,Transformer,Closed,Closed,NO,40819,Fixed,NO,40819,NO ,0.000000,0.000100,1.010000,0.990000,Middle,100.000000,765.000000,13.800000,0.000130,0.012482,0.000000,0.000000,0.000000,0.000000,1.000000,1.000000,1.100000,0.900000,0.006250,1.000000,0.000000,0,0.000000,YES,Default,1272.784615,0.000000,0.000000,0.000000,0.000000,0.000000,0.000000,0.000000,0.000000,0.000000,0.000000,0.000000,0.000000,0.000000,0.000000,1,100.000000,,,,,,,,,,,,,,,,,,,,,,
1403,40821,40820,1,Transformer,Closed,Closed,NO,40821,Fixed,NO,40821,NO ,0.000000,0.000100,1.010000,0.990000,Middle,100.000000,115.000000,500.000000,0.000160,0.011964,0.000000,0.000000,0.000000,0.000000,1.000000,1.000000,1.100000,0.900000,0.006250,1.006250,0.000000,0,0.000000,YES,Default,823.701859,0.000000,0.000000,0.000000,0.000000,0.000000,0.000000,0.000000,0.000000,0.000000,0.000000,0.000000,0.000000,0.000000,0.000000,1,100.000000,,,,,,,,,,,,,,,,,,,,,,
1404,40832,40833,1,Transformer,Closed,Closed,NO,40832,Fixed,NO,40832,NO ,0.000000,0.000100,1.010000,0.990000,Middle,100.000000,115.000000,13.800000,0.032759,0.765188,0.000000,0.000000,0.000000,0.000000,1.000000,1.000000,1.100000,0.900000,0.006250,1.000000,0.000000,0,0.000000,YES,Default,11.700000,0.000000,0.000000,0.000000,0.000000,0.000000,0.000000,0.000000,0.000000,0.000000,0.000000,0.000000,0.000000,0.000000,0.000000,1,100.000000,,,,,,,,,,,,,,,,,,,,,,
1405,40835,40836,1,Transformer,Closed,Closed,NO,40835,Fixed,NO,40835,NO ,0.000000,0.000100,1.010000,0.990000,Middle,100.000000,115.000000,13.800000,0.001629,0.039556,0.000000,0.000000,0.000000,0.000000,1.000000,1.000000,1.100000,0.900000,0.006250,1.000000,0.000000,0,0.000000,YES,Default,299.693322,0.000000,0.000000,0.000000,0.000000,0.000000,0.000000,0.000000,0.000000,0.000000,0.000000,0.000000,0.000000,0.000000,0.000000,1,100.000000,,,,,,,,,,,,,,,,,,,,,,
1406,40835,40837,1,Transformer,Closed,Closed,NO,40835,Fixed,NO,40835,NO ,0.000000,0.000100,1.010000,0.990000,Middle,100.000000,115.000000,13.800000,0.001023,0.028654,0.000000,0.000000,0.000000,0.000000,1.000000,1.000000,1.100000,0.900000,0.006250,1.000000,0.000000,0,0.000000,YES,Default,299.693322,0.000000,0.000000,0.000000,0.000000,0.000000,0.000000,0.000000,0.000000,0.000000,0.000000,0.000000,0.000000,0.000000,0.000000,1,100.000000,,,,,,,,,,,,,,,,,,,,,,
1407,40835,40838,1,Transformer,Closed,Closed,NO,40835,Fixed,NO,40835,NO ,0.000000,0.000100,1.010000,0.990000,Middle,100.000000,115.000000,18.000000,0.001767,0.038358,0.000000,0.000000,0.000000,0.000000,1.000000,1.000000,1.100000,0.900000,0.006250,0.993750,0.000000,0,0.000000,YES,Default,299.693322,0.000000,0.000000,0.000000,0.000000,0.000000,0.000000,0.000000,0.000000,0.000000,0.000000,0.000000,0.000000,0.000000,0.000000,1,100.000000,,,,,,,,,,,,,,,,,,,,,,
1408,40841,40840,1,Transformer,Closed,Closed,NO,40841,LTC,YES,40841,NO ,0.000000,0.000100,1.071000,1.021000,Middle,100.000000,500.000000,765.000000,0.000127,0.011287,0.000000,0.000000,0.000000,0.000000,1.000000,1.000000,1.100000,0.900000,0.006250,1.043750,0.000000,0,0.000000,YES,Default,1789.858627,0.000000,0.000000,0.000000,0.000000,0.000000,0.000000,0.000000,0.000000,0.000000,0.000000,0.000000,0.000000,0.000000,0.000000,1,100.000000,,,,,,,,,,,,,,,,,,,,,,
1409,40841,40840,2,Transformer,Closed,Closed,NO,40841,LTC,YES,40841,NO ,0.000000,0.000100,1.071000,1.021000,Middle,100.000000,500.000000,765.000000,0.000127,0.011287,0.000000,0.000000,0.000000,0.000000,1.000000,1.000000,1.100000,0.900000,0.006250,1.043750,0.000000,0,0.000000,YES,Default,1789.858627,0.000000,0.000000,0.000000,0.000000,0.000000,0.000000,0.000000,0.000000,0.000000,0.000000,0.000000,0.000000,0.000000,0.000000,1,100.000000,,,,,,,,,,,,,,,,,,,,,,
1410,40841,40840,3,Transformer,Closed,Closed,NO,40841,LTC,YES,40841,NO ,0.000000,0.000100,1.071000,1.021000,Middle,100.000000,500.000000,765.000000,0.000127,0.011287,0.000000,0.000000,0.000000,0.000000,1.000000,1.000000,1.100000,0.900000,0.006250,1.043750,0.000000,0,0.000000,YES,Default,1789.858627,0.000000,0.000000,0.000000,0.000000,0.000000,0.000000,0.000000,0.000000,0.000000,0.000000,0.000000,0.000000,0.000000,0.000000,1,100.000000,,,,,,,,,,,,,,,,,,,,,,
1411,40840,40843,1,Transformer,Closed,Closed,NO,40840,Fixed,NO,40840,NO ,0.000000,0.000100,1.010000,0.990000,Middle,100.000000,765.000000,13.800000,0.000084,0.006363,0.000000,0.000000,0.000000,0.000000,1.000000,1.000000,1.100000,0.900000,0.006250,1.000000,0.000000,0,0.000000,YES,Default,2106.892204,0.000000,0.000000,0.000000,0.000000,0.000000,0.000000,0.000000,0.000000,0.000000,0.000000,0.000000,0.000000,0.000000,0.000000,1,100.000000,,,,,,,,,,,,,,,,,,,,,,
1412,40840,40844,1,Transformer,Closed,Closed,NO,40840,Fixed,NO,40840,NO ,0.000000,0.000100,1.010000,0.990000,Middle,100.000000,765.000000,13.800000,0.000075,0.005815,0.000000,0.000000,0.000000,0.000000,1.000000,1.000000,1.100000,0.900000,0.006250,1.000000,0.000000,0,0.000000,YES,Default,2092.357063,0.000000,0.000000,0.000000,0.000000,0.000000,0.000000,0.000000,0.000000,0.000000,0.000000,0.000000,0.000000,0.000000,0.000000,1,100.000000,,,,,,,,,,,,,,,,,,,,,,
1413,40840,40845,1,Transformer,Closed,Closed,NO,40840,Fixed,NO,40840,NO ,0.000000,0.000100,1.010000,0.990000,Middle,100.000000,765.000000,18.000000,0.000100,0.008136,0.000000,0.000000,0.000000,0.000000,1.000000,1.000000,1.100000,0.900000,0.006250,1.000000,0.000000,0,0.000000,YES,Default,2004.917145,0.000000,0.000000,0.000000,0.000000,0.000000,0.000000,0.000000,0.000000,0.000000,0.000000,0.000000,0.000000,0.000000,0.000000,1,100.000000,,,,,,,,,,,,,,,,,,,,,,
1414,40842,40841,1,Transformer,Closed,Closed,NO,40842,Fixed,NO,40842,NO ,0.000000,0.000100,1.010000,0.990000,Middle,100.000000,115.000000,500.000000,0.000204,0.014647,0.000000,0.000000,0.000000,0.000000,1.000000,1.000000,1.100000,0.900000,0.006250,1.006250,0.000000,0,0.000000,YES,Default,750.254059,0.000000,0.000000,0.000000,0.000000,0.000000,0.000000,0.000000,0.000000,0.000000,0.000000,0.000000,0.000000,0.000000,0.000000,1,100.000000,,,,,,,,,,,,,,,,,,,,,,
1415,40848,40847,1,Transformer,Closed,Closed,NO,40848,LTC,YES,40848,NO ,0.000000,0.000100,1.074000,1.024000,Middle,100.000000,115.000000,500.000000,0.000344,0.020729,0.000000,0.000000,0.000000,0.000000,1.000000,1.000000,1.100000,0.900000,0.006250,1.006250,0.000000,0,0.000000,YES,Default,200.795555,0.000000,0.000000,0.000000,0.000000,0.000000,0.000000,0.000000,0.000000,0.000000,0.000000,0.000000,0.000000,0.000000,0.000000,1,100.000000,,,,,,,,,,,,,,,,,,,,,,
1416,40847,40849,1,Transformer,Closed,Closed,NO,40847,Fixed,NO,40847,NO ,0.000000,0.000100,1.010000,0.990000,Middle,100.000000,500.000000,13.800000,0.000273,0.017101,0.000000,0.000000,0.000000,0.000000,1.000000,1.000000,1.100000,0.900000,0.006250,1.000000,0.000000,0,0.000000,YES,Default,772.943592,0.000000,0.000000,0.000000,0.000000,0.000000,0.000000,0.000000,0.000000,0.000000,0.000000,0.000000,0.000000,0.000000,0.000000,1,100.000000,,,,,,,,,,,,,,,,,,,,,,
1417,40847,40850,1,Transformer,Closed,Closed,NO,40847,Fixed,NO,40847,NO ,0.000000,0.000100,1.010000,0.990000,Middle,100.000000,500.000000,13.800000,0.000132,0.010131,0.000000,0.000000,0.000000,0.000000,1.000000,1.000000,1.100000,0.900000,0.006250,1.000000,0.000000,0,0.000000,YES,Default,772.326612,0.000000,0.000000,0.000000,0.000000,0.000000,0.000000,0.000000,0.000000,0.000000,0.000000,0.000000,0.000000,0.000000,0.000000,1,100.000000,,,,,,,,,,,,,,,,,,,,,,
1418,40852,40851,1,Transformer,Closed,Closed,NO,40852,LTC,YES,40852,NO ,0.000000,0.000100,1.076000,1.026000,Middle,100.000000,500.000000,765.000000,0.000059,0.005271,0.000000,0.000000,0.000000,0.000000,1.000000,1.000000,1.100000,0.900000,0.006250,1.012500,0.000000,0,0.000000,YES,Default,1607.004356,0.000000,0.000000,0.000000,0.000000,0.000000,0.000000,0.000000,0.000000,0.000000,0.000000,0.000000,0.000000,0.000000,0.000000,1,100.000000,,,,,,,,,,,,,,,,,,,,,,
1419,40852,40851,2,Transformer,Closed,Closed,NO,40852,Fixed,NO,40852,NO ,0.000000,0.000100,1.010000,0.990000,Middle,100.000000,500.000000,765.000000,0.000059,0.005271,0.000000,0.000000,0.000000,0.000000,1.000000,1.000000,1.100000,0.900000,0.006250,1.012500,0.000000,0,0.000000,YES,Default,1607.004356,0.000000,0.000000,0.000000,0.000000,0.000000,0.000000,0.000000,0.000000,0.000000,0.000000,0.000000,0.000000,0.000000,0.000000,1,100.000000,,,,,,,,,,,,,,,,,,,,,,
1420,40852,40851,3,Transformer,Closed,Closed,NO,40852,LTC,YES,40852,NO ,0.000000,0.000100,1.076000,1.026000,Middle,100.000000,500.000000,765.000000,0.000059,0.005271,0.000000,0.000000,0.000000,0.000000,1.000000,1.000000,1.100000,0.900000,0.006250,1.012500,0.000000,0,0.000000,YES,Default,1607.004356,0.000000,0.000000,0.000000,0.000000,0.000000,0.000000,0.000000,0.000000,0.000000,0.000000,0.000000,0.000000,0.000000,0.000000,1,100.000000,,,,,,,,,,,,,,,,,,,,,,
1421,40851,40854,1,Transformer,Closed,Closed,NO,40851,Fixed,NO,40851,NO ,0.000000,0.000100,1.010000,0.990000,Middle,100.000000,765.000000,13.800000,0.000134,0.010184,0.000000,0.000000,0.000000,0.000000,1.000000,1.000000,1.100000,0.900000,0.006250,1.000000,0.000000,0,0.000000,YES,Default,1424.701881,0.000000,0.000000,0.000000,0.000000,0.000000,0.000000,0.000000,0.000000,0.000000,0.000000,0.000000,0.000000,0.000000,0.000000,1,100.000000,,,,,,,,,,,,,,,,,,,,,,
1422,40851,40855,1,Transformer,Closed,Closed,NO,40851,Fixed,NO,40851,NO ,0.000000,0.000100,1.010000,0.990000,Middle,100.000000,765.000000,18.000000,0.000162,0.012107,0.000000,0.000000,0.000000,0.000000,1.000000,1.000000,1.100000,0.900000,0.006250,1.000000,0.000000,0,0.000000,YES,Default,1236.108494,0.000000,0.000000,0.000000,0.000000,0.000000,0.000000,0.000000,0.000000,0.000000,0.000000,0.000000,0.000000,0.000000,0.000000,1,100.000000,,,,,,,,,,,,,,,,,,,,,,
1423,40851,40856,1,Transformer,Closed,Closed,NO,40851,Fixed,NO,40851,NO ,0.000000,0.000100,1.010000,0.990000,Middle,100.000000,765.000000,13.800000,0.000132,0.010342,0.000000,0.000000,0.000000,0.000000,1.000000,1.000000,1.100000,0.900000,0.006250,1.000000,0.000000,0,0.000000,YES,Default,1235.712433,0.000000,0.000000,0.000000,0.000000,0.000000,0.000000,0.000000,0.000000,0.000000,0.000000,0.000000,0.000000,0.000000,0.000000,1,100.000000,,,,,,,,,,,,,,,,,,,,,,
1424,40851,40857,1,Transformer,Closed,Closed,NO,40851,Fixed,NO,40851,NO ,0.000000,0.000100,1.010000,0.990000,Middle,100.000000,765.000000,13.800000,0.000087,0.007875,0.000000,0.000000,0.000000,0.000000,1.000000,1.000000,1.100000,0.900000,0.006250,1.000000,0.000000,0,0.000000,YES,Default,1235.158443,0.000000,0.000000,0.000000,0.000000,0.000000,0.000000,0.000000,0.000000,0.000000,0.000000,0.000000,0.000000,0.000000,0.000000,1,100.000000,,,,,,,,,,,,,,,,,,,,,,
1425,40851,40858,1,Transformer,Closed,Closed,NO,40851,Fixed,NO,40851,NO ,0.000000,0.000100,1.010000,0.990000,Middle,100.000000,765.000000,13.800000,0.000183,0.013043,0.000000,0.000000,0.000000,0.000000,1.000000,1.000000,1.100000,0.900000,0.006250,1.000000,0.000000,0,0.000000,YES,Default,954.158592,0.000000,0.000000,0.000000,0.000000,0.000000,0.000000,0.000000,0.000000,0.000000,0.000000,0.000000,0.000000,0.000000,0.000000,1,100.000000,,,,,,,,,,,,,,,,,,,,,,
1426,40853,40852,1,Transformer,Closed,Closed,NO,40853,LTC,YES,40853,NO ,0.000000,0.000100,1.070000,1.020000,Middle,100.000000,115.000000,500.000000,0.000280,0.018770,0.000000,0.000000,0.000000,0.000000,1.000000,1.000000,1.100000,0.900000,0.006250,1.031250,0.000000,0,0.000000,YES,Default,970.814228,0.000000,0.000000,0.000000,0.000000,0.000000,0.000000,0.000000,0.000000,0.000000,0.000000,0.000000,0.000000,0.000000,0.000000,1,100.000000,,,,,,,,,,,,,,,,,,,,,,
1427,40852,40859,1,Transformer,Closed,Closed,NO,40852,Fixed,NO,40852,NO ,0.000000,0.000100,1.010000,0.990000,Middle,100.000000,500.000000,13.800000,0.000232,0.018374,0.000000,0.000000,0.000000,0.000000,1.000000,1.000000,1.100000,0.900000,0.006250,1.043750,0.000000,0,0.000000,YES,Default,291.051984,0.000000,0.000000,0.000000,0.000000,0.000000,0.000000,0.000000,0.000000,0.000000,0.000000,0.000000,0.000000,0.000000,0.000000,1,100.000000,,,,,,,,,,,,,,,,,,,,,,
1428,40862,40863,1,Transformer,Closed,Closed,NO,40862,Fixed,NO,40862,NO ,0.000000,0.000100,1.010000,0.990000,Middle,100.000000,115.000000,13.800000,0.041392,1.046250,0.000000,0.000000,0.000000,0.000000,1.000000,1.000000,1.100000,0.900000,0.006250,1.043750,0.000000,0,0.000000,YES,Default,11.960000,0.000000,0.000000,0.000000,0.000000,0.000000,0.000000,0.000000,0.000000,0.000000,0.000000,0.000000,0.000000,0.000000,0.000000,1,100.000000,,,,,,,,,,,,,,,,,,,,,,
1429,40867,40866,1,Transformer,Closed,Closed,NO,40867,Fixed,NO,40867,NO ,0.000000,0.000100,1.010000,0.990000,Middle,100.000000,115.000000,500.000000,0.000242,0.017048,0.000000,0.000000,0.000000,0.000000,1.000000,1.000000,1.100000,0.900000,0.006250,1.006250,0.000000,0,0.000000,YES,Default,760.727406,0.000000,0.000000,0.000000,0.000000,0.000000,0.000000,0.000000,0.000000,0.000000,0.000000,0.000000,0.000000,0.000000,0.000000,1,100.000000,,,,,,,,,,,,,,,,,,,,,,
1430,40866,40868,1,Transformer,Closed,Closed,NO,40866,Fixed,NO,40866,NO ,0.000000,0.000100,1.010000,0.990000,Middle,100.000000,500.000000,13.800000,0.000091,0.005785,0.000000,0.000000,0.000000,0.000000,1.000000,1.000000,1.100000,0.900000,0.006250,1.000000,0.000000,0,0.000000,YES,Default,942.048836,0.000000,0.000000,0.000000,0.000000,0.000000,0.000000,0.000000,0.000000,0.000000,0.000000,0.000000,0.000000,0.000000,0.000000,1,100.000000,,,,,,,,,,,,,,,,,,,,,,
1431,40866,40869,1,Transformer,Closed,Closed,NO,40866,Fixed,NO,40866,NO ,0.000000,0.000100,1.010000,0.990000,Middle,100.000000,500.000000,13.800000,0.000197,0.014129,0.000000,0.000000,0.000000,0.000000,1.000000,1.000000,1.100000,0.900000,0.006250,1.000000,0.000000,0,0.000000,YES,Default,925.461197,0.000000,0.000000,0.000000,0.000000,0.000000,0.000000,0.000000,0.000000,0.000000,0.000000,0.000000,0.000000,0.000000,0.000000,1,100.000000,,,,,,,,,,,,,,,,,,,,,,
1432,40866,40870,1,Transformer,Closed,Closed,NO,40866,Fixed,NO,40866,NO ,0.000000,0.000100,1.010000,0.990000,Middle,100.000000,500.000000,18.000000,0.000200,0.014235,0.000000,0.000000,0.000000,0.000000,1.000000,1.000000,1.100000,0.900000,0.006250,1.000000,0.000000,0,0.000000,YES,Default,920.053291,0.000000,0.000000,0.000000,0.000000,0.000000,0.000000,0.000000,0.000000,0.000000,0.000000,0.000000,0.000000,0.000000,0.000000,1,100.000000,,,,,,,,,,,,,,,,,,,,,,
1433,40872,40873,1,Transformer,Closed,Closed,NO,40872,Fixed,NO,40872,NO ,0.000000,0.000100,1.010000,0.990000,Middle,100.000000,115.000000,22.000000,0.015319,0.343157,0.000000,0.000000,0.000000,0.000000,1.000000,1.000000,1.100000,0.900000,0.006250,1.000000,0.000000,0,0.000000,YES,Default,25.999999,0.000000,0.000000,0.000000,0.000000,0.000000,0.000000,0.000000,0.000000,0.000000,0.000000,0.000000,0.000000,0.000000,0.000000,1,100.000000,,,,,,,,,,,,,,,,,,,,,,
1434,40876,40875,1,Transformer,Closed,Closed,NO,40876,Fixed,NO,40876,NO ,0.000000,0.000100,1.010000,0.990000,Middle,100.000000,500.000000,765.000000,0.000127,0.009748,0.000000,0.000000,0.000000,0.000000,1.000000,1.000000,1.100000,0.900000,0.006250,1.000000,0.000000,0,0.000000,YES,Default,1503.136444,0.000000,0.000000,0.000000,0.000000,0.000000,0.000000,0.000000,0.000000,0.000000,0.000000,0.000000,0.000000,0.000000,0.000000,1,100.000000,,,,,,,,,,,,,,,,,,,,,,
1435,40875,40878,1,Transformer,Closed,Closed,NO,40875,Fixed,NO,40875,NO ,0.000000,0.000100,1.010000,0.990000,Middle,100.000000,765.000000,13.800000,0.000123,0.009446,0.000000,0.000000,0.000000,0.000000,1.000000,1.000000,1.100000,0.900000,0.006250,1.018750,0.000000,0,0.000000,YES,Default,1769.127274,0.000000,0.000000,0.000000,0.000000,0.000000,0.000000,0.000000,0.000000,0.000000,0.000000,0.000000,0.000000,0.000000,0.000000,1,100.000000,,,,,,,,,,,,,,,,,,,,,,
1436,40875,40879,1,Transformer,Closed,Closed,NO,40875,Fixed,NO,40875,NO ,0.000000,0.000100,1.010000,0.990000,Middle,100.000000,765.000000,13.800000,0.000082,0.006691,0.000000,0.000000,0.000000,0.000000,1.000000,1.000000,1.100000,0.900000,0.006250,1.000000,0.000000,0,0.000000,YES,Default,1764.556694,0.000000,0.000000,0.000000,0.000000,0.000000,0.000000,0.000000,0.000000,0.000000,0.000000,0.000000,0.000000,0.000000,0.000000,1,100.000000,,,,,,,,,,,,,,,,,,,,,,
1437,40875,40880,1,Transformer,Closed,Closed,NO,40875,Fixed,NO,40875,NO ,0.000000,0.000100,1.010000,0.990000,Middle,100.000000,765.000000,22.000000,0.000083,0.006501,0.000000,0.000000,0.000000,0.000000,1.000000,1.000000,1.100000,0.900000,0.006250,1.018750,0.000000,0,0.000000,YES,Default,1763.547516,0.000000,0.000000,0.000000,0.000000,0.000000,0.000000,0.000000,0.000000,0.000000,0.000000,0.000000,0.000000,0.000000,0.000000,1,100.000000,,,,,,,,,,,,,,,,,,,,,,
1438,40875,40881,1,Transformer,Closed,Closed,NO,40875,Fixed,NO,40875,NO ,0.000000,0.000100,1.010000,0.990000,Middle,100.000000,765.000000,13.200000,0.000111,0.008277,0.000000,0.000000,0.000000,0.000000,1.000000,1.000000,1.100000,0.900000,0.006250,1.018750,0.000000,0,0.000000,YES,Default,1762.458611,0.000000,0.000000,0.000000,0.000000,0.000000,0.000000,0.000000,0.000000,0.000000,0.000000,0.000000,0.000000,0.000000,0.000000,1,100.000000,,,,,,,,,,,,,,,,,,,,,,
1439,40877,40876,1,Transformer,Closed,Closed,NO,40877,Fixed,NO,40877,NO ,0.000000,0.000100,1.010000,0.990000,Middle,100.000000,115.000000,500.000000,0.000184,0.012522,0.000000,0.000000,0.000000,0.000000,1.000000,1.000000,1.100000,0.900000,0.006250,1.000000,0.000000,0,0.000000,YES,Default,686.963129,0.000000,0.000000,0.000000,0.000000,0.000000,0.000000,0.000000,0.000000,0.000000,0.000000,0.000000,0.000000,0.000000,0.000000,1,100.000000,,,,,,,,,,,,,,,,,,,,,,
1440,40883,40884,1,Transformer,Closed,Closed,NO,40883,Fixed,NO,40883,NO ,0.000000,0.000100,1.010000,0.990000,Middle,100.000000,115.000000,13.800000,0.001240,0.032337,0.000000,0.000000,0.000000,0.000000,1.000000,1.000000,1.100000,0.900000,0.006250,1.000000,0.000000,0,0.000000,YES,Default,268.233323,0.000000,0.000000,0.000000,0.000000,0.000000,0.000000,0.000000,0.000000,0.000000,0.000000,0.000000,0.000000,0.000000,0.000000,1,100.000000,,,,,,,,,,,,,,,,,,,,,,
1441,40883,40885,1,Transformer,Closed,Closed,NO,40883,Fixed,NO,40883,NO ,0.000000,0.000100,1.010000,0.990000,Middle,100.000000,115.000000,18.000000,0.002132,0.049311,0.000000,0.000000,0.000000,0.000000,1.000000,1.000000,1.100000,0.900000,0.006250,1.000000,0.000000,0,0.000000,YES,Default,268.233323,0.000000,0.000000,0.000000,0.000000,0.000000,0.000000,0.000000,0.000000,0.000000,0.000000,0.000000,0.000000,0.000000,0.000000,1,100.000000,,,,,,,,,,,,,,,,,,,,,,
1442,40883,40886,1,Transformer,Closed,Closed,NO,40883,Fixed,NO,40883,NO ,0.000000,0.000100,1.010000,0.990000,Middle,100.000000,115.000000,13.800000,0.001465,0.046605,0.000000,0.000000,0.000000,0.000000,1.000000,1.000000,1.100000,0.900000,0.006250,1.000000,0.000000,0,0.000000,YES,Default,268.233323,0.000000,0.000000,0.000000,0.000000,0.000000,0.000000,0.000000,0.000000,0.000000,0.000000,0.000000,0.000000,0.000000,0.000000,1,100.000000,,,,,,,,,,,,,,,,,,,,,,
1443,40883,40887,1,Transformer,Closed,Closed,NO,40883,Fixed,NO,40883,NO ,0.000000,0.000100,1.010000,0.990000,Middle,100.000000,115.000000,13.800000,0.002333,0.061530,0.000000,0.000000,0.000000,0.000000,1.000000,1.000000,1.100000,0.900000,0.006250,1.000000,0.000000,0,0.000000,YES,Default,268.233323,0.000000,0.000000,0.000000,0.000000,0.000000,0.000000,0.000000,0.000000,0.000000,0.000000,0.000000,0.000000,0.000000,0.000000,1,100.000000,,,,,,,,,,,,,,,,,,,,,,
1444,40883,40888,1,Transformer,Closed,Closed,NO,40883,Fixed,NO,40883,NO ,0.000000,0.000100,1.010000,0.990000,Middle,100.000000,115.000000,13.800000,0.001494,0.043889,0.000000,0.000000,0.000000,0.000000,1.000000,1.000000,1.100000,0.900000,0.006250,1.000000,0.000000,0,0.000000,YES,Default,268.233323,0.000000,0.000000,0.000000,0.000000,0.000000,0.000000,0.000000,0.000000,0.000000,0.000000,0.000000,0.000000,0.000000,0.000000,1,100.000000,,,,,,,,,,,,,,,,,,,,,,
1445,40883,40889,1,Transformer,Closed,Closed,NO,40883,Fixed,NO,40883,NO ,0.000000,0.000100,1.010000,0.990000,Middle,100.000000,115.000000,13.800000,0.001752,0.045049,0.000000,0.000000,0.000000,0.000000,1.000000,1.000000,1.100000,0.900000,0.006250,1.000000,0.000000,0,0.000000,YES,Default,268.233323,0.000000,0.000000,0.000000,0.000000,0.000000,0.000000,0.000000,0.000000,0.000000,0.000000,0.000000,0.000000,0.000000,0.000000,1,100.000000,,,,,,,,,,,,,,,,,,,,,,
1446,40891,40890,1,Transformer,Closed,Closed,NO,40891,Fixed,NO,40891,NO ,0.000000,0.000100,1.010000,0.990000,Middle,100.000000,115.000000,500.000000,0.000122,0.009162,0.000000,0.000000,0.000000,0.000000,1.000000,1.000000,1.100000,0.900000,0.006250,1.000000,0.000000,0,0.000000,YES,Default,913.716984,0.000000,0.000000,0.000000,0.000000,0.000000,0.000000,0.000000,0.000000,0.000000,0.000000,0.000000,0.000000,0.000000,0.000000,1,100.000000,,,,,,,,,,,,,,,,,,,,,,
1447,40890,40892,1,Transformer,Closed,Closed,NO,40890,Fixed,NO,40890,NO ,0.000000,0.000100,1.010000,0.990000,Middle,100.000000,500.000000,22.000000,0.000168,0.012498,0.000000,0.000000,0.000000,0.000000,1.000000,1.000000,1.100000,0.900000,0.006250,1.000000,0.000000,0,0.000000,YES,Default,704.237604,0.000000,0.000000,0.000000,0.000000,0.000000,0.000000,0.000000,0.000000,0.000000,0.000000,0.000000,0.000000,0.000000,0.000000,1,100.000000,,,,,,,,,,,,,,,,,,,,,,
1448,40890,40893,1,Transformer,Closed,Closed,NO,40890,Fixed,NO,40890,NO ,0.000000,0.000100,1.010000,0.990000,Middle,100.000000,500.000000,13.800000,0.000254,0.018961,0.000000,0.000000,0.000000,0.000000,1.000000,1.000000,1.100000,0.900000,0.006250,1.000000,0.000000,0,0.000000,YES,Default,697.180748,0.000000,0.000000,0.000000,0.000000,0.000000,0.000000,0.000000,0.000000,0.000000,0.000000,0.000000,0.000000,0.000000,0.000000,1,100.000000,,,,,,,,,,,,,,,,,,,,,,
1449,40890,40894,1,Transformer,Closed,Closed,NO,40890,Fixed,NO,40890,NO ,0.000000,0.000100,1.010000,0.990000,Middle,100.000000,500.000000,24.000000,0.000177,0.013309,0.000000,0.000000,0.000000,0.000000,1.000000,1.000000,1.100000,0.900000,0.006250,1.000000,0.000000,0,0.000000,YES,Default,688.444948,0.000000,0.000000,0.000000,0.000000,0.000000,0.000000,0.000000,0.000000,0.000000,0.000000,0.000000,0.000000,0.000000,0.000000,1,100.000000,,,,,,,,,,,,,,,,,,,,,,
1450,40890,40895,1,Transformer,Closed,Closed,NO,40890,Fixed,NO,40890,NO ,0.000000,0.000100,1.010000,0.990000,Middle,100.000000,500.000000,13.800000,0.000147,0.010548,0.000000,0.000000,0.000000,0.000000,1.000000,1.000000,1.100000,0.900000,0.006250,1.000000,0.000000,0,0.000000,YES,Default,687.284231,0.000000,0.000000,0.000000,0.000000,0.000000,0.000000,0.000000,0.000000,0.000000,0.000000,0.000000,0.000000,0.000000,0.000000,1,100.000000,,,,,,,,,,,,,,,,,,,,,,
1451,40890,40896,1,Transformer,Closed,Closed,NO,40890,Fixed,NO,40890,NO ,0.000000,0.000100,1.010000,0.990000,Middle,100.000000,500.000000,18.000000,0.000225,0.013491,0.000000,0.000000,0.000000,0.000000,1.000000,1.000000,1.100000,0.900000,0.006250,1.000000,0.000000,0,0.000000,YES,Default,685.327864,0.000000,0.000000,0.000000,0.000000,0.000000,0.000000,0.000000,0.000000,0.000000,0.000000,0.000000,0.000000,0.000000,0.000000,1,100.000000,,,,,,,,,,,,,,,,,,,,,,
1452,40890,40897,1,Transformer,Closed,Closed,NO,40890,Fixed,NO,40890,NO ,0.000000,0.000100,1.010000,0.990000,Middle,100.000000,500.000000,18.000000,0.000163,0.012026,0.000000,0.000000,0.000000,0.000000,1.000000,1.000000,1.100000,0.900000,0.006250,1.000000,0.000000,0,0.000000,YES,Default,684.915972,0.000000,0.000000,0.000000,0.000000,0.000000,0.000000,0.000000,0.000000,0.000000,0.000000,0.000000,0.000000,0.000000,0.000000,1,100.000000,,,,,,,,,,,,,,,,,,,,,,
1453,40899,40898,1,Transformer,Closed,Closed,NO,40899,LTC,YES,40899,NO ,0.000000,0.000100,1.071000,1.021000,Middle,100.000000,500.000000,765.000000,0.000120,0.009102,0.000000,0.000000,0.000000,0.000000,1.000000,1.000000,1.100000,0.900000,0.006250,1.018750,0.000000,0,0.000000,YES,Default,1775.273705,0.000000,0.000000,0.000000,0.000000,0.000000,0.000000,0.000000,0.000000,0.000000,0.000000,0.000000,0.000000,0.000000,0.000000,1,100.000000,,,,,,,,,,,,,,,,,,,,,,
1454,40899,40898,2,Transformer,Closed,Closed,NO,40899,Fixed,NO,40899,NO ,0.000000,0.000100,1.010000,0.990000,Middle,100.000000,500.000000,765.000000,0.000120,0.009102,0.000000,0.000000,0.000000,0.000000,1.000000,1.000000,1.100000,0.900000,0.006250,1.018750,0.000000,0,0.000000,YES,Default,1775.273705,0.000000,0.000000,0.000000,0.000000,0.000000,0.000000,0.000000,0.000000,0.000000,0.000000,0.000000,0.000000,0.000000,0.000000,1,100.000000,,,,,,,,,,,,,,,,,,,,,,
1455,40899,40898,3,Transformer,Closed,Closed,NO,40899,Fixed,NO,40899,NO ,0.000000,0.000100,1.010000,0.990000,Middle,100.000000,500.000000,765.000000,0.000120,0.009102,0.000000,0.000000,0.000000,0.000000,1.000000,1.000000,1.100000,0.900000,0.006250,1.018750,0.000000,0,0.000000,YES,Default,1775.273705,0.000000,0.000000,0.000000,0.000000,0.000000,0.000000,0.000000,0.000000,0.000000,0.000000,0.000000,0.000000,0.000000,0.000000,1,100.000000,,,,,,,,,,,,,,,,,,,,,,
1456,40898,40903,1,Transformer,Closed,Closed,NO,40898,Fixed,NO,40898,NO ,0.000000,0.000100,1.010000,0.990000,Middle,100.000000,765.000000,13.800000,0.000146,0.009959,0.000000,0.000000,0.000000,0.000000,1.000000,1.000000,1.100000,0.900000,0.006250,0.987500,0.000000,0,0.000000,YES,Default,1544.802952,0.000000,0.000000,0.000000,0.000000,0.000000,0.000000,0.000000,0.000000,0.000000,0.000000,0.000000,0.000000,0.000000,0.000000,1,100.000000,,,,,,,,,,,,,,,,,,,,,,
1457,40898,40904,1,Transformer,Closed,Closed,NO,40898,Fixed,NO,40898,NO ,0.000000,0.000100,1.010000,0.990000,Middle,100.000000,765.000000,13.800000,0.000060,0.004079,0.000000,0.000000,0.000000,0.000000,1.000000,1.000000,1.100000,0.900000,0.006250,0.987500,0.000000,0,0.000000,YES,Default,1543.396378,0.000000,0.000000,0.000000,0.000000,0.000000,0.000000,0.000000,0.000000,0.000000,0.000000,0.000000,0.000000,0.000000,0.000000,1,100.000000,,,,,,,,,,,,,,,,,,,,,,
1458,40898,40905,1,Transformer,Closed,Closed,NO,40898,Fixed,NO,40898,NO ,0.000000,0.000100,1.010000,0.990000,Middle,100.000000,765.000000,13.800000,0.000111,0.008607,0.000000,0.000000,0.000000,0.000000,1.000000,1.000000,1.100000,0.900000,0.006250,0.987500,0.000000,0,0.000000,YES,Default,1542.479229,0.000000,0.000000,0.000000,0.000000,0.000000,0.000000,0.000000,0.000000,0.000000,0.000000,0.000000,0.000000,0.000000,0.000000,1,100.000000,,,,,,,,,,,,,,,,,,,,,,
1459,40898,40906,1,Transformer,Closed,Closed,NO,40898,Fixed,NO,40898,NO ,0.000000,0.000100,1.010000,0.990000,Middle,100.000000,765.000000,18.000000,0.000114,0.009083,0.000000,0.000000,0.000000,0.000000,1.000000,1.000000,1.100000,0.900000,0.006250,0.987500,0.000000,0,0.000000,YES,Default,1540.686989,0.000000,0.000000,0.000000,0.000000,0.000000,0.000000,0.000000,0.000000,0.000000,0.000000,0.000000,0.000000,0.000000,0.000000,1,100.000000,,,,,,,,,,,,,,,,,,,,,,
1460,40898,40907,1,Transformer,Closed,Closed,NO,40898,Fixed,NO,40898,NO ,0.000000,0.000100,1.010000,0.990000,Middle,100.000000,765.000000,20.000000,0.000077,0.006219,0.000000,0.000000,0.000000,0.000000,1.000000,1.000000,1.100000,0.900000,0.006250,0.987500,0.000000,0,0.000000,YES,Default,1540.510750,0.000000,0.000000,0.000000,0.000000,0.000000,0.000000,0.000000,0.000000,0.000000,0.000000,0.000000,0.000000,0.000000,0.000000,1,100.000000,,,,,,,,,,,,,,,,,,,,,,
1461,40898,40908,1,Transformer,Closed,Closed,NO,40898,Fixed,NO,40898,NO ,0.000000,0.000100,1.010000,0.990000,Middle,100.000000,765.000000,24.000000,0.000088,0.007267,0.000000,0.000000,0.000000,0.000000,1.000000,1.000000,1.100000,0.900000,0.006250,0.987500,0.000000,0,0.000000,YES,Default,1538.185978,0.000000,0.000000,0.000000,0.000000,0.000000,0.000000,0.000000,0.000000,0.000000,0.000000,0.000000,0.000000,0.000000,0.000000,1,100.000000,,,,,,,,,,,,,,,,,,,,,,
1462,40910,40909,1,Transformer,Closed,Closed,NO,40910,LTC,YES,40910,NO ,0.000000,0.000100,1.075000,1.025000,Middle,100.000000,500.000000,765.000000,0.000118,0.009529,0.000000,0.000000,0.000000,0.000000,1.000000,1.000000,1.100000,0.900000,0.006250,1.006250,0.000000,0,0.000000,YES,Default,1490.525436,0.000000,0.000000,0.000000,0.000000,0.000000,0.000000,0.000000,0.000000,0.000000,0.000000,0.000000,0.000000,0.000000,0.000000,1,100.000000,,,,,,,,,,,,,,,,,,,,,,
1463,40909,40912,1,Transformer,Closed,Closed,NO,40909,Fixed,NO,40909,NO ,0.000000,0.000100,1.010000,0.990000,Middle,100.000000,765.000000,13.800000,0.000106,0.007634,0.000000,0.000000,0.000000,0.000000,1.000000,1.000000,1.100000,0.900000,0.006250,1.062500,0.000000,0,0.000000,YES,Default,1536.335278,0.000000,0.000000,0.000000,0.000000,0.000000,0.000000,0.000000,0.000000,0.000000,0.000000,0.000000,0.000000,0.000000,0.000000,1,100.000000,,,,,,,,,,,,,,,,,,,,,,
1464,40909,40913,1,Transformer,Closed,Closed,NO,40909,Fixed,NO,40909,NO ,0.000000,0.000100,1.010000,0.990000,Middle,100.000000,765.000000,13.800000,0.000066,0.005323,0.000000,0.000000,0.000000,0.000000,1.000000,1.000000,1.100000,0.900000,0.006250,1.056250,0.000000,0,0.000000,YES,Default,1536.321259,0.000000,0.000000,0.000000,0.000000,0.000000,0.000000,0.000000,0.000000,0.000000,0.000000,0.000000,0.000000,0.000000,0.000000,1,100.000000,,,,,,,,,,,,,,,,,,,,,,
1465,40909,40914,1,Transformer,Closed,Closed,NO,40909,Fixed,NO,40909,NO ,0.000000,0.000100,1.010000,0.990000,Middle,100.000000,765.000000,18.000000,0.000095,0.008367,0.000000,0.000000,0.000000,0.000000,1.000000,1.000000,1.100000,0.900000,0.006250,1.000000,0.000000,0,0.000000,YES,Default,1535.891438,0.000000,0.000000,0.000000,0.000000,0.000000,0.000000,0.000000,0.000000,0.000000,0.000000,0.000000,0.000000,0.000000,0.000000,1,100.000000,,,,,,,,,,,,,,,,,,,,,,
1466,40909,40915,1,Transformer,Closed,Closed,NO,40909,Fixed,NO,40909,NO ,0.000000,0.000100,1.010000,0.990000,Middle,100.000000,765.000000,22.000000,0.000050,0.004721,0.000000,0.000000,0.000000,0.000000,1.000000,1.000000,1.100000,0.900000,0.006250,1.056250,0.000000,0,0.000000,YES,Default,1533.609390,0.000000,0.000000,0.000000,0.000000,0.000000,0.000000,0.000000,0.000000,0.000000,0.000000,0.000000,0.000000,0.000000,0.000000,1,100.000000,,,,,,,,,,,,,,,,,,,,,,
1467,40909,40916,1,Transformer,Closed,Closed,NO,40909,Fixed,NO,40909,NO ,0.000000,0.000100,1.010000,0.990000,Middle,100.000000,765.000000,13.800000,0.000065,0.005340,0.000000,0.000000,0.000000,0.000000,1.000000,1.000000,1.100000,0.900000,0.006250,1.056250,0.000000,0,0.000000,YES,Default,1533.528996,0.000000,0.000000,0.000000,0.000000,0.000000,0.000000,0.000000,0.000000,0.000000,0.000000,0.000000,0.000000,0.000000,0.000000,1,100.000000,,,,,,,,,,,,,,,,,,,,,,
1468,40909,40917,1,Transformer,Closed,Closed,NO,40909,Fixed,NO,40909,NO ,0.000000,0.000100,1.010000,0.990000,Middle,100.000000,765.000000,18.000000,0.000060,0.005487,0.000000,0.000000,0.000000,0.000000,1.000000,1.000000,1.100000,0.900000,0.006250,1.056250,0.000000,0,0.000000,YES,Default,1531.933498,0.000000,0.000000,0.000000,0.000000,0.000000,0.000000,0.000000,0.000000,0.000000,0.000000,0.000000,0.000000,0.000000,0.000000,1,100.000000,,,,,,,,,,,,,,,,,,,,,,
1469,40911,40910,1,Transformer,Closed,Closed,NO,40911,Fixed,NO,40911,NO ,0.000000,0.000100,1.010000,0.990000,Middle,100.000000,115.000000,500.000000,0.000274,0.013880,0.000000,0.000000,0.000000,0.000000,1.000000,1.000000,1.100000,0.900000,0.006250,1.000000,0.000000,0,0.000000,YES,Default,524.998999,0.000000,0.000000,0.000000,0.000000,0.000000,0.000000,0.000000,0.000000,0.000000,0.000000,0.000000,0.000000,0.000000,0.000000,1,100.000000,,,,,,,,,,,,,,,,,,,,,,
1470,40920,40921,1,Transformer,Closed,Closed,NO,40920,Fixed,NO,40920,NO ,0.000000,0.000100,1.010000,0.990000,Middle,100.000000,115.000000,13.800000,0.032728,0.696868,0.000000,0.000000,0.000000,0.000000,1.000000,1.000000,1.100000,0.900000,0.006250,1.025000,0.000000,0,0.000000,YES,Default,13.000000,0.000000,0.000000,0.000000,0.000000,0.000000,0.000000,0.000000,0.000000,0.000000,0.000000,0.000000,0.000000,0.000000,0.000000,1,100.000000,,,,,,,,,,,,,,,,,,,,,,
1471,40923,40922,1,Transformer,Closed,Closed,NO,40923,LTC,YES,40923,NO ,0.000000,0.000100,1.078000,1.028000,Middle,100.000000,115.000000,500.000000,0.000173,0.014437,0.000000,0.000000,0.000000,0.000000,1.000000,1.000000,1.100000,0.900000,0.006250,1.031250,0.000000,0,0.000000,YES,Default,582.526779,0.000000,0.000000,0.000000,0.000000,0.000000,0.000000,0.000000,0.000000,0.000000,0.000000,0.000000,0.000000,0.000000,0.000000,1,100.000000,,,,,,,,,,,,,,,,,,,,,,
1472,40922,40924,1,Transformer,Closed,Closed,NO,40922,Fixed,NO,40922,NO ,0.000000,0.000100,1.010000,0.990000,Middle,100.000000,500.000000,18.000000,0.000186,0.009891,0.000000,0.000000,0.000000,0.000000,1.000000,1.000000,1.100000,0.900000,0.006250,1.000000,0.000000,0,0.000000,YES,Default,999.454117,0.000000,0.000000,0.000000,0.000000,0.000000,0.000000,0.000000,0.000000,0.000000,0.000000,0.000000,0.000000,0.000000,0.000000,1,100.000000,,,,,,,,,,,,,,,,,,,,,,
1473,40922,40925,1,Transformer,Closed,Closed,NO,40922,Fixed,NO,40922,NO ,0.000000,0.000100,1.010000,0.990000,Middle,100.000000,500.000000,13.800000,0.000185,0.013290,0.000000,0.000000,0.000000,0.000000,1.000000,1.000000,1.100000,0.900000,0.006250,1.000000,0.000000,0,0.000000,YES,Default,998.597336,0.000000,0.000000,0.000000,0.000000,0.000000,0.000000,0.000000,0.000000,0.000000,0.000000,0.000000,0.000000,0.000000,0.000000,1,100.000000,,,,,,,,,,,,,,,,,,,,,,
1474,40922,40926,1,Transformer,Closed,Closed,NO,40922,Fixed,NO,40922,NO ,0.000000,0.000100,1.010000,0.990000,Middle,100.000000,500.000000,13.800000,0.000176,0.013179,0.000000,0.000000,0.000000,0.000000,1.000000,1.000000,1.100000,0.900000,0.006250,1.000000,0.000000,0,0.000000,YES,Default,997.770691,0.000000,0.000000,0.000000,0.000000,0.000000,0.000000,0.000000,0.000000,0.000000,0.000000,0.000000,0.000000,0.000000,0.000000,1,100.000000,,,,,,,,,,,,,,,,,,,,,,
1475,40922,40927,1,Transformer,Closed,Closed,NO,40922,Fixed,NO,40922,NO ,0.000000,0.000100,1.010000,0.990000,Middle,100.000000,500.000000,13.800000,0.000125,0.009315,0.000000,0.000000,0.000000,0.000000,1.000000,1.000000,1.100000,0.900000,0.006250,1.000000,0.000000,0,0.000000,YES,Default,982.077980,0.000000,0.000000,0.000000,0.000000,0.000000,0.000000,0.000000,0.000000,0.000000,0.000000,0.000000,0.000000,0.000000,0.000000,1,100.000000,,,,,,,,,,,,,,,,,,,,,,
1476,40922,40928,1,Transformer,Closed,Closed,NO,40922,Fixed,NO,40922,NO ,0.000000,0.000100,1.010000,0.990000,Middle,100.000000,500.000000,13.800000,0.000249,0.014804,0.000000,0.000000,0.000000,0.000000,1.000000,1.000000,1.100000,0.900000,0.006250,1.000000,0.000000,0,0.000000,YES,Default,981.557941,0.000000,0.000000,0.000000,0.000000,0.000000,0.000000,0.000000,0.000000,0.000000,0.000000,0.000000,0.000000,0.000000,0.000000,1,100.000000,,,,,,,,,,,,,,,,,,,,,,
1477,40922,40929,1,Transformer,Closed,Closed,NO,40922,Fixed,NO,40922,NO ,0.000000,0.000100,1.010000,0.990000,Middle,100.000000,500.000000,18.000000,0.000197,0.015222,0.000000,0.000000,0.000000,0.000000,1.000000,1.000000,1.100000,0.900000,0.006250,1.000000,0.000000,0,0.000000,YES,Default,977.640629,0.000000,0.000000,0.000000,0.000000,0.000000,0.000000,0.000000,0.000000,0.000000,0.000000,0.000000,0.000000,0.000000,0.000000,1,100.000000,,,,,,,,,,,,,,,,,,,,,,
1478,40932,40931,1,Transformer,Closed,Closed,NO,40932,Fixed,NO,40932,NO ,0.000000,0.000100,1.010000,0.990000,Middle,100.000000,500.000000,765.000000,0.000136,0.011350,0.000000,0.000000,0.000000,0.000000,1.000000,1.000000,1.100000,0.900000,0.006250,1.000000,0.000000,0,0.000000,YES,Default,1437.540913,0.000000,0.000000,0.000000,0.000000,0.000000,0.000000,0.000000,0.000000,0.000000,0.000000,0.000000,0.000000,0.000000,0.000000,1,100.000000,,,,,,,,,,,,,,,,,,,,,,
1479,40931,40934,1,Transformer,Closed,Closed,NO,40931,Fixed,NO,40931,NO ,0.000000,0.000100,1.010000,0.990000,Middle,100.000000,765.000000,13.800000,0.000053,0.004838,0.000000,0.000000,0.000000,0.000000,1.000000,1.000000,1.100000,0.900000,0.006250,1.018750,0.000000,0,0.000000,YES,Default,1637.522507,0.000000,0.000000,0.000000,0.000000,0.000000,0.000000,0.000000,0.000000,0.000000,0.000000,0.000000,0.000000,0.000000,0.000000,1,100.000000,,,,,,,,,,,,,,,,,,,,,,
1480,40931,40935,1,Transformer,Closed,Closed,NO,40931,Fixed,NO,40931,NO ,0.000000,0.000100,1.010000,0.990000,Middle,100.000000,765.000000,13.800000,0.000100,0.008303,0.000000,0.000000,0.000000,0.000000,1.000000,1.000000,1.100000,0.900000,0.006250,1.025000,0.000000,0,0.000000,YES,Default,1630.068016,0.000000,0.000000,0.000000,0.000000,0.000000,0.000000,0.000000,0.000000,0.000000,0.000000,0.000000,0.000000,0.000000,0.000000,1,100.000000,,,,,,,,,,,,,,,,,,,,,,
1481,40931,40936,1,Transformer,Closed,Closed,NO,40931,Fixed,NO,40931,NO ,0.000000,0.000100,1.010000,0.990000,Middle,100.000000,765.000000,13.800000,0.000103,0.007988,0.000000,0.000000,0.000000,0.000000,1.000000,1.000000,1.100000,0.900000,0.006250,1.025000,0.000000,0,0.000000,YES,Default,1630.058479,0.000000,0.000000,0.000000,0.000000,0.000000,0.000000,0.000000,0.000000,0.000000,0.000000,0.000000,0.000000,0.000000,0.000000,1,100.000000,,,,,,,,,,,,,,,,,,,,,,
1482,40931,40937,1,Transformer,Closed,Closed,NO,40931,Fixed,NO,40931,NO ,0.000000,0.000100,1.010000,0.990000,Middle,100.000000,765.000000,13.800000,0.000078,0.006253,0.000000,0.000000,0.000000,0.000000,1.000000,1.000000,1.100000,0.900000,0.006250,1.018750,0.000000,0,0.000000,YES,Default,1629.930687,0.000000,0.000000,0.000000,0.000000,0.000000,0.000000,0.000000,0.000000,0.000000,0.000000,0.000000,0.000000,0.000000,0.000000,1,100.000000,,,,,,,,,,,,,,,,,,,,,,
1483,40933,40932,1,Transformer,Closed,Closed,NO,40933,Fixed,NO,40933,NO ,0.000000,0.000100,1.010000,0.990000,Middle,100.000000,115.000000,500.000000,0.000362,0.023469,0.000000,0.000000,0.000000,0.000000,1.000000,1.000000,1.100000,0.900000,0.006250,1.000000,0.000000,0,0.000000,YES,Default,603.822184,0.000000,0.000000,0.000000,0.000000,0.000000,0.000000,0.000000,0.000000,0.000000,0.000000,0.000000,0.000000,0.000000,0.000000,1,100.000000,,,,,,,,,,,,,,,,,,,,,,
1484,40939,40943,1,Transformer,Closed,Closed,NO,40939,Fixed,NO,40939,NO ,0.000000,0.000100,1.010000,0.990000,Middle,100.000000,500.000000,13.800000,0.000178,0.013159,0.000000,0.000000,0.000000,0.000000,1.000000,1.000000,1.100000,0.900000,0.006250,1.043750,0.000000,0,0.000000,YES,Default,748.131180,0.000000,0.000000,0.000000,0.000000,0.000000,0.000000,0.000000,0.000000,0.000000,0.000000,0.000000,0.000000,0.000000,0.000000,1,100.000000,,,,,,,,,,,,,,,,,,,,,,
1485,40939,40944,1,Transformer,Closed,Closed,NO,40939,Fixed,NO,40939,NO ,0.000000,0.000100,1.010000,0.990000,Middle,100.000000,500.000000,13.800000,0.000178,0.014223,0.000000,0.000000,0.000000,0.000000,1.000000,1.000000,1.100000,0.900000,0.006250,1.000000,0.000000,0,0.000000,YES,Default,748.043013,0.000000,0.000000,0.000000,0.000000,0.000000,0.000000,0.000000,0.000000,0.000000,0.000000,0.000000,0.000000,0.000000,0.000000,1,100.000000,,,,,,,,,,,,,,,,,,,,,,
1486,40939,40945,1,Transformer,Closed,Closed,NO,40939,Fixed,NO,40939,NO ,0.000000,0.000100,1.010000,0.990000,Middle,100.000000,500.000000,18.000000,0.000295,0.022723,0.000000,0.000000,0.000000,0.000000,1.000000,1.000000,1.100000,0.900000,0.006250,1.037500,0.000000,0,0.000000,YES,Default,513.475943,0.000000,0.000000,0.000000,0.000000,0.000000,0.000000,0.000000,0.000000,0.000000,0.000000,0.000000,0.000000,0.000000,0.000000,1,100.000000,,,,,,,,,,,,,,,,,,,,,,
1487,40939,40946,1,Transformer,Closed,Closed,NO,40939,Fixed,NO,40939,NO ,0.000000,0.000100,1.010000,0.990000,Middle,100.000000,500.000000,13.800000,0.000236,0.018738,0.000000,0.000000,0.000000,0.000000,1.000000,1.000000,1.100000,0.900000,0.006250,1.037500,0.000000,0,0.000000,YES,Default,510.451889,0.000000,0.000000,0.000000,0.000000,0.000000,0.000000,0.000000,0.000000,0.000000,0.000000,0.000000,0.000000,0.000000,0.000000,1,100.000000,,,,,,,,,,,,,,,,,,,,,,
1488,40948,40947,1,Transformer,Closed,Closed,NO,40948,Fixed,NO,40948,NO ,0.000000,0.000100,1.010000,0.990000,Middle,100.000000,115.000000,500.000000,0.000246,0.016675,0.000000,0.000000,0.000000,0.000000,1.000000,1.000000,1.100000,0.900000,0.006250,1.000000,0.000000,0,0.000000,YES,Default,688.240099,0.000000,0.000000,0.000000,0.000000,0.000000,0.000000,0.000000,0.000000,0.000000,0.000000,0.000000,0.000000,0.000000,0.000000,1,100.000000,,,,,,,,,,,,,,,,,,,,,,
1489,40954,40953,1,Transformer,Closed,Closed,NO,40954,LTC,YES,40954,NO ,0.000000,0.000100,1.079000,1.029000,Middle,100.000000,115.000000,500.000000,0.000115,0.007818,0.000000,0.000000,0.000000,0.000000,1.000000,1.000000,1.100000,0.900000,0.006250,1.012500,0.000000,0,0.000000,YES,Default,981.681919,0.000000,0.000000,0.000000,0.000000,0.000000,0.000000,0.000000,0.000000,0.000000,0.000000,0.000000,0.000000,0.000000,0.000000,1,100.000000,,,,,,,,,,,,,,,,,,,,,,
1490,40957,40956,1,Transformer,Closed,Closed,NO,40957,Fixed,NO,40957,NO ,0.000000,0.000100,1.010000,0.990000,Middle,100.000000,500.000000,765.000000,0.000101,0.006613,0.000000,0.000000,0.000000,0.000000,1.000000,1.000000,1.100000,0.900000,0.006250,1.000000,0.000000,0,0.000000,YES,Default,1521.869469,0.000000,0.000000,0.000000,0.000000,0.000000,0.000000,0.000000,0.000000,0.000000,0.000000,0.000000,0.000000,0.000000,0.000000,1,100.000000,,,,,,,,,,,,,,,,,,,,,,
1491,40956,40959,1,Transformer,Closed,Closed,NO,40956,Fixed,NO,40956,NO ,0.000000,0.000100,1.010000,0.990000,Middle,100.000000,765.000000,18.000000,0.000137,0.011137,0.000000,0.000000,0.000000,0.000000,1.000000,1.000000,1.100000,0.900000,0.006250,1.037500,0.000000,0,0.000000,YES,Default,1482.020855,0.000000,0.000000,0.000000,0.000000,0.000000,0.000000,0.000000,0.000000,0.000000,0.000000,0.000000,0.000000,0.000000,0.000000,1,100.000000,,,,,,,,,,,,,,,,,,,,,,
1492,40956,40960,1,Transformer,Closed,Closed,NO,40956,Fixed,NO,40956,NO ,0.000000,0.000100,1.010000,0.990000,Middle,100.000000,765.000000,13.800000,0.000082,0.006019,0.000000,0.000000,0.000000,0.000000,1.000000,1.000000,1.100000,0.900000,0.006250,1.037500,0.000000,0,0.000000,YES,Default,1481.933117,0.000000,0.000000,0.000000,0.000000,0.000000,0.000000,0.000000,0.000000,0.000000,0.000000,0.000000,0.000000,0.000000,0.000000,1,100.000000,,,,,,,,,,,,,,,,,,,,,,
1493,40956,40961,1,Transformer,Closed,Closed,NO,40956,Fixed,NO,40956,NO ,0.000000,0.000100,1.010000,0.990000,Middle,100.000000,765.000000,13.800000,0.000119,0.009066,0.000000,0.000000,0.000000,0.000000,1.000000,1.000000,1.100000,0.900000,0.006250,1.037500,0.000000,0,0.000000,YES,Default,1480.285835,0.000000,0.000000,0.000000,0.000000,0.000000,0.000000,0.000000,0.000000,0.000000,0.000000,0.000000,0.000000,0.000000,0.000000,1,100.000000,,,,,,,,,,,,,,,,,,,,,,
1494,40956,40962,1,Transformer,Closed,Closed,NO,40956,Fixed,NO,40956,NO ,0.000000,0.000100,1.010000,0.990000,Middle,100.000000,765.000000,18.000000,0.000148,0.011534,0.000000,0.000000,0.000000,0.000000,1.000000,1.000000,1.100000,0.900000,0.006250,1.000000,0.000000,0,0.000000,YES,Default,1477.718639,0.000000,0.000000,0.000000,0.000000,0.000000,0.000000,0.000000,0.000000,0.000000,0.000000,0.000000,0.000000,0.000000,0.000000,1,100.000000,,,,,,,,,,,,,,,,,,,,,,
1495,40956,40963,1,Transformer,Closed,Closed,NO,40956,Fixed,NO,40956,NO ,0.000000,0.000100,1.010000,0.990000,Middle,100.000000,765.000000,13.800000,0.000103,0.009121,0.000000,0.000000,0.000000,0.000000,1.000000,1.000000,1.100000,0.900000,0.006250,1.037500,0.000000,0,0.000000,YES,Default,1477.714252,0.000000,0.000000,0.000000,0.000000,0.000000,0.000000,0.000000,0.000000,0.000000,0.000000,0.000000,0.000000,0.000000,0.000000,1,100.000000,,,,,,,,,,,,,,,,,,,,,,
1496,40956,40964,1,Transformer,Closed,Closed,NO,40956,Fixed,NO,40956,NO ,0.000000,0.000100,1.010000,0.990000,Middle,100.000000,765.000000,13.800000,0.000092,0.006900,0.000000,0.000000,0.000000,0.000000,1.000000,1.000000,1.100000,0.900000,0.006250,1.000000,0.000000,0,0.000000,YES,Default,1477.094269,0.000000,0.000000,0.000000,0.000000,0.000000,0.000000,0.000000,0.000000,0.000000,0.000000,0.000000,0.000000,0.000000,0.000000,1,100.000000,,,,,,,,,,,,,,,,,,,,,,
1497,40958,40957,1,Transformer,Closed,Closed,NO,40958,Fixed,NO,40958,NO ,0.000000,0.000100,1.010000,0.990000,Middle,100.000000,115.000000,500.000000,0.000143,0.011077,0.000000,0.000000,0.000000,0.000000,1.000000,1.000000,1.100000,0.900000,0.006250,1.006250,0.000000,0,0.000000,YES,Default,618.512869,0.000000,0.000000,0.000000,0.000000,0.000000,0.000000,0.000000,0.000000,0.000000,0.000000,0.000000,0.000000,0.000000,0.000000,1,100.000000,,,,,,,,,,,,,,,,,,,,,,
1498,40968,40967,1,Transformer,Closed,Closed,NO,40968,LTC,YES,40968,NO ,0.000000,0.000100,1.073000,1.023000,Middle,100.000000,115.000000,500.000000,0.000330,0.017382,0.000000,0.000000,0.000000,0.000000,1.000000,1.000000,1.100000,0.900000,0.006250,1.006250,0.000000,0,0.000000,YES,Default,645.546627,0.000000,0.000000,0.000000,0.000000,0.000000,0.000000,0.000000,0.000000,0.000000,0.000000,0.000000,0.000000,0.000000,0.000000,1,100.000000,,,,,,,,,,,,,,,,,,,,,,
1499,40967,40969,1,Transformer,Closed,Closed,NO,40967,Fixed,NO,40967,NO ,0.000000,0.000100,1.010000,0.990000,Middle,100.000000,500.000000,13.800000,0.000227,0.015816,0.000000,0.000000,0.000000,0.000000,1.000000,1.000000,1.100000,0.900000,0.006250,1.000000,0.000000,0,0.000000,YES,Default,867.102623,0.000000,0.000000,0.000000,0.000000,0.000000,0.000000,0.000000,0.000000,0.000000,0.000000,0.000000,0.000000,0.000000,0.000000,1,100.000000,,,,,,,,,,,,,,,,,,,,,,
1500,40967,40970,1,Transformer,Closed,Closed,NO,40967,Fixed,NO,40967,NO ,0.000000,0.000100,1.010000,0.990000,Middle,100.000000,500.000000,13.800000,0.000194,0.016252,0.000000,0.000000,0.000000,0.000000,1.000000,1.000000,1.100000,0.900000,0.006250,1.000000,0.000000,0,0.000000,YES,Default,865.233135,0.000000,0.000000,0.000000,0.000000,0.000000,0.000000,0.000000,0.000000,0.000000,0.000000,0.000000,0.000000,0.000000,0.000000,1,100.000000,,,,,,,,,,,,,,,,,,,,,,
1501,40967,40971,1,Transformer,Closed,Closed,NO,40967,Fixed,NO,40967,NO ,0.000000,0.000100,1.010000,0.990000,Middle,100.000000,500.000000,13.800000,0.000186,0.015890,0.000000,0.000000,0.000000,0.000000,1.000000,1.000000,1.100000,0.900000,0.006250,1.000000,0.000000,0,0.000000,YES,Default,862.531948,0.000000,0.000000,0.000000,0.000000,0.000000,0.000000,0.000000,0.000000,0.000000,0.000000,0.000000,0.000000,0.000000,0.000000,1,100.000000,,,,,,,,,,,,,,,,,,,,,,
1502,40967,40972,1,Transformer,Closed,Closed,NO,40967,Fixed,NO,40967,NO ,0.000000,0.000100,1.010000,0.990000,Middle,100.000000,500.000000,13.800000,0.000196,0.013787,0.000000,0.000000,0.000000,0.000000,1.000000,1.000000,1.100000,0.900000,0.006250,1.000000,0.000000,0,0.000000,YES,Default,853.640366,0.000000,0.000000,0.000000,0.000000,0.000000,0.000000,0.000000,0.000000,0.000000,0.000000,0.000000,0.000000,0.000000,0.000000,1,100.000000,,,,,,,,,,,,,,,,,,,,,,
1503,40967,40973,1,Transformer,Closed,Closed,NO,40967,Fixed,NO,40967,NO ,0.000000,0.000100,1.010000,0.990000,Middle,100.000000,500.000000,18.000000,0.000278,0.018680,0.000000,0.000000,0.000000,0.000000,1.000000,1.000000,1.100000,0.900000,0.006250,1.000000,0.000000,0,0.000000,YES,Default,841.356850,0.000000,0.000000,0.000000,0.000000,0.000000,0.000000,0.000000,0.000000,0.000000,0.000000,0.000000,0.000000,0.000000,0.000000,1,100.000000,,,,,,,,,,,,,,,,,,,,,,
1504,40967,40974,1,Transformer,Closed,Closed,NO,40967,Fixed,NO,40967,NO ,0.000000,0.000100,1.010000,0.990000,Middle,100.000000,500.000000,13.800000,0.000218,0.015951,0.000000,0.000000,0.000000,0.000000,1.000000,1.000000,1.100000,0.900000,0.006250,1.000000,0.000000,0,0.000000,YES,Default,831.073189,0.000000,0.000000,0.000000,0.000000,0.000000,0.000000,0.000000,0.000000,0.000000,0.000000,0.000000,0.000000,0.000000,0.000000,1,100.000000,,,,,,,,,,,,,,,,,,,,,,
1505,40980,40979,1,Transformer,Closed,Closed,NO,40980,Fixed,NO,40980,NO ,0.000000,0.000100,1.010000,0.990000,Middle,100.000000,500.000000,765.000000,0.000122,0.008513,0.000000,0.000000,0.000000,0.000000,1.000000,1.000000,1.100000,0.900000,0.006250,1.006250,0.000000,0,0.000000,YES,Default,1388.439274,0.000000,0.000000,0.000000,0.000000,0.000000,0.000000,0.000000,0.000000,0.000000,0.000000,0.000000,0.000000,0.000000,0.000000,1,100.000000,,,,,,,,,,,,,,,,,,,,,,
1506,40979,40984,1,Transformer,Closed,Closed,NO,40979,Fixed,NO,40979,NO ,0.000000,0.000100,1.010000,0.990000,Middle,100.000000,765.000000,13.800000,0.000082,0.007441,0.000000,0.000000,0.000000,0.000000,1.000000,1.000000,1.100000,0.900000,0.006250,1.000000,0.000000,0,0.000000,YES,Default,1409.146404,0.000000,0.000000,0.000000,0.000000,0.000000,0.000000,0.000000,0.000000,0.000000,0.000000,0.000000,0.000000,0.000000,0.000000,1,100.000000,,,,,,,,,,,,,,,,,,,,,,
1507,40979,40985,1,Transformer,Closed,Closed,NO,40979,Fixed,NO,40979,NO ,0.000000,0.000100,1.010000,0.990000,Middle,100.000000,765.000000,13.800000,0.000123,0.010828,0.000000,0.000000,0.000000,0.000000,1.000000,1.000000,1.100000,0.900000,0.006250,1.000000,0.000000,0,0.000000,YES,Default,1408.073235,0.000000,0.000000,0.000000,0.000000,0.000000,0.000000,0.000000,0.000000,0.000000,0.000000,0.000000,0.000000,0.000000,0.000000,1,100.000000,,,,,,,,,,,,,,,,,,,,,,
1508,40979,40986,1,Transformer,Closed,Closed,NO,40979,Fixed,NO,40979,NO ,0.000000,0.000100,1.010000,0.990000,Middle,100.000000,765.000000,13.800000,0.000121,0.007993,0.000000,0.000000,0.000000,0.000000,1.000000,1.000000,1.100000,0.900000,0.006250,1.000000,0.000000,0,0.000000,YES,Default,1406.949520,0.000000,0.000000,0.000000,0.000000,0.000000,0.000000,0.000000,0.000000,0.000000,0.000000,0.000000,0.000000,0.000000,0.000000,1,100.000000,,,,,,,,,,,,,,,,,,,,,,
1509,40979,40987,1,Transformer,Closed,Closed,NO,40979,Fixed,NO,40979,NO ,0.000000,0.000100,1.010000,0.990000,Middle,100.000000,765.000000,13.800000,0.000097,0.007178,0.000000,0.000000,0.000000,0.000000,1.000000,1.000000,1.100000,0.900000,0.006250,1.000000,0.000000,0,0.000000,YES,Default,1405.041599,0.000000,0.000000,0.000000,0.000000,0.000000,0.000000,0.000000,0.000000,0.000000,0.000000,0.000000,0.000000,0.000000,0.000000,1,100.000000,,,,,,,,,,,,,,,,,,,,,,
1510,40979,40988,1,Transformer,Closed,Closed,NO,40979,Fixed,NO,40979,NO ,0.000000,0.000100,1.010000,0.990000,Middle,100.000000,765.000000,13.800000,0.000153,0.010760,0.000000,0.000000,0.000000,0.000000,1.000000,1.000000,1.100000,0.900000,0.006250,1.000000,0.000000,0,0.000000,YES,Default,1404.340553,0.000000,0.000000,0.000000,0.000000,0.000000,0.000000,0.000000,0.000000,0.000000,0.000000,0.000000,0.000000,0.000000,0.000000,1,100.000000,,,,,,,,,,,,,,,,,,,,,,
1511,40979,40989,1,Transformer,Closed,Closed,NO,40979,Fixed,NO,40979,NO ,0.000000,0.000100,1.010000,0.990000,Middle,100.000000,765.000000,18.000000,0.000065,0.005895,0.000000,0.000000,0.000000,0.000000,1.000000,1.000000,1.100000,0.900000,0.006250,1.000000,0.000000,0,0.000000,YES,Default,1404.267693,0.000000,0.000000,0.000000,0.000000,0.000000,0.000000,0.000000,0.000000,0.000000,0.000000,0.000000,0.000000,0.000000,0.000000,1,100.000000,,,,,,,,,,,,,,,,,,,,,,
1512,40992,40991,1,Transformer,Closed,Closed,NO,40992,Fixed,NO,40992,NO ,0.000000,0.000100,1.010000,0.990000,Middle,100.000000,115.000000,500.000000,0.000190,0.012097,0.000000,0.000000,0.000000,0.000000,1.000000,1.000000,1.100000,0.900000,0.006250,1.000000,0.000000,0,0.000000,YES,Default,677.701283,0.000000,0.000000,0.000000,0.000000,0.000000,0.000000,0.000000,0.000000,0.000000,0.000000,0.000000,0.000000,0.000000,0.000000,1,100.000000,,,,,,,,,,,,,,,,,,,,,,
1513,40991,40993,1,Transformer,Closed,Closed,NO,40991,Fixed,NO,40991,NO ,0.000000,0.000100,1.010000,0.990000,Middle,100.000000,500.000000,13.800000,0.000088,0.006670,0.000000,0.000000,0.000000,0.000000,1.000000,1.000000,1.100000,0.900000,0.006250,1.000000,0.000000,0,0.000000,YES,Default,1087.751389,0.000000,0.000000,0.000000,0.000000,0.000000,0.000000,0.000000,0.000000,0.000000,0.000000,0.000000,0.000000,0.000000,0.000000,1,100.000000,,,,,,,,,,,,,,,,,,,,,,
1514,40991,40994,1,Transformer,Closed,Closed,NO,40991,Fixed,NO,40991,NO ,0.000000,0.000100,1.010000,0.990000,Middle,100.000000,500.000000,18.000000,0.000107,0.006285,0.000000,0.000000,0.000000,0.000000,1.000000,1.000000,1.100000,0.900000,0.006250,1.000000,0.000000,0,0.000000,YES,Default,1078.869438,0.000000,0.000000,0.000000,0.000000,0.000000,0.000000,0.000000,0.000000,0.000000,0.000000,0.000000,0.000000,0.000000,0.000000,1,100.000000,,,,,,,,,,,,,,,,,,,,,,
1515,40991,40995,1,Transformer,Closed,Closed,NO,40991,Fixed,NO,40991,NO ,0.000000,0.000100,1.010000,0.990000,Middle,100.000000,500.000000,20.000000,0.000261,0.018660,0.000000,0.000000,0.000000,0.000000,1.000000,1.000000,1.100000,0.900000,0.006250,1.000000,0.000000,0,0.000000,YES,Default,1077.662468,0.000000,0.000000,0.000000,0.000000,0.000000,0.000000,0.000000,0.000000,0.000000,0.000000,0.000000,0.000000,0.000000,0.000000,1,100.000000,,,,,,,,,,,,,,,,,,,,,,
1516,40999,40998,1,Transformer,Closed,Closed,NO,40999,LTC,YES,40999,NO ,0.000000,0.000100,1.072000,1.022000,Middle,100.000000,115.000000,500.000000,0.000164,0.011889,0.000000,0.000000,0.000000,0.000000,1.000000,1.000000,1.100000,0.900000,0.006250,1.012500,0.000000,0,0.000000,YES,Default,714.892530,0.000000,0.000000,0.000000,0.000000,0.000000,0.000000,0.000000,0.000000,0.000000,0.000000,0.000000,0.000000,0.000000,0.000000,1,100.000000,,,,,,,,,,,,,,,,,,,,,,
1517,40998,41000,1,Transformer,Closed,Closed,NO,40998,Fixed,NO,40998,NO ,0.000000,0.000100,1.010000,0.990000,Middle,100.000000,500.000000,13.800000,0.000120,0.007461,0.000000,0.000000,0.000000,0.000000,1.000000,1.000000,1.100000,0.900000,0.006250,1.000000,0.000000,0,0.000000,YES,Default,1033.705997,0.000000,0.000000,0.000000,0.000000,0.000000,0.000000,0.000000,0.000000,0.000000,0.000000,0.000000,0.000000,0.000000,0.000000,1,100.000000,,,,,,,,,,,,,,,,,,,,,,
1518,40998,41001,1,Transformer,Closed,Closed,NO,40998,Fixed,NO,40998,NO ,0.000000,0.000100,1.010000,0.990000,Middle,100.000000,500.000000,24.000000,0.000198,0.015273,0.000000,0.000000,0.000000,0.000000,1.000000,1.000000,1.100000,0.900000,0.006250,1.000000,0.000000,0,0.000000,YES,Default,1021.507168,0.000000,0.000000,0.000000,0.000000,0.000000,0.000000,0.000000,0.000000,0.000000,0.000000,0.000000,0.000000,0.000000,0.000000,1,100.000000,,,,,,,,,,,,,,,,,,,,,,
1519,40998,41002,1,Transformer,Closed,Closed,NO,40998,Fixed,NO,40998,NO ,0.000000,0.000100,1.010000,0.990000,Middle,100.000000,500.000000,13.200000,0.000171,0.012907,0.000000,0.000000,0.000000,0.000000,1.000000,1.000000,1.100000,0.900000,0.006250,1.000000,0.000000,0,0.000000,YES,Default,1020.675564,0.000000,0.000000,0.000000,0.000000,0.000000,0.000000,0.000000,0.000000,0.000000,0.000000,0.000000,0.000000,0.000000,0.000000,1,100.000000,,,,,,,,,,,,,,,,,,,,,,
1520,41004,41005,1,Transformer,Closed,Closed,NO,41004,Fixed,NO,41004,NO ,0.000000,0.000100,1.010000,0.990000,Middle,100.000000,115.000000,18.000000,0.025954,0.627421,0.000000,0.000000,0.000000,0.000000,1.000000,1.000000,1.100000,0.900000,0.006250,0.993750,0.000000,0,0.000000,YES,Default,19.499999,0.000000,0.000000,0.000000,0.000000,0.000000,0.000000,0.000000,0.000000,0.000000,0.000000,0.000000,0.000000,0.000000,0.000000,1,100.000000,,,,,,,,,,,,,,,,,,,,,,
1521,41007,41006,1,Transformer,Closed,Closed,NO,41007,Fixed,NO,41007,NO ,0.000000,0.000100,1.010000,0.990000,Middle,100.000000,345.000000,500.000000,0.000141,0.009900,0.000000,0.000000,0.000000,0.000000,1.000000,1.000000,1.100000,0.900000,0.006250,1.000000,0.000000,0,0.000000,YES,Default,744.088078,0.000000,0.000000,0.000000,0.000000,0.000000,0.000000,0.000000,0.000000,0.000000,0.000000,0.000000,0.000000,0.000000,0.000000,1,100.000000,,,,,,,,,,,,,,,,,,,,,,
1522,41006,41009,1,Transformer,Closed,Closed,NO,41006,Fixed,NO,41006,NO ,0.000000,0.000100,1.010000,0.990000,Middle,100.000000,500.000000,22.000000,0.000224,0.014376,0.000000,0.000000,0.000000,0.000000,1.000000,1.000000,1.100000,0.900000,0.006250,1.000000,0.000000,0,0.000000,YES,Default,973.184586,0.000000,0.000000,0.000000,0.000000,0.000000,0.000000,0.000000,0.000000,0.000000,0.000000,0.000000,0.000000,0.000000,0.000000,1,100.000000,,,,,,,,,,,,,,,,,,,,,,
1523,41006,41010,1,Transformer,Closed,Closed,NO,41006,Fixed,NO,41006,NO ,0.000000,0.000100,1.010000,0.990000,Middle,100.000000,500.000000,18.000000,0.000192,0.014218,0.000000,0.000000,0.000000,0.000000,1.000000,1.000000,1.100000,0.900000,0.006250,1.000000,0.000000,0,0.000000,YES,Default,971.785927,0.000000,0.000000,0.000000,0.000000,0.000000,0.000000,0.000000,0.000000,0.000000,0.000000,0.000000,0.000000,0.000000,0.000000,1,100.000000,,,,,,,,,,,,,,,,,,,,,,
1524,41006,41011,1,Transformer,Closed,Closed,NO,41006,Fixed,NO,41006,NO ,0.000000,0.000100,1.010000,0.990000,Middle,100.000000,500.000000,13.800000,0.000196,0.013113,0.000000,0.000000,0.000000,0.000000,1.000000,1.000000,1.100000,0.900000,0.006250,1.000000,0.000000,0,0.000000,YES,Default,969.930267,0.000000,0.000000,0.000000,0.000000,0.000000,0.000000,0.000000,0.000000,0.000000,0.000000,0.000000,0.000000,0.000000,0.000000,1,100.000000,,,,,,,,,,,,,,,,,,,,,,
1525,41008,41007,1,Transformer,Closed,Closed,NO,41008,LTC,YES,41008,NO ,0.000000,0.000100,1.074000,1.024000,Middle,100.000000,115.000000,345.000000,0.000333,0.020069,0.000000,0.000000,0.000000,0.000000,1.000000,1.000000,1.100000,0.900000,0.006250,1.031250,0.000000,0,0.000000,YES,Default,404.748154,0.000000,0.000000,0.000000,0.000000,0.000000,0.000000,0.000000,0.000000,0.000000,0.000000,0.000000,0.000000,0.000000,0.000000,1,100.000000,,,,,,,,,,,,,,,,,,,,,,
1526,41013,41014,1,Transformer,Closed,Closed,NO,41013,Fixed,NO,41013,NO ,0.000000,0.000100,1.010000,0.990000,Middle,100.000000,115.000000,18.000000,0.015826,0.424993,0.000000,0.000000,0.000000,0.000000,1.000000,1.000000,1.100000,0.900000,0.006250,1.000000,0.000000,0,0.000000,YES,Default,24.699999,0.000000,0.000000,0.000000,0.000000,0.000000,0.000000,0.000000,0.000000,0.000000,0.000000,0.000000,0.000000,0.000000,0.000000,1,100.000000,,,,,,,,,,,,,,,,,,,,,,
1527,50020,50019,1,Transformer,Closed,Closed,NO,50020,Fixed,NO,50020,NO ,0.000000,0.000100,1.010000,0.990000,Middle,100.000000,161.000000,500.000000,0.000168,0.011200,0.000000,0.000000,0.000000,0.000000,1.000000,1.000000,1.100000,0.900000,0.006250,1.000000,0.000000,0,0.000000,YES,Default,904.716682,0.000000,0.000000,0.000000,0.000000,0.000000,0.000000,0.000000,0.000000,0.000000,0.000000,0.000000,0.000000,0.000000,0.000000,1,100.000000,,,,,,,,,,,,,,,,,,,,,,
1528,50022,50021,1,Transformer,Closed,Closed,NO,50022,Fixed,NO,50022,NO ,0.000000,0.000100,1.010000,0.990000,Middle,100.000000,115.000000,161.000000,0.004478,0.119856,0.000000,0.000000,0.000000,0.000000,1.000000,1.000000,1.100000,0.900000,0.006250,1.000000,0.000000,0,0.000000,YES,Default,116.399240,0.000000,0.000000,0.000000,0.000000,0.000000,0.000000,0.000000,0.000000,0.000000,0.000000,0.000000,0.000000,0.000000,0.000000,1,100.000000,,,,,,,,,,,,,,,,,,,,,,
1529,50029,50028,1,Transformer,Closed,Closed,NO,50029,Fixed,NO,50029,NO ,0.000000,0.000100,1.010000,0.990000,Middle,100.000000,115.000000,161.000000,0.002888,0.105268,0.000000,0.000000,0.000000,0.000000,1.000000,1.000000,1.100000,0.900000,0.006250,1.000000,0.000000,0,0.000000,YES,Default,101.179922,0.000000,0.000000,0.000000,0.000000,0.000000,0.000000,0.000000,0.000000,0.000000,0.000000,0.000000,0.000000,0.000000,0.000000,1,100.000000,,,,,,,,,,,,,,,,,,,,,,
1530,50060,50059,1,Transformer,Closed,Closed,NO,50060,Fixed,NO,50060,NO ,0.000000,0.000100,1.010000,0.990000,Middle,100.000000,345.000000,500.000000,0.000197,0.014054,0.000000,0.000000,0.000000,0.000000,1.000000,1.000000,1.100000,0.900000,0.006250,1.018750,0.000000,0,0.000000,YES,Default,556.783342,0.000000,0.000000,0.000000,0.000000,0.000000,0.000000,0.000000,0.000000,0.000000,0.000000,0.000000,0.000000,0.000000,0.000000,1,100.000000,,,,,,,,,,,,,,,,,,,,,,
1531,50061,50060,1,Transformer,Closed,Closed,NO,50061,Fixed,NO,50061,NO ,0.000000,0.000100,1.010000,0.990000,Middle,100.000000,161.000000,345.000000,0.000223,0.013172,0.000000,0.000000,0.000000,0.000000,1.000000,1.000000,1.100000,0.900000,0.006250,1.012500,0.000000,0,0.000000,YES,Default,574.932051,0.000000,0.000000,0.000000,0.000000,0.000000,0.000000,0.000000,0.000000,0.000000,0.000000,0.000000,0.000000,0.000000,0.000000,1,100.000000,,,,,,,,,,,,,,,,,,,,,,
1532,50061,50060,2,Transformer,Closed,Closed,NO,50061,Fixed,NO,50061,NO ,0.000000,0.000100,1.010000,0.990000,Middle,100.000000,161.000000,345.000000,0.000223,0.013172,0.000000,0.000000,0.000000,0.000000,1.000000,1.000000,1.100000,0.900000,0.006250,1.012500,0.000000,0,0.000000,YES,Default,574.932051,0.000000,0.000000,0.000000,0.000000,0.000000,0.000000,0.000000,0.000000,0.000000,0.000000,0.000000,0.000000,0.000000,0.000000,1,100.000000,,,,,,,,,,,,,,,,,,,,,,
1533,50066,50065,1,Transformer,Closed,Closed,NO,50066,Fixed,NO,50066,NO ,0.000000,0.000100,1.010000,0.990000,Middle,100.000000,161.000000,500.000000,0.000149,0.009362,0.000000,0.000000,0.000000,0.000000,1.000000,1.000000,1.100000,0.900000,0.006250,1.006250,0.000000,0,0.000000,YES,Default,827.173615,0.000000,0.000000,0.000000,0.000000,0.000000,0.000000,0.000000,0.000000,0.000000,0.000000,0.000000,0.000000,0.000000,0.000000,1,100.000000,,,,,,,,,,,,,,,,,,,,,,
1534,50069,50068,1,Transformer,Closed,Closed,NO,50069,Fixed,NO,50069,NO ,0.000000,0.000100,1.010000,0.990000,Middle,100.000000,161.000000,500.000000,0.000260,0.017722,0.000000,0.000000,0.000000,0.000000,1.000000,1.000000,1.100000,0.900000,0.006250,1.012500,0.000000,0,0.000000,YES,Default,757.902145,0.000000,0.000000,0.000000,0.000000,0.000000,0.000000,0.000000,0.000000,0.000000,0.000000,0.000000,0.000000,0.000000,0.000000,1,100.000000,,,,,,,,,,,,,,,,,,,,,,
1535,50077,50076,1,Transformer,Closed,Closed,NO,50077,Fixed,NO,50077,NO ,0.000000,0.000100,1.010000,0.990000,Middle,100.000000,161.000000,500.000000,0.000160,0.009785,0.000000,0.000000,0.000000,0.000000,1.000000,1.000000,1.100000,0.900000,0.006250,1.006250,0.000000,0,0.000000,YES,Default,912.946415,0.000000,0.000000,0.000000,0.000000,0.000000,0.000000,0.000000,0.000000,0.000000,0.000000,0.000000,0.000000,0.000000,0.000000,1,100.000000,,,,,,,,,,,,,,,,,,,,,,
1536,50099,50098,1,Transformer,Closed,Closed,NO,50099,LTC,YES,50099,NO ,0.000000,0.000100,1.065000,1.015000,Middle,100.000000,161.000000,500.000000,0.000194,0.013806,0.000000,0.000000,0.000000,0.000000,1.000000,1.000000,1.100000,0.900000,0.006250,1.012500,0.000000,0,0.000000,YES,Default,846.221066,0.000000,0.000000,0.000000,0.000000,0.000000,0.000000,0.000000,0.000000,0.000000,0.000000,0.000000,0.000000,0.000000,0.000000,1,100.000000,,,,,,,,,,,,,,,,,,,,,,
1537,50164,50163,1,Transformer,Closed,Closed,NO,50164,Fixed,NO,50164,NO ,0.000000,0.000100,1.010000,0.990000,Middle,100.000000,161.000000,500.000000,0.000220,0.015957,0.000000,0.000000,0.000000,0.000000,1.000000,1.000000,1.100000,0.900000,0.006250,1.012500,0.000000,0,0.000000,YES,Default,774.074507,0.000000,0.000000,0.000000,0.000000,0.000000,0.000000,0.000000,0.000000,0.000000,0.000000,0.000000,0.000000,0.000000,0.000000,1,100.000000,,,,,,,,,,,,,,,,,,,,,,
1538,50177,50176,1,Transformer,Closed,Closed,NO,50177,Fixed,NO,50177,NO ,0.000000,0.000100,1.010000,0.990000,Middle,100.000000,161.000000,500.000000,0.000195,0.012897,0.000000,0.000000,0.000000,0.000000,1.000000,1.000000,1.100000,0.900000,0.006250,1.006250,0.000000,0,0.000000,YES,Default,875.913620,0.000000,0.000000,0.000000,0.000000,0.000000,0.000000,0.000000,0.000000,0.000000,0.000000,0.000000,0.000000,0.000000,0.000000,1,100.000000,,,,,,,,,,,,,,,,,,,,,,
1539,50205,50204,1,Transformer,Closed,Closed,NO,50205,Fixed,NO,50205,NO ,0.000000,0.000100,1.010000,0.990000,Middle,100.000000,161.000000,345.000000,0.000419,0.023376,0.000000,0.000000,0.000000,0.000000,1.000000,1.000000,1.100000,0.900000,0.006250,1.000000,0.000000,0,0.000000,YES,Default,496.374512,0.000000,0.000000,0.000000,0.000000,0.000000,0.000000,0.000000,0.000000,0.000000,0.000000,0.000000,0.000000,0.000000,0.000000,1,100.000000,,,,,,,,,,,,,,,,,,,,,,
1540,50240,50239,1,Transformer,Closed,Closed,NO,50240,LTC,YES,50240,NO ,0.000000,0.000100,1.073000,1.023000,Middle,100.000000,161.000000,500.000000,0.000155,0.013638,0.000000,0.000000,0.000000,0.000000,1.000000,1.000000,1.100000,0.900000,0.006250,1.012500,0.000000,0,0.000000,YES,Default,815.634251,0.000000,0.000000,0.000000,0.000000,0.000000,0.000000,0.000000,0.000000,0.000000,0.000000,0.000000,0.000000,0.000000,0.000000,1,100.000000,,,,,,,,,,,,,,,,,,,,,,
1541,50264,50263,1,Transformer,Closed,Closed,NO,50264,Fixed,NO,50264,NO ,0.000000,0.000100,1.010000,0.990000,Middle,100.000000,161.000000,500.000000,0.000203,0.012501,0.000000,0.000000,0.000000,0.000000,1.000000,1.000000,1.100000,0.900000,0.006250,1.018750,0.000000,0,0.000000,YES,Default,936.125469,0.000000,0.000000,0.000000,0.000000,0.000000,0.000000,0.000000,0.000000,0.000000,0.000000,0.000000,0.000000,0.000000,0.000000,1,100.000000,,,,,,,,,,,,,,,,,,,,,,
1542,50282,50281,1,Transformer,Closed,Closed,NO,50282,LTC,YES,50282,NO ,0.000000,0.000100,1.069000,1.019000,Middle,100.000000,161.000000,500.000000,0.000242,0.016794,0.000000,0.000000,0.000000,0.000000,1.000000,1.000000,1.100000,0.900000,0.006250,1.012500,0.000000,0,0.000000,YES,Default,765.907240,0.000000,0.000000,0.000000,0.000000,0.000000,0.000000,0.000000,0.000000,0.000000,0.000000,0.000000,0.000000,0.000000,0.000000,1,100.000000,,,,,,,,,,,,,,,,,,,,,,
1543,50315,50314,1,Transformer,Closed,Closed,NO,50315,Fixed,NO,50315,NO ,0.000000,0.000100,1.010000,0.990000,Middle,100.000000,138.000000,161.000000,0.003291,0.116875,0.000000,0.000000,0.000000,0.000000,1.000000,1.000000,1.100000,0.900000,0.006250,1.000000,0.000000,0,0.000000,YES,Default,87.475485,0.000000,0.000000,0.000000,0.000000,0.000000,0.000000,0.000000,0.000000,0.000000,0.000000,0.000000,0.000000,0.000000,0.000000,1,100.000000,,,,,,,,,,,,,,,,,,,,,,
1544,50332,50331,1,Transformer,Closed,Closed,NO,50332,Fixed,NO,50332,NO ,0.000000,0.000100,1.010000,0.990000,Middle,100.000000,115.000000,161.000000,0.003713,0.105010,0.000000,0.000000,0.000000,0.000000,1.000000,1.000000,1.100000,0.900000,0.006250,1.000000,0.000000,0,0.000000,YES,Default,114.970267,0.000000,0.000000,0.000000,0.000000,0.000000,0.000000,0.000000,0.000000,0.000000,0.000000,0.000000,0.000000,0.000000,0.000000,1,100.000000,,,,,,,,,,,,,,,,,,,,,,
1545,50335,50334,1,Transformer,Closed,Closed,NO,50335,Fixed,NO,50335,NO ,0.000000,0.000100,1.010000,0.990000,Middle,100.000000,115.000000,161.000000,0.003113,0.080479,0.000000,0.000000,0.000000,0.000000,1.000000,1.000000,1.100000,0.900000,0.006250,1.000000,0.000000,0,0.000000,YES,Default,71.216422,0.000000,0.000000,0.000000,0.000000,0.000000,0.000000,0.000000,0.000000,0.000000,0.000000,0.000000,0.000000,0.000000,0.000000,1,100.000000,,,,,,,,,,,,,,,,,,,,,,
1546,50338,50337,1,Transformer,Closed,Closed,NO,50338,Fixed,NO,50338,NO ,0.000000,0.000100,1.010000,0.990000,Middle,100.000000,161.000000,500.000000,0.000186,0.011755,0.000000,0.000000,0.000000,0.000000,1.000000,1.000000,1.100000,0.900000,0.006250,1.000000,0.000000,0,0.000000,YES,Default,625.374651,0.000000,0.000000,0.000000,0.000000,0.000000,0.000000,0.000000,0.000000,0.000000,0.000000,0.000000,0.000000,0.000000,0.000000,1,100.000000,,,,,,,,,,,,,,,,,,,,,,
1547,50339,50338,1,Transformer,Closed,Closed,NO,50339,Fixed,NO,50339,NO ,0.000000,0.000100,1.010000,0.990000,Middle,100.000000,115.000000,161.000000,0.003090,0.086905,0.000000,0.000000,0.000000,0.000000,1.000000,1.000000,1.100000,0.900000,0.006250,1.000000,0.000000,0,0.000000,YES,Default,132.029033,0.000000,0.000000,0.000000,0.000000,0.000000,0.000000,0.000000,0.000000,0.000000,0.000000,0.000000,0.000000,0.000000,0.000000,1,100.000000,,,,,,,,,,,,,,,,,,,,,,
1548,50353,50352,1,Transformer,Closed,Closed,NO,50353,Fixed,NO,50353,NO ,0.000000,0.000100,1.010000,0.990000,Middle,100.000000,115.000000,161.000000,0.004399,0.146148,0.000000,0.000000,0.000000,0.000000,1.000000,1.000000,1.100000,0.900000,0.006250,1.006250,0.000000,0,0.000000,YES,Default,85.547787,0.000000,0.000000,0.000000,0.000000,0.000000,0.000000,0.000000,0.000000,0.000000,0.000000,0.000000,0.000000,0.000000,0.000000,1,100.000000,,,,,,,,,,,,,,,,,,,,,,
1549,50356,50360,1,Transformer,Closed,Closed,NO,50356,Fixed,NO,50356,NO ,0.000000,0.000100,1.010000,0.990000,Middle,100.000000,500.000000,18.000000,0.000218,0.015426,0.000000,0.000000,0.000000,0.000000,1.000000,1.000000,1.100000,0.900000,0.006250,1.000000,0.000000,0,0.000000,YES,Default,1066.616058,0.000000,0.000000,0.000000,0.000000,0.000000,0.000000,0.000000,0.000000,0.000000,0.000000,0.000000,0.000000,0.000000,0.000000,1,100.000000,,,,,,,,,,,,,,,,,,,,,,
1550,50356,50361,1,Transformer,Closed,Closed,NO,50356,Fixed,NO,50356,NO ,0.000000,0.000100,1.010000,0.990000,Middle,100.000000,500.000000,13.200000,0.000176,0.012078,0.000000,0.000000,0.000000,0.000000,1.000000,1.000000,1.100000,0.900000,0.006250,1.000000,0.000000,0,0.000000,YES,Default,1063.743019,0.000000,0.000000,0.000000,0.000000,0.000000,0.000000,0.000000,0.000000,0.000000,0.000000,0.000000,0.000000,0.000000,0.000000,1,100.000000,,,,,,,,,,,,,,,,,,,,,,
1551,50356,50362,1,Transformer,Closed,Closed,NO,50356,Fixed,NO,50356,NO ,0.000000,0.000100,1.010000,0.990000,Middle,100.000000,500.000000,13.800000,0.000164,0.012424,0.000000,0.000000,0.000000,0.000000,1.000000,1.000000,1.100000,0.900000,0.006250,1.000000,0.000000,0,0.000000,YES,Default,1060.011387,0.000000,0.000000,0.000000,0.000000,0.000000,0.000000,0.000000,0.000000,0.000000,0.000000,0.000000,0.000000,0.000000,0.000000,1,100.000000,,,,,,,,,,,,,,,,,,,,,,
1552,50356,50363,1,Transformer,Closed,Closed,NO,50356,Fixed,NO,50356,NO ,0.000000,0.000100,1.010000,0.990000,Middle,100.000000,500.000000,20.000000,0.000127,0.010031,0.000000,0.000000,0.000000,0.000000,1.000000,1.000000,1.100000,0.900000,0.006250,1.000000,0.000000,0,0.000000,YES,Default,1053.800392,0.000000,0.000000,0.000000,0.000000,0.000000,0.000000,0.000000,0.000000,0.000000,0.000000,0.000000,0.000000,0.000000,0.000000,1,100.000000,,,,,,,,,,,,,,,,,,,,,,
1553,50356,50364,1,Transformer,Closed,Closed,NO,50356,Fixed,NO,50356,NO ,0.000000,0.000100,1.010000,0.990000,Middle,100.000000,500.000000,13.800000,0.000143,0.009219,0.000000,0.000000,0.000000,0.000000,1.000000,1.000000,1.100000,0.900000,0.006250,1.000000,0.000000,0,0.000000,YES,Default,1047.950268,0.000000,0.000000,0.000000,0.000000,0.000000,0.000000,0.000000,0.000000,0.000000,0.000000,0.000000,0.000000,0.000000,0.000000,1,100.000000,,,,,,,,,,,,,,,,,,,,,,
1554,50356,50365,1,Transformer,Closed,Closed,NO,50356,Fixed,NO,50356,NO ,0.000000,0.000100,1.010000,0.990000,Middle,100.000000,500.000000,22.000000,0.000238,0.014909,0.000000,0.000000,0.000000,0.000000,1.000000,1.000000,1.100000,0.900000,0.006250,1.000000,0.000000,0,0.000000,YES,Default,1033.824158,0.000000,0.000000,0.000000,0.000000,0.000000,0.000000,0.000000,0.000000,0.000000,0.000000,0.000000,0.000000,0.000000,0.000000,1,100.000000,,,,,,,,,,,,,,,,,,,,,,
1555,50356,50366,1,Transformer,Closed,Closed,NO,50356,Fixed,NO,50356,NO ,0.000000,0.000100,1.010000,0.990000,Middle,100.000000,500.000000,13.800000,0.001642,0.122740,0.000000,0.000000,0.000000,0.000000,1.000000,1.000000,1.100000,0.900000,0.006250,1.000000,0.000000,0,0.000000,YES,Default,82.305509,0.000000,0.000000,0.000000,0.000000,0.000000,0.000000,0.000000,0.000000,0.000000,0.000000,0.000000,0.000000,0.000000,0.000000,1,100.000000,,,,,,,,,,,,,,,,,,,,,,
1556,50368,50367,1,Transformer,Closed,Closed,NO,50368,Fixed,NO,50368,NO ,0.000000,0.000100,1.010000,0.990000,Middle,100.000000,161.000000,500.000000,0.000227,0.019281,0.000000,0.000000,0.000000,0.000000,1.000000,1.000000,1.100000,0.900000,0.006250,1.000000,0.000000,0,0.000000,YES,Default,632.393217,0.000000,0.000000,0.000000,0.000000,0.000000,0.000000,0.000000,0.000000,0.000000,0.000000,0.000000,0.000000,0.000000,0.000000,1,100.000000,,,,,,,,,,,,,,,,,,,,,,
1557,50370,50374,1,Transformer,Closed,Closed,NO,50370,Fixed,NO,50370,NO ,0.000000,0.000100,1.010000,0.990000,Middle,100.000000,500.000000,13.800000,0.000288,0.022823,0.000000,0.000000,0.000000,0.000000,1.000000,1.000000,1.100000,0.900000,0.006250,1.018750,0.000000,0,0.000000,YES,Default,630.457163,0.000000,0.000000,0.000000,0.000000,0.000000,0.000000,0.000000,0.000000,0.000000,0.000000,0.000000,0.000000,0.000000,0.000000,1,100.000000,,,,,,,,,,,,,,,,,,,,,,
1558,50370,50375,1,Transformer,Closed,Closed,NO,50370,Fixed,NO,50370,NO ,0.000000,0.000100,1.010000,0.990000,Middle,100.000000,500.000000,13.800000,0.000278,0.017221,0.000000,0.000000,0.000000,0.000000,1.000000,1.000000,1.100000,0.900000,0.006250,1.018750,0.000000,0,0.000000,YES,Default,627.485561,0.000000,0.000000,0.000000,0.000000,0.000000,0.000000,0.000000,0.000000,0.000000,0.000000,0.000000,0.000000,0.000000,0.000000,1,100.000000,,,,,,,,,,,,,,,,,,,,,,
1559,50370,50376,1,Transformer,Closed,Closed,NO,50370,Fixed,NO,50370,NO ,0.000000,0.000100,1.010000,0.990000,Middle,100.000000,500.000000,24.000000,0.000468,0.037032,0.000000,0.000000,0.000000,0.000000,1.000000,1.000000,1.100000,0.900000,0.006250,1.018750,0.000000,0,0.000000,YES,Default,415.832281,0.000000,0.000000,0.000000,0.000000,0.000000,0.000000,0.000000,0.000000,0.000000,0.000000,0.000000,0.000000,0.000000,0.000000,1,100.000000,,,,,,,,,,,,,,,,,,,,,,
1560,50378,50379,1,Transformer,Closed,Closed,NO,50378,Fixed,NO,50378,NO ,0.000000,0.000100,1.010000,0.990000,Middle,100.000000,161.000000,13.800000,0.002063,0.065974,0.000000,0.000000,0.000000,0.000000,1.000000,1.000000,1.100000,0.900000,0.006250,1.000000,0.000000,0,0.000000,YES,Default,132.345009,0.000000,0.000000,0.000000,0.000000,0.000000,0.000000,0.000000,0.000000,0.000000,0.000000,0.000000,0.000000,0.000000,0.000000,1,100.000000,,,,,,,,,,,,,,,,,,,,,,
1561,50381,50380,1,Transformer,Closed,Closed,NO,50381,Fixed,NO,50381,NO ,0.000000,0.000100,1.010000,0.990000,Middle,100.000000,161.000000,500.000000,0.000197,0.014919,0.000000,0.000000,0.000000,0.000000,1.000000,1.000000,1.100000,0.900000,0.006250,1.000000,0.000000,0,0.000000,YES,Default,669.001675,0.000000,0.000000,0.000000,0.000000,0.000000,0.000000,0.000000,0.000000,0.000000,0.000000,0.000000,0.000000,0.000000,0.000000,1,100.000000,,,,,,,,,,,,,,,,,,,,,,
1562,50380,50382,1,Transformer,Closed,Closed,NO,50380,Fixed,NO,50380,NO ,0.000000,0.000100,1.010000,0.990000,Middle,100.000000,500.000000,18.000000,0.000118,0.009309,0.000000,0.000000,0.000000,0.000000,1.000000,1.000000,1.100000,0.900000,0.006250,1.000000,0.000000,0,0.000000,YES,Default,1161.555862,0.000000,0.000000,0.000000,0.000000,0.000000,0.000000,0.000000,0.000000,0.000000,0.000000,0.000000,0.000000,0.000000,0.000000,1,100.000000,,,,,,,,,,,,,,,,,,,,,,
1563,50384,50383,1,Transformer,Closed,Closed,NO,50384,Fixed,NO,50384,NO ,0.000000,0.000100,1.010000,0.990000,Middle,100.000000,161.000000,500.000000,0.000202,0.011959,0.000000,0.000000,0.000000,0.000000,1.000000,1.000000,1.100000,0.900000,0.006250,1.000000,0.000000,0,0.000000,YES,Default,853.390503,0.000000,0.000000,0.000000,0.000000,0.000000,0.000000,0.000000,0.000000,0.000000,0.000000,0.000000,0.000000,0.000000,0.000000,1,100.000000,,,,,,,,,,,,,,,,,,,,,,
1564,50383,50385,1,Transformer,Closed,Closed,NO,50383,Fixed,NO,50383,NO ,0.000000,0.000100,1.010000,0.990000,Middle,100.000000,500.000000,20.000000,0.000126,0.010193,0.000000,0.000000,0.000000,0.000000,1.000000,1.000000,1.100000,0.900000,0.006250,1.000000,0.000000,0,0.000000,YES,Default,1349.862385,0.000000,0.000000,0.000000,0.000000,0.000000,0.000000,0.000000,0.000000,0.000000,0.000000,0.000000,0.000000,0.000000,0.000000,1,100.000000,,,,,,,,,,,,,,,,,,,,,,
1565,50383,50386,1,Transformer,Closed,Closed,NO,50383,Fixed,NO,50383,NO ,0.000000,0.000100,1.010000,0.990000,Middle,100.000000,500.000000,20.000000,0.000109,0.008045,0.000000,0.000000,0.000000,0.000000,1.000000,1.000000,1.100000,0.900000,0.006250,1.000000,0.000000,0,0.000000,YES,Default,1307.043171,0.000000,0.000000,0.000000,0.000000,0.000000,0.000000,0.000000,0.000000,0.000000,0.000000,0.000000,0.000000,0.000000,0.000000,1,100.000000,,,,,,,,,,,,,,,,,,,,,,
1566,50384,50387,1,Transformer,Closed,Closed,NO,50384,Fixed,NO,50384,NO ,0.000000,0.000100,1.010000,0.990000,Middle,100.000000,161.000000,13.800000,0.002121,0.081679,0.000000,0.000000,0.000000,0.000000,1.000000,1.000000,1.100000,0.900000,0.006250,1.050000,0.000000,0,0.000000,YES,Default,77.363193,0.000000,0.000000,0.000000,0.000000,0.000000,0.000000,0.000000,0.000000,0.000000,0.000000,0.000000,0.000000,0.000000,0.000000,1,100.000000,,,,,,,,,,,,,,,,,,,,,,
1567,50389,50390,1,Transformer,Closed,Closed,NO,50389,Fixed,NO,50389,NO ,0.000000,0.000100,1.010000,0.990000,Middle,100.000000,161.000000,13.800000,0.001700,0.046160,0.000000,0.000000,0.000000,0.000000,1.000000,1.000000,1.100000,0.900000,0.006250,1.000000,0.000000,0,0.000000,YES,Default,145.605361,0.000000,0.000000,0.000000,0.000000,0.000000,0.000000,0.000000,0.000000,0.000000,0.000000,0.000000,0.000000,0.000000,0.000000,1,100.000000,,,,,,,,,,,,,,,,,,,,,,
1568,50389,50391,1,Transformer,Closed,Closed,NO,50389,Fixed,NO,50389,NO ,0.000000,0.000100,1.010000,0.990000,Middle,100.000000,161.000000,13.800000,0.006001,0.198276,0.000000,0.000000,0.000000,0.000000,1.000000,1.000000,1.100000,0.900000,0.006250,1.000000,0.000000,0,0.000000,YES,Default,72.087836,0.000000,0.000000,0.000000,0.000000,0.000000,0.000000,0.000000,0.000000,0.000000,0.000000,0.000000,0.000000,0.000000,0.000000,1,100.000000,,,,,,,,,,,,,,,,,,,,,,
1569,50392,50393,1,Transformer,Closed,Closed,NO,50392,Fixed,NO,50392,NO ,0.000000,0.000100,1.010000,0.990000,Middle,100.000000,161.000000,18.000000,0.001234,0.047129,0.000000,0.000000,0.000000,0.000000,1.000000,1.000000,1.100000,0.900000,0.006250,1.043750,0.000000,0,0.000000,YES,Default,123.624742,0.000000,0.000000,0.000000,0.000000,0.000000,0.000000,0.000000,0.000000,0.000000,0.000000,0.000000,0.000000,0.000000,0.000000,1,100.000000,,,,,,,,,,,,,,,,,,,,,,
1570,50396,50395,1,Transformer,Closed,Closed,NO,50396,Fixed,NO,50396,NO ,0.000000,0.000100,1.010000,0.990000,Middle,100.000000,161.000000,500.000000,0.000179,0.012376,0.000000,0.000000,0.000000,0.000000,1.000000,1.000000,1.100000,0.900000,0.006250,1.000000,0.000000,0,0.000000,YES,Default,780.548000,0.000000,0.000000,0.000000,0.000000,0.000000,0.000000,0.000000,0.000000,0.000000,0.000000,0.000000,0.000000,0.000000,0.000000,1,100.000000,,,,,,,,,,,,,,,,,,,,,,
1571,50395,50397,1,Transformer,Closed,Closed,NO,50395,Fixed,NO,50395,NO ,0.000000,0.000100,1.010000,0.990000,Middle,100.000000,500.000000,18.000000,0.000065,0.005066,0.000000,0.000000,0.000000,0.000000,1.000000,1.000000,1.100000,0.900000,0.006250,1.000000,0.000000,0,0.000000,YES,Default,1190.005207,0.000000,0.000000,0.000000,0.000000,0.000000,0.000000,0.000000,0.000000,0.000000,0.000000,0.000000,0.000000,0.000000,0.000000,1,100.000000,,,,,,,,,,,,,,,,,,,,,,
1572,50395,50398,1,Transformer,Closed,Closed,NO,50395,Fixed,NO,50395,NO ,0.000000,0.000100,1.010000,0.990000,Middle,100.000000,500.000000,13.800000,0.000170,0.011916,0.000000,0.000000,0.000000,0.000000,1.000000,1.000000,1.100000,0.900000,0.006250,1.000000,0.000000,0,0.000000,YES,Default,1186.852837,0.000000,0.000000,0.000000,0.000000,0.000000,0.000000,0.000000,0.000000,0.000000,0.000000,0.000000,0.000000,0.000000,0.000000,1,100.000000,,,,,,,,,,,,,,,,,,,,,,
1573,50395,50399,1,Transformer,Closed,Closed,NO,50395,Fixed,NO,50395,NO ,0.000000,0.000100,1.010000,0.990000,Middle,100.000000,500.000000,13.800000,0.000140,0.009887,0.000000,0.000000,0.000000,0.000000,1.000000,1.000000,1.100000,0.900000,0.006250,1.000000,0.000000,0,0.000000,YES,Default,1169.242668,0.000000,0.000000,0.000000,0.000000,0.000000,0.000000,0.000000,0.000000,0.000000,0.000000,0.000000,0.000000,0.000000,0.000000,1,100.000000,,,,,,,,,,,,,,,,,,,,,,
1574,50401,50400,1,Transformer,Closed,Closed,NO,50401,LTC,YES,50401,NO ,0.000000,0.000100,1.077000,1.027000,Middle,100.000000,161.000000,500.000000,0.000163,0.014311,0.000000,0.000000,0.000000,0.000000,1.000000,1.000000,1.100000,0.900000,0.006250,1.006250,0.000000,0,0.000000,YES,Default,789.251947,0.000000,0.000000,0.000000,0.000000,0.000000,0.000000,0.000000,0.000000,0.000000,0.000000,0.000000,0.000000,0.000000,0.000000,1,100.000000,,,,,,,,,,,,,,,,,,,,,,
1575,50400,50402,1,Transformer,Closed,Closed,NO,50400,Fixed,NO,50400,NO ,0.000000,0.000100,1.010000,0.990000,Middle,100.000000,500.000000,13.800000,0.000191,0.014314,0.000000,0.000000,0.000000,0.000000,1.000000,1.000000,1.100000,0.900000,0.006250,1.018750,0.000000,0,0.000000,YES,Default,944.927883,0.000000,0.000000,0.000000,0.000000,0.000000,0.000000,0.000000,0.000000,0.000000,0.000000,0.000000,0.000000,0.000000,0.000000,1,100.000000,,,,,,,,,,,,,,,,,,,,,,
1576,50400,50403,1,Transformer,Closed,Closed,NO,50400,Fixed,NO,50400,NO ,0.000000,0.000100,1.010000,0.990000,Middle,100.000000,500.000000,13.800000,0.000167,0.011237,0.000000,0.000000,0.000000,0.000000,1.000000,1.000000,1.100000,0.900000,0.006250,1.018750,0.000000,0,0.000000,YES,Default,943.172741,0.000000,0.000000,0.000000,0.000000,0.000000,0.000000,0.000000,0.000000,0.000000,0.000000,0.000000,0.000000,0.000000,0.000000,1,100.000000,,,,,,,,,,,,,,,,,,,,,,
1577,50400,50404,1,Transformer,Closed,Closed,NO,50400,Fixed,NO,50400,NO ,0.000000,0.000100,1.010000,0.990000,Middle,100.000000,500.000000,13.800000,0.000139,0.009633,0.000000,0.000000,0.000000,0.000000,1.000000,1.000000,1.100000,0.900000,0.006250,1.018750,0.000000,0,0.000000,YES,Default,943.141651,0.000000,0.000000,0.000000,0.000000,0.000000,0.000000,0.000000,0.000000,0.000000,0.000000,0.000000,0.000000,0.000000,0.000000,1,100.000000,,,,,,,,,,,,,,,,,,,,,,
1578,50407,50406,1,Transformer,Closed,Closed,NO,50407,Fixed,NO,50407,NO ,0.000000,0.000100,1.010000,0.990000,Middle,100.000000,345.000000,500.000000,0.000306,0.016983,0.000000,0.000000,0.000000,0.000000,1.000000,1.000000,1.100000,0.900000,0.006250,1.000000,0.000000,0,0.000000,YES,Default,576.820898,0.000000,0.000000,0.000000,0.000000,0.000000,0.000000,0.000000,0.000000,0.000000,0.000000,0.000000,0.000000,0.000000,0.000000,1,100.000000,,,,,,,,,,,,,,,,,,,,,,
1579,50406,50409,1,Transformer,Closed,Closed,NO,50406,Fixed,NO,50406,NO ,0.000000,0.000100,1.010000,0.990000,Middle,100.000000,500.000000,18.000000,0.000157,0.011255,0.000000,0.000000,0.000000,0.000000,1.000000,1.000000,1.100000,0.900000,0.006250,1.037500,0.000000,0,0.000000,YES,Default,916.044331,0.000000,0.000000,0.000000,0.000000,0.000000,0.000000,0.000000,0.000000,0.000000,0.000000,0.000000,0.000000,0.000000,0.000000,1,100.000000,,,,,,,,,,,,,,,,,,,,,,
1580,50408,50407,1,Transformer,Closed,Closed,NO,50408,Fixed,NO,50408,NO ,0.000000,0.000100,1.010000,0.990000,Middle,100.000000,161.000000,345.000000,0.000387,0.025709,0.000000,0.000000,0.000000,0.000000,1.000000,1.000000,1.100000,0.900000,0.006250,0.987500,0.000000,0,0.000000,YES,Default,296.154547,0.000000,0.000000,0.000000,0.000000,0.000000,0.000000,0.000000,0.000000,0.000000,0.000000,0.000000,0.000000,0.000000,0.000000,1,100.000000,,,,,,,,,,,,,,,,,,,,,,
1581,50411,50412,1,Transformer,Closed,Closed,NO,50411,Fixed,NO,50411,NO ,0.000000,0.000100,1.010000,0.990000,Middle,100.000000,161.000000,13.800000,0.004200,0.133083,0.000000,0.000000,0.000000,0.000000,1.000000,1.000000,1.100000,0.900000,0.006250,0.987500,0.000000,0,0.000000,YES,Default,79.976785,0.000000,0.000000,0.000000,0.000000,0.000000,0.000000,0.000000,0.000000,0.000000,0.000000,0.000000,0.000000,0.000000,0.000000,1,100.000000,,,,,,,,,,,,,,,,,,,,,,
1582,50411,50413,1,Transformer,Closed,Closed,NO,50411,Fixed,NO,50411,NO ,0.000000,0.000100,1.010000,0.990000,Middle,100.000000,161.000000,18.000000,0.023149,0.652963,0.000000,0.000000,0.000000,0.000000,1.000000,1.000000,1.100000,0.900000,0.006250,0.987500,0.000000,0,0.000000,YES,Default,30.000001,0.000000,0.000000,0.000000,0.000000,0.000000,0.000000,0.000000,0.000000,0.000000,0.000000,0.000000,0.000000,0.000000,0.000000,1,100.000000,,,,,,,,,,,,,,,,,,,,,,
1583,50414,50418,1,Transformer,Closed,Closed,NO,50414,Fixed,NO,50414,NO ,0.000000,0.000100,1.010000,0.990000,Middle,100.000000,500.000000,18.000000,0.000318,0.017473,0.000000,0.000000,0.000000,0.000000,1.000000,1.000000,1.100000,0.900000,0.006250,1.000000,0.000000,0,0.000000,YES,Default,724.367046,0.000000,0.000000,0.000000,0.000000,0.000000,0.000000,0.000000,0.000000,0.000000,0.000000,0.000000,0.000000,0.000000,0.000000,1,100.000000,,,,,,,,,,,,,,,,,,,,,,
1584,50414,50419,1,Transformer,Closed,Closed,NO,50414,Fixed,NO,50414,NO ,0.000000,0.000100,1.010000,0.990000,Middle,100.000000,500.000000,18.000000,0.000229,0.017255,0.000000,0.000000,0.000000,0.000000,1.000000,1.000000,1.100000,0.900000,0.006250,1.000000,0.000000,0,0.000000,YES,Default,715.003157,0.000000,0.000000,0.000000,0.000000,0.000000,0.000000,0.000000,0.000000,0.000000,0.000000,0.000000,0.000000,0.000000,0.000000,1,100.000000,,,,,,,,,,,,,,,,,,,,,,
1585,50420,50421,1,Transformer,Closed,Closed,NO,50420,Fixed,NO,50420,NO ,0.000000,0.000100,1.010000,0.990000,Middle,100.000000,161.000000,13.800000,0.001907,0.057032,0.000000,0.000000,0.000000,0.000000,1.000000,1.000000,1.100000,0.900000,0.006250,1.062500,0.000000,0,0.000000,YES,Default,193.926024,0.000000,0.000000,0.000000,0.000000,0.000000,0.000000,0.000000,0.000000,0.000000,0.000000,0.000000,0.000000,0.000000,0.000000,1,100.000000,,,,,,,,,,,,,,,,,,,,,,
1586,50430,50429,1,Transformer,Closed,Closed,NO,50430,Fixed,NO,50430,NO ,0.000000,0.000100,1.010000,0.990000,Middle,100.000000,345.000000,500.000000,0.000246,0.016358,0.000000,0.000000,0.000000,0.000000,1.000000,1.000000,1.100000,0.900000,0.006250,1.000000,0.000000,0,0.000000,YES,Default,716.420174,0.000000,0.000000,0.000000,0.000000,0.000000,0.000000,0.000000,0.000000,0.000000,0.000000,0.000000,0.000000,0.000000,0.000000,1,100.000000,,,,,,,,,,,,,,,,,,,,,,
1587,50429,50433,1,Transformer,Closed,Closed,NO,50429,Fixed,NO,50429,NO ,0.000000,0.000100,1.010000,0.990000,Middle,100.000000,500.000000,13.800000,0.000139,0.011495,0.000000,0.000000,0.000000,0.000000,1.000000,1.000000,1.100000,0.900000,0.006250,1.050000,0.000000,0,0.000000,YES,Default,780.560923,0.000000,0.000000,0.000000,0.000000,0.000000,0.000000,0.000000,0.000000,0.000000,0.000000,0.000000,0.000000,0.000000,0.000000,1,100.000000,,,,,,,,,,,,,,,,,,,,,,
1588,50429,50434,1,Transformer,Closed,Closed,NO,50429,Fixed,NO,50429,NO ,0.000000,0.000100,1.010000,0.990000,Middle,100.000000,500.000000,13.800000,0.000599,0.039151,0.000000,0.000000,0.000000,0.000000,1.000000,1.000000,1.100000,0.900000,0.006250,1.000000,0.000000,0,0.000000,YES,Default,223.693156,0.000000,0.000000,0.000000,0.000000,0.000000,0.000000,0.000000,0.000000,0.000000,0.000000,0.000000,0.000000,0.000000,0.000000,1,100.000000,,,,,,,,,,,,,,,,,,,,,,
1589,50431,50430,1,Transformer,Closed,Closed,NO,50431,Fixed,NO,50431,NO ,0.000000,0.000100,1.010000,0.990000,Middle,100.000000,161.000000,345.000000,0.000537,0.030928,0.000000,0.000000,0.000000,0.000000,1.000000,1.000000,1.100000,0.900000,0.006250,1.000000,0.000000,0,0.000000,YES,Default,411.377048,0.000000,0.000000,0.000000,0.000000,0.000000,0.000000,0.000000,0.000000,0.000000,0.000000,0.000000,0.000000,0.000000,0.000000,1,100.000000,,,,,,,,,,,,,,,,,,,,,,
1590,50432,50431,1,Transformer,Closed,Closed,NO,50432,Fixed,NO,50432,NO ,0.000000,0.000100,1.010000,0.990000,Middle,100.000000,138.000000,161.000000,0.002366,0.084382,0.000000,0.000000,0.000000,0.000000,1.000000,1.000000,1.100000,0.900000,0.006250,1.000000,0.000000,0,0.000000,YES,Default,87.300152,0.000000,0.000000,0.000000,0.000000,0.000000,0.000000,0.000000,0.000000,0.000000,0.000000,0.000000,0.000000,0.000000,0.000000,1,100.000000,,,,,,,,,,,,,,,,,,,,,,
1591,50439,50438,1,Transformer,Closed,Closed,NO,50439,Fixed,NO,50439,NO ,0.000000,0.000100,1.010000,0.990000,Middle,100.000000,161.000000,500.000000,0.000201,0.014351,0.000000,0.000000,0.000000,0.000000,1.000000,1.000000,1.100000,0.900000,0.006250,1.000000,0.000000,0,0.000000,YES,Default,753.893232,0.000000,0.000000,0.000000,0.000000,0.000000,0.000000,0.000000,0.000000,0.000000,0.000000,0.000000,0.000000,0.000000,0.000000,1,100.000000,,,,,,,,,,,,,,,,,,,,,,
1592,50438,50440,1,Transformer,Closed,Closed,NO,50438,Fixed,NO,50438,NO ,0.000000,0.000100,1.010000,0.990000,Middle,100.000000,500.000000,24.000000,0.000238,0.019672,0.000000,0.000000,0.000000,0.000000,1.000000,1.000000,1.100000,0.900000,0.006250,1.018750,0.000000,0,0.000000,YES,Default,649.408150,0.000000,0.000000,0.000000,0.000000,0.000000,0.000000,0.000000,0.000000,0.000000,0.000000,0.000000,0.000000,0.000000,0.000000,1,100.000000,,,,,,,,,,,,,,,,,,,,,,
1593,50438,50441,1,Transformer,Closed,Closed,NO,50438,Fixed,NO,50438,NO ,0.000000,0.000100,1.010000,0.990000,Middle,100.000000,500.000000,13.800000,0.000234,0.016217,0.000000,0.000000,0.000000,0.000000,1.000000,1.000000,1.100000,0.900000,0.006250,1.018750,0.000000,0,0.000000,YES,Default,641.161251,0.000000,0.000000,0.000000,0.000000,0.000000,0.000000,0.000000,0.000000,0.000000,0.000000,0.000000,0.000000,0.000000,0.000000,1,100.000000,,,,,,,,,,,,,,,,,,,,,,
1594,50438,50442,1,Transformer,Closed,Closed,NO,50438,Fixed,NO,50438,NO ,0.000000,0.000100,1.010000,0.990000,Middle,100.000000,500.000000,13.800000,0.000690,0.050761,0.000000,0.000000,0.000000,0.000000,1.000000,1.000000,1.100000,0.900000,0.006250,1.018750,0.000000,0,0.000000,YES,Default,299.205828,0.000000,0.000000,0.000000,0.000000,0.000000,0.000000,0.000000,0.000000,0.000000,0.000000,0.000000,0.000000,0.000000,0.000000,1,100.000000,,,,,,,,,,,,,,,,,,,,,,
1595,50444,50443,1,Transformer,Closed,Closed,NO,50444,Fixed,NO,50444,NO ,0.000000,0.000100,1.010000,0.990000,Middle,100.000000,161.000000,500.000000,0.000179,0.012621,0.000000,0.000000,0.000000,0.000000,1.000000,1.000000,1.100000,0.900000,0.006250,1.006250,0.000000,0,0.000000,YES,Default,849.191761,0.000000,0.000000,0.000000,0.000000,0.000000,0.000000,0.000000,0.000000,0.000000,0.000000,0.000000,0.000000,0.000000,0.000000,1,100.000000,,,,,,,,,,,,,,,,,,,,,,
1596,50447,50446,1,Transformer,Closed,Closed,NO,50447,Fixed,NO,50447,NO ,0.000000,0.000100,1.010000,0.990000,Middle,100.000000,161.000000,500.000000,0.000229,0.014871,0.000000,0.000000,0.000000,0.000000,1.000000,1.000000,1.100000,0.900000,0.006250,1.006250,0.000000,0,0.000000,YES,Default,652.347755,0.000000,0.000000,0.000000,0.000000,0.000000,0.000000,0.000000,0.000000,0.000000,0.000000,0.000000,0.000000,0.000000,0.000000,1,100.000000,,,,,,,,,,,,,,,,,,,,,,
1597,50446,50448,1,Transformer,Closed,Closed,NO,50446,Fixed,NO,50446,NO ,0.000000,0.000100,1.010000,0.990000,Middle,100.000000,500.000000,13.800000,0.000139,0.011943,0.000000,0.000000,0.000000,0.000000,1.000000,1.000000,1.100000,0.900000,0.006250,1.025000,0.000000,0,0.000000,YES,Default,1164.078712,0.000000,0.000000,0.000000,0.000000,0.000000,0.000000,0.000000,0.000000,0.000000,0.000000,0.000000,0.000000,0.000000,0.000000,1,100.000000,,,,,,,,,,,,,,,,,,,,,,
1598,50446,50449,1,Transformer,Closed,Closed,NO,50446,Fixed,NO,50446,NO ,0.000000,0.000100,1.010000,0.990000,Middle,100.000000,500.000000,18.000000,0.000182,0.013408,0.000000,0.000000,0.000000,0.000000,1.000000,1.000000,1.100000,0.900000,0.006250,1.000000,0.000000,0,0.000000,YES,Default,1161.902142,0.000000,0.000000,0.000000,0.000000,0.000000,0.000000,0.000000,0.000000,0.000000,0.000000,0.000000,0.000000,0.000000,0.000000,1,100.000000,,,,,,,,,,,,,,,,,,,,,,
1599,50451,50450,1,Transformer,Closed,Closed,NO,50451,Fixed,NO,50451,NO ,0.000000,0.000100,1.010000,0.990000,Middle,100.000000,161.000000,500.000000,0.000187,0.013312,0.000000,0.000000,0.000000,0.000000,1.000000,1.000000,1.100000,0.900000,0.006250,1.000000,0.000000,0,0.000000,YES,Default,359.008789,0.000000,0.000000,0.000000,0.000000,0.000000,0.000000,0.000000,0.000000,0.000000,0.000000,0.000000,0.000000,0.000000,0.000000,1,100.000000,,,,,,,,,,,,,,,,,,,,,,
1600,50453,50457,1,Transformer,Closed,Closed,NO,50453,Fixed,NO,50453,NO ,0.000000,0.000100,1.010000,0.990000,Middle,100.000000,500.000000,18.000000,0.000226,0.018653,0.000000,0.000000,0.000000,0.000000,1.000000,1.000000,1.100000,0.900000,0.006250,1.000000,0.000000,0,0.000000,YES,Default,612.102795,0.000000,0.000000,0.000000,0.000000,0.000000,0.000000,0.000000,0.000000,0.000000,0.000000,0.000000,0.000000,0.000000,0.000000,1,100.000000,,,,,,,,,,,,,,,,,,,,,,
1601,50459,50458,1,Transformer,Closed,Closed,NO,50459,Fixed,NO,50459,NO ,0.000000,0.000100,1.010000,0.990000,Middle,100.000000,161.000000,500.000000,0.000133,0.009395,0.000000,0.000000,0.000000,0.000000,1.000000,1.000000,1.100000,0.900000,0.006250,1.000000,0.000000,0,0.000000,YES,Default,448.537064,0.000000,0.000000,0.000000,0.000000,0.000000,0.000000,0.000000,0.000000,0.000000,0.000000,0.000000,0.000000,0.000000,0.000000,1,100.000000,,,,,,,,,,,,,,,,,,,,,,
1602,50460,50459,1,Transformer,Closed,Closed,NO,50460,Fixed,NO,50460,NO ,0.000000,0.000100,1.010000,0.990000,Middle,100.000000,138.000000,161.000000,0.004261,0.137247,0.000000,0.000000,0.000000,0.000000,1.000000,1.000000,1.100000,0.900000,0.006250,1.000000,0.000000,0,0.000000,YES,Default,75.790715,0.000000,0.000000,0.000000,0.000000,0.000000,0.000000,0.000000,0.000000,0.000000,0.000000,0.000000,0.000000,0.000000,0.000000,1,100.000000,,,,,,,,,,,,,,,,,,,,,,
1603,53037,53036,1,Transformer,Closed,Closed,NO,53037,Fixed,NO,53037,NO ,0.000000,0.000100,1.010000,0.990000,Middle,100.000000,115.000000,230.000000,0.001793,0.080812,0.000000,0.000000,0.000000,0.000000,1.000000,1.000000,1.100000,0.900000,0.006250,1.006250,0.000000,0,0.000000,YES,Default,164.716911,0.000000,0.000000,0.000000,0.000000,0.000000,0.000000,0.000000,0.000000,0.000000,0.000000,0.000000,0.000000,0.000000,0.000000,1,100.000000,,,,,,,,,,,,,,,,,,,,,,
1604,53136,53135,1,Transformer,Closed,Closed,NO,53136,Fixed,NO,53136,NO ,0.000000,0.000100,1.010000,0.990000,Middle,100.000000,115.000000,230.000000,0.001255,0.056757,0.000000,0.000000,0.000000,0.000000,1.000000,1.000000,1.100000,0.900000,0.006250,1.000000,0.000000,0,0.000000,YES,Default,235.792661,0.000000,0.000000,0.000000,0.000000,0.000000,0.000000,0.000000,0.000000,0.000000,0.000000,0.000000,0.000000,0.000000,0.000000,1,100.000000,,,,,,,,,,,,,,,,,,,,,,
1605,53136,53135,2,Transformer,Closed,Closed,NO,53136,Fixed,NO,53136,NO ,0.000000,0.000100,1.010000,0.990000,Middle,100.000000,115.000000,230.000000,0.001255,0.056757,0.000000,0.000000,0.000000,0.000000,1.000000,1.000000,1.100000,0.900000,0.006250,1.000000,0.000000,0,0.000000,YES,Default,235.792661,0.000000,0.000000,0.000000,0.000000,0.000000,0.000000,0.000000,0.000000,0.000000,0.000000,0.000000,0.000000,0.000000,0.000000,1,100.000000,,,,,,,,,,,,,,,,,,,,,,
1606,53136,53135,3,Transformer,Closed,Closed,NO,53136,Fixed,NO,53136,NO ,0.000000,0.000100,1.010000,0.990000,Middle,100.000000,115.000000,230.000000,0.001255,0.056757,0.000000,0.000000,0.000000,0.000000,1.000000,1.000000,1.100000,0.900000,0.006250,1.000000,0.000000,0,0.000000,YES,Default,235.792661,0.000000,0.000000,0.000000,0.000000,0.000000,0.000000,0.000000,0.000000,0.000000,0.000000,0.000000,0.000000,0.000000,0.000000,1,100.000000,,,,,,,,,,,,,,,,,,,,,,
1607,53213,53212,1,Transformer,Closed,Closed,NO,53213,Fixed,NO,53213,NO ,0.000000,0.000100,1.010000,0.990000,Middle,100.000000,230.000000,500.000000,0.000238,0.014795,0.000000,0.000000,0.000000,0.000000,1.000000,1.000000,1.100000,0.900000,0.006250,1.000000,0.000000,0,0.000000,YES,Default,557.298565,0.000000,0.000000,0.000000,0.000000,0.000000,0.000000,0.000000,0.000000,0.000000,0.000000,0.000000,0.000000,0.000000,0.000000,1,100.000000,,,,,,,,,,,,,,,,,,,,,,
1608,53212,53215,1,Transformer,Closed,Closed,NO,53212,Fixed,NO,53212,NO ,0.000000,0.000100,1.010000,0.990000,Middle,100.000000,500.000000,13.800000,0.000084,0.007249,0.000000,0.000000,0.000000,0.000000,1.000000,1.000000,1.100000,0.900000,0.006250,1.000000,0.000000,0,0.000000,YES,Default,1136.303711,0.000000,0.000000,0.000000,0.000000,0.000000,0.000000,0.000000,0.000000,0.000000,0.000000,0.000000,0.000000,0.000000,0.000000,1,100.000000,,,,,,,,,,,,,,,,,,,,,,
1609,53212,53216,1,Transformer,Closed,Closed,NO,53212,Fixed,NO,53212,NO ,0.000000,0.000100,1.010000,0.990000,Middle,100.000000,500.000000,13.800000,0.000143,0.009259,0.000000,0.000000,0.000000,0.000000,1.000000,1.000000,1.100000,0.900000,0.006250,1.050000,0.000000,0,0.000000,YES,Default,1134.543896,0.000000,0.000000,0.000000,0.000000,0.000000,0.000000,0.000000,0.000000,0.000000,0.000000,0.000000,0.000000,0.000000,0.000000,1,100.000000,,,,,,,,,,,,,,,,,,,,,,
1610,53212,53217,1,Transformer,Closed,Closed,NO,53212,Fixed,NO,53212,NO ,0.000000,0.000100,1.010000,0.990000,Middle,100.000000,500.000000,13.800000,0.000121,0.009645,0.000000,0.000000,0.000000,0.000000,1.000000,1.000000,1.100000,0.900000,0.006250,1.056250,0.000000,0,0.000000,YES,Default,1132.835293,0.000000,0.000000,0.000000,0.000000,0.000000,0.000000,0.000000,0.000000,0.000000,0.000000,0.000000,0.000000,0.000000,0.000000,1,100.000000,,,,,,,,,,,,,,,,,,,,,,
1611,53212,53218,1,Transformer,Closed,Closed,NO,53212,Fixed,NO,53212,NO ,0.000000,0.000100,1.010000,0.990000,Middle,100.000000,500.000000,13.800000,0.000129,0.008684,0.000000,0.000000,0.000000,0.000000,1.000000,1.000000,1.100000,0.900000,0.006250,1.050000,0.000000,0,0.000000,YES,Default,1130.973148,0.000000,0.000000,0.000000,0.000000,0.000000,0.000000,0.000000,0.000000,0.000000,0.000000,0.000000,0.000000,0.000000,0.000000,1,100.000000,,,,,,,,,,,,,,,,,,,,,,
1612,53214,53213,1,Transformer,Closed,Closed,NO,53214,Fixed,NO,53214,NO ,0.000000,0.000100,1.010000,0.990000,Middle,100.000000,115.000000,230.000000,0.001082,0.044799,0.000000,0.000000,0.000000,0.000000,1.000000,1.000000,1.100000,0.900000,0.006250,1.000000,0.000000,0,0.000000,YES,Default,179.455030,0.000000,0.000000,0.000000,0.000000,0.000000,0.000000,0.000000,0.000000,0.000000,0.000000,0.000000,0.000000,0.000000,0.000000,1,100.000000,,,,,,,,,,,,,,,,,,,,,,
1613,53221,53222,1,Transformer,Closed,Closed,NO,53221,Fixed,NO,53221,NO ,0.000000,0.000100,1.010000,0.990000,Middle,100.000000,115.000000,13.800000,0.016235,0.428531,0.000000,0.000000,0.000000,0.000000,1.000000,1.000000,1.100000,0.900000,0.006250,1.006250,0.000000,0,0.000000,YES,Default,40.819588,0.000000,0.000000,0.000000,0.000000,0.000000,0.000000,0.000000,0.000000,0.000000,0.000000,0.000000,0.000000,0.000000,0.000000,1,100.000000,,,,,,,,,,,,,,,,,,,,,,
1614,53221,53223,1,Transformer,Closed,Closed,NO,53221,Fixed,NO,53221,NO ,0.000000,0.000100,1.010000,0.990000,Middle,100.000000,115.000000,18.000000,0.010333,0.271824,0.000000,0.000000,0.000000,0.000000,1.000000,1.000000,1.100000,0.900000,0.006250,1.012500,0.000000,0,0.000000,YES,Default,24.180000,0.000000,0.000000,0.000000,0.000000,0.000000,0.000000,0.000000,0.000000,0.000000,0.000000,0.000000,0.000000,0.000000,0.000000,1,100.000000,,,,,,,,,,,,,,,,,,,,,,
1615,53221,53224,1,Transformer,Closed,Closed,NO,53221,Fixed,NO,53221,NO ,0.000000,0.000100,1.010000,0.990000,Middle,100.000000,115.000000,13.200000,0.029846,0.692041,0.000000,0.000000,0.000000,0.000000,1.000000,1.000000,1.100000,0.900000,0.006250,1.012500,0.000000,0,0.000000,YES,Default,22.490001,0.000000,0.000000,0.000000,0.000000,0.000000,0.000000,0.000000,0.000000,0.000000,0.000000,0.000000,0.000000,0.000000,0.000000,1,100.000000,,,,,,,,,,,,,,,,,,,,,,
1616,53229,53228,1,Transformer,Closed,Closed,NO,53229,Fixed,NO,53229,NO ,0.000000,0.000100,1.010000,0.990000,Middle,100.000000,230.000000,500.000000,0.000179,0.014126,0.000000,0.000000,0.000000,0.000000,1.000000,1.000000,1.100000,0.900000,0.006250,1.000000,0.000000,0,0.000000,YES,Default,814.954090,0.000000,0.000000,0.000000,0.000000,0.000000,0.000000,0.000000,0.000000,0.000000,0.000000,0.000000,0.000000,0.000000,0.000000,1,100.000000,,,,,,,,,,,,,,,,,,,,,,
1617,53228,53233,1,Transformer,Closed,Closed,NO,53228,Fixed,NO,53228,NO ,0.000000,0.000100,1.010000,0.990000,Middle,100.000000,500.000000,18.000000,0.000130,0.008459,0.000000,0.000000,0.000000,0.000000,1.000000,1.000000,1.100000,0.900000,0.006250,1.031250,0.000000,0,0.000000,YES,Default,1100.256538,0.000000,0.000000,0.000000,0.000000,0.000000,0.000000,0.000000,0.000000,0.000000,0.000000,0.000000,0.000000,0.000000,0.000000,1,100.000000,,,,,,,,,,,,,,,,,,,,,,
1618,53239,53238,1,Transformer,Closed,Closed,NO,53239,Fixed,NO,53239,NO ,0.000000,0.000100,1.010000,0.990000,Middle,100.000000,230.000000,500.000000,0.000245,0.016279,0.000000,0.000000,0.000000,0.000000,1.000000,1.000000,1.100000,0.900000,0.006250,1.043750,0.000000,0,0.000000,YES,Default,980.787849,0.000000,0.000000,0.000000,0.000000,0.000000,0.000000,0.000000,0.000000,0.000000,0.000000,0.000000,0.000000,0.000000,0.000000,1,100.000000,,,,,,,,,,,,,,,,,,,,,,
1619,53238,53241,1,Transformer,Closed,Closed,NO,53238,Fixed,NO,53238,NO ,0.000000,0.000100,1.010000,0.990000,Middle,100.000000,500.000000,13.800000,0.000272,0.019186,0.000000,0.000000,0.000000,0.000000,1.000000,1.000000,1.100000,0.900000,0.006250,1.018750,0.000000,0,0.000000,YES,Default,742.621326,0.000000,0.000000,0.000000,0.000000,0.000000,0.000000,0.000000,0.000000,0.000000,0.000000,0.000000,0.000000,0.000000,0.000000,1,100.000000,,,,,,,,,,,,,,,,,,,,,,
1620,53238,53242,1,Transformer,Closed,Closed,NO,53238,Fixed,NO,53238,NO ,0.000000,0.000100,1.010000,0.990000,Middle,100.000000,500.000000,13.800000,0.000311,0.015959,0.000000,0.000000,0.000000,0.000000,1.000000,1.000000,1.100000,0.900000,0.006250,1.018750,0.000000,0,0.000000,YES,Default,640.487862,0.000000,0.000000,0.000000,0.000000,0.000000,0.000000,0.000000,0.000000,0.000000,0.000000,0.000000,0.000000,0.000000,0.000000,1,100.000000,,,,,,,,,,,,,,,,,,,,,,
1621,53238,53243,1,Transformer,Closed,Closed,NO,53238,Fixed,NO,53238,NO ,0.000000,0.000100,1.010000,0.990000,Middle,100.000000,500.000000,18.000000,0.000305,0.018813,0.000000,0.000000,0.000000,0.000000,1.000000,1.000000,1.100000,0.900000,0.006250,1.018750,0.000000,0,0.000000,YES,Default,636.550856,0.000000,0.000000,0.000000,0.000000,0.000000,0.000000,0.000000,0.000000,0.000000,0.000000,0.000000,0.000000,0.000000,0.000000,1,100.000000,,,,,,,,,,,,,,,,,,,,,,
1622,53238,53244,1,Transformer,Closed,Closed,NO,53238,Fixed,NO,53238,NO ,0.000000,0.000100,1.010000,0.990000,Middle,100.000000,500.000000,13.800000,0.000222,0.016051,0.000000,0.000000,0.000000,0.000000,1.000000,1.000000,1.100000,0.900000,0.006250,1.018750,0.000000,0,0.000000,YES,Default,632.924700,0.000000,0.000000,0.000000,0.000000,0.000000,0.000000,0.000000,0.000000,0.000000,0.000000,0.000000,0.000000,0.000000,0.000000,1,100.000000,,,,,,,,,,,,,,,,,,,,,,
1623,53240,53239,1,Transformer,Closed,Closed,NO,53240,Fixed,NO,53240,NO ,0.000000,0.000100,1.010000,0.990000,Middle,100.000000,115.000000,230.000000,0.002205,0.064296,0.000000,0.000000,0.000000,0.000000,1.000000,1.000000,1.100000,0.900000,0.006250,1.031250,0.000000,0,0.000000,YES,Default,257.542777,0.000000,0.000000,0.000000,0.000000,0.000000,0.000000,0.000000,0.000000,0.000000,0.000000,0.000000,0.000000,0.000000,0.000000,1,100.000000,,,,,,,,,,,,,,,,,,,,,,
1624,53240,53239,2,Transformer,Closed,Closed,NO,53240,LTC,YES,53240,NO ,0.000000,0.000100,1.074000,1.024000,Middle,100.000000,115.000000,230.000000,0.002205,0.064296,0.000000,0.000000,0.000000,0.000000,1.000000,1.000000,1.100000,0.900000,0.006250,1.100000,0.000000,0,0.000000,YES,Default,257.542777,0.000000,0.000000,0.000000,0.000000,0.000000,0.000000,0.000000,0.000000,0.000000,0.000000,0.000000,0.000000,0.000000,0.000000,1,100.000000,,,,,,,,,,,,,,,,,,,,,,
1625,53240,53239,3,Transformer,Closed,Closed,NO,53240,Fixed,NO,53240,NO ,0.000000,0.000100,1.010000,0.990000,Middle,100.000000,115.000000,230.000000,0.002205,0.064296,0.000000,0.000000,0.000000,0.000000,1.000000,1.000000,1.100000,0.900000,0.006250,1.031250,0.000000,0,0.000000,YES,Default,257.542777,0.000000,0.000000,0.000000,0.000000,0.000000,0.000000,0.000000,0.000000,0.000000,0.000000,0.000000,0.000000,0.000000,0.000000,1,100.000000,,,,,,,,,,,,,,,,,,,,,,
1626,53251,53250,1,Transformer,Closed,Closed,NO,53251,Fixed,NO,53251,NO ,0.000000,0.000100,1.010000,0.990000,Middle,100.000000,230.000000,500.000000,0.000213,0.013535,0.000000,0.000000,0.000000,0.000000,1.000000,1.000000,1.100000,0.900000,0.006250,1.000000,0.000000,0,0.000000,YES,Default,716.183805,0.000000,0.000000,0.000000,0.000000,0.000000,0.000000,0.000000,0.000000,0.000000,0.000000,0.000000,0.000000,0.000000,0.000000,1,100.000000,,,,,,,,,,,,,,,,,,,,,,
1627,53250,53253,1,Transformer,Closed,Closed,NO,53250,Fixed,NO,53250,NO ,0.000000,0.000100,1.010000,0.990000,Middle,100.000000,500.000000,13.800000,0.000150,0.013680,0.000000,0.000000,0.000000,0.000000,1.000000,1.000000,1.100000,0.900000,0.006250,0.993750,0.000000,0,0.000000,YES,Default,949.517822,0.000000,0.000000,0.000000,0.000000,0.000000,0.000000,0.000000,0.000000,0.000000,0.000000,0.000000,0.000000,0.000000,0.000000,1,100.000000,,,,,,,,,,,,,,,,,,,,,,
1628,53250,53254,1,Transformer,Closed,Closed,NO,53250,Fixed,NO,53250,NO ,0.000000,0.000100,1.010000,0.990000,Middle,100.000000,500.000000,13.800000,0.000089,0.007710,0.000000,0.000000,0.000000,0.000000,1.000000,1.000000,1.100000,0.900000,0.006250,1.000000,0.000000,0,0.000000,YES,Default,948.411083,0.000000,0.000000,0.000000,0.000000,0.000000,0.000000,0.000000,0.000000,0.000000,0.000000,0.000000,0.000000,0.000000,0.000000,1,100.000000,,,,,,,,,,,,,,,,,,,,,,
1629,53250,53255,1,Transformer,Closed,Closed,NO,53250,Fixed,NO,53250,NO ,0.000000,0.000100,1.010000,0.990000,Middle,100.000000,500.000000,18.000000,0.000223,0.017121,0.000000,0.000000,0.000000,0.000000,1.000000,1.000000,1.100000,0.900000,0.006250,0.993750,0.000000,0,0.000000,YES,Default,947.811604,0.000000,0.000000,0.000000,0.000000,0.000000,0.000000,0.000000,0.000000,0.000000,0.000000,0.000000,0.000000,0.000000,0.000000,1,100.000000,,,,,,,,,,,,,,,,,,,,,,
1630,53252,53251,1,Transformer,Closed,Closed,NO,53252,Fixed,NO,53252,NO ,0.000000,0.000100,1.010000,0.990000,Middle,100.000000,115.000000,230.000000,0.001016,0.049467,0.000000,0.000000,0.000000,0.000000,1.000000,1.000000,1.100000,0.900000,0.006250,1.006250,0.000000,0,0.000000,YES,Default,160.102642,0.000000,0.000000,0.000000,0.000000,0.000000,0.000000,0.000000,0.000000,0.000000,0.000000,0.000000,0.000000,0.000000,0.000000,1,100.000000,,,,,,,,,,,,,,,,,,,,,,
1631,53257,53261,1,Transformer,Closed,Closed,NO,53257,Fixed,NO,53257,NO ,0.000000,0.000100,1.010000,0.990000,Middle,100.000000,230.000000,18.000000,0.001548,0.065341,0.000000,0.000000,0.000000,0.000000,1.000000,1.000000,1.100000,0.900000,0.006250,1.000000,0.000000,0,0.000000,YES,Default,242.357302,0.000000,0.000000,0.000000,0.000000,0.000000,0.000000,0.000000,0.000000,0.000000,0.000000,0.000000,0.000000,0.000000,0.000000,1,100.000000,,,,,,,,,,,,,,,,,,,,,,
1632,53262,53263,1,Transformer,Closed,Closed,NO,53262,Fixed,NO,53262,NO ,0.000000,0.000100,1.010000,0.990000,Middle,100.000000,115.000000,13.800000,0.011383,0.293888,0.000000,0.000000,0.000000,0.000000,1.000000,1.000000,1.100000,0.900000,0.006250,1.018750,0.000000,0,0.000000,YES,Default,43.796399,0.000000,0.000000,0.000000,0.000000,0.000000,0.000000,0.000000,0.000000,0.000000,0.000000,0.000000,0.000000,0.000000,0.000000,1,100.000000,,,,,,,,,,,,,,,,,,,,,,
1633,53262,53264,1,Transformer,Closed,Closed,NO,53262,Fixed,NO,53262,NO ,0.000000,0.000100,1.010000,0.990000,Middle,100.000000,115.000000,18.000000,0.016854,0.447651,0.000000,0.000000,0.000000,0.000000,1.000000,1.000000,1.100000,0.900000,0.006250,1.018750,0.000000,0,0.000000,YES,Default,22.750001,0.000000,0.000000,0.000000,0.000000,0.000000,0.000000,0.000000,0.000000,0.000000,0.000000,0.000000,0.000000,0.000000,0.000000,1,100.000000,,,,,,,,,,,,,,,,,,,,,,
1634,53267,53266,1,Transformer,Closed,Closed,NO,53267,Fixed,NO,53267,NO ,0.000000,0.000100,1.010000,0.990000,Middle,100.000000,115.000000,230.000000,0.001655,0.071104,0.000000,0.000000,0.000000,0.000000,1.000000,1.000000,1.100000,0.900000,0.006250,1.000000,0.000000,0,0.000000,YES,Default,243.930125,0.000000,0.000000,0.000000,0.000000,0.000000,0.000000,0.000000,0.000000,0.000000,0.000000,0.000000,0.000000,0.000000,0.000000,1,100.000000,,,,,,,,,,,,,,,,,,,,,,
1635,53267,53266,2,Transformer,Closed,Closed,NO,53267,Fixed,NO,53267,NO ,0.000000,0.000100,1.010000,0.990000,Middle,100.000000,115.000000,230.000000,0.001655,0.071104,0.000000,0.000000,0.000000,0.000000,1.000000,1.000000,1.100000,0.900000,0.006250,1.000000,0.000000,0,0.000000,YES,Default,243.930125,0.000000,0.000000,0.000000,0.000000,0.000000,0.000000,0.000000,0.000000,0.000000,0.000000,0.000000,0.000000,0.000000,0.000000,1,100.000000,,,,,,,,,,,,,,,,,,,,,,
1636,53267,53266,3,Transformer,Closed,Closed,NO,53267,Fixed,NO,53267,NO ,0.000000,0.000100,1.010000,0.990000,Middle,100.000000,115.000000,230.000000,0.001655,0.071104,0.000000,0.000000,0.000000,0.000000,1.000000,1.000000,1.100000,0.900000,0.006250,1.000000,0.000000,0,0.000000,YES,Default,243.930125,0.000000,0.000000,0.000000,0.000000,0.000000,0.000000,0.000000,0.000000,0.000000,0.000000,0.000000,0.000000,0.000000,0.000000,1,100.000000,,,,,,,,,,,,,,,,,,,,,,
1637,53266,53268,1,Transformer,Closed,Closed,NO,53266,Fixed,NO,53266,NO ,0.000000,0.000100,1.010000,0.990000,Middle,100.000000,230.000000,18.000000,0.000893,0.039124,0.000000,0.000000,0.000000,0.000000,1.000000,1.000000,1.100000,0.900000,0.006250,1.006250,0.000000,0,0.000000,YES,Default,239.946198,0.000000,0.000000,0.000000,0.000000,0.000000,0.000000,0.000000,0.000000,0.000000,0.000000,0.000000,0.000000,0.000000,0.000000,1,100.000000,,,,,,,,,,,,,,,,,,,,,,
1638,53267,53269,1,Transformer,Closed,Closed,NO,53267,Fixed,NO,53267,NO ,0.000000,0.000100,1.010000,0.990000,Middle,100.000000,115.000000,13.800000,0.038993,0.850759,0.000000,0.000000,0.000000,0.000000,1.000000,1.000000,1.100000,0.900000,0.006250,1.062500,0.000000,0,0.000000,YES,Default,17.810000,0.000000,0.000000,0.000000,0.000000,0.000000,0.000000,0.000000,0.000000,0.000000,0.000000,0.000000,0.000000,0.000000,0.000000,1,100.000000,,,,,,,,,,,,,,,,,,,,,,
1639,53271,53270,1,Transformer,Closed,Closed,NO,53271,Fixed,NO,53271,NO ,0.000000,0.000100,1.010000,0.990000,Middle,100.000000,115.000000,230.000000,0.001431,0.063216,0.000000,0.000000,0.000000,0.000000,1.000000,1.000000,1.100000,0.900000,0.006250,1.000000,0.000000,0,0.000000,YES,Default,175.077534,0.000000,0.000000,0.000000,0.000000,0.000000,0.000000,0.000000,0.000000,0.000000,0.000000,0.000000,0.000000,0.000000,0.000000,1,100.000000,,,,,,,,,,,,,,,,,,,,,,
1640,53273,53277,1,Transformer,Closed,Closed,NO,53273,Fixed,NO,53273,NO ,0.000000,0.000100,1.010000,0.990000,Middle,100.000000,230.000000,20.000000,0.001011,0.041703,0.000000,0.000000,0.000000,0.000000,1.000000,1.000000,1.100000,0.900000,0.006250,1.000000,0.000000,0,0.000000,YES,Default,220.067000,0.000000,0.000000,0.000000,0.000000,0.000000,0.000000,0.000000,0.000000,0.000000,0.000000,0.000000,0.000000,0.000000,0.000000,1,100.000000,,,,,,,,,,,,,,,,,,,,,,
1641,53283,53282,1,Transformer,Closed,Closed,NO,53283,LTC,YES,53283,NO ,0.000000,0.000100,1.072000,1.022000,Middle,100.000000,115.000000,230.000000,0.000897,0.041996,0.000000,0.000000,0.000000,0.000000,1.000000,1.000000,1.100000,0.900000,0.006250,1.006250,0.000000,0,0.000000,YES,Default,145.977902,0.000000,0.000000,0.000000,0.000000,0.000000,0.000000,0.000000,0.000000,0.000000,0.000000,0.000000,0.000000,0.000000,0.000000,1,100.000000,,,,,,,,,,,,,,,,,,,,,,
1642,53289,53288,1,Transformer,Closed,Closed,NO,53289,LTC,YES,53289,NO ,0.000000,0.000100,1.075000,1.025000,Middle,100.000000,115.000000,230.000000,0.001285,0.056190,0.000000,0.000000,0.000000,0.000000,1.000000,1.000000,1.100000,0.900000,0.006250,1.006250,0.000000,0,0.000000,YES,Default,187.674725,0.000000,0.000000,0.000000,0.000000,0.000000,0.000000,0.000000,0.000000,0.000000,0.000000,0.000000,0.000000,0.000000,0.000000,1,100.000000,,,,,,,,,,,,,,,,,,,,,,
1643,53291,53290,1,Transformer,Closed,Closed,NO,53291,LTC,YES,53291,NO ,0.000000,0.000100,1.076000,1.026000,Middle,100.000000,115.000000,230.000000,0.000656,0.033206,0.000000,0.000000,0.000000,0.000000,1.000000,1.000000,1.100000,0.900000,0.006250,1.012500,0.000000,0,0.000000,YES,Default,275.463915,0.000000,0.000000,0.000000,0.000000,0.000000,0.000000,0.000000,0.000000,0.000000,0.000000,0.000000,0.000000,0.000000,0.000000,1,100.000000,,,,,,,,,,,,,,,,,,,,,,
1644,53291,53290,2,Transformer,Closed,Closed,NO,53291,Fixed,NO,53291,NO ,0.000000,0.000100,1.010000,0.990000,Middle,100.000000,115.000000,230.000000,0.000656,0.033206,0.000000,0.000000,0.000000,0.000000,1.000000,1.000000,1.100000,0.900000,0.006250,1.012500,0.000000,0,0.000000,YES,Default,275.463915,0.000000,0.000000,0.000000,0.000000,0.000000,0.000000,0.000000,0.000000,0.000000,0.000000,0.000000,0.000000,0.000000,0.000000,1,100.000000,,,,,,,,,,,,,,,,,,,,,,
1645,53291,53290,3,Transformer,Closed,Closed,NO,53291,Fixed,NO,53291,NO ,0.000000,0.000100,1.010000,0.990000,Middle,100.000000,115.000000,230.000000,0.000656,0.033206,0.000000,0.000000,0.000000,0.000000,1.000000,1.000000,1.100000,0.900000,0.006250,1.012500,0.000000,0,0.000000,YES,Default,275.463915,0.000000,0.000000,0.000000,0.000000,0.000000,0.000000,0.000000,0.000000,0.000000,0.000000,0.000000,0.000000,0.000000,0.000000,1,100.000000,,,,,,,,,,,,,,,,,,,,,,
1646,53290,53292,1,Transformer,Closed,Closed,NO,53290,Fixed,NO,53290,NO ,0.000000,0.000100,1.010000,0.990000,Middle,100.000000,230.000000,13.800000,0.001394,0.054565,0.000000,0.000000,0.000000,0.000000,1.000000,1.000000,1.100000,0.900000,0.006250,1.006250,0.000000,0,0.000000,YES,Default,238.820338,0.000000,0.000000,0.000000,0.000000,0.000000,0.000000,0.000000,0.000000,0.000000,0.000000,0.000000,0.000000,0.000000,0.000000,1,100.000000,,,,,,,,,,,,,,,,,,,,,,
1647,53290,53293,1,Transformer,Closed,Closed,NO,53290,Fixed,NO,53290,NO ,0.000000,0.000100,1.010000,0.990000,Middle,100.000000,230.000000,18.000000,0.000826,0.038128,0.000000,0.000000,0.000000,0.000000,1.000000,1.000000,1.100000,0.900000,0.006250,1.006250,0.000000,0,0.000000,YES,Default,228.225517,0.000000,0.000000,0.000000,0.000000,0.000000,0.000000,0.000000,0.000000,0.000000,0.000000,0.000000,0.000000,0.000000,0.000000,1,100.000000,,,,,,,,,,,,,,,,,,,,,,
1648,53295,53294,1,Transformer,Closed,Closed,NO,53295,Fixed,NO,53295,NO ,0.000000,0.000100,1.010000,0.990000,Middle,100.000000,230.000000,500.000000,0.000177,0.010415,0.000000,0.000000,0.000000,0.000000,1.000000,1.000000,1.100000,0.900000,0.006250,1.000000,0.000000,0,0.000000,YES,Default,1200.000000,0.000000,0.000000,0.000000,0.000000,0.000000,0.000000,0.000000,0.000000,0.000000,0.000000,0.000000,0.000000,0.000000,0.000000,1,100.000000,,,,,,,,,,,,,,,,,,,,,,
1649,53294,53297,1,Transformer,Closed,Closed,NO,53294,Fixed,NO,53294,NO ,0.000000,0.000100,1.010000,0.990000,Middle,100.000000,500.000000,24.000000,0.000065,0.004510,0.000000,0.000000,0.000000,0.000000,1.000000,1.000000,1.100000,0.900000,0.006250,1.006250,0.000000,0,0.000000,YES,Default,1305.203533,0.000000,0.000000,0.000000,0.000000,0.000000,0.000000,0.000000,0.000000,0.000000,0.000000,0.000000,0.000000,0.000000,0.000000,1,100.000000,,,,,,,,,,,,,,,,,,,,,,
1650,53294,53298,1,Transformer,Closed,Closed,NO,53294,Fixed,NO,53294,NO ,0.000000,0.000100,1.010000,0.990000,Middle,100.000000,500.000000,13.800000,0.000106,0.007297,0.000000,0.000000,0.000000,0.000000,1.000000,1.000000,1.100000,0.900000,0.006250,1.006250,0.000000,0,0.000000,YES,Default,1298.558044,0.000000,0.000000,0.000000,0.000000,0.000000,0.000000,0.000000,0.000000,0.000000,0.000000,0.000000,0.000000,0.000000,0.000000,1,100.000000,,,,,,,,,,,,,,,,,,,,,,
1651,53296,53295,1,Transformer,Closed,Closed,NO,53296,Fixed,NO,53296,NO ,0.000000,0.000100,1.010000,0.990000,Middle,100.000000,115.000000,230.000000,0.001022,0.042378,0.000000,0.000000,0.000000,0.000000,1.000000,1.000000,1.100000,0.900000,0.006250,1.000000,0.000000,0,0.000000,YES,Default,194.465280,0.000000,0.000000,0.000000,0.000000,0.000000,0.000000,0.000000,0.000000,0.000000,0.000000,0.000000,0.000000,0.000000,0.000000,1,100.000000,,,,,,,,,,,,,,,,,,,,,,
1652,53301,53300,1,Transformer,Closed,Closed,NO,53301,Fixed,NO,53301,NO ,0.000000,0.000100,1.010000,0.990000,Middle,100.000000,115.000000,230.000000,0.001408,0.062115,0.000000,0.000000,0.000000,0.000000,1.000000,1.000000,1.100000,0.900000,0.006250,1.000000,0.000000,0,0.000000,YES,Default,162.612653,0.000000,0.000000,0.000000,0.000000,0.000000,0.000000,0.000000,0.000000,0.000000,0.000000,0.000000,0.000000,0.000000,0.000000,1,100.000000,,,,,,,,,,,,,,,,,,,,,,
1653,53306,53305,1,Transformer,Closed,Closed,NO,53306,Fixed,NO,53306,NO ,0.000000,0.000100,1.010000,0.990000,Middle,100.000000,230.000000,500.000000,0.000171,0.012774,0.000000,0.000000,0.000000,0.000000,1.000000,1.000000,1.100000,0.900000,0.006250,1.000000,0.000000,0,0.000000,YES,Default,1118.402481,0.000000,0.000000,0.000000,0.000000,0.000000,0.000000,0.000000,0.000000,0.000000,0.000000,0.000000,0.000000,0.000000,0.000000,1,100.000000,,,,,,,,,,,,,,,,,,,,,,
1654,53306,53305,2,Transformer,Closed,Closed,NO,53306,Fixed,NO,53306,NO ,0.000000,0.000100,1.010000,0.990000,Middle,100.000000,230.000000,500.000000,0.000171,0.012774,0.000000,0.000000,0.000000,0.000000,1.000000,1.000000,1.100000,0.900000,0.006250,1.000000,0.000000,0,0.000000,YES,Default,1118.402481,0.000000,0.000000,0.000000,0.000000,0.000000,0.000000,0.000000,0.000000,0.000000,0.000000,0.000000,0.000000,0.000000,0.000000,1,100.000000,,,,,,,,,,,,,,,,,,,,,,
1655,53307,53306,1,Transformer,Closed,Closed,NO,53307,Fixed,NO,53307,NO ,0.000000,0.000100,1.010000,0.990000,Middle,100.000000,115.000000,230.000000,0.001289,0.058351,0.000000,0.000000,0.000000,0.000000,1.000000,1.000000,1.100000,0.900000,0.006250,1.018750,0.000000,0,0.000000,YES,Default,279.028559,0.000000,0.000000,0.000000,0.000000,0.000000,0.000000,0.000000,0.000000,0.000000,0.000000,0.000000,0.000000,0.000000,0.000000,1,100.000000,,,,,,,,,,,,,,,,,,,,,,
1656,53307,53306,2,Transformer,Closed,Closed,NO,53307,Fixed,NO,53307,NO ,0.000000,0.000100,1.010000,0.990000,Middle,100.000000,115.000000,230.000000,0.001289,0.058351,0.000000,0.000000,0.000000,0.000000,1.000000,1.000000,1.100000,0.900000,0.006250,1.018750,0.000000,0,0.000000,YES,Default,279.028559,0.000000,0.000000,0.000000,0.000000,0.000000,0.000000,0.000000,0.000000,0.000000,0.000000,0.000000,0.000000,0.000000,0.000000,1,100.000000,,,,,,,,,,,,,,,,,,,,,,
1657,53307,53306,3,Transformer,Closed,Closed,NO,53307,Fixed,NO,53307,NO ,0.000000,0.000100,1.010000,0.990000,Middle,100.000000,115.000000,230.000000,0.001289,0.058351,0.000000,0.000000,0.000000,0.000000,1.000000,1.000000,1.100000,0.900000,0.006250,1.018750,0.000000,0,0.000000,YES,Default,279.028559,0.000000,0.000000,0.000000,0.000000,0.000000,0.000000,0.000000,0.000000,0.000000,0.000000,0.000000,0.000000,0.000000,0.000000,1,100.000000,,,,,,,,,,,,,,,,,,,,,,
1658,53307,53306,4,Transformer,Closed,Closed,NO,53307,Fixed,NO,53307,NO ,0.000000,0.000100,1.010000,0.990000,Middle,100.000000,115.000000,230.000000,0.001289,0.058351,0.000000,0.000000,0.000000,0.000000,1.000000,1.000000,1.100000,0.900000,0.006250,1.018750,0.000000,0,0.000000,YES,Default,279.028559,0.000000,0.000000,0.000000,0.000000,0.000000,0.000000,0.000000,0.000000,0.000000,0.000000,0.000000,0.000000,0.000000,0.000000,1,100.000000,,,,,,,,,,,,,,,,,,,,,,
1659,60006,60005,1,Transformer,Closed,Closed,NO,60006,Fixed,NO,60006,NO ,0.000000,0.000100,1.010000,0.990000,Middle,100.000000,161.000000,230.000000,0.000967,0.046567,0.000000,0.000000,0.000000,0.000000,1.000000,1.000000,1.100000,0.900000,0.006250,1.000000,0.000000,0,0.000000,YES,Default,154.972327,0.000000,0.000000,0.000000,0.000000,0.000000,0.000000,0.000000,0.000000,0.000000,0.000000,0.000000,0.000000,0.000000,0.000000,1,100.000000,,,,,,,,,,,,,,,,,,,,,,
1660,60017,60016,1,Transformer,Closed,Closed,NO,60017,Fixed,NO,60017,NO ,0.000000,0.000100,1.010000,0.990000,Middle,100.000000,115.000000,230.000000,0.001731,0.072576,0.000000,0.000000,0.000000,0.000000,1.000000,1.000000,1.100000,0.900000,0.006250,1.000000,0.000000,0,0.000000,YES,Default,250.386333,0.000000,0.000000,0.000000,0.000000,0.000000,0.000000,0.000000,0.000000,0.000000,0.000000,0.000000,0.000000,0.000000,0.000000,1,100.000000,,,,,,,,,,,,,,,,,,,,,,
1661,60017,60016,2,Transformer,Closed,Closed,NO,60017,Fixed,NO,60017,NO ,0.000000,0.000100,1.010000,0.990000,Middle,100.000000,115.000000,230.000000,0.001731,0.072576,0.000000,0.000000,0.000000,0.000000,1.000000,1.000000,1.100000,0.900000,0.006250,1.000000,0.000000,0,0.000000,YES,Default,250.386333,0.000000,0.000000,0.000000,0.000000,0.000000,0.000000,0.000000,0.000000,0.000000,0.000000,0.000000,0.000000,0.000000,0.000000,1,100.000000,,,,,,,,,,,,,,,,,,,,,,
1662,60017,60016,3,Transformer,Closed,Closed,NO,60017,Fixed,NO,60017,NO ,0.000000,0.000100,1.010000,0.990000,Middle,100.000000,115.000000,230.000000,0.001731,0.072576,0.000000,0.000000,0.000000,0.000000,1.000000,1.000000,1.100000,0.900000,0.006250,1.000000,0.000000,0,0.000000,YES,Default,250.386333,0.000000,0.000000,0.000000,0.000000,0.000000,0.000000,0.000000,0.000000,0.000000,0.000000,0.000000,0.000000,0.000000,0.000000,1,100.000000,,,,,,,,,,,,,,,,,,,,,,
1663,60057,60056,1,Transformer,Closed,Closed,NO,60057,LTC,YES,60057,NO ,0.000000,0.000100,1.065000,1.015000,Middle,100.000000,161.000000,230.000000,0.001374,0.068430,0.000000,0.000000,0.000000,0.000000,1.000000,1.000000,1.100000,0.900000,0.006250,1.093750,0.000000,0,0.000000,YES,Default,169.056916,0.000000,0.000000,0.000000,0.000000,0.000000,0.000000,0.000000,0.000000,0.000000,0.000000,0.000000,0.000000,0.000000,0.000000,1,100.000000,,,,,,,,,,,,,,,,,,,,,,
1664,60058,60057,1,Transformer,Closed,Closed,NO,60058,Fixed,NO,60058,NO ,0.000000,0.000100,1.010000,0.990000,Middle,100.000000,115.000000,161.000000,0.003253,0.108245,0.000000,0.000000,0.000000,0.000000,1.000000,1.000000,1.100000,0.900000,0.006250,1.043750,0.000000,0,0.000000,YES,Default,137.569928,0.000000,0.000000,0.000000,0.000000,0.000000,0.000000,0.000000,0.000000,0.000000,0.000000,0.000000,0.000000,0.000000,0.000000,1,100.000000,,,,,,,,,,,,,,,,,,,,,,
1665,60060,60059,1,Transformer,Closed,Closed,NO,60060,Fixed,NO,60060,NO ,0.000000,0.000100,1.010000,0.990000,Middle,100.000000,115.000000,230.000000,0.001186,0.054498,0.000000,0.000000,0.000000,0.000000,1.000000,1.000000,1.100000,0.900000,0.006250,1.000000,0.000000,0,0.000000,YES,Default,181.871212,0.000000,0.000000,0.000000,0.000000,0.000000,0.000000,0.000000,0.000000,0.000000,0.000000,0.000000,0.000000,0.000000,0.000000,1,100.000000,,,,,,,,,,,,,,,,,,,,,,
1666,60097,60096,1,Transformer,Closed,Closed,NO,60097,LTC,YES,60097,NO ,0.000000,0.000100,1.066000,1.016000,Middle,100.000000,115.000000,230.000000,0.001072,0.049683,0.000000,0.000000,0.000000,0.000000,1.000000,1.000000,1.100000,0.900000,0.006250,1.093750,0.000000,0,0.000000,YES,Default,183.865452,0.000000,0.000000,0.000000,0.000000,0.000000,0.000000,0.000000,0.000000,0.000000,0.000000,0.000000,0.000000,0.000000,0.000000,1,100.000000,,,,,,,,,,,,,,,,,,,,,,
1667,60159,60158,1,Transformer,Closed,Closed,NO,60159,Fixed,NO,60159,NO ,0.000000,0.000100,1.010000,0.990000,Middle,100.000000,115.000000,230.000000,0.001311,0.056843,0.000000,0.000000,0.000000,0.000000,1.000000,1.000000,1.100000,0.900000,0.006250,1.000000,0.000000,0,0.000000,YES,Default,193.249989,0.000000,0.000000,0.000000,0.000000,0.000000,0.000000,0.000000,0.000000,0.000000,0.000000,0.000000,0.000000,0.000000,0.000000,1,100.000000,,,,,,,,,,,,,,,,,,,,,,
1668,60185,60184,1,Transformer,Closed,Closed,NO,60185,LTC,YES,60185,NO ,0.000000,0.000100,1.070000,1.020000,Middle,100.000000,115.000000,230.000000,0.001019,0.047932,0.000000,0.000000,0.000000,0.000000,1.000000,1.000000,1.100000,0.900000,0.006250,1.100000,0.000000,0,0.000000,YES,Default,276.188874,0.000000,0.000000,0.000000,0.000000,0.000000,0.000000,0.000000,0.000000,0.000000,0.000000,0.000000,0.000000,0.000000,0.000000,1,100.000000,,,,,,,,,,,,,,,,,,,,,,
1669,60185,60184,2,Transformer,Closed,Closed,NO,60185,LTC,YES,60185,NO ,0.000000,0.000100,1.070000,1.020000,Middle,100.000000,115.000000,230.000000,0.001019,0.047932,0.000000,0.000000,0.000000,0.000000,1.000000,1.000000,1.100000,0.900000,0.006250,1.100000,0.000000,0,0.000000,YES,Default,276.188874,0.000000,0.000000,0.000000,0.000000,0.000000,0.000000,0.000000,0.000000,0.000000,0.000000,0.000000,0.000000,0.000000,0.000000,1,100.000000,,,,,,,,,,,,,,,,,,,,,,
1670,60185,60184,3,Transformer,Closed,Closed,NO,60185,Fixed,NO,60185,NO ,0.000000,0.000100,1.010000,0.990000,Middle,100.000000,115.000000,230.000000,0.001019,0.047932,0.000000,0.000000,0.000000,0.000000,1.000000,1.000000,1.100000,0.900000,0.006250,1.031250,0.000000,0,0.000000,YES,Default,276.188874,0.000000,0.000000,0.000000,0.000000,0.000000,0.000000,0.000000,0.000000,0.000000,0.000000,0.000000,0.000000,0.000000,0.000000,1,100.000000,,,,,,,,,,,,,,,,,,,,,,
1671,60185,60184,4,Transformer,Closed,Closed,NO,60185,LTC,YES,60185,NO ,0.000000,0.000100,1.070000,1.020000,Middle,100.000000,115.000000,230.000000,0.001019,0.047932,0.000000,0.000000,0.000000,0.000000,1.000000,1.000000,1.100000,0.900000,0.006250,1.100000,0.000000,0,0.000000,YES,Default,276.188874,0.000000,0.000000,0.000000,0.000000,0.000000,0.000000,0.000000,0.000000,0.000000,0.000000,0.000000,0.000000,0.000000,0.000000,1,100.000000,,,,,,,,,,,,,,,,,,,,,,
1672,60288,60287,1,Transformer,Closed,Closed,NO,60288,Fixed,NO,60288,NO ,0.000000,0.000100,1.010000,0.990000,Middle,100.000000,115.000000,230.000000,0.001831,0.091433,0.000000,0.000000,0.000000,0.000000,1.000000,1.000000,1.100000,0.900000,0.006250,1.081250,0.000000,0,0.000000,YES,Default,200.122929,0.000000,0.000000,0.000000,0.000000,0.000000,0.000000,0.000000,0.000000,0.000000,0.000000,0.000000,0.000000,0.000000,0.000000,1,100.000000,,,,,,,,,,,,,,,,,,,,,,
1673,60302,60301,1,Transformer,Closed,Closed,NO,60302,Fixed,NO,60302,NO ,0.000000,0.000100,1.010000,0.990000,Middle,100.000000,138.000000,230.000000,0.001881,0.067854,0.000000,0.000000,0.000000,0.000000,1.000000,1.000000,1.100000,0.900000,0.006250,1.000000,0.000000,0,0.000000,YES,Default,139.699554,0.000000,0.000000,0.000000,0.000000,0.000000,0.000000,0.000000,0.000000,0.000000,0.000000,0.000000,0.000000,0.000000,0.000000,1,100.000000,,,,,,,,,,,,,,,,,,,,,,
1674,60308,60307,1,Transformer,Closed,Closed,NO,60308,Fixed,NO,60308,NO ,0.000000,0.000100,1.010000,0.990000,Middle,100.000000,115.000000,230.000000,0.000882,0.038476,0.000000,0.000000,0.000000,0.000000,1.000000,1.000000,1.100000,0.900000,0.006250,1.000000,0.000000,0,0.000000,YES,Default,295.949364,0.000000,0.000000,0.000000,0.000000,0.000000,0.000000,0.000000,0.000000,0.000000,0.000000,0.000000,0.000000,0.000000,0.000000,1,100.000000,,,,,,,,,,,,,,,,,,,,,,
1675,60308,60307,2,Transformer,Closed,Closed,NO,60308,Fixed,NO,60308,NO ,0.000000,0.000100,1.010000,0.990000,Middle,100.000000,115.000000,230.000000,0.000882,0.038476,0.000000,0.000000,0.000000,0.000000,1.000000,1.000000,1.100000,0.900000,0.006250,1.000000,0.000000,0,0.000000,YES,Default,295.949364,0.000000,0.000000,0.000000,0.000000,0.000000,0.000000,0.000000,0.000000,0.000000,0.000000,0.000000,0.000000,0.000000,0.000000,1,100.000000,,,,,,,,,,,,,,,,,,,,,,
1676,60308,60307,3,Transformer,Closed,Closed,NO,60308,Fixed,NO,60308,NO ,0.000000,0.000100,1.010000,0.990000,Middle,100.000000,115.000000,230.000000,0.000882,0.038476,0.000000,0.000000,0.000000,0.000000,1.000000,1.000000,1.100000,0.900000,0.006250,1.000000,0.000000,0,0.000000,YES,Default,295.949364,0.000000,0.000000,0.000000,0.000000,0.000000,0.000000,0.000000,0.000000,0.000000,0.000000,0.000000,0.000000,0.000000,0.000000,1,100.000000,,,,,,,,,,,,,,,,,,,,,,
1677,60308,60307,4,Transformer,Closed,Closed,NO,60308,Fixed,NO,60308,NO ,0.000000,0.000100,1.010000,0.990000,Middle,100.000000,115.000000,230.000000,0.000882,0.038476,0.000000,0.000000,0.000000,0.000000,1.000000,1.000000,1.100000,0.900000,0.006250,1.000000,0.000000,0,0.000000,YES,Default,295.949364,0.000000,0.000000,0.000000,0.000000,0.000000,0.000000,0.000000,0.000000,0.000000,0.000000,0.000000,0.000000,0.000000,0.000000,1,100.000000,,,,,,,,,,,,,,,,,,,,,,
1678,60338,60337,1,Transformer,Closed,Closed,NO,60338,Fixed,NO,60338,NO ,0.000000,0.000100,1.010000,0.990000,Middle,100.000000,115.000000,230.000000,0.000984,0.034178,0.000000,0.000000,0.000000,0.000000,1.000000,1.000000,1.100000,0.900000,0.006250,1.037500,0.000000,0,0.000000,YES,Default,303.184319,0.000000,0.000000,0.000000,0.000000,0.000000,0.000000,0.000000,0.000000,0.000000,0.000000,0.000000,0.000000,0.000000,0.000000,1,100.000000,,,,,,,,,,,,,,,,,,,,,,
1679,60338,60337,2,Transformer,Closed,Closed,NO,60338,LTC,YES,60338,NO ,0.000000,0.000100,1.070000,1.020000,Middle,100.000000,115.000000,230.000000,0.000984,0.034178,0.000000,0.000000,0.000000,0.000000,1.000000,1.000000,1.100000,0.900000,0.006250,1.037500,0.000000,0,0.000000,YES,Default,303.184319,0.000000,0.000000,0.000000,0.000000,0.000000,0.000000,0.000000,0.000000,0.000000,0.000000,0.000000,0.000000,0.000000,0.000000,1,100.000000,,,,,,,,,,,,,,,,,,,,,,
1680,60338,60337,3,Transformer,Closed,Closed,NO,60338,LTC,YES,60338,NO ,0.000000,0.000100,1.070000,1.020000,Middle,100.000000,115.000000,230.000000,0.000984,0.034178,0.000000,0.000000,0.000000,0.000000,1.000000,1.000000,1.100000,0.900000,0.006250,1.037500,0.000000,0,0.000000,YES,Default,303.184319,0.000000,0.000000,0.000000,0.000000,0.000000,0.000000,0.000000,0.000000,0.000000,0.000000,0.000000,0.000000,0.000000,0.000000,1,100.000000,,,,,,,,,,,,,,,,,,,,,,
1681,60338,60337,4,Transformer,Closed,Closed,NO,60338,LTC,YES,60338,NO ,0.000000,0.000100,1.070000,1.020000,Middle,100.000000,115.000000,230.000000,0.000984,0.034178,0.000000,0.000000,0.000000,0.000000,1.000000,1.000000,1.100000,0.900000,0.006250,1.037500,0.000000,0,0.000000,YES,Default,303.184319,0.000000,0.000000,0.000000,0.000000,0.000000,0.000000,0.000000,0.000000,0.000000,0.000000,0.000000,0.000000,0.000000,0.000000,1,100.000000,,,,,,,,,,,,,,,,,,,,,,
1682,60355,60354,1,Transformer,Closed,Closed,NO,60355,Fixed,NO,60355,NO ,0.000000,0.000100,1.010000,0.990000,Middle,100.000000,115.000000,230.000000,0.001325,0.059530,0.000000,0.000000,0.000000,0.000000,1.000000,1.000000,1.100000,0.900000,0.006250,1.000000,0.000000,0,0.000000,YES,Default,264.247227,0.000000,0.000000,0.000000,0.000000,0.000000,0.000000,0.000000,0.000000,0.000000,0.000000,0.000000,0.000000,0.000000,0.000000,1,100.000000,,,,,,,,,,,,,,,,,,,,,,
1683,60355,60354,2,Transformer,Closed,Closed,NO,60355,Fixed,NO,60355,NO ,0.000000,0.000100,1.010000,0.990000,Middle,100.000000,115.000000,230.000000,0.001325,0.059530,0.000000,0.000000,0.000000,0.000000,1.000000,1.000000,1.100000,0.900000,0.006250,1.000000,0.000000,0,0.000000,YES,Default,264.247227,0.000000,0.000000,0.000000,0.000000,0.000000,0.000000,0.000000,0.000000,0.000000,0.000000,0.000000,0.000000,0.000000,0.000000,1,100.000000,,,,,,,,,,,,,,,,,,,,,,
1684,60355,60354,3,Transformer,Closed,Closed,NO,60355,Fixed,NO,60355,NO ,0.000000,0.000100,1.010000,0.990000,Middle,100.000000,115.000000,230.000000,0.001325,0.059530,0.000000,0.000000,0.000000,0.000000,1.000000,1.000000,1.100000,0.900000,0.006250,1.000000,0.000000,0,0.000000,YES,Default,264.247227,0.000000,0.000000,0.000000,0.000000,0.000000,0.000000,0.000000,0.000000,0.000000,0.000000,0.000000,0.000000,0.000000,0.000000,1,100.000000,,,,,,,,,,,,,,,,,,,,,,
1685,60371,60370,1,Transformer,Closed,Closed,NO,60371,LTC,YES,60371,NO ,0.000000,0.000100,1.064000,1.014000,Middle,100.000000,115.000000,230.000000,0.001994,0.063574,0.000000,0.000000,0.000000,0.000000,1.000000,1.000000,1.100000,0.900000,0.006250,1.043750,0.000000,0,0.000000,YES,Default,250.896811,0.000000,0.000000,0.000000,0.000000,0.000000,0.000000,0.000000,0.000000,0.000000,0.000000,0.000000,0.000000,0.000000,0.000000,1,100.000000,,,,,,,,,,,,,,,,,,,,,,
1686,60371,60370,2,Transformer,Closed,Closed,NO,60371,LTC,YES,60371,NO ,0.000000,0.000100,1.064000,1.014000,Middle,100.000000,115.000000,230.000000,0.001994,0.063574,0.000000,0.000000,0.000000,0.000000,1.000000,1.000000,1.100000,0.900000,0.006250,1.043750,0.000000,0,0.000000,YES,Default,250.896811,0.000000,0.000000,0.000000,0.000000,0.000000,0.000000,0.000000,0.000000,0.000000,0.000000,0.000000,0.000000,0.000000,0.000000,1,100.000000,,,,,,,,,,,,,,,,,,,,,,
1687,60371,60370,3,Transformer,Closed,Closed,NO,60371,Fixed,NO,60371,NO ,0.000000,0.000100,1.010000,0.990000,Middle,100.000000,115.000000,230.000000,0.001994,0.063574,0.000000,0.000000,0.000000,0.000000,1.000000,1.000000,1.100000,0.900000,0.006250,1.043750,0.000000,0,0.000000,YES,Default,250.896811,0.000000,0.000000,0.000000,0.000000,0.000000,0.000000,0.000000,0.000000,0.000000,0.000000,0.000000,0.000000,0.000000,0.000000,1,100.000000,,,,,,,,,,,,,,,,,,,,,,
1688,60386,60385,1,Transformer,Closed,Closed,NO,60386,Fixed,NO,60386,NO ,0.000000,0.000100,1.010000,0.990000,Middle,100.000000,115.000000,230.000000,0.001713,0.074857,0.000000,0.000000,0.000000,0.000000,1.000000,1.000000,1.100000,0.900000,0.006250,1.025000,0.000000,0,0.000000,YES,Default,227.713585,0.000000,0.000000,0.000000,0.000000,0.000000,0.000000,0.000000,0.000000,0.000000,0.000000,0.000000,0.000000,0.000000,0.000000,1,100.000000,,,,,,,,,,,,,,,,,,,,,,
1689,60386,60385,2,Transformer,Closed,Closed,NO,60386,LTC,YES,60386,NO ,0.000000,0.000100,1.066000,1.016000,Middle,100.000000,115.000000,230.000000,0.001713,0.074857,0.000000,0.000000,0.000000,0.000000,1.000000,1.000000,1.100000,0.900000,0.006250,1.100000,0.000000,0,0.000000,YES,Default,227.713585,0.000000,0.000000,0.000000,0.000000,0.000000,0.000000,0.000000,0.000000,0.000000,0.000000,0.000000,0.000000,0.000000,0.000000,1,100.000000,,,,,,,,,,,,,,,,,,,,,,
1690,60386,60385,3,Transformer,Closed,Closed,NO,60386,LTC,YES,60386,NO ,0.000000,0.000100,1.066000,1.016000,Middle,100.000000,115.000000,230.000000,0.001713,0.074857,0.000000,0.000000,0.000000,0.000000,1.000000,1.000000,1.100000,0.900000,0.006250,1.100000,0.000000,0,0.000000,YES,Default,227.713585,0.000000,0.000000,0.000000,0.000000,0.000000,0.000000,0.000000,0.000000,0.000000,0.000000,0.000000,0.000000,0.000000,0.000000,1,100.000000,,,,,,,,,,,,,,,,,,,,,,
1691,60440,60439,1,Transformer,Closed,Closed,NO,60440,Fixed,NO,60440,NO ,0.000000,0.000100,1.010000,0.990000,Middle,100.000000,115.000000,230.000000,0.000976,0.043249,0.000000,0.000000,0.000000,0.000000,1.000000,1.000000,1.100000,0.900000,0.006250,1.000000,0.000000,0,0.000000,YES,Default,237.079525,0.000000,0.000000,0.000000,0.000000,0.000000,0.000000,0.000000,0.000000,0.000000,0.000000,0.000000,0.000000,0.000000,0.000000,1,100.000000,,,,,,,,,,,,,,,,,,,,,,
1692,60440,60439,2,Transformer,Closed,Closed,NO,60440,Fixed,NO,60440,NO ,0.000000,0.000100,1.010000,0.990000,Middle,100.000000,115.000000,230.000000,0.000976,0.043249,0.000000,0.000000,0.000000,0.000000,1.000000,1.000000,1.100000,0.900000,0.006250,1.000000,0.000000,0,0.000000,YES,Default,237.079525,0.000000,0.000000,0.000000,0.000000,0.000000,0.000000,0.000000,0.000000,0.000000,0.000000,0.000000,0.000000,0.000000,0.000000,1,100.000000,,,,,,,,,,,,,,,,,,,,,,
1693,60440,60439,3,Transformer,Closed,Closed,NO,60440,Fixed,NO,60440,NO ,0.000000,0.000100,1.010000,0.990000,Middle,100.000000,115.000000,230.000000,0.000976,0.043249,0.000000,0.000000,0.000000,0.000000,1.000000,1.000000,1.100000,0.900000,0.006250,1.000000,0.000000,0,0.000000,YES,Default,237.079525,0.000000,0.000000,0.000000,0.000000,0.000000,0.000000,0.000000,0.000000,0.000000,0.000000,0.000000,0.000000,0.000000,0.000000,1,100.000000,,,,,,,,,,,,,,,,,,,,,,
1694,60483,60482,1,Transformer,Closed,Closed,NO,60483,Fixed,NO,60483,NO ,0.000000,0.000100,1.010000,0.990000,Middle,100.000000,115.000000,230.000000,0.001166,0.053936,0.000000,0.000000,0.000000,0.000000,1.000000,1.000000,1.100000,0.900000,0.006250,1.000000,0.000000,0,0.000000,YES,Default,236.022902,0.000000,0.000000,0.000000,0.000000,0.000000,0.000000,0.000000,0.000000,0.000000,0.000000,0.000000,0.000000,0.000000,0.000000,1,100.000000,,,,,,,,,,,,,,,,,,,,,,
1695,60483,60482,2,Transformer,Closed,Closed,NO,60483,Fixed,NO,60483,NO ,0.000000,0.000100,1.010000,0.990000,Middle,100.000000,115.000000,230.000000,0.001166,0.053936,0.000000,0.000000,0.000000,0.000000,1.000000,1.000000,1.100000,0.900000,0.006250,1.000000,0.000000,0,0.000000,YES,Default,236.022902,0.000000,0.000000,0.000000,0.000000,0.000000,0.000000,0.000000,0.000000,0.000000,0.000000,0.000000,0.000000,0.000000,0.000000,1,100.000000,,,,,,,,,,,,,,,,,,,,,,
1696,60483,60482,3,Transformer,Closed,Closed,NO,60483,Fixed,NO,60483,NO ,0.000000,0.000100,1.010000,0.990000,Middle,100.000000,115.000000,230.000000,0.001166,0.053936,0.000000,0.000000,0.000000,0.000000,1.000000,1.000000,1.100000,0.900000,0.006250,1.000000,0.000000,0,0.000000,YES,Default,236.022902,0.000000,0.000000,0.000000,0.000000,0.000000,0.000000,0.000000,0.000000,0.000000,0.000000,0.000000,0.000000,0.000000,0.000000,1,100.000000,,,,,,,,,,,,,,,,,,,,,,
1697,60490,60489,1,Transformer,Closed,Closed,NO,60490,LTC,YES,60490,NO ,0.000000,0.000100,1.071000,1.021000,Middle,100.000000,115.000000,230.000000,0.001110,0.043606,0.000000,0.000000,0.000000,0.000000,1.000000,1.000000,1.100000,0.900000,0.006250,1.100000,0.000000,0,0.000000,YES,Default,272.228599,0.000000,0.000000,0.000000,0.000000,0.000000,0.000000,0.000000,0.000000,0.000000,0.000000,0.000000,0.000000,0.000000,0.000000,1,100.000000,,,,,,,,,,,,,,,,,,,,,,
1698,60490,60489,2,Transformer,Closed,Closed,NO,60490,LTC,YES,60490,NO ,0.000000,0.000100,1.071000,1.021000,Middle,100.000000,115.000000,230.000000,0.001110,0.043606,0.000000,0.000000,0.000000,0.000000,1.000000,1.000000,1.100000,0.900000,0.006250,1.100000,0.000000,0,0.000000,YES,Default,272.228599,0.000000,0.000000,0.000000,0.000000,0.000000,0.000000,0.000000,0.000000,0.000000,0.000000,0.000000,0.000000,0.000000,0.000000,1,100.000000,,,,,,,,,,,,,,,,,,,,,,
1699,60490,60489,3,Transformer,Closed,Closed,NO,60490,LTC,YES,60490,NO ,0.000000,0.000100,1.071000,1.021000,Middle,100.000000,115.000000,230.000000,0.001110,0.043606,0.000000,0.000000,0.000000,0.000000,1.000000,1.000000,1.100000,0.900000,0.006250,1.100000,0.000000,0,0.000000,YES,Default,272.228599,0.000000,0.000000,0.000000,0.000000,0.000000,0.000000,0.000000,0.000000,0.000000,0.000000,0.000000,0.000000,0.000000,0.000000,1,100.000000,,,,,,,,,,,,,,,,,,,,,,
1700,60499,60498,1,Transformer,Closed,Closed,NO,60499,Fixed,NO,60499,NO ,0.000000,0.000100,1.010000,0.990000,Middle,100.000000,115.000000,230.000000,0.001958,0.079408,0.000000,0.000000,0.000000,0.000000,1.000000,1.000000,1.100000,0.900000,0.006250,1.000000,0.000000,0,0.000000,YES,Default,234.320426,0.000000,0.000000,0.000000,0.000000,0.000000,0.000000,0.000000,0.000000,0.000000,0.000000,0.000000,0.000000,0.000000,0.000000,1,100.000000,,,,,,,,,,,,,,,,,,,,,,
1701,60499,60498,2,Transformer,Closed,Closed,NO,60499,Fixed,NO,60499,NO ,0.000000,0.000100,1.010000,0.990000,Middle,100.000000,115.000000,230.000000,0.001958,0.079408,0.000000,0.000000,0.000000,0.000000,1.000000,1.000000,1.100000,0.900000,0.006250,1.000000,0.000000,0,0.000000,YES,Default,234.320426,0.000000,0.000000,0.000000,0.000000,0.000000,0.000000,0.000000,0.000000,0.000000,0.000000,0.000000,0.000000,0.000000,0.000000,1,100.000000,,,,,,,,,,,,,,,,,,,,,,
1702,60499,60498,3,Transformer,Closed,Closed,NO,60499,Fixed,NO,60499,NO ,0.000000,0.000100,1.010000,0.990000,Middle,100.000000,115.000000,230.000000,0.001958,0.079408,0.000000,0.000000,0.000000,0.000000,1.000000,1.000000,1.100000,0.900000,0.006250,1.000000,0.000000,0,0.000000,YES,Default,234.320426,0.000000,0.000000,0.000000,0.000000,0.000000,0.000000,0.000000,0.000000,0.000000,0.000000,0.000000,0.000000,0.000000,0.000000,1,100.000000,,,,,,,,,,,,,,,,,,,,,,
1703,60554,60553,1,Transformer,Closed,Closed,NO,60554,Fixed,NO,60554,NO ,0.000000,0.000100,1.010000,0.990000,Middle,100.000000,138.000000,230.000000,0.001337,0.051766,0.000000,0.000000,0.000000,0.000000,1.000000,1.000000,1.100000,0.900000,0.006250,1.000000,0.000000,0,0.000000,YES,Default,170.054448,0.000000,0.000000,0.000000,0.000000,0.000000,0.000000,0.000000,0.000000,0.000000,0.000000,0.000000,0.000000,0.000000,0.000000,1,100.000000,,,,,,,,,,,,,,,,,,,,,,
1704,60555,60554,1,Transformer,Closed,Closed,NO,60555,Fixed,NO,60555,NO ,0.000000,0.000100,1.010000,0.990000,Middle,100.000000,115.000000,138.000000,0.005065,0.158188,0.000000,0.000000,0.000000,0.000000,1.000000,1.000000,1.100000,0.900000,0.006250,1.000000,0.000000,0,0.000000,YES,Default,83.814114,0.000000,0.000000,0.000000,0.000000,0.000000,0.000000,0.000000,0.000000,0.000000,0.000000,0.000000,0.000000,0.000000,0.000000,1,100.000000,,,,,,,,,,,,,,,,,,,,,,
1705,60555,60554,2,Transformer,Closed,Closed,NO,60555,Fixed,NO,60555,NO ,0.000000,0.000100,1.010000,0.990000,Middle,100.000000,115.000000,138.000000,0.005065,0.158188,0.000000,0.000000,0.000000,0.000000,1.000000,1.000000,1.100000,0.900000,0.006250,1.000000,0.000000,0,0.000000,YES,Default,83.814114,0.000000,0.000000,0.000000,0.000000,0.000000,0.000000,0.000000,0.000000,0.000000,0.000000,0.000000,0.000000,0.000000,0.000000,1,100.000000,,,,,,,,,,,,,,,,,,,,,,
1706,60555,60554,3,Transformer,Closed,Closed,NO,60555,Fixed,NO,60555,NO ,0.000000,0.000100,1.010000,0.990000,Middle,100.000000,115.000000,138.000000,0.005065,0.158188,0.000000,0.000000,0.000000,0.000000,1.000000,1.000000,1.100000,0.900000,0.006250,1.000000,0.000000,0,0.000000,YES,Default,83.814114,0.000000,0.000000,0.000000,0.000000,0.000000,0.000000,0.000000,0.000000,0.000000,0.000000,0.000000,0.000000,0.000000,0.000000,1,100.000000,,,,,,,,,,,,,,,,,,,,,,
1707,60627,60626,1,Transformer,Closed,Closed,NO,60627,Fixed,NO,60627,NO ,0.000000,0.000100,1.010000,0.990000,Middle,100.000000,230.000000,500.000000,0.000201,0.015951,0.000000,0.000000,0.000000,0.000000,1.000000,1.000000,1.100000,0.900000,0.006250,1.000000,0.000000,0,0.000000,YES,Default,480.113268,0.000000,0.000000,0.000000,0.000000,0.000000,0.000000,0.000000,0.000000,0.000000,0.000000,0.000000,0.000000,0.000000,0.000000,1,100.000000,,,,,,,,,,,,,,,,,,,,,,
1708,60626,60629,1,Transformer,Closed,Closed,NO,60626,Fixed,NO,60626,NO ,0.000000,0.000100,1.010000,0.990000,Middle,100.000000,500.000000,18.000000,0.000172,0.010655,0.000000,0.000000,0.000000,0.000000,1.000000,1.000000,1.100000,0.900000,0.006250,1.000000,0.000000,0,0.000000,YES,Default,915.951347,0.000000,0.000000,0.000000,0.000000,0.000000,0.000000,0.000000,0.000000,0.000000,0.000000,0.000000,0.000000,0.000000,0.000000,1,100.000000,,,,,,,,,,,,,,,,,,,,,,
1709,60628,60627,1,Transformer,Closed,Closed,NO,60628,Fixed,NO,60628,NO ,0.000000,0.000100,1.010000,0.990000,Middle,100.000000,115.000000,230.000000,0.001110,0.052748,0.000000,0.000000,0.000000,0.000000,1.000000,1.000000,1.100000,0.900000,0.006250,1.000000,0.000000,0,0.000000,YES,Default,147.766531,0.000000,0.000000,0.000000,0.000000,0.000000,0.000000,0.000000,0.000000,0.000000,0.000000,0.000000,0.000000,0.000000,0.000000,1,100.000000,,,,,,,,,,,,,,,,,,,,,,
1710,60632,60631,1,Transformer,Closed,Closed,NO,60632,Fixed,NO,60632,NO ,0.000000,0.000100,1.010000,0.990000,Middle,100.000000,230.000000,500.000000,0.000320,0.023969,0.000000,0.000000,0.000000,0.000000,1.000000,1.000000,1.100000,0.900000,0.006250,1.006250,0.000000,0,0.000000,YES,Default,505.416155,0.000000,0.000000,0.000000,0.000000,0.000000,0.000000,0.000000,0.000000,0.000000,0.000000,0.000000,0.000000,0.000000,0.000000,1,100.000000,,,,,,,,,,,,,,,,,,,,,,
1711,60633,60632,1,Transformer,Closed,Closed,NO,60633,Fixed,NO,60633,NO ,0.000000,0.000100,1.010000,0.990000,Middle,100.000000,115.000000,230.000000,0.000931,0.047714,0.000000,0.000000,0.000000,0.000000,1.000000,1.000000,1.100000,0.900000,0.006250,1.000000,0.000000,0,0.000000,YES,Default,109.552562,0.000000,0.000000,0.000000,0.000000,0.000000,0.000000,0.000000,0.000000,0.000000,0.000000,0.000000,0.000000,0.000000,0.000000,1,100.000000,,,,,,,,,,,,,,,,,,,,,,
1712,60635,60634,1,Transformer,Closed,Closed,NO,60635,LTC,YES,60635,NO ,0.000000,0.000100,1.078000,1.028000,Middle,100.000000,230.000000,500.000000,0.000253,0.020621,0.000000,0.000000,0.000000,0.000000,1.000000,1.000000,1.100000,0.900000,0.006250,1.018750,0.000000,0,0.000000,YES,Default,860.754681,0.000000,0.000000,0.000000,0.000000,0.000000,0.000000,0.000000,0.000000,0.000000,0.000000,0.000000,0.000000,0.000000,0.000000,1,100.000000,,,,,,,,,,,,,,,,,,,,,,
1713,60641,60640,1,Transformer,Closed,Closed,NO,60641,LTC,YES,60641,NO ,0.000000,0.000100,1.078000,1.028000,Middle,100.000000,230.000000,500.000000,0.000156,0.010986,0.000000,0.000000,0.000000,0.000000,1.000000,1.000000,1.100000,0.900000,0.006250,1.006250,0.000000,0,0.000000,YES,Default,725.244808,0.000000,0.000000,0.000000,0.000000,0.000000,0.000000,0.000000,0.000000,0.000000,0.000000,0.000000,0.000000,0.000000,0.000000,1,100.000000,,,,,,,,,,,,,,,,,,,,,,
1714,60640,60646,1,Transformer,Closed,Closed,NO,60640,Fixed,NO,60640,NO ,0.000000,0.000100,1.010000,0.990000,Middle,100.000000,500.000000,13.800000,0.000169,0.011506,0.000000,0.000000,0.000000,0.000000,1.000000,1.000000,1.100000,0.900000,0.006250,1.000000,0.000000,0,0.000000,YES,Default,1129.491901,0.000000,0.000000,0.000000,0.000000,0.000000,0.000000,0.000000,0.000000,0.000000,0.000000,0.000000,0.000000,0.000000,0.000000,1,100.000000,,,,,,,,,,,,,,,,,,,,,,
1715,60643,60642,1,Transformer,Closed,Closed,NO,60643,LTC,YES,60643,NO ,0.000000,0.000100,1.073000,1.023000,Middle,100.000000,115.000000,138.000000,0.003876,0.098463,0.000000,0.000000,0.000000,0.000000,1.000000,1.000000,1.100000,0.900000,0.006250,1.012500,0.000000,0,0.000000,YES,Default,82.137007,0.000000,0.000000,0.000000,0.000000,0.000000,0.000000,0.000000,0.000000,0.000000,0.000000,0.000000,0.000000,0.000000,0.000000,1,100.000000,,,,,,,,,,,,,,,,,,,,,,
1716,60643,60642,2,Transformer,Closed,Closed,NO,60643,Fixed,NO,60643,NO ,0.000000,0.000100,1.010000,0.990000,Middle,100.000000,115.000000,138.000000,0.003876,0.098463,0.000000,0.000000,0.000000,0.000000,1.000000,1.000000,1.100000,0.900000,0.006250,1.012500,0.000000,0,0.000000,YES,Default,82.137007,0.000000,0.000000,0.000000,0.000000,0.000000,0.000000,0.000000,0.000000,0.000000,0.000000,0.000000,0.000000,0.000000,0.000000,1,100.000000,,,,,,,,,,,,,,,,,,,,,,
1717,60649,60648,1,Transformer,Closed,Closed,NO,60649,Fixed,NO,60649,NO ,0.000000,0.000100,1.010000,0.990000,Middle,100.000000,230.000000,500.000000,0.000145,0.012567,0.000000,0.000000,0.000000,0.000000,1.000000,1.000000,1.100000,0.900000,0.006250,1.000000,0.000000,0,0.000000,YES,Default,729.955053,0.000000,0.000000,0.000000,0.000000,0.000000,0.000000,0.000000,0.000000,0.000000,0.000000,0.000000,0.000000,0.000000,0.000000,1,100.000000,,,,,,,,,,,,,,,,,,,,,,
1718,60648,60651,1,Transformer,Closed,Closed,NO,60648,Fixed,NO,60648,NO ,0.000000,0.000100,1.010000,0.990000,Middle,100.000000,500.000000,24.000000,0.000153,0.009759,0.000000,0.000000,0.000000,0.000000,1.000000,1.000000,1.100000,0.900000,0.006250,1.000000,0.000000,0,0.000000,YES,Default,1094.800663,0.000000,0.000000,0.000000,0.000000,0.000000,0.000000,0.000000,0.000000,0.000000,0.000000,0.000000,0.000000,0.000000,0.000000,1,100.000000,,,,,,,,,,,,,,,,,,,,,,
1719,60650,60649,1,Transformer,Closed,Closed,NO,60650,Fixed,NO,60650,NO ,0.000000,0.000100,1.010000,0.990000,Middle,100.000000,115.000000,230.000000,0.001781,0.067555,0.000000,0.000000,0.000000,0.000000,1.000000,1.000000,1.100000,0.900000,0.006250,1.000000,0.000000,0,0.000000,YES,Default,163.268602,0.000000,0.000000,0.000000,0.000000,0.000000,0.000000,0.000000,0.000000,0.000000,0.000000,0.000000,0.000000,0.000000,0.000000,1,100.000000,,,,,,,,,,,,,,,,,,,,,,
1720,60654,60653,1,Transformer,Closed,Closed,NO,60654,Fixed,NO,60654,NO ,0.000000,0.000100,1.010000,0.990000,Middle,100.000000,230.000000,500.000000,0.000228,0.018635,0.000000,0.000000,0.000000,0.000000,1.000000,1.000000,1.100000,0.900000,0.006250,1.000000,0.000000,0,0.000000,YES,Default,582.742214,0.000000,0.000000,0.000000,0.000000,0.000000,0.000000,0.000000,0.000000,0.000000,0.000000,0.000000,0.000000,0.000000,0.000000,1,100.000000,,,,,,,,,,,,,,,,,,,,,,
1721,60653,60656,1,Transformer,Closed,Closed,NO,60653,Fixed,NO,60653,NO ,0.000000,0.000100,1.010000,0.990000,Middle,100.000000,500.000000,13.800000,0.000217,0.016341,0.000000,0.000000,0.000000,0.000000,1.000000,1.000000,1.100000,0.900000,0.006250,1.000000,0.000000,0,0.000000,YES,Default,907.942104,0.000000,0.000000,0.000000,0.000000,0.000000,0.000000,0.000000,0.000000,0.000000,0.000000,0.000000,0.000000,0.000000,0.000000,1,100.000000,,,,,,,,,,,,,,,,,,,,,,
1722,60655,60654,1,Transformer,Closed,Closed,NO,60655,Fixed,NO,60655,NO ,0.000000,0.000100,1.010000,0.990000,Middle,100.000000,115.000000,230.000000,0.001541,0.064330,0.000000,0.000000,0.000000,0.000000,1.000000,1.000000,1.100000,0.900000,0.006250,1.000000,0.000000,0,0.000000,YES,Default,145.280468,0.000000,0.000000,0.000000,0.000000,0.000000,0.000000,0.000000,0.000000,0.000000,0.000000,0.000000,0.000000,0.000000,0.000000,1,100.000000,,,,,,,,,,,,,,,,,,,,,,
1723,60657,60662,1,Transformer,Closed,Closed,NO,60657,Fixed,NO,60657,NO ,0.000000,0.000100,1.010000,0.990000,Middle,100.000000,500.000000,13.800000,0.000201,0.011824,0.000000,0.000000,0.000000,0.000000,1.000000,1.000000,1.100000,0.900000,0.006250,1.000000,0.000000,0,0.000000,YES,Default,1241.992664,0.000000,0.000000,0.000000,0.000000,0.000000,0.000000,0.000000,0.000000,0.000000,0.000000,0.000000,0.000000,0.000000,0.000000,1,100.000000,,,,,,,,,,,,,,,,,,,,,,
1724,60657,60663,1,Transformer,Closed,Closed,NO,60657,Fixed,NO,60657,NO ,0.000000,0.000100,1.010000,0.990000,Middle,100.000000,500.000000,13.800000,0.000078,0.005789,0.000000,0.000000,0.000000,0.000000,1.000000,1.000000,1.100000,0.900000,0.006250,1.000000,0.000000,0,0.000000,YES,Default,1237.062931,0.000000,0.000000,0.000000,0.000000,0.000000,0.000000,0.000000,0.000000,0.000000,0.000000,0.000000,0.000000,0.000000,0.000000,1,100.000000,,,,,,,,,,,,,,,,,,,,,,
1725,60657,60664,1,Transformer,Closed,Closed,NO,60657,Fixed,NO,60657,NO ,0.000000,0.000100,1.010000,0.990000,Middle,100.000000,500.000000,22.000000,0.000187,0.011859,0.000000,0.000000,0.000000,0.000000,1.000000,1.000000,1.100000,0.900000,0.006250,1.000000,0.000000,0,0.000000,YES,Default,1201.898670,0.000000,0.000000,0.000000,0.000000,0.000000,0.000000,0.000000,0.000000,0.000000,0.000000,0.000000,0.000000,0.000000,0.000000,1,100.000000,,,,,,,,,,,,,,,,,,,,,,
1726,60659,60658,1,Transformer,Closed,Closed,NO,60659,LTC,YES,60659,NO ,0.000000,0.000100,1.071000,1.021000,Middle,100.000000,115.000000,230.000000,0.000896,0.045612,0.000000,0.000000,0.000000,0.000000,1.000000,1.000000,1.100000,0.900000,0.006250,1.056250,0.000000,0,0.000000,YES,Default,264.064169,0.000000,0.000000,0.000000,0.000000,0.000000,0.000000,0.000000,0.000000,0.000000,0.000000,0.000000,0.000000,0.000000,0.000000,1,100.000000,,,,,,,,,,,,,,,,,,,,,,
1727,60659,60658,2,Transformer,Closed,Closed,NO,60659,LTC,YES,60659,NO ,0.000000,0.000100,1.071000,1.021000,Middle,100.000000,115.000000,230.000000,0.000896,0.045612,0.000000,0.000000,0.000000,0.000000,1.000000,1.000000,1.100000,0.900000,0.006250,1.056250,0.000000,0,0.000000,YES,Default,264.064169,0.000000,0.000000,0.000000,0.000000,0.000000,0.000000,0.000000,0.000000,0.000000,0.000000,0.000000,0.000000,0.000000,0.000000,1,100.000000,,,,,,,,,,,,,,,,,,,,,,
1728,60659,60658,3,Transformer,Closed,Closed,NO,60659,LTC,YES,60659,NO ,0.000000,0.000100,1.071000,1.021000,Middle,100.000000,115.000000,230.000000,0.000896,0.045612,0.000000,0.000000,0.000000,0.000000,1.000000,1.000000,1.100000,0.900000,0.006250,1.056250,0.000000,0,0.000000,YES,Default,264.064169,0.000000,0.000000,0.000000,0.000000,0.000000,0.000000,0.000000,0.000000,0.000000,0.000000,0.000000,0.000000,0.000000,0.000000,1,100.000000,,,,,,,,,,,,,,,,,,,,,,
1729,60666,60665,1,Transformer,Closed,Closed,NO,60666,Fixed,NO,60666,NO ,0.000000,0.000100,1.010000,0.990000,Middle,100.000000,230.000000,500.000000,0.000166,0.011285,0.000000,0.000000,0.000000,0.000000,1.000000,1.000000,1.100000,0.900000,0.006250,1.000000,0.000000,0,0.000000,YES,Default,523.441267,0.000000,0.000000,0.000000,0.000000,0.000000,0.000000,0.000000,0.000000,0.000000,0.000000,0.000000,0.000000,0.000000,0.000000,1,100.000000,,,,,,,,,,,,,,,,,,,,,,
1730,60665,60668,1,Transformer,Closed,Closed,NO,60665,Fixed,NO,60665,NO ,0.000000,0.000100,1.010000,0.990000,Middle,100.000000,500.000000,18.000000,0.000159,0.010870,0.000000,0.000000,0.000000,0.000000,1.000000,1.000000,1.100000,0.900000,0.006250,1.025000,0.000000,0,0.000000,YES,Default,915.752220,0.000000,0.000000,0.000000,0.000000,0.000000,0.000000,0.000000,0.000000,0.000000,0.000000,0.000000,0.000000,0.000000,0.000000,1,100.000000,,,,,,,,,,,,,,,,,,,,,,
1731,60667,60666,1,Transformer,Closed,Closed,NO,60667,Fixed,NO,60667,NO ,0.000000,0.000100,1.010000,0.990000,Middle,100.000000,115.000000,230.000000,0.001370,0.058660,0.000000,0.000000,0.000000,0.000000,1.000000,1.000000,1.100000,0.900000,0.006250,1.000000,0.000000,0,0.000000,YES,Default,164.273953,0.000000,0.000000,0.000000,0.000000,0.000000,0.000000,0.000000,0.000000,0.000000,0.000000,0.000000,0.000000,0.000000,0.000000,1,100.000000,,,,,,,,,,,,,,,,,,,,,,
1732,60671,60670,1,Transformer,Closed,Closed,NO,60671,Fixed,NO,60671,NO ,0.000000,0.000100,1.010000,0.990000,Middle,100.000000,230.000000,500.000000,0.000229,0.017083,0.000000,0.000000,0.000000,0.000000,1.000000,1.000000,1.100000,0.900000,0.006250,1.025000,0.000000,0,0.000000,YES,Default,845.554447,0.000000,0.000000,0.000000,0.000000,0.000000,0.000000,0.000000,0.000000,0.000000,0.000000,0.000000,0.000000,0.000000,0.000000,1,100.000000,,,,,,,,,,,,,,,,,,,,,,
1733,60672,60671,1,Transformer,Closed,Closed,NO,60672,LTC,YES,60672,NO ,0.000000,0.000100,1.074000,1.024000,Middle,100.000000,115.000000,230.000000,0.002802,0.088744,0.000000,0.000000,0.000000,0.000000,1.000000,1.000000,1.100000,0.900000,0.006250,1.037500,0.000000,0,0.000000,YES,Default,180.573547,0.000000,0.000000,0.000000,0.000000,0.000000,0.000000,0.000000,0.000000,0.000000,0.000000,0.000000,0.000000,0.000000,0.000000,1,100.000000,,,,,,,,,,,,,,,,,,,,,,
1734,60675,60674,1,Transformer,Closed,Closed,NO,60675,LTC,YES,60675,NO ,0.000000,0.000100,1.068000,1.018000,Middle,100.000000,230.000000,500.000000,0.000059,0.004545,0.000000,0.000000,0.000000,0.000000,1.000000,1.000000,1.100000,0.900000,0.006250,1.006250,0.000000,0,0.000000,YES,Default,1260.216904,0.000000,0.000000,0.000000,0.000000,0.000000,0.000000,0.000000,0.000000,0.000000,0.000000,0.000000,0.000000,0.000000,0.000000,1,100.000000,,,,,,,,,,,,,,,,,,,,,,
1735,60675,60674,2,Transformer,Closed,Closed,NO,60675,LTC,YES,60675,NO ,0.000000,0.000100,1.068000,1.018000,Middle,100.000000,230.000000,500.000000,0.000059,0.004545,0.000000,0.000000,0.000000,0.000000,1.000000,1.000000,1.100000,0.900000,0.006250,1.006250,0.000000,0,0.000000,YES,Default,1260.216904,0.000000,0.000000,0.000000,0.000000,0.000000,0.000000,0.000000,0.000000,0.000000,0.000000,0.000000,0.000000,0.000000,0.000000,1,100.000000,,,,,,,,,,,,,,,,,,,,,,
1736,60675,60674,3,Transformer,Closed,Closed,NO,60675,LTC,YES,60675,NO ,0.000000,0.000100,1.068000,1.018000,Middle,100.000000,230.000000,500.000000,0.000059,0.004545,0.000000,0.000000,0.000000,0.000000,1.000000,1.000000,1.100000,0.900000,0.006250,1.006250,0.000000,0,0.000000,YES,Default,1260.216904,0.000000,0.000000,0.000000,0.000000,0.000000,0.000000,0.000000,0.000000,0.000000,0.000000,0.000000,0.000000,0.000000,0.000000,1,100.000000,,,,,,,,,,,,,,,,,,,,,,
1737,60674,60677,1,Transformer,Closed,Closed,NO,60674,Fixed,NO,60674,NO ,0.000000,0.000100,1.010000,0.990000,Middle,100.000000,500.000000,13.800000,0.000205,0.015911,0.000000,0.000000,0.000000,0.000000,1.000000,1.000000,1.100000,0.900000,0.006250,1.025000,0.000000,0,0.000000,YES,Default,868.907261,0.000000,0.000000,0.000000,0.000000,0.000000,0.000000,0.000000,0.000000,0.000000,0.000000,0.000000,0.000000,0.000000,0.000000,1,100.000000,,,,,,,,,,,,,,,,,,,,,,
1738,60674,60678,1,Transformer,Closed,Closed,NO,60674,Fixed,NO,60674,NO ,0.000000,0.000100,1.010000,0.990000,Middle,100.000000,500.000000,13.800000,0.000249,0.017319,0.000000,0.000000,0.000000,0.000000,1.000000,1.000000,1.100000,0.900000,0.006250,1.018750,0.000000,0,0.000000,YES,Default,546.756363,0.000000,0.000000,0.000000,0.000000,0.000000,0.000000,0.000000,0.000000,0.000000,0.000000,0.000000,0.000000,0.000000,0.000000,1,100.000000,,,,,,,,,,,,,,,,,,,,,,
1739,60676,60675,1,Transformer,Closed,Closed,NO,60676,LTC,YES,60676,NO ,0.000000,0.000100,1.065000,1.015000,Middle,100.000000,115.000000,230.000000,0.001324,0.064183,0.000000,0.000000,0.000000,0.000000,1.000000,1.000000,1.100000,0.900000,0.006250,1.012500,0.000000,0,0.000000,YES,Default,284.085560,0.000000,0.000000,0.000000,0.000000,0.000000,0.000000,0.000000,0.000000,0.000000,0.000000,0.000000,0.000000,0.000000,0.000000,1,100.000000,,,,,,,,,,,,,,,,,,,,,,
1740,60676,60675,2,Transformer,Closed,Closed,NO,60676,LTC,YES,60676,NO ,0.000000,0.000100,1.065000,1.015000,Middle,100.000000,115.000000,230.000000,0.001324,0.064183,0.000000,0.000000,0.000000,0.000000,1.000000,1.000000,1.100000,0.900000,0.006250,1.012500,0.000000,0,0.000000,YES,Default,284.085560,0.000000,0.000000,0.000000,0.000000,0.000000,0.000000,0.000000,0.000000,0.000000,0.000000,0.000000,0.000000,0.000000,0.000000,1,100.000000,,,,,,,,,,,,,,,,,,,,,,
1741,60676,60675,3,Transformer,Closed,Closed,NO,60676,LTC,YES,60676,NO ,0.000000,0.000100,1.065000,1.015000,Middle,100.000000,115.000000,230.000000,0.001324,0.064183,0.000000,0.000000,0.000000,0.000000,1.000000,1.000000,1.100000,0.900000,0.006250,1.012500,0.000000,0,0.000000,YES,Default,284.085560,0.000000,0.000000,0.000000,0.000000,0.000000,0.000000,0.000000,0.000000,0.000000,0.000000,0.000000,0.000000,0.000000,0.000000,1,100.000000,,,,,,,,,,,,,,,,,,,,,,
1742,60676,60675,4,Transformer,Closed,Closed,NO,60676,LTC,YES,60676,NO ,0.000000,0.000100,1.065000,1.015000,Middle,100.000000,115.000000,230.000000,0.001324,0.064183,0.000000,0.000000,0.000000,0.000000,1.000000,1.000000,1.100000,0.900000,0.006250,1.012500,0.000000,0,0.000000,YES,Default,284.085560,0.000000,0.000000,0.000000,0.000000,0.000000,0.000000,0.000000,0.000000,0.000000,0.000000,0.000000,0.000000,0.000000,0.000000,1,100.000000,,,,,,,,,,,,,,,,,,,,,,
1743,60680,60679,1,Transformer,Closed,Closed,NO,60680,Fixed,NO,60680,NO ,0.000000,0.000100,1.010000,0.990000,Middle,100.000000,230.000000,500.000000,0.000239,0.016256,0.000000,0.000000,0.000000,0.000000,1.000000,1.000000,1.100000,0.900000,0.006250,0.993750,0.000000,0,0.000000,YES,Default,629.794216,0.000000,0.000000,0.000000,0.000000,0.000000,0.000000,0.000000,0.000000,0.000000,0.000000,0.000000,0.000000,0.000000,0.000000,1,100.000000,,,,,,,,,,,,,,,,,,,,,,
1744,60681,60680,1,Transformer,Closed,Closed,NO,60681,Fixed,NO,60681,NO ,0.000000,0.000100,1.010000,0.990000,Middle,100.000000,115.000000,230.000000,0.001395,0.059698,0.000000,0.000000,0.000000,0.000000,1.000000,1.000000,1.100000,0.900000,0.006250,1.000000,0.000000,0,0.000000,YES,Default,122.676980,0.000000,0.000000,0.000000,0.000000,0.000000,0.000000,0.000000,0.000000,0.000000,0.000000,0.000000,0.000000,0.000000,0.000000,1,100.000000,,,,,,,,,,,,,,,,,,,,,,
1745,60683,60682,1,Transformer,Closed,Closed,NO,60683,Fixed,NO,60683,NO ,0.000000,0.000100,1.010000,0.990000,Middle,100.000000,345.000000,500.000000,0.000225,0.016948,0.000000,0.000000,0.000000,0.000000,1.000000,1.000000,1.100000,0.900000,0.006250,1.043750,0.000000,0,0.000000,YES,Default,709.044504,0.000000,0.000000,0.000000,0.000000,0.000000,0.000000,0.000000,0.000000,0.000000,0.000000,0.000000,0.000000,0.000000,0.000000,1,100.000000,,,,,,,,,,,,,,,,,,,,,,
1746,60682,60686,1,Transformer,Closed,Closed,NO,60682,Fixed,NO,60682,NO ,0.000000,0.000100,1.010000,0.990000,Middle,100.000000,500.000000,13.800000,0.000159,0.008195,0.000000,0.000000,0.000000,0.000000,1.000000,1.000000,1.100000,0.900000,0.006250,1.012500,0.000000,0,0.000000,YES,Default,966.302395,0.000000,0.000000,0.000000,0.000000,0.000000,0.000000,0.000000,0.000000,0.000000,0.000000,0.000000,0.000000,0.000000,0.000000,1,100.000000,,,,,,,,,,,,,,,,,,,,,,
1747,60682,60687,1,Transformer,Closed,Closed,NO,60682,Fixed,NO,60682,NO ,0.000000,0.000100,1.010000,0.990000,Middle,100.000000,500.000000,13.800000,0.000214,0.012319,0.000000,0.000000,0.000000,0.000000,1.000000,1.000000,1.100000,0.900000,0.006250,1.000000,0.000000,0,0.000000,YES,Default,962.847424,0.000000,0.000000,0.000000,0.000000,0.000000,0.000000,0.000000,0.000000,0.000000,0.000000,0.000000,0.000000,0.000000,0.000000,1,100.000000,,,,,,,,,,,,,,,,,,,,,,
1748,60682,60688,1,Transformer,Closed,Closed,NO,60682,Fixed,NO,60682,NO ,0.000000,0.000100,1.010000,0.990000,Middle,100.000000,500.000000,13.800000,0.000135,0.010663,0.000000,0.000000,0.000000,0.000000,1.000000,1.000000,1.100000,0.900000,0.006250,1.012500,0.000000,0,0.000000,YES,Default,950.702858,0.000000,0.000000,0.000000,0.000000,0.000000,0.000000,0.000000,0.000000,0.000000,0.000000,0.000000,0.000000,0.000000,0.000000,1,100.000000,,,,,,,,,,,,,,,,,,,,,,
1749,60682,60689,1,Transformer,Closed,Closed,NO,60682,Fixed,NO,60682,NO ,0.000000,0.000100,1.010000,0.990000,Middle,100.000000,500.000000,20.000000,0.000178,0.014220,0.000000,0.000000,0.000000,0.000000,1.000000,1.000000,1.100000,0.900000,0.006250,1.000000,0.000000,0,0.000000,YES,Default,949.615383,0.000000,0.000000,0.000000,0.000000,0.000000,0.000000,0.000000,0.000000,0.000000,0.000000,0.000000,0.000000,0.000000,0.000000,1,100.000000,,,,,,,,,,,,,,,,,,,,,,
1750,60682,60690,1,Transformer,Closed,Closed,NO,60682,Fixed,NO,60682,NO ,0.000000,0.000100,1.010000,0.990000,Middle,100.000000,500.000000,18.000000,0.000180,0.012800,0.000000,0.000000,0.000000,0.000000,1.000000,1.000000,1.100000,0.900000,0.006250,1.012500,0.000000,0,0.000000,YES,Default,777.186775,0.000000,0.000000,0.000000,0.000000,0.000000,0.000000,0.000000,0.000000,0.000000,0.000000,0.000000,0.000000,0.000000,0.000000,1,100.000000,,,,,,,,,,,,,,,,,,,,,,
1751,60682,60691,1,Transformer,Closed,Closed,NO,60682,Fixed,NO,60682,NO ,0.000000,0.000100,1.010000,0.990000,Middle,100.000000,500.000000,24.000000,0.000302,0.018787,0.000000,0.000000,0.000000,0.000000,1.000000,1.000000,1.100000,0.900000,0.006250,1.000000,0.000000,0,0.000000,YES,Default,775.679827,0.000000,0.000000,0.000000,0.000000,0.000000,0.000000,0.000000,0.000000,0.000000,0.000000,0.000000,0.000000,0.000000,0.000000,1,100.000000,,,,,,,,,,,,,,,,,,,,,,
1752,60684,60683,1,Transformer,Closed,Closed,NO,60684,LTC,YES,60684,NO ,0.000000,0.000100,1.068000,1.018000,Middle,100.000000,230.000000,345.000000,0.000686,0.029798,0.000000,0.000000,0.000000,0.000000,1.000000,1.000000,1.100000,0.900000,0.006250,1.062500,0.000000,0,0.000000,YES,Default,522.653818,0.000000,0.000000,0.000000,0.000000,0.000000,0.000000,0.000000,0.000000,0.000000,0.000000,0.000000,0.000000,0.000000,0.000000,1,100.000000,,,,,,,,,,,,,,,,,,,,,,
1753,60683,60692,1,Transformer,Closed,Closed,NO,60683,Fixed,NO,60683,NO ,0.000000,0.000100,1.010000,0.990000,Middle,100.000000,345.000000,13.800000,0.000721,0.045669,0.000000,0.000000,0.000000,0.000000,1.000000,1.000000,1.100000,0.900000,0.006250,1.031250,0.000000,0,0.000000,YES,Default,318.101645,0.000000,0.000000,0.000000,0.000000,0.000000,0.000000,0.000000,0.000000,0.000000,0.000000,0.000000,0.000000,0.000000,0.000000,1,100.000000,,,,,,,,,,,,,,,,,,,,,,
1754,60685,60684,1,Transformer,Closed,Closed,NO,60685,Fixed,NO,60685,NO ,0.000000,0.000100,1.010000,0.990000,Middle,100.000000,115.000000,230.000000,0.001355,0.055079,0.000000,0.000000,0.000000,0.000000,1.000000,1.000000,1.100000,0.900000,0.006250,1.025000,0.000000,0,0.000000,YES,Default,247.784638,0.000000,0.000000,0.000000,0.000000,0.000000,0.000000,0.000000,0.000000,0.000000,0.000000,0.000000,0.000000,0.000000,0.000000,1,100.000000,,,,,,,,,,,,,,,,,,,,,,
1755,60685,60684,2,Transformer,Closed,Closed,NO,60685,Fixed,NO,60685,NO ,0.000000,0.000100,1.010000,0.990000,Middle,100.000000,115.000000,230.000000,0.001355,0.055079,0.000000,0.000000,0.000000,0.000000,1.000000,1.000000,1.100000,0.900000,0.006250,1.025000,0.000000,0,0.000000,YES,Default,247.784638,0.000000,0.000000,0.000000,0.000000,0.000000,0.000000,0.000000,0.000000,0.000000,0.000000,0.000000,0.000000,0.000000,0.000000,1,100.000000,,,,,,,,,,,,,,,,,,,,,,
1756,60685,60684,3,Transformer,Closed,Closed,NO,60685,LTC,YES,60685,NO ,0.000000,0.000100,1.071000,1.021000,Middle,100.000000,115.000000,230.000000,0.001355,0.055079,0.000000,0.000000,0.000000,0.000000,1.000000,1.000000,1.100000,0.900000,0.006250,1.025000,0.000000,0,0.000000,YES,Default,247.784638,0.000000,0.000000,0.000000,0.000000,0.000000,0.000000,0.000000,0.000000,0.000000,0.000000,0.000000,0.000000,0.000000,0.000000,1,100.000000,,,,,,,,,,,,,,,,,,,,,,
1757,60695,60694,1,Transformer,Closed,Closed,NO,60695,Fixed,NO,60695,NO ,0.000000,0.000100,1.010000,0.990000,Middle,100.000000,115.000000,230.000000,0.001015,0.041380,0.000000,0.000000,0.000000,0.000000,1.000000,1.000000,1.100000,0.900000,0.006250,1.000000,0.000000,0,0.000000,YES,Default,176.266766,0.000000,0.000000,0.000000,0.000000,0.000000,0.000000,0.000000,0.000000,0.000000,0.000000,0.000000,0.000000,0.000000,0.000000,1,100.000000,,,,,,,,,,,,,,,,,,,,,,
1758,60697,60701,1,Transformer,Closed,Closed,NO,60697,Fixed,NO,60697,NO ,0.000000,0.000100,1.010000,0.990000,Middle,100.000000,230.000000,13.800000,0.001419,0.054104,0.000000,0.000000,0.000000,0.000000,1.000000,1.000000,1.100000,0.900000,0.006250,1.000000,0.000000,0,0.000000,YES,Default,205.564666,0.000000,0.000000,0.000000,0.000000,0.000000,0.000000,0.000000,0.000000,0.000000,0.000000,0.000000,0.000000,0.000000,0.000000,1,100.000000,,,,,,,,,,,,,,,,,,,,,,
1759,60697,60702,1,Transformer,Closed,Closed,NO,60697,Fixed,NO,60697,NO ,0.000000,0.000100,1.010000,0.990000,Middle,100.000000,230.000000,13.800000,0.001601,0.072000,0.000000,0.000000,0.000000,0.000000,1.000000,1.000000,1.100000,0.900000,0.006250,1.000000,0.000000,0,0.000000,YES,Default,148.643088,0.000000,0.000000,0.000000,0.000000,0.000000,0.000000,0.000000,0.000000,0.000000,0.000000,0.000000,0.000000,0.000000,0.000000,1,100.000000,,,,,,,,,,,,,,,,,,,,,,
1760,60705,60704,1,Transformer,Closed,Closed,NO,60705,Fixed,NO,60705,NO ,0.000000,0.000100,1.010000,0.990000,Middle,100.000000,230.000000,500.000000,0.000184,0.012188,0.000000,0.000000,0.000000,0.000000,1.000000,1.000000,1.100000,0.900000,0.006250,1.000000,0.000000,0,0.000000,YES,Default,758.435774,0.000000,0.000000,0.000000,0.000000,0.000000,0.000000,0.000000,0.000000,0.000000,0.000000,0.000000,0.000000,0.000000,0.000000,1,100.000000,,,,,,,,,,,,,,,,,,,,,,
1761,60704,60707,1,Transformer,Closed,Closed,NO,60704,Fixed,NO,60704,NO ,0.000000,0.000100,1.010000,0.990000,Middle,100.000000,500.000000,13.800000,0.000284,0.018323,0.000000,0.000000,0.000000,0.000000,1.000000,1.000000,1.100000,0.900000,0.006250,1.025000,0.000000,0,0.000000,YES,Default,1074.747467,0.000000,0.000000,0.000000,0.000000,0.000000,0.000000,0.000000,0.000000,0.000000,0.000000,0.000000,0.000000,0.000000,0.000000,1,100.000000,,,,,,,,,,,,,,,,,,,,,,
1762,60704,60708,1,Transformer,Closed,Closed,NO,60704,Fixed,NO,60704,NO ,0.000000,0.000100,1.010000,0.990000,Middle,100.000000,500.000000,13.800000,0.000181,0.012782,0.000000,0.000000,0.000000,0.000000,1.000000,1.000000,1.100000,0.900000,0.006250,1.025000,0.000000,0,0.000000,YES,Default,1074.277306,0.000000,0.000000,0.000000,0.000000,0.000000,0.000000,0.000000,0.000000,0.000000,0.000000,0.000000,0.000000,0.000000,0.000000,1,100.000000,,,,,,,,,,,,,,,,,,,,,,
1763,60706,60705,1,Transformer,Closed,Closed,NO,60706,Fixed,NO,60706,NO ,0.000000,0.000100,1.010000,0.990000,Middle,100.000000,115.000000,230.000000,0.001062,0.057567,0.000000,0.000000,0.000000,0.000000,1.000000,1.000000,1.100000,0.900000,0.006250,1.000000,0.000000,0,0.000000,YES,Default,181.967831,0.000000,0.000000,0.000000,0.000000,0.000000,0.000000,0.000000,0.000000,0.000000,0.000000,0.000000,0.000000,0.000000,0.000000,1,100.000000,,,,,,,,,,,,,,,,,,,,,,
1764,60710,60709,1,Transformer,Closed,Closed,NO,60710,Fixed,NO,60710,NO ,0.000000,0.000100,1.010000,0.990000,Middle,100.000000,230.000000,500.000000,0.000297,0.017279,0.000000,0.000000,0.000000,0.000000,1.000000,1.000000,1.100000,0.900000,0.006250,1.000000,0.000000,0,0.000000,YES,Default,653.919363,0.000000,0.000000,0.000000,0.000000,0.000000,0.000000,0.000000,0.000000,0.000000,0.000000,0.000000,0.000000,0.000000,0.000000,1,100.000000,,,,,,,,,,,,,,,,,,,,,,
1765,60709,60712,1,Transformer,Closed,Closed,NO,60709,Fixed,NO,60709,NO ,0.000000,0.000100,1.010000,0.990000,Middle,100.000000,500.000000,20.000000,0.000163,0.009718,0.000000,0.000000,0.000000,0.000000,1.000000,1.000000,1.100000,0.900000,0.006250,1.018750,0.000000,0,0.000000,YES,Default,1094.644737,0.000000,0.000000,0.000000,0.000000,0.000000,0.000000,0.000000,0.000000,0.000000,0.000000,0.000000,0.000000,0.000000,0.000000,1,100.000000,,,,,,,,,,,,,,,,,,,,,,
1766,60711,60710,1,Transformer,Closed,Closed,NO,60711,Fixed,NO,60711,NO ,0.000000,0.000100,1.010000,0.990000,Middle,100.000000,115.000000,230.000000,0.001170,0.054528,0.000000,0.000000,0.000000,0.000000,1.000000,1.000000,1.100000,0.900000,0.006250,1.000000,0.000000,0,0.000000,YES,Default,147.139573,0.000000,0.000000,0.000000,0.000000,0.000000,0.000000,0.000000,0.000000,0.000000,0.000000,0.000000,0.000000,0.000000,0.000000,1,100.000000,,,,,,,,,,,,,,,,,,,,,,
1767,60714,60713,1,Transformer,Closed,Closed,NO,60714,Fixed,NO,60714,NO ,0.000000,0.000100,1.010000,0.990000,Middle,100.000000,230.000000,500.000000,0.000247,0.018661,0.000000,0.000000,0.000000,0.000000,1.000000,1.000000,1.100000,0.900000,0.006250,1.037500,0.000000,0,0.000000,YES,Default,981.088352,0.000000,0.000000,0.000000,0.000000,0.000000,0.000000,0.000000,0.000000,0.000000,0.000000,0.000000,0.000000,0.000000,0.000000,1,100.000000,,,,,,,,,,,,,,,,,,,,,,
1768,60713,60716,1,Transformer,Closed,Closed,NO,60713,Fixed,NO,60713,NO ,0.000000,0.000100,1.010000,0.990000,Middle,100.000000,500.000000,18.000000,0.000140,0.009261,0.000000,0.000000,0.000000,0.000000,1.000000,1.000000,1.100000,0.900000,0.006250,1.006250,0.000000,0,0.000000,YES,Default,906.560040,0.000000,0.000000,0.000000,0.000000,0.000000,0.000000,0.000000,0.000000,0.000000,0.000000,0.000000,0.000000,0.000000,0.000000,1,100.000000,,,,,,,,,,,,,,,,,,,,,,
1769,60713,60717,1,Transformer,Closed,Closed,NO,60713,Fixed,NO,60713,NO ,0.000000,0.000100,1.010000,0.990000,Middle,100.000000,500.000000,22.000000,0.000182,0.013566,0.000000,0.000000,0.000000,0.000000,1.000000,1.000000,1.100000,0.900000,0.006250,1.006250,0.000000,0,0.000000,YES,Default,891.662312,0.000000,0.000000,0.000000,0.000000,0.000000,0.000000,0.000000,0.000000,0.000000,0.000000,0.000000,0.000000,0.000000,0.000000,1,100.000000,,,,,,,,,,,,,,,,,,,,,,
1770,60715,60714,1,Transformer,Closed,Closed,NO,60715,LTC,YES,60715,NO ,0.000000,0.000100,1.072000,1.022000,Middle,100.000000,115.000000,230.000000,0.000871,0.037256,0.000000,0.000000,0.000000,0.000000,1.000000,1.000000,1.100000,0.900000,0.006250,1.018750,0.000000,0,0.000000,YES,Default,284.971404,0.000000,0.000000,0.000000,0.000000,0.000000,0.000000,0.000000,0.000000,0.000000,0.000000,0.000000,0.000000,0.000000,0.000000,1,100.000000,,,,,,,,,,,,,,,,,,,,,,
1771,60715,60714,2,Transformer,Closed,Closed,NO,60715,Fixed,NO,60715,NO ,0.000000,0.000100,1.010000,0.990000,Middle,100.000000,115.000000,230.000000,0.000871,0.037256,0.000000,0.000000,0.000000,0.000000,1.000000,1.000000,1.100000,0.900000,0.006250,1.018750,0.000000,0,0.000000,YES,Default,284.971404,0.000000,0.000000,0.000000,0.000000,0.000000,0.000000,0.000000,0.000000,0.000000,0.000000,0.000000,0.000000,0.000000,0.000000,1,100.000000,,,,,,,,,,,,,,,,,,,,,,
1772,60715,60714,3,Transformer,Closed,Closed,NO,60715,Fixed,NO,60715,NO ,0.000000,0.000100,1.010000,0.990000,Middle,100.000000,115.000000,230.000000,0.000871,0.037256,0.000000,0.000000,0.000000,0.000000,1.000000,1.000000,1.100000,0.900000,0.006250,1.018750,0.000000,0,0.000000,YES,Default,284.971404,0.000000,0.000000,0.000000,0.000000,0.000000,0.000000,0.000000,0.000000,0.000000,0.000000,0.000000,0.000000,0.000000,0.000000,1,100.000000,,,,,,,,,,,,,,,,,,,,,,
1773,60715,60714,4,Transformer,Closed,Closed,NO,60715,Fixed,NO,60715,NO ,0.000000,0.000100,1.010000,0.990000,Middle,100.000000,115.000000,230.000000,0.000871,0.037256,0.000000,0.000000,0.000000,0.000000,1.000000,1.000000,1.100000,0.900000,0.006250,1.018750,0.000000,0,0.000000,YES,Default,284.971404,0.000000,0.000000,0.000000,0.000000,0.000000,0.000000,0.000000,0.000000,0.000000,0.000000,0.000000,0.000000,0.000000,0.000000,1,100.000000,,,,,,,,,,,,,,,,,,,,,,
1774,60720,60719,1,Transformer,Closed,Closed,NO,60720,Fixed,NO,60720,NO ,0.000000,0.000100,1.010000,0.990000,Middle,100.000000,115.000000,230.000000,0.001452,0.062224,0.000000,0.000000,0.000000,0.000000,1.000000,1.000000,1.100000,0.900000,0.006250,1.000000,0.000000,0,0.000000,YES,Default,148.040712,0.000000,0.000000,0.000000,0.000000,0.000000,0.000000,0.000000,0.000000,0.000000,0.000000,0.000000,0.000000,0.000000,0.000000,1,100.000000,,,,,,,,,,,,,,,,,,,,,,
1775,60719,60721,1,Transformer,Closed,Closed,NO,60719,Fixed,NO,60719,NO ,0.000000,0.000100,1.010000,0.990000,Middle,100.000000,230.000000,13.800000,0.000836,0.033354,0.000000,0.000000,0.000000,0.000000,1.000000,1.000000,1.100000,0.900000,0.006250,1.000000,0.000000,0,0.000000,YES,Default,284.467340,0.000000,0.000000,0.000000,0.000000,0.000000,0.000000,0.000000,0.000000,0.000000,0.000000,0.000000,0.000000,0.000000,0.000000,1,100.000000,,,,,,,,,,,,,,,,,,,,,,
1776,60725,60724,1,Transformer,Closed,Closed,NO,60725,Fixed,NO,60725,NO ,0.000000,0.000100,1.010000,0.990000,Middle,100.000000,230.000000,500.000000,0.000167,0.011816,0.000000,0.000000,0.000000,0.000000,1.000000,1.000000,1.100000,0.900000,0.006250,1.000000,0.000000,0,0.000000,YES,Default,1181.623936,0.000000,0.000000,0.000000,0.000000,0.000000,0.000000,0.000000,0.000000,0.000000,0.000000,0.000000,0.000000,0.000000,0.000000,1,100.000000,,,,,,,,,,,,,,,,,,,,,,
1777,60725,60724,2,Transformer,Closed,Closed,NO,60725,Fixed,NO,60725,NO ,0.000000,0.000100,1.010000,0.990000,Middle,100.000000,230.000000,500.000000,0.000167,0.011816,0.000000,0.000000,0.000000,0.000000,1.000000,1.000000,1.100000,0.900000,0.006250,1.000000,0.000000,0,0.000000,YES,Default,1181.623936,0.000000,0.000000,0.000000,0.000000,0.000000,0.000000,0.000000,0.000000,0.000000,0.000000,0.000000,0.000000,0.000000,0.000000,1,100.000000,,,,,,,,,,,,,,,,,,,,,,
1778,60725,60724,3,Transformer,Closed,Closed,NO,60725,Fixed,NO,60725,NO ,0.000000,0.000100,1.010000,0.990000,Middle,100.000000,230.000000,500.000000,0.000167,0.011816,0.000000,0.000000,0.000000,0.000000,1.000000,1.000000,1.100000,0.900000,0.006250,1.000000,0.000000,0,0.000000,YES,Default,1181.623936,0.000000,0.000000,0.000000,0.000000,0.000000,0.000000,0.000000,0.000000,0.000000,0.000000,0.000000,0.000000,0.000000,0.000000,1,100.000000,,,,,,,,,,,,,,,,,,,,,,
1779,60724,60727,1,Transformer,Closed,Closed,NO,60724,Fixed,NO,60724,NO ,0.000000,0.000100,1.010000,0.990000,Middle,100.000000,500.000000,18.000000,0.000068,0.005178,0.000000,0.000000,0.000000,0.000000,1.000000,1.000000,1.100000,0.900000,0.006250,1.000000,0.000000,0,0.000000,YES,Default,1120.136833,0.000000,0.000000,0.000000,0.000000,0.000000,0.000000,0.000000,0.000000,0.000000,0.000000,0.000000,0.000000,0.000000,0.000000,1,100.000000,,,,,,,,,,,,,,,,,,,,,,
1780,60724,60728,1,Transformer,Closed,Closed,NO,60724,Fixed,NO,60724,NO ,0.000000,0.000100,1.010000,0.990000,Middle,100.000000,500.000000,18.000000,0.000141,0.010523,0.000000,0.000000,0.000000,0.000000,1.000000,1.000000,1.100000,0.900000,0.006250,1.000000,0.000000,0,0.000000,YES,Default,1108.243465,0.000000,0.000000,0.000000,0.000000,0.000000,0.000000,0.000000,0.000000,0.000000,0.000000,0.000000,0.000000,0.000000,0.000000,1,100.000000,,,,,,,,,,,,,,,,,,,,,,
1781,60726,60725,1,Transformer,Closed,Closed,NO,60726,Fixed,NO,60726,NO ,0.000000,0.000100,1.010000,0.990000,Middle,100.000000,115.000000,230.000000,0.001596,0.073472,0.000000,0.000000,0.000000,0.000000,1.000000,1.000000,1.100000,0.900000,0.006250,1.000000,0.000000,0,0.000000,YES,Default,260.714507,0.000000,0.000000,0.000000,0.000000,0.000000,0.000000,0.000000,0.000000,0.000000,0.000000,0.000000,0.000000,0.000000,0.000000,1,100.000000,,,,,,,,,,,,,,,,,,,,,,
1782,60726,60725,2,Transformer,Closed,Closed,NO,60726,Fixed,NO,60726,NO ,0.000000,0.000100,1.010000,0.990000,Middle,100.000000,115.000000,230.000000,0.001596,0.073472,0.000000,0.000000,0.000000,0.000000,1.000000,1.000000,1.100000,0.900000,0.006250,1.000000,0.000000,0,0.000000,YES,Default,260.714507,0.000000,0.000000,0.000000,0.000000,0.000000,0.000000,0.000000,0.000000,0.000000,0.000000,0.000000,0.000000,0.000000,0.000000,1,100.000000,,,,,,,,,,,,,,,,,,,,,,
1783,60726,60725,3,Transformer,Closed,Closed,NO,60726,Fixed,NO,60726,NO ,0.000000,0.000100,1.010000,0.990000,Middle,100.000000,115.000000,230.000000,0.001596,0.073472,0.000000,0.000000,0.000000,0.000000,1.000000,1.000000,1.100000,0.900000,0.006250,1.000000,0.000000,0,0.000000,YES,Default,260.714507,0.000000,0.000000,0.000000,0.000000,0.000000,0.000000,0.000000,0.000000,0.000000,0.000000,0.000000,0.000000,0.000000,0.000000,1,100.000000,,,,,,,,,,,,,,,,,,,,,,
1784,60725,60729,1,Transformer,Closed,Closed,NO,60725,Fixed,NO,60725,NO ,0.000000,0.000100,1.010000,0.990000,Middle,100.000000,230.000000,18.000000,0.002966,0.092073,0.000000,0.000000,0.000000,0.000000,1.000000,1.000000,1.100000,0.900000,0.006250,1.000000,0.000000,0,0.000000,YES,Default,109.621155,0.000000,0.000000,0.000000,0.000000,0.000000,0.000000,0.000000,0.000000,0.000000,0.000000,0.000000,0.000000,0.000000,0.000000,1,100.000000,,,,,,,,,,,,,,,,,,,,,,
1785,60725,60730,1,Transformer,Closed,Closed,NO,60725,Fixed,NO,60725,NO ,0.000000,0.000100,1.010000,0.990000,Middle,100.000000,230.000000,13.800000,0.002994,0.139332,0.000000,0.000000,0.000000,0.000000,1.000000,1.000000,1.100000,0.900000,0.006250,1.000000,0.000000,0,0.000000,YES,Default,134.870887,0.000000,0.000000,0.000000,0.000000,0.000000,0.000000,0.000000,0.000000,0.000000,0.000000,0.000000,0.000000,0.000000,0.000000,1,100.000000,,,,,,,,,,,,,,,,,,,,,,
1786,60732,60731,1,Transformer,Closed,Closed,NO,60732,Fixed,NO,60732,NO ,0.000000,0.000100,1.010000,0.990000,Middle,100.000000,115.000000,230.000000,0.001300,0.057660,0.000000,0.000000,0.000000,0.000000,1.000000,1.000000,1.100000,0.900000,0.006250,1.000000,0.000000,0,0.000000,YES,Default,128.499627,0.000000,0.000000,0.000000,0.000000,0.000000,0.000000,0.000000,0.000000,0.000000,0.000000,0.000000,0.000000,0.000000,0.000000,1,100.000000,,,,,,,,,,,,,,,,,,,,,,
1787,60735,60734,1,Transformer,Closed,Closed,NO,60735,Fixed,NO,60735,NO ,0.000000,0.000100,1.010000,0.990000,Middle,100.000000,230.000000,500.000000,0.000215,0.016034,0.000000,0.000000,0.000000,0.000000,1.000000,1.000000,1.100000,0.900000,0.006250,1.000000,0.000000,0,0.000000,YES,Default,449.186468,0.000000,0.000000,0.000000,0.000000,0.000000,0.000000,0.000000,0.000000,0.000000,0.000000,0.000000,0.000000,0.000000,0.000000,1,100.000000,,,,,,,,,,,,,,,,,,,,,,
1788,60736,60735,1,Transformer,Closed,Closed,NO,60736,Fixed,NO,60736,NO ,0.000000,0.000100,1.010000,0.990000,Middle,100.000000,161.000000,230.000000,0.001210,0.041663,0.000000,0.000000,0.000000,0.000000,1.000000,1.000000,1.100000,0.900000,0.006250,1.000000,0.000000,0,0.000000,YES,Default,169.441557,0.000000,0.000000,0.000000,0.000000,0.000000,0.000000,0.000000,0.000000,0.000000,0.000000,0.000000,0.000000,0.000000,0.000000,1,100.000000,,,,,,,,,,,,,,,,,,,,,,
1789,60737,60736,1,Transformer,Closed,Closed,NO,60737,Fixed,NO,60737,NO ,0.000000,0.000100,1.010000,0.990000,Middle,100.000000,115.000000,161.000000,0.004822,0.137285,0.000000,0.000000,0.000000,0.000000,1.000000,1.000000,1.100000,0.900000,0.006250,1.000000,0.000000,0,0.000000,YES,Default,115.505147,0.000000,0.000000,0.000000,0.000000,0.000000,0.000000,0.000000,0.000000,0.000000,0.000000,0.000000,0.000000,0.000000,0.000000,1,100.000000,,,,,,,,,,,,,,,,,,,,,,
1790,60739,60738,1,Transformer,Closed,Closed,NO,60739,Fixed,NO,60739,NO ,0.000000,0.000100,1.010000,0.990000,Middle,100.000000,230.000000,500.000000,0.000229,0.012727,0.000000,0.000000,0.000000,0.000000,1.000000,1.000000,1.100000,0.900000,0.006250,1.012500,0.000000,0,0.000000,YES,Default,841.888332,0.000000,0.000000,0.000000,0.000000,0.000000,0.000000,0.000000,0.000000,0.000000,0.000000,0.000000,0.000000,0.000000,0.000000,1,100.000000,,,,,,,,,,,,,,,,,,,,,,
1791,60738,60746,1,Transformer,Closed,Closed,NO,60738,Fixed,NO,60738,NO ,0.000000,0.000100,1.010000,0.990000,Middle,100.000000,500.000000,18.000000,0.000250,0.018786,0.000000,0.000000,0.000000,0.000000,1.000000,1.000000,1.100000,0.900000,0.006250,1.000000,0.000000,0,0.000000,YES,Default,813.357925,0.000000,0.000000,0.000000,0.000000,0.000000,0.000000,0.000000,0.000000,0.000000,0.000000,0.000000,0.000000,0.000000,0.000000,1,100.000000,,,,,,,,,,,,,,,,,,,,,,
1792,60738,60747,1,Transformer,Closed,Closed,NO,60738,Fixed,NO,60738,NO ,0.000000,0.000100,1.010000,0.990000,Middle,100.000000,500.000000,13.800000,0.000269,0.018696,0.000000,0.000000,0.000000,0.000000,1.000000,1.000000,1.100000,0.900000,0.006250,1.000000,0.000000,0,0.000000,YES,Default,796.236515,0.000000,0.000000,0.000000,0.000000,0.000000,0.000000,0.000000,0.000000,0.000000,0.000000,0.000000,0.000000,0.000000,0.000000,1,100.000000,,,,,,,,,,,,,,,,,,,,,,
1793,60749,60748,1,Transformer,Closed,Closed,NO,60749,Fixed,NO,60749,NO ,0.000000,0.000100,1.010000,0.990000,Middle,100.000000,230.000000,500.000000,0.000264,0.018080,0.000000,0.000000,0.000000,0.000000,1.000000,1.000000,1.100000,0.900000,0.006250,1.000000,0.000000,0,0.000000,YES,Default,608.584118,0.000000,0.000000,0.000000,0.000000,0.000000,0.000000,0.000000,0.000000,0.000000,0.000000,0.000000,0.000000,0.000000,0.000000,1,100.000000,,,,,,,,,,,,,,,,,,,,,,
1794,60748,60751,1,Transformer,Closed,Closed,NO,60748,Fixed,NO,60748,NO ,0.000000,0.000100,1.010000,0.990000,Middle,100.000000,500.000000,20.000000,0.000163,0.012879,0.000000,0.000000,0.000000,0.000000,1.000000,1.000000,1.100000,0.900000,0.006250,1.025000,0.000000,0,0.000000,YES,Default,1247.825909,0.000000,0.000000,0.000000,0.000000,0.000000,0.000000,0.000000,0.000000,0.000000,0.000000,0.000000,0.000000,0.000000,0.000000,1,100.000000,,,,,,,,,,,,,,,,,,,,,,
1795,60750,60749,1,Transformer,Closed,Closed,NO,60750,LTC,YES,60750,NO ,0.000000,0.000100,1.073000,1.023000,Middle,100.000000,115.000000,230.000000,0.000741,0.031798,0.000000,0.000000,0.000000,0.000000,1.000000,1.000000,1.100000,0.900000,0.006250,1.006250,0.000000,0,0.000000,YES,Default,161.042678,0.000000,0.000000,0.000000,0.000000,0.000000,0.000000,0.000000,0.000000,0.000000,0.000000,0.000000,0.000000,0.000000,0.000000,1,100.000000,,,,,,,,,,,,,,,,,,,,,,
1796,60753,60752,1,Transformer,Closed,Closed,NO,60753,LTC,YES,60753,NO ,0.000000,0.000100,1.071000,1.021000,Middle,100.000000,230.000000,500.000000,0.000363,0.024655,0.000000,0.000000,0.000000,0.000000,1.000000,1.000000,1.100000,0.900000,0.006250,1.050000,0.000000,0,0.000000,YES,Default,848.553276,0.000000,0.000000,0.000000,0.000000,0.000000,0.000000,0.000000,0.000000,0.000000,0.000000,0.000000,0.000000,0.000000,0.000000,1,100.000000,,,,,,,,,,,,,,,,,,,,,,
1797,60758,60757,1,Transformer,Closed,Closed,NO,60758,Fixed,NO,60758,NO ,0.000000,0.000100,1.010000,0.990000,Middle,100.000000,230.000000,500.000000,0.000089,0.006410,0.000000,0.000000,0.000000,0.000000,1.000000,1.000000,1.100000,0.900000,0.006250,1.000000,0.000000,0,0.000000,YES,Default,526.637125,0.000000,0.000000,0.000000,0.000000,0.000000,0.000000,0.000000,0.000000,0.000000,0.000000,0.000000,0.000000,0.000000,0.000000,1,100.000000,,,,,,,,,,,,,,,,,,,,,,
1798,60758,60757, 2,Transformer,Closed,Closed,NO,60758,Fixed,NO,0,NO ,0.000000,0.000100,1.500000,0.510000,Middle,100.000000,230.000000,500.000000,0.000089,0.006410,0.000000,0.000000,0.000000,0.000000,1.000000,1.000000,1.500000,0.510000,0.006250,1.000000,0.000000,0,0.000000,YES,Default,526.636982,0.000000,0.000000,0.000000,0.000000,0.000000,0.000000,0.000000,0.000000,0.000000,0.000000,0.000000,0.000000,0.000000,0.000000,1,100.000000,,,,,,,,,,,,,,,,,,,,,,
1799,60757,60760,1,Transformer,Closed,Closed,NO,60757,Fixed,NO,60757,NO ,0.000000,0.000100,1.010000,0.990000,Middle,100.000000,500.000000,18.000000,0.000249,0.016046,0.000000,0.000000,0.000000,0.000000,1.000000,1.000000,1.100000,0.900000,0.006250,1.000000,0.000000,0,0.000000,YES,Default,813.559246,0.000000,0.000000,0.000000,0.000000,0.000000,0.000000,0.000000,0.000000,0.000000,0.000000,0.000000,0.000000,0.000000,0.000000,1,100.000000,,,,,,,,,,,,,,,,,,,,,,
1800,60759,60758,1,Transformer,Closed,Closed,NO,60759,Fixed,NO,60759,NO ,0.000000,0.000100,1.010000,0.990000,Middle,100.000000,115.000000,230.000000,0.001355,0.062580,0.000000,0.000000,0.000000,0.000000,1.000000,1.000000,1.100000,0.900000,0.006250,1.000000,0.000000,0,0.000000,YES,Default,165.743411,0.000000,0.000000,0.000000,0.000000,0.000000,0.000000,0.000000,0.000000,0.000000,0.000000,0.000000,0.000000,0.000000,0.000000,1,100.000000,,,,,,,,,,,,,,,,,,,,,,
1801,60762,60763,1,Transformer,Closed,Closed,NO,60762,Fixed,NO,60762,NO ,0.000000,0.000100,1.010000,0.990000,Middle,100.000000,115.000000,13.200000,0.010071,0.265824,0.000000,0.000000,0.000000,0.000000,1.000000,1.000000,1.100000,0.900000,0.006250,1.000000,0.000000,0,0.000000,YES,Default,51.653332,0.000000,0.000000,0.000000,0.000000,0.000000,0.000000,0.000000,0.000000,0.000000,0.000000,0.000000,0.000000,0.000000,0.000000,1,100.000000,,,,,,,,,,,,,,,,,,,,,,
1802,60762,60764,1,Transformer,Closed,Closed,NO,60762,Fixed,NO,60762,NO ,0.000000,0.000100,1.010000,0.990000,Middle,100.000000,115.000000,22.000000,0.018216,0.498580,0.000000,0.000000,0.000000,0.000000,1.000000,1.000000,1.100000,0.900000,0.006250,1.000000,0.000000,0,0.000000,YES,Default,25.826666,0.000000,0.000000,0.000000,0.000000,0.000000,0.000000,0.000000,0.000000,0.000000,0.000000,0.000000,0.000000,0.000000,0.000000,1,100.000000,,,,,,,,,,,,,,,,,,,,,,
1803,60768,60767,1,Transformer,Closed,Closed,NO,60768,Fixed,NO,60768,NO ,0.000000,0.000100,1.010000,0.990000,Middle,100.000000,115.000000,230.000000,0.000888,0.040102,0.000000,0.000000,0.000000,0.000000,1.000000,1.000000,1.100000,0.900000,0.006250,1.000000,0.000000,0,0.000000,YES,Default,243.171382,0.000000,0.000000,0.000000,0.000000,0.000000,0.000000,0.000000,0.000000,0.000000,0.000000,0.000000,0.000000,0.000000,0.000000,1,100.000000,,,,,,,,,,,,,,,,,,,,,,
1804,60768,60767,2,Transformer,Closed,Closed,NO,60768,Fixed,NO,60768,NO ,0.000000,0.000100,1.010000,0.990000,Middle,100.000000,115.000000,230.000000,0.000888,0.040102,0.000000,0.000000,0.000000,0.000000,1.000000,1.000000,1.100000,0.900000,0.006250,1.000000,0.000000,0,0.000000,YES,Default,243.171382,0.000000,0.000000,0.000000,0.000000,0.000000,0.000000,0.000000,0.000000,0.000000,0.000000,0.000000,0.000000,0.000000,0.000000,1,100.000000,,,,,,,,,,,,,,,,,,,,,,
1805,60768,60767,3,Transformer,Closed,Closed,NO,60768,Fixed,NO,60768,NO ,0.000000,0.000100,1.010000,0.990000,Middle,100.000000,115.000000,230.000000,0.000888,0.040102,0.000000,0.000000,0.000000,0.000000,1.000000,1.000000,1.100000,0.900000,0.006250,1.000000,0.000000,0,0.000000,YES,Default,243.171382,0.000000,0.000000,0.000000,0.000000,0.000000,0.000000,0.000000,0.000000,0.000000,0.000000,0.000000,0.000000,0.000000,0.000000,1,100.000000,,,,,,,,,,,,,,,,,,,,,,
1806,60774,60775,1,Transformer,Closed,Closed,NO,60774,Fixed,NO,60774,NO ,0.000000,0.000100,1.010000,0.990000,Middle,100.000000,115.000000,13.800000,0.001714,0.038562,0.000000,0.000000,0.000000,0.000000,1.000000,1.000000,1.100000,0.900000,0.006250,1.000000,0.000000,0,0.000000,YES,Default,269.099998,0.000000,0.000000,0.000000,0.000000,0.000000,0.000000,0.000000,0.000000,0.000000,0.000000,0.000000,0.000000,0.000000,0.000000,1,100.000000,,,,,,,,,,,,,,,,,,,,,,
1807,60774,60776,1,Transformer,Closed,Closed,NO,60774,Fixed,NO,60774,NO ,0.000000,0.000100,1.010000,0.990000,Middle,100.000000,115.000000,18.000000,0.005695,0.138536,0.000000,0.000000,0.000000,0.000000,1.000000,1.000000,1.100000,0.900000,0.006250,1.000000,0.000000,0,0.000000,YES,Default,98.280001,0.000000,0.000000,0.000000,0.000000,0.000000,0.000000,0.000000,0.000000,0.000000,0.000000,0.000000,0.000000,0.000000,0.000000,1,100.000000,,,,,,,,,,,,,,,,,,,,,,
1808,60779,60778,1,Transformer,Closed,Closed,NO,60779,Fixed,NO,60779,NO ,0.000000,0.000100,1.010000,0.990000,Middle,100.000000,115.000000,230.000000,0.001464,0.067142,0.000000,0.000000,0.000000,0.000000,1.000000,1.000000,1.100000,0.900000,0.006250,1.000000,0.000000,0,0.000000,YES,Default,179.999995,0.000000,0.000000,0.000000,0.000000,0.000000,0.000000,0.000000,0.000000,0.000000,0.000000,0.000000,0.000000,0.000000,0.000000,1,100.000000,,,,,,,,,,,,,,,,,,,,,,
1809,60778,60780,1,Transformer,Closed,Closed,NO,60778,Fixed,NO,60778,NO ,0.000000,0.000100,1.010000,0.990000,Middle,100.000000,230.000000,24.000000,0.001431,0.052871,0.000000,0.000000,0.000000,0.000000,1.000000,1.000000,1.100000,0.900000,0.006250,0.987500,0.000000,0,0.000000,YES,Default,279.328990,0.000000,0.000000,0.000000,0.000000,0.000000,0.000000,0.000000,0.000000,0.000000,0.000000,0.000000,0.000000,0.000000,0.000000,1,100.000000,,,,,,,,,,,,,,,,,,,,,,
1810,60784,60783,1,Transformer,Closed,Closed,NO,60784,Fixed,NO,60784,NO ,0.000000,0.000100,1.010000,0.990000,Middle,100.000000,115.000000,230.000000,0.001251,0.074283,0.000000,0.000000,0.000000,0.000000,1.000000,1.000000,1.100000,0.900000,0.006250,1.000000,0.000000,0,0.000000,YES,Default,194.117641,0.000000,0.000000,0.000000,0.000000,0.000000,0.000000,0.000000,0.000000,0.000000,0.000000,0.000000,0.000000,0.000000,0.000000,1,100.000000,,,,,,,,,,,,,,,,,,,,,,
1811,60786,60785,1,Transformer,Closed,Closed,NO,60786,LTC,YES,60786,NO ,0.000000,0.000100,1.077000,1.027000,Middle,100.000000,230.000000,500.000000,0.000225,0.015935,0.000000,0.000000,0.000000,0.000000,1.000000,1.000000,1.100000,0.900000,0.006250,1.062500,0.000000,0,0.000000,YES,Default,903.981495,0.000000,0.000000,0.000000,0.000000,0.000000,0.000000,0.000000,0.000000,0.000000,0.000000,0.000000,0.000000,0.000000,0.000000,1,100.000000,,,,,,,,,,,,,,,,,,,,,,
1812,60785,60791,1,Transformer,Closed,Closed,NO,60785,Fixed,NO,60785,NO ,0.000000,0.000100,1.010000,0.990000,Middle,100.000000,500.000000,13.800000,0.000295,0.020978,0.000000,0.000000,0.000000,0.000000,1.000000,1.000000,1.100000,0.900000,0.006250,1.018750,0.000000,0,0.000000,YES,Default,682.152414,0.000000,0.000000,0.000000,0.000000,0.000000,0.000000,0.000000,0.000000,0.000000,0.000000,0.000000,0.000000,0.000000,0.000000,1,100.000000,,,,,,,,,,,,,,,,,,,,,,
1813,60785,60792,1,Transformer,Closed,Closed,NO,60785,Fixed,NO,60785,NO ,0.000000,0.000100,1.010000,0.990000,Middle,100.000000,500.000000,13.800000,0.000271,0.018469,0.000000,0.000000,0.000000,0.000000,1.000000,1.000000,1.100000,0.900000,0.006250,1.018750,0.000000,0,0.000000,YES,Default,676.866579,0.000000,0.000000,0.000000,0.000000,0.000000,0.000000,0.000000,0.000000,0.000000,0.000000,0.000000,0.000000,0.000000,0.000000,1,100.000000,,,,,,,,,,,,,,,,,,,,,,
1814,60785,60794,1,Transformer,Closed,Closed,NO,60785,Fixed,NO,60785,NO ,0.000000,0.000100,1.010000,0.990000,Middle,100.000000,500.000000,24.000000,0.000413,0.035089,0.000000,0.000000,0.000000,0.000000,1.000000,1.000000,1.100000,0.900000,0.006250,1.018750,0.000000,0,0.000000,YES,Default,589.744186,0.000000,0.000000,0.000000,0.000000,0.000000,0.000000,0.000000,0.000000,0.000000,0.000000,0.000000,0.000000,0.000000,0.000000,1,100.000000,,,,,,,,,,,,,,,,,,,,,,
1815,60785,60795,1,Transformer,Closed,Closed,NO,60785,Fixed,NO,60785,NO ,0.000000,0.000100,1.010000,0.990000,Middle,100.000000,500.000000,18.000000,0.000541,0.044486,0.000000,0.000000,0.000000,0.000000,1.000000,1.000000,1.100000,0.900000,0.006250,1.012500,0.000000,0,0.000000,YES,Default,315.317988,0.000000,0.000000,0.000000,0.000000,0.000000,0.000000,0.000000,0.000000,0.000000,0.000000,0.000000,0.000000,0.000000,0.000000,1,100.000000,,,,,,,,,,,,,,,,,,,,,,
1816,60787,60786,1,Transformer,Closed,Closed,NO,60787,LTC,YES,60787,NO ,0.000000,0.000100,1.079000,1.029000,Middle,100.000000,115.000000,230.000000,0.001974,0.073794,0.000000,0.000000,0.000000,0.000000,1.000000,1.000000,1.100000,0.900000,0.006250,1.012500,0.000000,0,0.000000,YES,Default,220.303679,0.000000,0.000000,0.000000,0.000000,0.000000,0.000000,0.000000,0.000000,0.000000,0.000000,0.000000,0.000000,0.000000,0.000000,1,100.000000,,,,,,,,,,,,,,,,,,,,,,
1817,60787,60786,2,Transformer,Closed,Closed,NO,60787,Fixed,NO,60787,NO ,0.000000,0.000100,1.010000,0.990000,Middle,100.000000,115.000000,230.000000,0.001974,0.073794,0.000000,0.000000,0.000000,0.000000,1.000000,1.000000,1.100000,0.900000,0.006250,1.012500,0.000000,0,0.000000,YES,Default,220.303679,0.000000,0.000000,0.000000,0.000000,0.000000,0.000000,0.000000,0.000000,0.000000,0.000000,0.000000,0.000000,0.000000,0.000000,1,100.000000,,,,,,,,,,,,,,,,,,,,,,
1818,60787,60786,3,Transformer,Closed,Closed,NO,60787,Fixed,NO,60787,NO ,0.000000,0.000100,1.010000,0.990000,Middle,100.000000,115.000000,230.000000,0.001974,0.073794,0.000000,0.000000,0.000000,0.000000,1.000000,1.000000,1.100000,0.900000,0.006250,1.012500,0.000000,0,0.000000,YES,Default,220.303679,0.000000,0.000000,0.000000,0.000000,0.000000,0.000000,0.000000,0.000000,0.000000,0.000000,0.000000,0.000000,0.000000,0.000000,1,100.000000,,,,,,,,,,,,,,,,,,,,,,
1819,60786,60793,1,Transformer,Closed,Closed,NO,60786,Fixed,NO,60786,NO ,0.000000,0.000100,1.010000,0.990000,Middle,100.000000,230.000000,13.800000,0.002317,0.089178,0.000000,0.000000,0.000000,0.000000,1.000000,1.000000,1.100000,0.900000,0.006250,1.000000,0.000000,0,0.000000,YES,Default,149.617577,0.000000,0.000000,0.000000,0.000000,0.000000,0.000000,0.000000,0.000000,0.000000,0.000000,0.000000,0.000000,0.000000,0.000000,1,100.000000,,,,,,,,,,,,,,,,,,,,,,
1820,60797,60798,1,Transformer,Closed,Closed,NO,60797,Fixed,NO,60797,NO ,0.000000,0.000100,1.010000,0.990000,Middle,100.000000,115.000000,13.800000,0.012105,0.320348,0.000000,0.000000,0.000000,0.000000,1.000000,1.000000,1.100000,0.900000,0.006250,0.987500,0.000000,0,0.000000,YES,Default,38.388148,0.000000,0.000000,0.000000,0.000000,0.000000,0.000000,0.000000,0.000000,0.000000,0.000000,0.000000,0.000000,0.000000,0.000000,1,100.000000,,,,,,,,,,,,,,,,,,,,,,
1821,60797,60799,1,Transformer,Closed,Closed,NO,60797,Fixed,NO,60797,NO ,0.000000,0.000100,1.010000,0.990000,Middle,100.000000,115.000000,13.800000,0.021816,0.626566,0.000000,0.000000,0.000000,0.000000,1.000000,1.000000,1.100000,0.900000,0.006250,0.987500,0.000000,0,0.000000,YES,Default,18.719999,0.000000,0.000000,0.000000,0.000000,0.000000,0.000000,0.000000,0.000000,0.000000,0.000000,0.000000,0.000000,0.000000,0.000000,1,100.000000,,,,,,,,,,,,,,,,,,,,,,
1822,60802,60801,1,Transformer,Closed,Closed,NO,60802,Fixed,NO,60802,NO ,0.000000,0.000100,1.010000,0.990000,Middle,100.000000,230.000000,500.000000,0.000337,0.019817,0.000000,0.000000,0.000000,0.000000,1.000000,1.000000,1.100000,0.900000,0.006250,1.000000,0.000000,0,0.000000,YES,Default,733.270359,0.000000,0.000000,0.000000,0.000000,0.000000,0.000000,0.000000,0.000000,0.000000,0.000000,0.000000,0.000000,0.000000,0.000000,1,100.000000,,,,,,,,,,,,,,,,,,,,,,
1823,60803,60802,1,Transformer,Closed,Closed,NO,60803,Fixed,NO,60803,NO ,0.000000,0.000100,1.010000,0.990000,Middle,100.000000,115.000000,230.000000,0.001561,0.061573,0.000000,0.000000,0.000000,0.000000,1.000000,1.000000,1.100000,0.900000,0.006250,1.000000,0.000000,0,0.000000,YES,Default,192.966580,0.000000,0.000000,0.000000,0.000000,0.000000,0.000000,0.000000,0.000000,0.000000,0.000000,0.000000,0.000000,0.000000,0.000000,1,100.000000,,,,,,,,,,,,,,,,,,,,,,
1824,60805,60804,1,Transformer,Closed,Closed,NO,60805,Fixed,NO,60805,NO ,0.000000,0.000100,1.010000,0.990000,Middle,100.000000,230.000000,500.000000,0.000251,0.017392,0.000000,0.000000,0.000000,0.000000,1.000000,1.000000,1.100000,0.900000,0.006250,1.000000,0.000000,0,0.000000,YES,Default,740.429831,0.000000,0.000000,0.000000,0.000000,0.000000,0.000000,0.000000,0.000000,0.000000,0.000000,0.000000,0.000000,0.000000,0.000000,1,100.000000,,,,,,,,,,,,,,,,,,,,,,
1825,60804,60807,1,Transformer,Closed,Closed,NO,60804,Fixed,NO,60804,NO ,0.000000,0.000100,1.010000,0.990000,Middle,100.000000,500.000000,13.800000,0.000310,0.023358,0.000000,0.000000,0.000000,0.000000,1.000000,1.000000,1.100000,0.900000,0.006250,1.000000,0.000000,0,0.000000,YES,Default,622.025776,0.000000,0.000000,0.000000,0.000000,0.000000,0.000000,0.000000,0.000000,0.000000,0.000000,0.000000,0.000000,0.000000,0.000000,1,100.000000,,,,,,,,,,,,,,,,,,,,,,
1826,60804,60808,1,Transformer,Closed,Closed,NO,60804,Fixed,NO,60804,NO ,0.000000,0.000100,1.010000,0.990000,Middle,100.000000,500.000000,13.800000,0.000344,0.025632,0.000000,0.000000,0.000000,0.000000,1.000000,1.000000,1.100000,0.900000,0.006250,1.000000,0.000000,0,0.000000,YES,Default,619.802618,0.000000,0.000000,0.000000,0.000000,0.000000,0.000000,0.000000,0.000000,0.000000,0.000000,0.000000,0.000000,0.000000,0.000000,1,100.000000,,,,,,,,,,,,,,,,,,,,,,
1827,60806,60805,1,Transformer,Closed,Closed,NO,60806,Fixed,NO,60806,NO ,0.000000,0.000100,1.010000,0.990000,Middle,100.000000,115.000000,230.000000,0.001514,0.065035,0.000000,0.000000,0.000000,0.000000,1.000000,1.000000,1.100000,0.900000,0.006250,1.000000,0.000000,0,0.000000,YES,Default,173.880148,0.000000,0.000000,0.000000,0.000000,0.000000,0.000000,0.000000,0.000000,0.000000,0.000000,0.000000,0.000000,0.000000,0.000000,1,100.000000,,,,,,,,,,,,,,,,,,,,,,
1828,60805,60809,1,Transformer,Closed,Closed,NO,60805,Fixed,NO,60805,NO ,0.000000,0.000100,1.010000,0.990000,Middle,100.000000,230.000000,13.800000,0.002386,0.120930,0.000000,0.000000,0.000000,0.000000,1.000000,1.000000,1.100000,0.900000,0.006250,1.000000,0.000000,0,0.000000,YES,Default,100.239038,0.000000,0.000000,0.000000,0.000000,0.000000,0.000000,0.000000,0.000000,0.000000,0.000000,0.000000,0.000000,0.000000,0.000000,1,100.000000,,,,,,,,,,,,,,,,,,,,,,
1829,60813,60814,1,Transformer,Closed,Closed,NO,60813,Fixed,NO,60813,NO ,0.000000,0.000100,1.010000,0.990000,Middle,100.000000,115.000000,13.800000,0.001880,0.055807,0.000000,0.000000,0.000000,0.000000,1.000000,1.000000,1.100000,0.900000,0.006250,1.000000,0.000000,0,0.000000,YES,Default,195.000005,0.000000,0.000000,0.000000,0.000000,0.000000,0.000000,0.000000,0.000000,0.000000,0.000000,0.000000,0.000000,0.000000,0.000000,1,100.000000,,,,,,,,,,,,,,,,,,,,,,
1830,60813,60815,1,Transformer,Closed,Closed,NO,60813,Fixed,NO,60813,NO ,0.000000,0.000100,1.010000,0.990000,Middle,100.000000,115.000000,13.800000,0.001791,0.041673,0.000000,0.000000,0.000000,0.000000,1.000000,1.000000,1.100000,0.900000,0.006250,1.000000,0.000000,0,0.000000,YES,Default,195.000005,0.000000,0.000000,0.000000,0.000000,0.000000,0.000000,0.000000,0.000000,0.000000,0.000000,0.000000,0.000000,0.000000,0.000000,1,100.000000,,,,,,,,,,,,,,,,,,,,,,
1831,60816,60820,1,Transformer,Closed,Closed,NO,60816,Fixed,NO,60816,NO ,0.000000,0.000100,1.010000,0.990000,Middle,100.000000,230.000000,13.800000,0.001459,0.063100,0.000000,0.000000,0.000000,0.000000,1.000000,1.000000,1.100000,0.900000,0.006250,1.000000,0.000000,0,0.000000,YES,Default,213.840246,0.000000,0.000000,0.000000,0.000000,0.000000,0.000000,0.000000,0.000000,0.000000,0.000000,0.000000,0.000000,0.000000,0.000000,1,100.000000,,,,,,,,,,,,,,,,,,,,,,
1832,60828,60827,1,Transformer,Closed,Closed,NO,60828,Fixed,NO,60828,NO ,0.000000,0.000100,1.010000,0.990000,Middle,100.000000,230.000000,500.000000,0.000281,0.018186,0.000000,0.000000,0.000000,0.000000,1.000000,1.000000,1.100000,0.900000,0.006250,0.981250,0.000000,0,0.000000,YES,Default,785.974121,0.000000,0.000000,0.000000,0.000000,0.000000,0.000000,0.000000,0.000000,0.000000,0.000000,0.000000,0.000000,0.000000,0.000000,1,100.000000,,,,,,,,,,,,,,,,,,,,,,
1833,60829,60828,1,Transformer,Closed,Closed,NO,60829,Fixed,NO,60829,NO ,0.000000,0.000100,1.010000,0.990000,Middle,100.000000,115.000000,230.000000,0.001071,0.045071,0.000000,0.000000,0.000000,0.000000,1.000000,1.000000,1.100000,0.900000,0.006250,1.000000,0.000000,0,0.000000,YES,Default,214.066577,0.000000,0.000000,0.000000,0.000000,0.000000,0.000000,0.000000,0.000000,0.000000,0.000000,0.000000,0.000000,0.000000,0.000000,1,100.000000,,,,,,,,,,,,,,,,,,,,,,
1834,60829,60828,2,Transformer,Closed,Closed,NO,60829,Fixed,NO,60829,NO ,0.000000,0.000100,1.010000,0.990000,Middle,100.000000,115.000000,230.000000,0.001071,0.045071,0.000000,0.000000,0.000000,0.000000,1.000000,1.000000,1.100000,0.900000,0.006250,1.000000,0.000000,0,0.000000,YES,Default,214.066577,0.000000,0.000000,0.000000,0.000000,0.000000,0.000000,0.000000,0.000000,0.000000,0.000000,0.000000,0.000000,0.000000,0.000000,1,100.000000,,,,,,,,,,,,,,,,,,,,,,
1835,60831,60830,1,Transformer,Closed,Closed,NO,60831,Fixed,NO,60831,NO ,0.000000,0.000100,1.010000,0.990000,Middle,100.000000,230.000000,500.000000,0.000172,0.011192,0.000000,0.000000,0.000000,0.000000,1.000000,1.000000,1.100000,0.900000,0.006250,1.000000,0.000000,0,0.000000,YES,Default,1063.338661,0.000000,0.000000,0.000000,0.000000,0.000000,0.000000,0.000000,0.000000,0.000000,0.000000,0.000000,0.000000,0.000000,0.000000,1,100.000000,,,,,,,,,,,,,,,,,,,,,,
1836,60830,60833,1,Transformer,Closed,Closed,NO,60830,Fixed,NO,60830,NO ,0.000000,0.000100,1.010000,0.990000,Middle,100.000000,500.000000,13.800000,0.000179,0.013015,0.000000,0.000000,0.000000,0.000000,1.000000,1.000000,1.100000,0.900000,0.006250,1.000000,0.000000,0,0.000000,YES,Default,1019.581795,0.000000,0.000000,0.000000,0.000000,0.000000,0.000000,0.000000,0.000000,0.000000,0.000000,0.000000,0.000000,0.000000,0.000000,1,100.000000,,,,,,,,,,,,,,,,,,,,,,
1837,60830,60834,1,Transformer,Closed,Closed,NO,60830,Fixed,NO,60830,NO ,0.000000,0.000100,1.010000,0.990000,Middle,100.000000,500.000000,13.200000,0.000234,0.015969,0.000000,0.000000,0.000000,0.000000,1.000000,1.000000,1.100000,0.900000,0.006250,1.000000,0.000000,0,0.000000,YES,Default,1014.141083,0.000000,0.000000,0.000000,0.000000,0.000000,0.000000,0.000000,0.000000,0.000000,0.000000,0.000000,0.000000,0.000000,0.000000,1,100.000000,,,,,,,,,,,,,,,,,,,,,,
1838,60830,60835,1,Transformer,Closed,Closed,NO,60830,Fixed,NO,60830,NO ,0.000000,0.000100,1.010000,0.990000,Middle,100.000000,500.000000,13.800000,0.000119,0.010101,0.000000,0.000000,0.000000,0.000000,1.000000,1.000000,1.100000,0.900000,0.006250,1.000000,0.000000,0,0.000000,YES,Default,1008.402729,0.000000,0.000000,0.000000,0.000000,0.000000,0.000000,0.000000,0.000000,0.000000,0.000000,0.000000,0.000000,0.000000,0.000000,1,100.000000,,,,,,,,,,,,,,,,,,,,,,
1839,60832,60831,1,Transformer,Closed,Closed,NO,60832,Fixed,NO,60832,NO ,0.000000,0.000100,1.010000,0.990000,Middle,100.000000,115.000000,230.000000,0.001576,0.064774,0.000000,0.000000,0.000000,0.000000,1.000000,1.000000,1.100000,0.900000,0.006250,1.000000,0.000000,0,0.000000,YES,Default,267.346573,0.000000,0.000000,0.000000,0.000000,0.000000,0.000000,0.000000,0.000000,0.000000,0.000000,0.000000,0.000000,0.000000,0.000000,1,100.000000,,,,,,,,,,,,,,,,,,,,,,
1840,60832,60831,2,Transformer,Closed,Closed,NO,60832,Fixed,NO,60832,NO ,0.000000,0.000100,1.010000,0.990000,Middle,100.000000,115.000000,230.000000,0.001576,0.064774,0.000000,0.000000,0.000000,0.000000,1.000000,1.000000,1.100000,0.900000,0.006250,1.000000,0.000000,0,0.000000,YES,Default,267.346573,0.000000,0.000000,0.000000,0.000000,0.000000,0.000000,0.000000,0.000000,0.000000,0.000000,0.000000,0.000000,0.000000,0.000000,1,100.000000,,,,,,,,,,,,,,,,,,,,,,
1841,60832,60831,3,Transformer,Closed,Closed,NO,60832,Fixed,NO,60832,NO ,0.000000,0.000100,1.010000,0.990000,Middle,100.000000,115.000000,230.000000,0.001576,0.064774,0.000000,0.000000,0.000000,0.000000,1.000000,1.000000,1.100000,0.900000,0.006250,1.000000,0.000000,0,0.000000,YES,Default,267.346573,0.000000,0.000000,0.000000,0.000000,0.000000,0.000000,0.000000,0.000000,0.000000,0.000000,0.000000,0.000000,0.000000,0.000000,1,100.000000,,,,,,,,,,,,,,,,,,,,,,
1842,60837,60836,1,Transformer,Closed,Closed,NO,60837,LTC,YES,60837,NO ,0.000000,0.000100,1.062000,1.012000,Middle,100.000000,230.000000,500.000000,0.000352,0.022807,0.000000,0.000000,0.000000,0.000000,1.000000,1.000000,1.100000,0.900000,0.006250,1.087500,0.000000,0,0.000000,YES,Default,939.300728,0.000000,0.000000,0.000000,0.000000,0.000000,0.000000,0.000000,0.000000,0.000000,0.000000,0.000000,0.000000,0.000000,0.000000,1,100.000000,,,,,,,,,,,,,,,,,,,,,,
1843,60836,60839,1,Transformer,Closed,Closed,NO,60836,Fixed,NO,60836,NO ,0.000000,0.000100,1.010000,0.990000,Middle,100.000000,500.000000,13.800000,0.000419,0.028259,0.000000,0.000000,0.000000,0.000000,1.000000,1.000000,1.100000,0.900000,0.006250,1.000000,0.000000,0,0.000000,YES,Default,572.564316,0.000000,0.000000,0.000000,0.000000,0.000000,0.000000,0.000000,0.000000,0.000000,0.000000,0.000000,0.000000,0.000000,0.000000,1,100.000000,,,,,,,,,,,,,,,,,,,,,,
1844,60836,60840,1,Transformer,Closed,Closed,NO,60836,Fixed,NO,60836,NO ,0.000000,0.000100,1.010000,0.990000,Middle,100.000000,500.000000,22.000000,0.000274,0.019382,0.000000,0.000000,0.000000,0.000000,1.000000,1.000000,1.100000,0.900000,0.006250,1.000000,0.000000,0,0.000000,YES,Default,567.774630,0.000000,0.000000,0.000000,0.000000,0.000000,0.000000,0.000000,0.000000,0.000000,0.000000,0.000000,0.000000,0.000000,0.000000,1,100.000000,,,,,,,,,,,,,,,,,,,,,,
1845,60836,60841,1,Transformer,Closed,Closed,NO,60836,Fixed,NO,60836,NO ,0.000000,0.000100,1.010000,0.990000,Middle,100.000000,500.000000,13.200000,0.000149,0.010415,0.000000,0.000000,0.000000,0.000000,1.000000,1.000000,1.100000,0.900000,0.006250,1.000000,0.000000,0,0.000000,YES,Default,551.553774,0.000000,0.000000,0.000000,0.000000,0.000000,0.000000,0.000000,0.000000,0.000000,0.000000,0.000000,0.000000,0.000000,0.000000,1,100.000000,,,,,,,,,,,,,,,,,,,,,,
1846,60838,60837,1,Transformer,Closed,Closed,NO,60838,Fixed,NO,60838,NO ,0.000000,0.000100,1.010000,0.990000,Middle,100.000000,115.000000,230.000000,0.001268,0.049953,0.000000,0.000000,0.000000,0.000000,1.000000,1.000000,1.100000,0.900000,0.006250,1.037500,0.000000,0,0.000000,YES,Default,284.585261,0.000000,0.000000,0.000000,0.000000,0.000000,0.000000,0.000000,0.000000,0.000000,0.000000,0.000000,0.000000,0.000000,0.000000,1,100.000000,,,,,,,,,,,,,,,,,,,,,,
1847,60838,60837,2,Transformer,Closed,Closed,NO,60838,LTC,YES,60838,NO ,0.000000,0.000100,1.066000,1.016000,Middle,100.000000,115.000000,230.000000,0.001268,0.049953,0.000000,0.000000,0.000000,0.000000,1.000000,1.000000,1.100000,0.900000,0.006250,1.037500,0.000000,0,0.000000,YES,Default,284.585261,0.000000,0.000000,0.000000,0.000000,0.000000,0.000000,0.000000,0.000000,0.000000,0.000000,0.000000,0.000000,0.000000,0.000000,1,100.000000,,,,,,,,,,,,,,,,,,,,,,
1848,60838,60837,3,Transformer,Closed,Closed,NO,60838,Fixed,NO,60838,NO ,0.000000,0.000100,1.010000,0.990000,Middle,100.000000,115.000000,230.000000,0.001268,0.049953,0.000000,0.000000,0.000000,0.000000,1.000000,1.000000,1.100000,0.900000,0.006250,1.037500,0.000000,0,0.000000,YES,Default,284.585261,0.000000,0.000000,0.000000,0.000000,0.000000,0.000000,0.000000,0.000000,0.000000,0.000000,0.000000,0.000000,0.000000,0.000000,1,100.000000,,,,,,,,,,,,,,,,,,,,,,
1849,60838,60837,4,Transformer,Closed,Closed,NO,60838,Fixed,NO,60838,NO ,0.000000,0.000100,1.010000,0.990000,Middle,100.000000,115.000000,230.000000,0.001268,0.049953,0.000000,0.000000,0.000000,0.000000,1.000000,1.000000,1.100000,0.900000,0.006250,1.037500,0.000000,0,0.000000,YES,Default,284.585261,0.000000,0.000000,0.000000,0.000000,0.000000,0.000000,0.000000,0.000000,0.000000,0.000000,0.000000,0.000000,0.000000,0.000000,1,100.000000,,,,,,,,,,,,,,,,,,,,,,
1850,60848,60847,1,Transformer,Closed,Closed,NO,60848,Fixed,NO,60848,NO ,0.000000,0.000100,1.010000,0.990000,Middle,100.000000,230.000000,500.000000,0.000192,0.011409,0.000000,0.000000,0.000000,0.000000,1.000000,1.000000,1.100000,0.900000,0.006250,1.000000,0.000000,0,0.000000,YES,Default,947.359753,0.000000,0.000000,0.000000,0.000000,0.000000,0.000000,0.000000,0.000000,0.000000,0.000000,0.000000,0.000000,0.000000,0.000000,1,100.000000,,,,,,,,,,,,,,,,,,,,,,
1851,60849,60848,1,Transformer,Closed,Closed,NO,60849,Fixed,NO,60849,NO ,0.000000,0.000100,1.010000,0.990000,Middle,100.000000,115.000000,230.000000,0.001581,0.075910,0.000000,0.000000,0.000000,0.000000,1.000000,1.000000,1.100000,0.900000,0.006250,1.000000,0.000000,0,0.000000,YES,Default,222.897506,0.000000,0.000000,0.000000,0.000000,0.000000,0.000000,0.000000,0.000000,0.000000,0.000000,0.000000,0.000000,0.000000,0.000000,1,100.000000,,,,,,,,,,,,,,,,,,,,,,
1852,60849,60848,2,Transformer,Closed,Closed,NO,60849,Fixed,NO,60849,NO ,0.000000,0.000100,1.010000,0.990000,Middle,100.000000,115.000000,230.000000,0.001581,0.075910,0.000000,0.000000,0.000000,0.000000,1.000000,1.000000,1.100000,0.900000,0.006250,1.000000,0.000000,0,0.000000,YES,Default,222.897506,0.000000,0.000000,0.000000,0.000000,0.000000,0.000000,0.000000,0.000000,0.000000,0.000000,0.000000,0.000000,0.000000,0.000000,1,100.000000,,,,,,,,,,,,,,,,,,,,,,
1853,60849,60848,3,Transformer,Closed,Closed,NO,60849,Fixed,NO,60849,NO ,0.000000,0.000100,1.010000,0.990000,Middle,100.000000,115.000000,230.000000,0.001581,0.075910,0.000000,0.000000,0.000000,0.000000,1.000000,1.000000,1.100000,0.900000,0.006250,1.000000,0.000000,0,0.000000,YES,Default,222.897506,0.000000,0.000000,0.000000,0.000000,0.000000,0.000000,0.000000,0.000000,0.000000,0.000000,0.000000,0.000000,0.000000,0.000000,1,100.000000,,,,,,,,,,,,,,,,,,,,,,
1854,60851,60850,1,Transformer,Closed,Closed,NO,60851,LTC,YES,60851,NO ,0.000000,0.000100,1.066000,1.016000,Middle,100.000000,115.000000,230.000000,0.001466,0.069038,0.000000,0.000000,0.000000,0.000000,1.000000,1.000000,1.100000,0.900000,0.006250,1.025000,0.000000,0,0.000000,YES,Default,230.295515,0.000000,0.000000,0.000000,0.000000,0.000000,0.000000,0.000000,0.000000,0.000000,0.000000,0.000000,0.000000,0.000000,0.000000,1,100.000000,,,,,,,,,,,,,,,,,,,,,,
1855,60851,60850,2,Transformer,Closed,Closed,NO,60851,LTC,YES,60851,NO ,0.000000,0.000100,1.066000,1.016000,Middle,100.000000,115.000000,230.000000,0.001466,0.069038,0.000000,0.000000,0.000000,0.000000,1.000000,1.000000,1.100000,0.900000,0.006250,1.025000,0.000000,0,0.000000,YES,Default,230.295515,0.000000,0.000000,0.000000,0.000000,0.000000,0.000000,0.000000,0.000000,0.000000,0.000000,0.000000,0.000000,0.000000,0.000000,1,100.000000,,,,,,,,,,,,,,,,,,,,,,
1856,60851,60850,3,Transformer,Closed,Closed,NO,60851,LTC,YES,60851,NO ,0.000000,0.000100,1.066000,1.016000,Middle,100.000000,115.000000,230.000000,0.001466,0.069038,0.000000,0.000000,0.000000,0.000000,1.000000,1.000000,1.100000,0.900000,0.006250,1.025000,0.000000,0,0.000000,YES,Default,230.295515,0.000000,0.000000,0.000000,0.000000,0.000000,0.000000,0.000000,0.000000,0.000000,0.000000,0.000000,0.000000,0.000000,0.000000,1,100.000000,,,,,,,,,,,,,,,,,,,,,,
1857,60853,60852,1,Transformer,Closed,Closed,NO,60853,Fixed,NO,60853,NO ,0.000000,0.000100,1.010000,0.990000,Middle,100.000000,230.000000,500.000000,0.000239,0.015085,0.000000,0.000000,0.000000,0.000000,1.000000,1.000000,1.100000,0.900000,0.006250,1.062500,0.000000,0,0.000000,YES,Default,1024.735355,0.000000,0.000000,0.000000,0.000000,0.000000,0.000000,0.000000,0.000000,0.000000,0.000000,0.000000,0.000000,0.000000,0.000000,1,100.000000,,,,,,,,,,,,,,,,,,,,,,
1858,60854,60853,1,Transformer,Closed,Closed,NO,60854,LTC,YES,60854,NO ,0.000000,0.000100,1.074000,1.024000,Middle,100.000000,115.000000,230.000000,0.001099,0.036302,0.000000,0.000000,0.000000,0.000000,1.000000,1.000000,1.100000,0.900000,0.006250,1.037500,0.000000,0,0.000000,YES,Default,317.486382,0.000000,0.000000,0.000000,0.000000,0.000000,0.000000,0.000000,0.000000,0.000000,0.000000,0.000000,0.000000,0.000000,0.000000,1,100.000000,,,,,,,,,,,,,,,,,,,,,,
1859,60854,60853,2,Transformer,Closed,Closed,NO,60854,Fixed,NO,60854,NO ,0.000000,0.000100,1.010000,0.990000,Middle,100.000000,115.000000,230.000000,0.001099,0.036302,0.000000,0.000000,0.000000,0.000000,1.000000,1.000000,1.100000,0.900000,0.006250,1.037500,0.000000,0,0.000000,YES,Default,317.486382,0.000000,0.000000,0.000000,0.000000,0.000000,0.000000,0.000000,0.000000,0.000000,0.000000,0.000000,0.000000,0.000000,0.000000,1,100.000000,,,,,,,,,,,,,,,,,,,,,,
1860,60854,60853,3,Transformer,Closed,Closed,NO,60854,LTC,YES,60854,NO ,0.000000,0.000100,1.074000,1.024000,Middle,100.000000,115.000000,230.000000,0.001099,0.036302,0.000000,0.000000,0.000000,0.000000,1.000000,1.000000,1.100000,0.900000,0.006250,1.037500,0.000000,0,0.000000,YES,Default,317.486382,0.000000,0.000000,0.000000,0.000000,0.000000,0.000000,0.000000,0.000000,0.000000,0.000000,0.000000,0.000000,0.000000,0.000000,1,100.000000,,,,,,,,,,,,,,,,,,,,,,
1861,60854,60853,4,Transformer,Closed,Closed,NO,60854,LTC,YES,60854,NO ,0.000000,0.000100,1.074000,1.024000,Middle,100.000000,115.000000,230.000000,0.001099,0.036302,0.000000,0.000000,0.000000,0.000000,1.000000,1.000000,1.100000,0.900000,0.006250,1.037500,0.000000,0,0.000000,YES,Default,317.486382,0.000000,0.000000,0.000000,0.000000,0.000000,0.000000,0.000000,0.000000,0.000000,0.000000,0.000000,0.000000,0.000000,0.000000,1,100.000000,,,,,,,,,,,,,,,,,,,,,,
1862,60855,60856,1,Transformer,Closed,Closed,NO,60855,Fixed,NO,60855,NO ,0.000000,0.000100,1.010000,0.990000,Middle,100.000000,115.000000,13.800000,0.014130,0.326604,0.000000,0.000000,0.000000,0.000000,1.000000,1.000000,1.100000,0.900000,0.006250,1.056250,0.000000,0,0.000000,YES,Default,39.718571,0.000000,0.000000,0.000000,0.000000,0.000000,0.000000,0.000000,0.000000,0.000000,0.000000,0.000000,0.000000,0.000000,0.000000,1,100.000000,,,,,,,,,,,,,,,,,,,,,,
1863,60855,60857,1,Transformer,Closed,Closed,NO,60855,Fixed,NO,60855,NO ,0.000000,0.000100,1.010000,0.990000,Middle,100.000000,115.000000,13.800000,0.013597,0.295757,0.000000,0.000000,0.000000,0.000000,1.000000,1.000000,1.100000,0.900000,0.006250,1.037500,0.000000,0,0.000000,YES,Default,37.282300,0.000000,0.000000,0.000000,0.000000,0.000000,0.000000,0.000000,0.000000,0.000000,0.000000,0.000000,0.000000,0.000000,0.000000,1,100.000000,,,,,,,,,,,,,,,,,,,,,,
1864,60859,60858,1,Transformer,Closed,Closed,NO,60859,Fixed,NO,60859,NO ,0.000000,0.000100,1.010000,0.990000,Middle,100.000000,230.000000,500.000000,0.000365,0.019382,0.000000,0.000000,0.000000,0.000000,1.000000,1.000000,1.100000,0.900000,0.006250,1.000000,0.000000,0,0.000000,YES,Default,861.409092,0.000000,0.000000,0.000000,0.000000,0.000000,0.000000,0.000000,0.000000,0.000000,0.000000,0.000000,0.000000,0.000000,0.000000,1,100.000000,,,,,,,,,,,,,,,,,,,,,,
1865,60858,60861,1,Transformer,Closed,Closed,NO,60858,Fixed,NO,60858,NO ,0.000000,0.000100,1.010000,0.990000,Middle,100.000000,500.000000,24.000000,0.000184,0.011456,0.000000,0.000000,0.000000,0.000000,1.000000,1.000000,1.100000,0.900000,0.006250,1.000000,0.000000,0,0.000000,YES,Default,891.435432,0.000000,0.000000,0.000000,0.000000,0.000000,0.000000,0.000000,0.000000,0.000000,0.000000,0.000000,0.000000,0.000000,0.000000,1,100.000000,,,,,,,,,,,,,,,,,,,,,,
1866,60858,60862,1,Transformer,Closed,Closed,NO,60858,Fixed,NO,60858,NO ,0.000000,0.000100,1.010000,0.990000,Middle,100.000000,500.000000,13.800000,0.000167,0.010692,0.000000,0.000000,0.000000,0.000000,1.000000,1.000000,1.100000,0.900000,0.006250,1.000000,0.000000,0,0.000000,YES,Default,888.137054,0.000000,0.000000,0.000000,0.000000,0.000000,0.000000,0.000000,0.000000,0.000000,0.000000,0.000000,0.000000,0.000000,0.000000,1,100.000000,,,,,,,,,,,,,,,,,,,,,,
1867,60860,60859,1,Transformer,Closed,Closed,NO,60860,Fixed,NO,60860,NO ,0.000000,0.000100,1.010000,0.990000,Middle,100.000000,115.000000,230.000000,0.001572,0.066047,0.000000,0.000000,0.000000,0.000000,1.000000,1.000000,1.100000,0.900000,0.006250,1.000000,0.000000,0,0.000000,YES,Default,222.391224,0.000000,0.000000,0.000000,0.000000,0.000000,0.000000,0.000000,0.000000,0.000000,0.000000,0.000000,0.000000,0.000000,0.000000,1,100.000000,,,,,,,,,,,,,,,,,,,,,,
1868,60860,60859,2,Transformer,Closed,Closed,NO,60860,Fixed,NO,60860,NO ,0.000000,0.000100,1.010000,0.990000,Middle,100.000000,115.000000,230.000000,0.001572,0.066047,0.000000,0.000000,0.000000,0.000000,1.000000,1.000000,1.100000,0.900000,0.006250,1.000000,0.000000,0,0.000000,YES,Default,222.391224,0.000000,0.000000,0.000000,0.000000,0.000000,0.000000,0.000000,0.000000,0.000000,0.000000,0.000000,0.000000,0.000000,0.000000,1,100.000000,,,,,,,,,,,,,,,,,,,,,,
1869,60860,60859,3,Transformer,Closed,Closed,NO,60860,Fixed,NO,60860,NO ,0.000000,0.000100,1.010000,0.990000,Middle,100.000000,115.000000,230.000000,0.001572,0.066047,0.000000,0.000000,0.000000,0.000000,1.000000,1.000000,1.100000,0.900000,0.006250,1.000000,0.000000,0,0.000000,YES,Default,222.391224,0.000000,0.000000,0.000000,0.000000,0.000000,0.000000,0.000000,0.000000,0.000000,0.000000,0.000000,0.000000,0.000000,0.000000,1,100.000000,,,,,,,,,,,,,,,,,,,,,,
1870,60868,60867,1,Transformer,Closed,Closed,NO,60868,Fixed,NO,60868,NO ,0.000000,0.000100,1.010000,0.990000,Middle,100.000000,230.000000,500.000000,0.000183,0.010992,0.000000,0.000000,0.000000,0.000000,1.000000,1.000000,1.100000,0.900000,0.006250,1.000000,0.000000,0,0.000000,YES,Default,895.690536,0.000000,0.000000,0.000000,0.000000,0.000000,0.000000,0.000000,0.000000,0.000000,0.000000,0.000000,0.000000,0.000000,0.000000,1,100.000000,,,,,,,,,,,,,,,,,,,,,,
1871,60867,60872,1,Transformer,Closed,Closed,NO,60867,Fixed,NO,60867,NO ,0.000000,0.000100,1.010000,0.990000,Middle,100.000000,500.000000,18.000000,0.000116,0.008146,0.000000,0.000000,0.000000,0.000000,1.000000,1.000000,1.100000,0.900000,0.006250,1.031250,0.000000,0,0.000000,YES,Default,1157.232475,0.000000,0.000000,0.000000,0.000000,0.000000,0.000000,0.000000,0.000000,0.000000,0.000000,0.000000,0.000000,0.000000,0.000000,1,100.000000,,,,,,,,,,,,,,,,,,,,,,
1872,60867,60873,1,Transformer,Closed,Closed,NO,60867,Fixed,NO,60867,NO ,0.000000,0.000100,1.010000,0.990000,Middle,100.000000,500.000000,13.800000,0.000184,0.010927,0.000000,0.000000,0.000000,0.000000,1.000000,1.000000,1.100000,0.900000,0.006250,1.037500,0.000000,0,0.000000,YES,Default,1156.271935,0.000000,0.000000,0.000000,0.000000,0.000000,0.000000,0.000000,0.000000,0.000000,0.000000,0.000000,0.000000,0.000000,0.000000,1,100.000000,,,,,,,,,,,,,,,,,,,,,,
1873,60867,60874,1,Transformer,Closed,Closed,NO,60867,Fixed,NO,60867,NO ,0.000000,0.000100,1.010000,0.990000,Middle,100.000000,500.000000,13.800000,0.000122,0.008766,0.000000,0.000000,0.000000,0.000000,1.000000,1.000000,1.100000,0.900000,0.006250,1.031250,0.000000,0,0.000000,YES,Default,1137.829018,0.000000,0.000000,0.000000,0.000000,0.000000,0.000000,0.000000,0.000000,0.000000,0.000000,0.000000,0.000000,0.000000,0.000000,1,100.000000,,,,,,,,,,,,,,,,,,,,,,
1874,60877,60876,1,Transformer,Closed,Closed,NO,60877,LTC,YES,60877,NO ,0.000000,0.000100,1.073000,1.023000,Middle,100.000000,230.000000,500.000000,0.000321,0.021742,0.000000,0.000000,0.000000,0.000000,1.000000,1.000000,1.100000,0.900000,0.006250,1.100000,0.000000,0,0.000000,YES,Default,903.547478,0.000000,0.000000,0.000000,0.000000,0.000000,0.000000,0.000000,0.000000,0.000000,0.000000,0.000000,0.000000,0.000000,0.000000,1,100.000000,,,,,,,,,,,,,,,,,,,,,,
1875,60876,60881,1,Transformer,Closed,Closed,NO,60876,Fixed,NO,60876,NO ,0.000000,0.000100,1.010000,0.990000,Middle,100.000000,500.000000,13.800000,0.000111,0.008094,0.000000,0.000000,0.000000,0.000000,1.000000,1.000000,1.100000,0.900000,0.006250,1.000000,0.000000,0,0.000000,YES,Default,824.046516,0.000000,0.000000,0.000000,0.000000,0.000000,0.000000,0.000000,0.000000,0.000000,0.000000,0.000000,0.000000,0.000000,0.000000,1,100.000000,,,,,,,,,,,,,,,,,,,,,,
1876,60876,60882,1,Transformer,Closed,Closed,NO,60876,Fixed,NO,60876,NO ,0.000000,0.000100,1.010000,0.990000,Middle,100.000000,500.000000,13.800000,0.000278,0.018331,0.000000,0.000000,0.000000,0.000000,1.000000,1.000000,1.100000,0.900000,0.006250,1.000000,0.000000,0,0.000000,YES,Default,823.208237,0.000000,0.000000,0.000000,0.000000,0.000000,0.000000,0.000000,0.000000,0.000000,0.000000,0.000000,0.000000,0.000000,0.000000,1,100.000000,,,,,,,,,,,,,,,,,,,,,,
1877,60876,60883,1,Transformer,Closed,Closed,NO,60876,Fixed,NO,60876,NO ,0.000000,0.000100,1.010000,0.990000,Middle,100.000000,500.000000,18.000000,0.000243,0.016718,0.000000,0.000000,0.000000,0.000000,1.000000,1.000000,1.100000,0.900000,0.006250,1.000000,0.000000,0,0.000000,YES,Default,814.673424,0.000000,0.000000,0.000000,0.000000,0.000000,0.000000,0.000000,0.000000,0.000000,0.000000,0.000000,0.000000,0.000000,0.000000,1,100.000000,,,,,,,,,,,,,,,,,,,,,,
1878,60884,60891,1,Transformer,Closed,Closed,NO,60884,Fixed,NO,60884,NO ,0.000000,0.000100,1.010000,0.990000,Middle,100.000000,500.000000,13.800000,0.000244,0.015122,0.000000,0.000000,0.000000,0.000000,1.000000,1.000000,1.100000,0.900000,0.006250,1.000000,0.000000,0,0.000000,YES,Default,1126.103592,0.000000,0.000000,0.000000,0.000000,0.000000,0.000000,0.000000,0.000000,0.000000,0.000000,0.000000,0.000000,0.000000,0.000000,1,100.000000,,,,,,,,,,,,,,,,,,,,,,
1879,60884,60892,1,Transformer,Closed,Closed,NO,60884,Fixed,NO,60884,NO ,0.000000,0.000100,1.010000,0.990000,Middle,100.000000,500.000000,18.000000,0.000270,0.016615,0.000000,0.000000,0.000000,0.000000,1.000000,1.000000,1.100000,0.900000,0.006250,1.000000,0.000000,0,0.000000,YES,Default,714.228725,0.000000,0.000000,0.000000,0.000000,0.000000,0.000000,0.000000,0.000000,0.000000,0.000000,0.000000,0.000000,0.000000,0.000000,1,100.000000,,,,,,,,,,,,,,,,,,,,,,
1880,60884,60893,1,Transformer,Closed,Closed,NO,60884,Fixed,NO,60884,NO ,0.000000,0.000100,1.010000,0.990000,Middle,100.000000,500.000000,13.800000,0.000129,0.010251,0.000000,0.000000,0.000000,0.000000,1.000000,1.000000,1.100000,0.900000,0.006250,1.000000,0.000000,0,0.000000,YES,Default,711.715508,0.000000,0.000000,0.000000,0.000000,0.000000,0.000000,0.000000,0.000000,0.000000,0.000000,0.000000,0.000000,0.000000,0.000000,1,100.000000,,,,,,,,,,,,,,,,,,,,,,
1881,60884,60894,1,Transformer,Closed,Closed,NO,60884,Fixed,NO,60884,NO ,0.000000,0.000100,1.010000,0.990000,Middle,100.000000,500.000000,13.800000,0.000284,0.019091,0.000000,0.000000,0.000000,0.000000,1.000000,1.000000,1.100000,0.900000,0.006250,1.000000,0.000000,0,0.000000,YES,Default,705.596781,0.000000,0.000000,0.000000,0.000000,0.000000,0.000000,0.000000,0.000000,0.000000,0.000000,0.000000,0.000000,0.000000,0.000000,1,100.000000,,,,,,,,,,,,,,,,,,,,,,
1882,60884,60895,1,Transformer,Closed,Closed,NO,60884,Fixed,NO,60884,NO ,0.000000,0.000100,1.010000,0.990000,Middle,100.000000,500.000000,13.800000,0.000155,0.012897,0.000000,0.000000,0.000000,0.000000,1.000000,1.000000,1.100000,0.900000,0.006250,1.000000,0.000000,0,0.000000,YES,Default,704.828835,0.000000,0.000000,0.000000,0.000000,0.000000,0.000000,0.000000,0.000000,0.000000,0.000000,0.000000,0.000000,0.000000,0.000000,1,100.000000,,,,,,,,,,,,,,,,,,,,,,
1883,60884,60896,1,Transformer,Closed,Closed,NO,60884,Fixed,NO,60884,NO ,0.000000,0.000100,1.010000,0.990000,Middle,100.000000,500.000000,18.000000,0.000312,0.021278,0.000000,0.000000,0.000000,0.000000,1.000000,1.000000,1.100000,0.900000,0.006250,1.000000,0.000000,0,0.000000,YES,Default,704.315472,0.000000,0.000000,0.000000,0.000000,0.000000,0.000000,0.000000,0.000000,0.000000,0.000000,0.000000,0.000000,0.000000,0.000000,1,100.000000,,,,,,,,,,,,,,,,,,,,,,
1884,60886,60885,1,Transformer,Closed,Closed,NO,60886,Fixed,NO,60886,NO ,0.000000,0.000100,1.010000,0.990000,Middle,100.000000,230.000000,345.000000,0.000526,0.031049,0.000000,0.000000,0.000000,0.000000,1.000000,1.000000,1.100000,0.900000,0.006250,1.025000,0.000000,0,0.000000,YES,Default,587.823486,0.000000,0.000000,0.000000,0.000000,0.000000,0.000000,0.000000,0.000000,0.000000,0.000000,0.000000,0.000000,0.000000,0.000000,1,100.000000,,,,,,,,,,,,,,,,,,,,,,
1885,60886,60885,2,Transformer,Closed,Closed,NO,60886,LTC,YES,60886,NO ,0.000000,0.000100,1.074000,1.024000,Middle,100.000000,230.000000,345.000000,0.000526,0.031049,0.000000,0.000000,0.000000,0.000000,1.000000,1.000000,1.100000,0.900000,0.006250,1.100000,0.000000,0,0.000000,YES,Default,587.823486,0.000000,0.000000,0.000000,0.000000,0.000000,0.000000,0.000000,0.000000,0.000000,0.000000,0.000000,0.000000,0.000000,0.000000,1,100.000000,,,,,,,,,,,,,,,,,,,,,,
1886,60886,60885,3,Transformer,Closed,Closed,NO,60886,LTC,YES,60886,NO ,0.000000,0.000100,1.074000,1.024000,Middle,100.000000,230.000000,345.000000,0.000526,0.031049,0.000000,0.000000,0.000000,0.000000,1.000000,1.000000,1.100000,0.900000,0.006250,1.100000,0.000000,0,0.000000,YES,Default,587.823486,0.000000,0.000000,0.000000,0.000000,0.000000,0.000000,0.000000,0.000000,0.000000,0.000000,0.000000,0.000000,0.000000,0.000000,1,100.000000,,,,,,,,,,,,,,,,,,,,,,
1887,60887,60886,1,Transformer,Closed,Closed,NO,60887,Fixed,NO,60887,NO ,0.000000,0.000100,1.010000,0.990000,Middle,100.000000,138.000000,230.000000,0.001118,0.053170,0.000000,0.000000,0.000000,0.000000,1.000000,1.000000,1.100000,0.900000,0.006250,1.018750,0.000000,0,0.000000,YES,Default,210.438323,0.000000,0.000000,0.000000,0.000000,0.000000,0.000000,0.000000,0.000000,0.000000,0.000000,0.000000,0.000000,0.000000,0.000000,1,100.000000,,,,,,,,,,,,,,,,,,,,,,
1888,60887,60886,2,Transformer,Closed,Closed,NO,60887,LTC,YES,60887,NO ,0.000000,0.000100,1.073000,1.023000,Middle,100.000000,138.000000,230.000000,0.001118,0.053170,0.000000,0.000000,0.000000,0.000000,1.000000,1.000000,1.100000,0.900000,0.006250,1.100000,0.000000,0,0.000000,YES,Default,210.438323,0.000000,0.000000,0.000000,0.000000,0.000000,0.000000,0.000000,0.000000,0.000000,0.000000,0.000000,0.000000,0.000000,0.000000,1,100.000000,,,,,,,,,,,,,,,,,,,,,,
1889,60888,60887,1,Transformer,Closed,Closed,NO,60888,LTC,YES,60888,NO ,0.000000,0.000100,1.081000,1.031000,Middle,100.000000,115.000000,138.000000,0.003892,0.113596,0.000000,0.000000,0.000000,0.000000,1.000000,1.000000,1.100000,0.900000,0.006250,1.018750,0.000000,0,0.000000,YES,Default,88.026947,0.000000,0.000000,0.000000,0.000000,0.000000,0.000000,0.000000,0.000000,0.000000,0.000000,0.000000,0.000000,0.000000,0.000000,1,100.000000,,,,,,,,,,,,,,,,,,,,,,
1890,60888,60887,2,Transformer,Closed,Closed,NO,60888,Fixed,NO,60888,NO ,0.000000,0.000100,1.010000,0.990000,Middle,100.000000,115.000000,138.000000,0.003892,0.113596,0.000000,0.000000,0.000000,0.000000,1.000000,1.000000,1.100000,0.900000,0.006250,1.018750,0.000000,0,0.000000,YES,Default,88.026947,0.000000,0.000000,0.000000,0.000000,0.000000,0.000000,0.000000,0.000000,0.000000,0.000000,0.000000,0.000000,0.000000,0.000000,1,100.000000,,,,,,,,,,,,,,,,,,,,,,
1891,60888,60887,3,Transformer,Closed,Closed,NO,60888,Fixed,NO,60888,NO ,0.000000,0.000100,1.010000,0.990000,Middle,100.000000,115.000000,138.000000,0.003892,0.113596,0.000000,0.000000,0.000000,0.000000,1.000000,1.000000,1.100000,0.900000,0.006250,1.018750,0.000000,0,0.000000,YES,Default,88.026947,0.000000,0.000000,0.000000,0.000000,0.000000,0.000000,0.000000,0.000000,0.000000,0.000000,0.000000,0.000000,0.000000,0.000000,1,100.000000,,,,,,,,,,,,,,,,,,,,,,
1892,60888,60887,4,Transformer,Closed,Closed,NO,60888,LTC,YES,60888,NO ,0.000000,0.000100,1.081000,1.031000,Middle,100.000000,115.000000,138.000000,0.003892,0.113596,0.000000,0.000000,0.000000,0.000000,1.000000,1.000000,1.100000,0.900000,0.006250,1.018750,0.000000,0,0.000000,YES,Default,88.026947,0.000000,0.000000,0.000000,0.000000,0.000000,0.000000,0.000000,0.000000,0.000000,0.000000,0.000000,0.000000,0.000000,0.000000,1,100.000000,,,,,,,,,,,,,,,,,,,,,,
1893,70076,70075,1,Transformer,Closed,Closed,NO,70076,Fixed,NO,70076,NO ,0.000000,0.000100,1.010000,0.990000,Middle,100.000000,115.000000,138.000000,0.004804,0.135729,0.000000,0.000000,0.000000,0.000000,1.000000,1.000000,1.100000,0.900000,0.006250,1.018750,0.000000,0,0.000000,YES,Default,102.772486,0.000000,0.000000,0.000000,0.000000,0.000000,0.000000,0.000000,0.000000,0.000000,0.000000,0.000000,0.000000,0.000000,0.000000,1,100.000000,,,,,,,,,,,,,,,,,,,,,,
1894,70076,70075,2,Transformer,Closed,Closed,NO,70076,LTC,YES,70076,NO ,0.000000,0.000100,1.066000,1.016000,Middle,100.000000,115.000000,138.000000,0.004804,0.135729,0.000000,0.000000,0.000000,0.000000,1.000000,1.000000,1.100000,0.900000,0.006250,1.025000,0.000000,0,0.000000,YES,Default,102.772486,0.000000,0.000000,0.000000,0.000000,0.000000,0.000000,0.000000,0.000000,0.000000,0.000000,0.000000,0.000000,0.000000,0.000000,1,100.000000,,,,,,,,,,,,,,,,,,,,,,
1895,70076,70075,3,Transformer,Closed,Closed,NO,70076,LTC,YES,70076,NO ,0.000000,0.000100,1.066000,1.016000,Middle,100.000000,115.000000,138.000000,0.004804,0.135729,0.000000,0.000000,0.000000,0.000000,1.000000,1.000000,1.100000,0.900000,0.006250,1.025000,0.000000,0,0.000000,YES,Default,102.772486,0.000000,0.000000,0.000000,0.000000,0.000000,0.000000,0.000000,0.000000,0.000000,0.000000,0.000000,0.000000,0.000000,0.000000,1,100.000000,,,,,,,,,,,,,,,,,,,,,,
1896,70076,70075,4,Transformer,Closed,Closed,NO,70076,LTC,YES,70076,NO ,0.000000,0.000100,1.066000,1.016000,Middle,100.000000,115.000000,138.000000,0.004804,0.135729,0.000000,0.000000,0.000000,0.000000,1.000000,1.000000,1.100000,0.900000,0.006250,1.025000,0.000000,0,0.000000,YES,Default,102.772486,0.000000,0.000000,0.000000,0.000000,0.000000,0.000000,0.000000,0.000000,0.000000,0.000000,0.000000,0.000000,0.000000,0.000000,1,100.000000,,,,,,,,,,,,,,,,,,,,,,
1897,70085,70084,1,Transformer,Closed,Closed,NO,70085,Fixed,NO,70085,NO ,0.000000,0.000100,1.010000,0.990000,Middle,100.000000,115.000000,138.000000,0.006402,0.179029,0.000000,0.000000,0.000000,0.000000,1.000000,1.000000,1.100000,0.900000,0.006250,1.000000,0.000000,0,0.000000,YES,Default,72.892761,0.000000,0.000000,0.000000,0.000000,0.000000,0.000000,0.000000,0.000000,0.000000,0.000000,0.000000,0.000000,0.000000,0.000000,1,100.000000,,,,,,,,,,,,,,,,,,,,,,
1898,70096,70095,1,Transformer,Closed,Closed,NO,70096,Fixed,NO,70096,NO ,0.000000,0.000100,1.010000,0.990000,Middle,100.000000,138.000000,345.000000,0.000210,0.013784,0.000000,0.000000,0.000000,0.000000,1.000000,1.000000,1.100000,0.900000,0.006250,1.000000,0.000000,0,0.000000,YES,Default,520.936775,0.000000,0.000000,0.000000,0.000000,0.000000,0.000000,0.000000,0.000000,0.000000,0.000000,0.000000,0.000000,0.000000,0.000000,1,100.000000,,,,,,,,,,,,,,,,,,,,,,
1899,70095,70097,1,Transformer,Closed,Closed,NO,70095,Fixed,NO,70095,NO ,0.000000,0.000100,1.010000,0.990000,Middle,100.000000,345.000000,13.800000,0.000389,0.024822,0.000000,0.000000,0.000000,0.000000,1.000000,1.000000,1.100000,0.900000,0.006250,1.000000,0.000000,0,0.000000,YES,Default,545.382929,0.000000,0.000000,0.000000,0.000000,0.000000,0.000000,0.000000,0.000000,0.000000,0.000000,0.000000,0.000000,0.000000,0.000000,1,100.000000,,,,,,,,,,,,,,,,,,,,,,
1900,70095,70098,1,Transformer,Closed,Closed,NO,70095,Fixed,NO,70095,NO ,0.000000,0.000100,1.010000,0.990000,Middle,100.000000,345.000000,18.000000,0.000266,0.015454,0.000000,0.000000,0.000000,0.000000,1.000000,1.000000,1.100000,0.900000,0.006250,1.000000,0.000000,0,0.000000,YES,Default,544.355202,0.000000,0.000000,0.000000,0.000000,0.000000,0.000000,0.000000,0.000000,0.000000,0.000000,0.000000,0.000000,0.000000,0.000000,1,100.000000,,,,,,,,,,,,,,,,,,,,,,
1901,70095,70099,1,Transformer,Closed,Closed,NO,70095,Fixed,NO,70095,NO ,0.000000,0.000100,1.010000,0.990000,Middle,100.000000,345.000000,24.000000,0.000534,0.032741,0.000000,0.000000,0.000000,0.000000,1.000000,1.000000,1.100000,0.900000,0.006250,1.000000,0.000000,0,0.000000,YES,Default,542.583132,0.000000,0.000000,0.000000,0.000000,0.000000,0.000000,0.000000,0.000000,0.000000,0.000000,0.000000,0.000000,0.000000,0.000000,1,100.000000,,,,,,,,,,,,,,,,,,,,,,
1902,70095,70100,1,Transformer,Closed,Closed,NO,70095,Fixed,NO,70095,NO ,0.000000,0.000100,1.010000,0.990000,Middle,100.000000,345.000000,13.800000,0.000329,0.016991,0.000000,0.000000,0.000000,0.000000,1.000000,1.000000,1.100000,0.900000,0.006250,1.000000,0.000000,0,0.000000,YES,Default,541.783237,0.000000,0.000000,0.000000,0.000000,0.000000,0.000000,0.000000,0.000000,0.000000,0.000000,0.000000,0.000000,0.000000,0.000000,1,100.000000,,,,,,,,,,,,,,,,,,,,,,
1903,70103,70104,1,Transformer,Closed,Closed,NO,70103,Fixed,NO,70103,NO ,0.000000,0.000100,1.010000,0.990000,Middle,100.000000,138.000000,13.800000,0.000599,0.021275,0.000000,0.000000,0.000000,0.000000,1.000000,1.000000,1.100000,0.900000,0.006250,1.062500,0.000000,0,0.000000,YES,Default,259.999990,0.000000,0.000000,0.000000,0.000000,0.000000,0.000000,0.000000,0.000000,0.000000,0.000000,0.000000,0.000000,0.000000,0.000000,1,100.000000,,,,,,,,,,,,,,,,,,,,,,
1904,70113,70112,1,Transformer,Closed,Closed,NO,70113,Fixed,NO,70113,NO ,0.000000,0.000100,1.010000,0.990000,Middle,100.000000,138.000000,345.000000,0.000707,0.033904,0.000000,0.000000,0.000000,0.000000,1.000000,1.000000,1.100000,0.900000,0.006250,1.000000,0.000000,0,0.000000,YES,Default,266.169643,0.000000,0.000000,0.000000,0.000000,0.000000,0.000000,0.000000,0.000000,0.000000,0.000000,0.000000,0.000000,0.000000,0.000000,1,100.000000,,,,,,,,,,,,,,,,,,,,,,
1905,70112,70114,1,Transformer,Closed,Closed,NO,70112,Fixed,NO,70112,NO ,0.000000,0.000100,1.010000,0.990000,Middle,100.000000,345.000000,13.800000,0.000554,0.036706,0.000000,0.000000,0.000000,0.000000,1.000000,1.000000,1.100000,0.900000,0.006250,1.000000,0.000000,0,0.000000,YES,Default,421.853828,0.000000,0.000000,0.000000,0.000000,0.000000,0.000000,0.000000,0.000000,0.000000,0.000000,0.000000,0.000000,0.000000,0.000000,1,100.000000,,,,,,,,,,,,,,,,,,,,,,
1906,70112,70115,1,Transformer,Closed,Closed,NO,70112,Fixed,NO,70112,NO ,0.000000,0.000100,1.010000,0.990000,Middle,100.000000,345.000000,13.800000,0.000645,0.033416,0.000000,0.000000,0.000000,0.000000,1.000000,1.000000,1.100000,0.900000,0.006250,1.006250,0.000000,0,0.000000,YES,Default,303.352165,0.000000,0.000000,0.000000,0.000000,0.000000,0.000000,0.000000,0.000000,0.000000,0.000000,0.000000,0.000000,0.000000,0.000000,1,100.000000,,,,,,,,,,,,,,,,,,,,,,
1907,70117,70121,1,Transformer,Closed,Closed,NO,70117,Fixed,NO,70117,NO ,0.000000,0.000100,1.010000,0.990000,Middle,100.000000,345.000000,18.000000,0.000271,0.017861,0.000000,0.000000,0.000000,0.000000,1.000000,1.000000,1.100000,0.900000,0.006250,1.000000,0.000000,0,0.000000,YES,Default,628.809977,0.000000,0.000000,0.000000,0.000000,0.000000,0.000000,0.000000,0.000000,0.000000,0.000000,0.000000,0.000000,0.000000,0.000000,1,100.000000,,,,,,,,,,,,,,,,,,,,,,
1908,70123,70122,1,Transformer,Closed,Closed,NO,70123,LTC,YES,70123,NO ,0.000000,0.000100,1.076000,1.026000,Middle,100.000000,161.000000,345.000000,0.000630,0.031347,0.000000,0.000000,0.000000,0.000000,1.000000,1.000000,1.100000,0.900000,0.006250,1.025000,0.000000,0,0.000000,YES,Default,445.767689,0.000000,0.000000,0.000000,0.000000,0.000000,0.000000,0.000000,0.000000,0.000000,0.000000,0.000000,0.000000,0.000000,0.000000,1,100.000000,,,,,,,,,,,,,,,,,,,,,,
1909,70122,70125,1,Transformer,Closed,Closed,NO,70122,Fixed,NO,70122,NO ,0.000000,0.000100,1.010000,0.990000,Middle,100.000000,345.000000,13.800000,0.000307,0.019977,0.000000,0.000000,0.000000,0.000000,1.000000,1.000000,1.100000,0.900000,0.006250,1.006250,0.000000,0,0.000000,YES,Default,588.187885,0.000000,0.000000,0.000000,0.000000,0.000000,0.000000,0.000000,0.000000,0.000000,0.000000,0.000000,0.000000,0.000000,0.000000,1,100.000000,,,,,,,,,,,,,,,,,,,,,,
1910,70122,70126,1,Transformer,Closed,Closed,NO,70122,Fixed,NO,70122,NO ,0.000000,0.000100,1.010000,0.990000,Middle,100.000000,345.000000,13.800000,0.000358,0.020066,0.000000,0.000000,0.000000,0.000000,1.000000,1.000000,1.100000,0.900000,0.006250,1.006250,0.000000,0,0.000000,YES,Default,587.370491,0.000000,0.000000,0.000000,0.000000,0.000000,0.000000,0.000000,0.000000,0.000000,0.000000,0.000000,0.000000,0.000000,0.000000,1,100.000000,,,,,,,,,,,,,,,,,,,,,,
1911,70122,70127,1,Transformer,Closed,Closed,NO,70122,Fixed,NO,70122,NO ,0.000000,0.000100,1.010000,0.990000,Middle,100.000000,345.000000,13.800000,0.000341,0.019891,0.000000,0.000000,0.000000,0.000000,1.000000,1.000000,1.100000,0.900000,0.006250,1.006250,0.000000,0,0.000000,YES,Default,585.617971,0.000000,0.000000,0.000000,0.000000,0.000000,0.000000,0.000000,0.000000,0.000000,0.000000,0.000000,0.000000,0.000000,0.000000,1,100.000000,,,,,,,,,,,,,,,,,,,,,,
1912,70124,70123,1,Transformer,Closed,Closed,NO,70124,Fixed,NO,70124,NO ,0.000000,0.000100,1.010000,0.990000,Middle,100.000000,138.000000,161.000000,0.004229,0.112697,0.000000,0.000000,0.000000,0.000000,1.000000,1.000000,1.100000,0.900000,0.006250,1.000000,0.000000,0,0.000000,YES,Default,92.898184,0.000000,0.000000,0.000000,0.000000,0.000000,0.000000,0.000000,0.000000,0.000000,0.000000,0.000000,0.000000,0.000000,0.000000,1,100.000000,,,,,,,,,,,,,,,,,,,,,,
1913,70130,70131,1,Transformer,Closed,Closed,NO,70130,Fixed,NO,70130,NO ,0.000000,0.000100,1.010000,0.990000,Middle,100.000000,138.000000,13.800000,0.005939,0.175416,0.000000,0.000000,0.000000,0.000000,1.000000,1.000000,1.100000,0.900000,0.006250,1.000000,0.000000,0,0.000000,YES,Default,100.343716,0.000000,0.000000,0.000000,0.000000,0.000000,0.000000,0.000000,0.000000,0.000000,0.000000,0.000000,0.000000,0.000000,0.000000,1,100.000000,,,,,,,,,,,,,,,,,,,,,,
1914,70133,70132,1,Transformer,Closed,Closed,NO,70133,Fixed,NO,70133,NO ,0.000000,0.000100,1.010000,0.990000,Middle,100.000000,138.000000,345.000000,0.000384,0.023545,0.000000,0.000000,0.000000,0.000000,1.000000,1.000000,1.100000,0.900000,0.006250,1.000000,0.000000,0,0.000000,YES,Default,433.404636,0.000000,0.000000,0.000000,0.000000,0.000000,0.000000,0.000000,0.000000,0.000000,0.000000,0.000000,0.000000,0.000000,0.000000,1,100.000000,,,,,,,,,,,,,,,,,,,,,,
1915,70132,70134,1,Transformer,Closed,Closed,NO,70132,Fixed,NO,70132,NO ,0.000000,0.000100,1.010000,0.990000,Middle,100.000000,345.000000,13.800000,0.000320,0.017880,0.000000,0.000000,0.000000,0.000000,1.000000,1.000000,1.100000,0.900000,0.006250,1.068750,0.000000,0,0.000000,YES,Default,601.300716,0.000000,0.000000,0.000000,0.000000,0.000000,0.000000,0.000000,0.000000,0.000000,0.000000,0.000000,0.000000,0.000000,0.000000,1,100.000000,,,,,,,,,,,,,,,,,,,,,,
1916,70135,70144,1,Transformer,Closed,Closed,NO,70135,Fixed,NO,70135,NO ,0.000000,0.000100,1.010000,0.990000,Middle,100.000000,345.000000,13.800000,0.000330,0.020953,0.000000,0.000000,0.000000,0.000000,1.000000,1.000000,1.100000,0.900000,0.006250,1.000000,0.000000,0,0.000000,YES,Default,395.584655,0.000000,0.000000,0.000000,0.000000,0.000000,0.000000,0.000000,0.000000,0.000000,0.000000,0.000000,0.000000,0.000000,0.000000,1,100.000000,,,,,,,,,,,,,,,,,,,,,,
1917,70137,70136,1,Transformer,Closed,Closed,NO,70137,Fixed,NO,70137,NO ,0.000000,0.000100,1.010000,0.990000,Middle,100.000000,138.000000,230.000000,0.001145,0.057771,0.000000,0.000000,0.000000,0.000000,1.000000,1.000000,1.100000,0.900000,0.006250,1.025000,0.000000,0,0.000000,YES,Default,122.834742,0.000000,0.000000,0.000000,0.000000,0.000000,0.000000,0.000000,0.000000,0.000000,0.000000,0.000000,0.000000,0.000000,0.000000,1,100.000000,,,,,,,,,,,,,,,,,,,,,,
1918,70138,70137,1,Transformer,Closed,Closed,NO,70138,LTC,YES,70138,NO ,0.000000,0.000100,1.072000,1.022000,Middle,100.000000,115.000000,138.000000,0.003335,0.113043,0.000000,0.000000,0.000000,0.000000,1.000000,1.000000,1.100000,0.900000,0.006250,1.037500,0.000000,0,0.000000,YES,Default,83.924377,0.000000,0.000000,0.000000,0.000000,0.000000,0.000000,0.000000,0.000000,0.000000,0.000000,0.000000,0.000000,0.000000,0.000000,1,100.000000,,,,,,,,,,,,,,,,,,,,,,
1919,70138,70137,2,Transformer,Closed,Closed,NO,70138,Fixed,NO,70138,NO ,0.000000,0.000100,1.010000,0.990000,Middle,100.000000,115.000000,138.000000,0.003335,0.113043,0.000000,0.000000,0.000000,0.000000,1.000000,1.000000,1.100000,0.900000,0.006250,1.018750,0.000000,0,0.000000,YES,Default,83.924377,0.000000,0.000000,0.000000,0.000000,0.000000,0.000000,0.000000,0.000000,0.000000,0.000000,0.000000,0.000000,0.000000,0.000000,1,100.000000,,,,,,,,,,,,,,,,,,,,,,
1920,70138,70137,3,Transformer,Closed,Closed,NO,70138,LTC,YES,70138,NO ,0.000000,0.000100,1.072000,1.022000,Middle,100.000000,115.000000,138.000000,0.003335,0.113043,0.000000,0.000000,0.000000,0.000000,1.000000,1.000000,1.100000,0.900000,0.006250,1.037500,0.000000,0,0.000000,YES,Default,83.924377,0.000000,0.000000,0.000000,0.000000,0.000000,0.000000,0.000000,0.000000,0.000000,0.000000,0.000000,0.000000,0.000000,0.000000,1,100.000000,,,,,,,,,,,,,,,,,,,,,,
1921,70145,70146,1,Transformer,Closed,Closed,NO,70145,Fixed,NO,70145,NO ,0.000000,0.000100,1.010000,0.990000,Middle,100.000000,138.000000,13.800000,0.003387,0.079656,0.000000,0.000000,0.000000,0.000000,1.000000,1.000000,1.100000,0.900000,0.006250,0.981250,0.000000,0,0.000000,YES,Default,150.539994,0.000000,0.000000,0.000000,0.000000,0.000000,0.000000,0.000000,0.000000,0.000000,0.000000,0.000000,0.000000,0.000000,0.000000,1,100.000000,,,,,,,,,,,,,,,,,,,,,,
1922,70148,70149,1,Transformer,Closed,Closed,NO,70148,Fixed,NO,70148,NO ,0.000000,0.000100,1.010000,0.990000,Middle,100.000000,138.000000,13.800000,0.001767,0.058659,0.000000,0.000000,0.000000,0.000000,1.000000,1.000000,1.100000,0.900000,0.006250,1.000000,0.000000,0,0.000000,YES,Default,128.699994,0.000000,0.000000,0.000000,0.000000,0.000000,0.000000,0.000000,0.000000,0.000000,0.000000,0.000000,0.000000,0.000000,0.000000,1,100.000000,,,,,,,,,,,,,,,,,,,,,,
1923,70148,70150,1,Transformer,Closed,Closed,NO,70148,Fixed,NO,70148,NO ,0.000000,0.000100,1.010000,0.990000,Middle,100.000000,138.000000,18.000000,0.012640,0.443978,0.000000,0.000000,0.000000,0.000000,1.000000,1.000000,1.100000,0.900000,0.006250,1.000000,0.000000,0,0.000000,YES,Default,23.361148,0.000000,0.000000,0.000000,0.000000,0.000000,0.000000,0.000000,0.000000,0.000000,0.000000,0.000000,0.000000,0.000000,0.000000,1,100.000000,,,,,,,,,,,,,,,,,,,,,,
1924,70152,70151,1,Transformer,Closed,Closed,NO,70152,Fixed,NO,70152,NO ,0.000000,0.000100,1.010000,0.990000,Middle,100.000000,138.000000,345.000000,0.000463,0.029412,0.000000,0.000000,0.000000,0.000000,1.000000,1.000000,1.100000,0.900000,0.006250,1.000000,0.000000,0,0.000000,YES,Default,434.227467,0.000000,0.000000,0.000000,0.000000,0.000000,0.000000,0.000000,0.000000,0.000000,0.000000,0.000000,0.000000,0.000000,0.000000,1,100.000000,,,,,,,,,,,,,,,,,,,,,,
1925,70151,70153,1,Transformer,Closed,Closed,NO,70151,Fixed,NO,70151,NO ,0.000000,0.000100,1.010000,0.990000,Middle,100.000000,345.000000,13.800000,0.000191,0.011448,0.000000,0.000000,0.000000,0.000000,1.000000,1.000000,1.100000,0.900000,0.006250,1.000000,0.000000,0,0.000000,YES,Default,793.617487,0.000000,0.000000,0.000000,0.000000,0.000000,0.000000,0.000000,0.000000,0.000000,0.000000,0.000000,0.000000,0.000000,0.000000,1,100.000000,,,,,,,,,,,,,,,,,,,,,,
1926,70151,70154,1,Transformer,Closed,Closed,NO,70151,Fixed,NO,70151,NO ,0.000000,0.000100,1.010000,0.990000,Middle,100.000000,345.000000,18.000000,0.000232,0.017629,0.000000,0.000000,0.000000,0.000000,1.000000,1.000000,1.100000,0.900000,0.006250,1.000000,0.000000,0,0.000000,YES,Default,793.617487,0.000000,0.000000,0.000000,0.000000,0.000000,0.000000,0.000000,0.000000,0.000000,0.000000,0.000000,0.000000,0.000000,0.000000,1,100.000000,,,,,,,,,,,,,,,,,,,,,,
1927,70151,70155,1,Transformer,Closed,Closed,NO,70151,Fixed,NO,70151,NO ,0.000000,0.000100,1.010000,0.990000,Middle,100.000000,345.000000,18.000000,0.000313,0.016566,0.000000,0.000000,0.000000,0.000000,1.000000,1.000000,1.100000,0.900000,0.006250,1.000000,0.000000,0,0.000000,YES,Default,793.617487,0.000000,0.000000,0.000000,0.000000,0.000000,0.000000,0.000000,0.000000,0.000000,0.000000,0.000000,0.000000,0.000000,0.000000,1,100.000000,,,,,,,,,,,,,,,,,,,,,,
1928,70151,70156,1,Transformer,Closed,Closed,NO,70151,Fixed,NO,70151,NO ,0.000000,0.000100,1.010000,0.990000,Middle,100.000000,345.000000,13.800000,0.000216,0.011100,0.000000,0.000000,0.000000,0.000000,1.000000,1.000000,1.100000,0.900000,0.006250,1.000000,0.000000,0,0.000000,YES,Default,793.617487,0.000000,0.000000,0.000000,0.000000,0.000000,0.000000,0.000000,0.000000,0.000000,0.000000,0.000000,0.000000,0.000000,0.000000,1,100.000000,,,,,,,,,,,,,,,,,,,,,,
1929,70159,70160,1,Transformer,Closed,Closed,NO,70159,Fixed,NO,70159,NO ,0.000000,0.000100,1.010000,0.990000,Middle,100.000000,138.000000,13.800000,0.005737,0.145872,0.000000,0.000000,0.000000,0.000000,1.000000,1.000000,1.100000,0.900000,0.006250,0.987500,0.000000,0,0.000000,YES,Default,134.290004,0.000000,0.000000,0.000000,0.000000,0.000000,0.000000,0.000000,0.000000,0.000000,0.000000,0.000000,0.000000,0.000000,0.000000,1,100.000000,,,,,,,,,,,,,,,,,,,,,,
1930,70162,70161,1,Transformer,Closed,Closed,NO,70162,LTC,YES,70162,NO ,0.000000,0.000100,1.071000,1.021000,Middle,100.000000,138.000000,345.000000,0.000537,0.032395,0.000000,0.000000,0.000000,0.000000,1.000000,1.000000,1.100000,0.900000,0.006250,1.012500,0.000000,0,0.000000,YES,Default,394.685507,0.000000,0.000000,0.000000,0.000000,0.000000,0.000000,0.000000,0.000000,0.000000,0.000000,0.000000,0.000000,0.000000,0.000000,1,100.000000,,,,,,,,,,,,,,,,,,,,,,
1931,70161,70166,1,Transformer,Closed,Closed,NO,70161,Fixed,NO,70161,NO ,0.000000,0.000100,1.010000,0.990000,Middle,100.000000,345.000000,13.800000,0.000878,0.052455,0.000000,0.000000,0.000000,0.000000,1.000000,1.000000,1.100000,0.900000,0.006250,1.000000,0.000000,0,0.000000,YES,Default,262.275839,0.000000,0.000000,0.000000,0.000000,0.000000,0.000000,0.000000,0.000000,0.000000,0.000000,0.000000,0.000000,0.000000,0.000000,1,100.000000,,,,,,,,,,,,,,,,,,,,,,
1932,70162,70163,1,Transformer,Closed,Closed,NO,70162,Fixed,NO,70162,NO ,0.000000,0.000100,1.010000,0.990000,Middle,100.000000,138.000000,18.000000,0.010736,0.355068,0.000000,0.000000,0.000000,0.000000,1.000000,1.000000,1.100000,0.900000,0.006250,1.000000,0.000000,0,0.000000,YES,Default,38.932815,0.000000,0.000000,0.000000,0.000000,0.000000,0.000000,0.000000,0.000000,0.000000,0.000000,0.000000,0.000000,0.000000,0.000000,1,100.000000,,,,,,,,,,,,,,,,,,,,,,
1933,70162,70164,1,Transformer,Closed,Closed,NO,70162,Fixed,NO,70162,NO ,0.000000,0.000100,1.010000,0.990000,Middle,100.000000,138.000000,13.800000,0.004774,0.159686,0.000000,0.000000,0.000000,0.000000,1.000000,1.000000,1.100000,0.900000,0.006250,1.000000,0.000000,0,0.000000,YES,Default,75.173384,0.000000,0.000000,0.000000,0.000000,0.000000,0.000000,0.000000,0.000000,0.000000,0.000000,0.000000,0.000000,0.000000,0.000000,1,100.000000,,,,,,,,,,,,,,,,,,,,,,
1934,70162,70165,1,Transformer,Closed,Closed,NO,70162,Fixed,NO,70162,NO ,0.000000,0.000100,1.010000,0.990000,Middle,100.000000,138.000000,18.000000,0.007377,0.272902,0.000000,0.000000,0.000000,0.000000,1.000000,1.000000,1.100000,0.900000,0.006250,1.000000,0.000000,0,0.000000,YES,Default,65.000021,0.000000,0.000000,0.000000,0.000000,0.000000,0.000000,0.000000,0.000000,0.000000,0.000000,0.000000,0.000000,0.000000,0.000000,1,100.000000,,,,,,,,,,,,,,,,,,,,,,
1935,70171,70170,1,Transformer,Closed,Closed,NO,70171,LTC,YES,70171,NO ,0.000000,0.000100,1.078000,1.028000,Middle,100.000000,138.000000,345.000000,0.000525,0.032594,0.000000,0.000000,0.000000,0.000000,1.000000,1.000000,1.100000,0.900000,0.006250,1.000000,0.000000,0,0.000000,YES,Default,684.895515,0.000000,0.000000,0.000000,0.000000,0.000000,0.000000,0.000000,0.000000,0.000000,0.000000,0.000000,0.000000,0.000000,0.000000,1,100.000000,,,,,,,,,,,,,,,,,,,,,,
1936,70170,70172,1,Transformer,Closed,Closed,NO,70170,Fixed,NO,70170,NO ,0.000000,0.000100,1.010000,0.990000,Middle,100.000000,345.000000,13.800000,0.000378,0.027228,0.000000,0.000000,0.000000,0.000000,1.000000,1.000000,1.100000,0.900000,0.006250,1.075000,0.000000,0,0.000000,YES,Default,740.999985,0.000000,0.000000,0.000000,0.000000,0.000000,0.000000,0.000000,0.000000,0.000000,0.000000,0.000000,0.000000,0.000000,0.000000,1,100.000000,,,,,,,,,,,,,,,,,,,,,,
1937,70170,70173,1,Transformer,Closed,Closed,NO,70170,Fixed,NO,70170,NO ,0.000000,0.000100,1.010000,0.990000,Middle,100.000000,345.000000,20.000000,0.000306,0.019644,0.000000,0.000000,0.000000,0.000000,1.000000,1.000000,1.100000,0.900000,0.006250,1.075000,0.000000,0,0.000000,YES,Default,740.999985,0.000000,0.000000,0.000000,0.000000,0.000000,0.000000,0.000000,0.000000,0.000000,0.000000,0.000000,0.000000,0.000000,0.000000,1,100.000000,,,,,,,,,,,,,,,,,,,,,,
1938,70170,70174,1,Transformer,Closed,Closed,NO,70170,Fixed,NO,70170,NO ,0.000000,0.000100,1.010000,0.990000,Middle,100.000000,345.000000,18.000000,0.000458,0.025307,0.000000,0.000000,0.000000,0.000000,1.000000,1.000000,1.100000,0.900000,0.006250,1.075000,0.000000,0,0.000000,YES,Default,740.999985,0.000000,0.000000,0.000000,0.000000,0.000000,0.000000,0.000000,0.000000,0.000000,0.000000,0.000000,0.000000,0.000000,0.000000,1,100.000000,,,,,,,,,,,,,,,,,,,,,,
1939,70175,70176,1,Transformer,Closed,Closed,NO,70175,Fixed,NO,70175,NO ,0.000000,0.000100,1.010000,0.990000,Middle,100.000000,138.000000,13.800000,0.001669,0.058841,0.000000,0.000000,0.000000,0.000000,1.000000,1.000000,1.100000,0.900000,0.006250,1.000000,0.000000,0,0.000000,YES,Default,151.059997,0.000000,0.000000,0.000000,0.000000,0.000000,0.000000,0.000000,0.000000,0.000000,0.000000,0.000000,0.000000,0.000000,0.000000,1,100.000000,,,,,,,,,,,,,,,,,,,,,,
1940,70179,70180,1,Transformer,Closed,Closed,NO,70179,Fixed,NO,70179,NO ,0.000000,0.000100,1.010000,0.990000,Middle,100.000000,138.000000,13.800000,0.004764,0.140672,0.000000,0.000000,0.000000,0.000000,1.000000,1.000000,1.100000,0.900000,0.006250,0.975000,0.000000,0,0.000000,YES,Default,106.241608,0.000000,0.000000,0.000000,0.000000,0.000000,0.000000,0.000000,0.000000,0.000000,0.000000,0.000000,0.000000,0.000000,0.000000,1,100.000000,,,,,,,,,,,,,,,,,,,,,,
1941,70179,70181,1,Transformer,Closed,Closed,NO,70179,Fixed,NO,70179,NO ,0.000000,0.000100,1.010000,0.990000,Middle,100.000000,138.000000,13.800000,0.004660,0.134974,0.000000,0.000000,0.000000,0.000000,1.000000,1.000000,1.100000,0.900000,0.006250,1.000000,0.000000,0,0.000000,YES,Default,105.717874,0.000000,0.000000,0.000000,0.000000,0.000000,0.000000,0.000000,0.000000,0.000000,0.000000,0.000000,0.000000,0.000000,0.000000,1,100.000000,,,,,,,,,,,,,,,,,,,,,,
1942,70183,70184,1,Transformer,Closed,Closed,NO,70183,Fixed,NO,70183,NO ,0.000000,0.000100,1.010000,0.990000,Middle,100.000000,138.000000,13.800000,0.004785,0.133879,0.000000,0.000000,0.000000,0.000000,1.000000,1.000000,1.100000,0.900000,0.006250,1.000000,0.000000,0,0.000000,YES,Default,123.500001,0.000000,0.000000,0.000000,0.000000,0.000000,0.000000,0.000000,0.000000,0.000000,0.000000,0.000000,0.000000,0.000000,0.000000,1,100.000000,,,,,,,,,,,,,,,,,,,,,,
1943,70187,70188,1,Transformer,Closed,Closed,NO,70187,Fixed,NO,70187,NO ,0.000000,0.000100,1.010000,0.990000,Middle,100.000000,138.000000,13.800000,0.003763,0.122939,0.000000,0.000000,0.000000,0.000000,1.000000,1.000000,1.100000,0.900000,0.006250,0.993750,0.000000,0,0.000000,YES,Default,105.398154,0.000000,0.000000,0.000000,0.000000,0.000000,0.000000,0.000000,0.000000,0.000000,0.000000,0.000000,0.000000,0.000000,0.000000,1,100.000000,,,,,,,,,,,,,,,,,,,,,,
1944,70187,70189,1,Transformer,Closed,Closed,NO,70187,Fixed,NO,70187,NO ,0.000000,0.000100,1.010000,0.990000,Middle,100.000000,138.000000,18.000000,0.008079,0.198751,0.000000,0.000000,0.000000,0.000000,1.000000,1.000000,1.100000,0.900000,0.006250,0.993750,0.000000,0,0.000000,YES,Default,70.357430,0.000000,0.000000,0.000000,0.000000,0.000000,0.000000,0.000000,0.000000,0.000000,0.000000,0.000000,0.000000,0.000000,0.000000,1,100.000000,,,,,,,,,,,,,,,,,,,,,,
1945,74047,74046,1,Transformer,Closed,Closed,NO,74047,LTC,YES,74047,NO ,0.000000,0.000100,1.066000,1.016000,Middle,100.000000,138.000000,345.000000,0.000415,0.028120,0.000000,0.000000,0.000000,0.000000,1.000000,1.000000,1.100000,0.900000,0.006250,1.012500,0.000000,0,0.000000,YES,Default,451.598597,0.000000,0.000000,0.000000,0.000000,0.000000,0.000000,0.000000,0.000000,0.000000,0.000000,0.000000,0.000000,0.000000,0.000000,1,100.000000,,,,,,,,,,,,,,,,,,,,,,
1946,74073,74072,1,Transformer,Closed,Closed,NO,74073,LTC,YES,74073,NO ,0.000000,0.000100,1.066000,1.016000,Middle,100.000000,138.000000,345.000000,0.000662,0.032891,0.000000,0.000000,0.000000,0.000000,1.000000,1.000000,1.100000,0.900000,0.006250,1.018750,0.000000,0,0.000000,YES,Default,449.474478,0.000000,0.000000,0.000000,0.000000,0.000000,0.000000,0.000000,0.000000,0.000000,0.000000,0.000000,0.000000,0.000000,0.000000,1,100.000000,,,,,,,,,,,,,,,,,,,,,,
1947,74084,74083,1,Transformer,Closed,Closed,NO,74084,LTC,YES,74084,NO ,0.000000,0.000100,1.062000,1.012000,Middle,100.000000,138.000000,345.000000,0.000804,0.041148,0.000000,0.000000,0.000000,0.000000,1.000000,1.000000,1.100000,0.900000,0.006250,1.012500,0.000000,0,0.000000,YES,Default,433.516884,0.000000,0.000000,0.000000,0.000000,0.000000,0.000000,0.000000,0.000000,0.000000,0.000000,0.000000,0.000000,0.000000,0.000000,1,100.000000,,,,,,,,,,,,,,,,,,,,,,
1948,74131,74130,1,Transformer,Closed,Closed,NO,74131,Fixed,NO,74131,NO ,0.000000,0.000100,1.010000,0.990000,Middle,100.000000,138.000000,345.000000,0.000432,0.024540,0.000000,0.000000,0.000000,0.000000,1.000000,1.000000,1.100000,0.900000,0.006250,1.000000,0.000000,0,0.000000,YES,Default,278.124166,0.000000,0.000000,0.000000,0.000000,0.000000,0.000000,0.000000,0.000000,0.000000,0.000000,0.000000,0.000000,0.000000,0.000000,1,100.000000,,,,,,,,,,,,,,,,,,,,,,
1949,74168,74167,1,Transformer,Closed,Closed,NO,74168,Fixed,NO,74168,NO ,0.000000,0.000100,1.010000,0.990000,Middle,100.000000,161.000000,345.000000,0.000398,0.019665,0.000000,0.000000,0.000000,0.000000,1.000000,1.000000,1.100000,0.900000,0.006250,1.000000,0.000000,0,0.000000,YES,Default,350.267100,0.000000,0.000000,0.000000,0.000000,0.000000,0.000000,0.000000,0.000000,0.000000,0.000000,0.000000,0.000000,0.000000,0.000000,1,100.000000,,,,,,,,,,,,,,,,,,,,,,
1950,74169,74168,1,Transformer,Closed,Closed,NO,74169,LTC,YES,74169,NO ,0.000000,0.000100,1.064000,1.014000,Middle,100.000000,138.000000,161.000000,0.003005,0.140287,0.000000,0.000000,0.000000,0.000000,1.000000,1.000000,1.100000,0.900000,0.006250,1.087500,0.000000,0,0.000000,YES,Default,107.000005,0.000000,0.000000,0.000000,0.000000,0.000000,0.000000,0.000000,0.000000,0.000000,0.000000,0.000000,0.000000,0.000000,0.000000,1,100.000000,,,,,,,,,,,,,,,,,,,,,,
1951,74192,74196,1,Transformer,Closed,Closed,NO,74192,Fixed,NO,74192,NO ,0.000000,0.000100,1.010000,0.990000,Middle,100.000000,345.000000,13.800000,0.000436,0.027855,0.000000,0.000000,0.000000,0.000000,1.000000,1.000000,1.100000,0.900000,0.006250,1.000000,0.000000,0,0.000000,YES,Default,407.683897,0.000000,0.000000,0.000000,0.000000,0.000000,0.000000,0.000000,0.000000,0.000000,0.000000,0.000000,0.000000,0.000000,0.000000,1,100.000000,,,,,,,,,,,,,,,,,,,,,,
1952,74192,74197,1,Transformer,Closed,Closed,NO,74192,Fixed,NO,74192,NO ,0.000000,0.000100,1.010000,0.990000,Middle,100.000000,345.000000,18.000000,0.000573,0.031389,0.000000,0.000000,0.000000,0.000000,1.000000,1.000000,1.100000,0.900000,0.006250,1.025000,0.000000,0,0.000000,YES,Default,404.372406,0.000000,0.000000,0.000000,0.000000,0.000000,0.000000,0.000000,0.000000,0.000000,0.000000,0.000000,0.000000,0.000000,0.000000,1,100.000000,,,,,,,,,,,,,,,,,,,,,,
1953,74203,74204,1,Transformer,Closed,Closed,NO,74203,Fixed,NO,74203,NO ,0.000000,0.000100,1.010000,0.990000,Middle,100.000000,138.000000,13.800000,0.001507,0.041297,0.000000,0.000000,0.000000,0.000000,1.000000,1.000000,1.100000,0.900000,0.006250,1.000000,0.000000,0,0.000000,YES,Default,224.640012,0.000000,0.000000,0.000000,0.000000,0.000000,0.000000,0.000000,0.000000,0.000000,0.000000,0.000000,0.000000,0.000000,0.000000,1,100.000000,,,,,,,,,,,,,,,,,,,,,,
1954,74203,74205,1,Transformer,Closed,Closed,NO,74203,Fixed,NO,74203,NO ,0.000000,0.000100,1.010000,0.990000,Middle,100.000000,138.000000,18.000000,0.013916,0.373936,0.000000,0.000000,0.000000,0.000000,1.000000,1.000000,1.100000,0.900000,0.006250,1.000000,0.000000,0,0.000000,YES,Default,39.351213,0.000000,0.000000,0.000000,0.000000,0.000000,0.000000,0.000000,0.000000,0.000000,0.000000,0.000000,0.000000,0.000000,0.000000,1,100.000000,,,,,,,,,,,,,,,,,,,,,,
1955,74207,74211,1,Transformer,Closed,Closed,NO,74207,Fixed,NO,74207,NO ,0.000000,0.000100,1.010000,0.990000,Middle,100.000000,345.000000,13.800000,0.000464,0.028605,0.000000,0.000000,0.000000,0.000000,1.000000,1.000000,1.100000,0.900000,0.006250,0.981250,0.000000,0,0.000000,YES,Default,489.137316,0.000000,0.000000,0.000000,0.000000,0.000000,0.000000,0.000000,0.000000,0.000000,0.000000,0.000000,0.000000,0.000000,0.000000,1,100.000000,,,,,,,,,,,,,,,,,,,,,,
1956,74207,74212,1,Transformer,Closed,Closed,NO,74207,Fixed,NO,74207,NO ,0.000000,0.000100,1.010000,0.990000,Middle,100.000000,345.000000,13.800000,0.000434,0.028309,0.000000,0.000000,0.000000,0.000000,1.000000,1.000000,1.100000,0.900000,0.006250,0.981250,0.000000,0,0.000000,YES,Default,488.133860,0.000000,0.000000,0.000000,0.000000,0.000000,0.000000,0.000000,0.000000,0.000000,0.000000,0.000000,0.000000,0.000000,0.000000,1,100.000000,,,,,,,,,,,,,,,,,,,,,,
1957,74219,74218,1,Transformer,Closed,Closed,NO,74219,Fixed,NO,74219,NO ,0.000000,0.000100,1.010000,0.990000,Middle,100.000000,138.000000,345.000000,0.000525,0.028489,0.000000,0.000000,0.000000,0.000000,1.000000,1.000000,1.100000,0.900000,0.006250,1.000000,0.000000,0,0.000000,YES,Default,467.848778,0.000000,0.000000,0.000000,0.000000,0.000000,0.000000,0.000000,0.000000,0.000000,0.000000,0.000000,0.000000,0.000000,0.000000,1,100.000000,,,,,,,,,,,,,,,,,,,,,,
1958,74218,74220,1,Transformer,Closed,Closed,NO,74218,Fixed,NO,74218,NO ,0.000000,0.000100,1.010000,0.990000,Middle,100.000000,345.000000,13.800000,0.000357,0.021015,0.000000,0.000000,0.000000,0.000000,1.000000,1.000000,1.100000,0.900000,0.006250,1.043750,0.000000,0,0.000000,YES,Default,383.931541,0.000000,0.000000,0.000000,0.000000,0.000000,0.000000,0.000000,0.000000,0.000000,0.000000,0.000000,0.000000,0.000000,0.000000,1,100.000000,,,,,,,,,,,,,,,,,,,,,,
1959,74218,74221,1,Transformer,Closed,Closed,NO,74218,Fixed,NO,74218,NO ,0.000000,0.000100,1.010000,0.990000,Middle,100.000000,345.000000,13.800000,0.000809,0.042031,0.000000,0.000000,0.000000,0.000000,1.000000,1.000000,1.100000,0.900000,0.006250,1.043750,0.000000,0,0.000000,YES,Default,325.428367,0.000000,0.000000,0.000000,0.000000,0.000000,0.000000,0.000000,0.000000,0.000000,0.000000,0.000000,0.000000,0.000000,0.000000,1,100.000000,,,,,,,,,,,,,,,,,,,,,,
1960,74218,74222,1,Transformer,Closed,Closed,NO,74218,Fixed,NO,74218,NO ,0.000000,0.000100,1.010000,0.990000,Middle,100.000000,345.000000,13.800000,0.001856,0.075999,0.000000,0.000000,0.000000,0.000000,1.000000,1.000000,1.100000,0.900000,0.006250,1.043750,0.000000,0,0.000000,YES,Default,121.427989,0.000000,0.000000,0.000000,0.000000,0.000000,0.000000,0.000000,0.000000,0.000000,0.000000,0.000000,0.000000,0.000000,0.000000,1,100.000000,,,,,,,,,,,,,,,,,,,,,,
1961,74224,74223,1,Transformer,Closed,Closed,NO,74224,Fixed,NO,74224,NO ,0.000000,0.000100,1.010000,0.990000,Middle,100.000000,138.000000,345.000000,0.000700,0.032852,0.000000,0.000000,0.000000,0.000000,1.000000,1.000000,1.100000,0.900000,0.006250,1.000000,0.000000,0,0.000000,YES,Default,347.207499,0.000000,0.000000,0.000000,0.000000,0.000000,0.000000,0.000000,0.000000,0.000000,0.000000,0.000000,0.000000,0.000000,0.000000,1,100.000000,,,,,,,,,,,,,,,,,,,,,,
1962,74229,74233,1,Transformer,Closed,Closed,NO,74229,Fixed,NO,74229,NO ,0.000000,0.000100,1.010000,0.990000,Middle,100.000000,138.000000,13.800000,0.008425,0.276315,0.000000,0.000000,0.000000,0.000000,1.000000,1.000000,1.100000,0.900000,0.006250,1.000000,0.000000,0,0.000000,YES,Default,40.214449,0.000000,0.000000,0.000000,0.000000,0.000000,0.000000,0.000000,0.000000,0.000000,0.000000,0.000000,0.000000,0.000000,0.000000,1,100.000000,,,,,,,,,,,,,,,,,,,,,,
1963,74235,74234,1,Transformer,Closed,Closed,NO,74235,Fixed,NO,74235,NO ,0.000000,0.000100,1.010000,0.990000,Middle,100.000000,138.000000,345.000000,0.000472,0.028900,0.000000,0.000000,0.000000,0.000000,1.000000,1.000000,1.100000,0.900000,0.006250,1.000000,0.000000,0,0.000000,YES,Default,432.272148,0.000000,0.000000,0.000000,0.000000,0.000000,0.000000,0.000000,0.000000,0.000000,0.000000,0.000000,0.000000,0.000000,0.000000,1,100.000000,,,,,,,,,,,,,,,,,,,,,,
1964,74234,74236,1,Transformer,Closed,Closed,NO,74234,Fixed,NO,74234,NO ,0.000000,0.000100,1.010000,0.990000,Middle,100.000000,345.000000,20.000000,0.000542,0.033463,0.000000,0.000000,0.000000,0.000000,1.000000,1.000000,1.100000,0.900000,0.006250,1.000000,0.000000,0,0.000000,YES,Default,382.748270,0.000000,0.000000,0.000000,0.000000,0.000000,0.000000,0.000000,0.000000,0.000000,0.000000,0.000000,0.000000,0.000000,0.000000,1,100.000000,,,,,,,,,,,,,,,,,,,,,,
1965,74234,74237,1,Transformer,Closed,Closed,NO,74234,Fixed,NO,74234,NO ,0.000000,0.000100,1.010000,0.990000,Middle,100.000000,345.000000,13.200000,0.000532,0.031947,0.000000,0.000000,0.000000,0.000000,1.000000,1.000000,1.100000,0.900000,0.006250,1.000000,0.000000,0,0.000000,YES,Default,380.997539,0.000000,0.000000,0.000000,0.000000,0.000000,0.000000,0.000000,0.000000,0.000000,0.000000,0.000000,0.000000,0.000000,0.000000,1,100.000000,,,,,,,,,,,,,,,,,,,,,,
1966,74234,74238,1,Transformer,Closed,Closed,NO,74234,Fixed,NO,74234,NO ,0.000000,0.000100,1.010000,0.990000,Middle,100.000000,345.000000,13.800000,0.000391,0.023600,0.000000,0.000000,0.000000,0.000000,1.000000,1.000000,1.100000,0.900000,0.006250,1.000000,0.000000,0,0.000000,YES,Default,380.073547,0.000000,0.000000,0.000000,0.000000,0.000000,0.000000,0.000000,0.000000,0.000000,0.000000,0.000000,0.000000,0.000000,0.000000,1,100.000000,,,,,,,,,,,,,,,,,,,,,,
1967,74234,74239,1,Transformer,Closed,Closed,NO,74234,Fixed,NO,74234,NO ,0.000000,0.000100,1.010000,0.990000,Middle,100.000000,345.000000,13.800000,0.000569,0.028021,0.000000,0.000000,0.000000,0.000000,1.000000,1.000000,1.100000,0.900000,0.006250,1.000000,0.000000,0,0.000000,YES,Default,379.790545,0.000000,0.000000,0.000000,0.000000,0.000000,0.000000,0.000000,0.000000,0.000000,0.000000,0.000000,0.000000,0.000000,0.000000,1,100.000000,,,,,,,,,,,,,,,,,,,,,,
1968,74244,74248,1,Transformer,Closed,Closed,NO,74244,Fixed,NO,74244,NO ,0.000000,0.000100,1.010000,0.990000,Middle,100.000000,138.000000,13.800000,0.020667,0.621194,0.000000,0.000000,0.000000,0.000000,1.000000,1.000000,1.100000,0.900000,0.006250,1.000000,0.000000,0,0.000000,YES,Default,18.005000,0.000000,0.000000,0.000000,0.000000,0.000000,0.000000,0.000000,0.000000,0.000000,0.000000,0.000000,0.000000,0.000000,0.000000,1,100.000000,,,,,,,,,,,,,,,,,,,,,,
1969,74251,74250,1,Transformer,Closed,Closed,NO,74251,Fixed,NO,74251,NO ,0.000000,0.000100,1.010000,0.990000,Middle,100.000000,138.000000,345.000000,0.000404,0.026002,0.000000,0.000000,0.000000,0.000000,1.000000,1.000000,1.100000,0.900000,0.006250,1.000000,0.000000,0,0.000000,YES,Default,405.265808,0.000000,0.000000,0.000000,0.000000,0.000000,0.000000,0.000000,0.000000,0.000000,0.000000,0.000000,0.000000,0.000000,0.000000,1,100.000000,,,,,,,,,,,,,,,,,,,,,,
1970,74250,74252,1,Transformer,Closed,Closed,NO,74250,Fixed,NO,74250,NO ,0.000000,0.000100,1.010000,0.990000,Middle,100.000000,345.000000,18.000000,0.000552,0.034250,0.000000,0.000000,0.000000,0.000000,1.000000,1.000000,1.100000,0.900000,0.006250,1.000000,0.000000,0,0.000000,YES,Default,455.801105,0.000000,0.000000,0.000000,0.000000,0.000000,0.000000,0.000000,0.000000,0.000000,0.000000,0.000000,0.000000,0.000000,0.000000,1,100.000000,,,,,,,,,,,,,,,,,,,,,,
1971,74250,74253,1,Transformer,Closed,Closed,NO,74250,Fixed,NO,74250,NO ,0.000000,0.000100,1.010000,0.990000,Middle,100.000000,345.000000,13.800000,0.000365,0.029243,0.000000,0.000000,0.000000,0.000000,1.000000,1.000000,1.100000,0.900000,0.006250,1.000000,0.000000,0,0.000000,YES,Default,454.742432,0.000000,0.000000,0.000000,0.000000,0.000000,0.000000,0.000000,0.000000,0.000000,0.000000,0.000000,0.000000,0.000000,0.000000,1,100.000000,,,,,,,,,,,,,,,,,,,,,,
1972,74250,74254,1,Transformer,Closed,Closed,NO,74250,Fixed,NO,74250,NO ,0.000000,0.000100,1.010000,0.990000,Middle,100.000000,345.000000,13.800000,0.000859,0.031721,0.000000,0.000000,0.000000,0.000000,1.000000,1.000000,1.100000,0.900000,0.006250,1.000000,0.000000,0,0.000000,YES,Default,453.633356,0.000000,0.000000,0.000000,0.000000,0.000000,0.000000,0.000000,0.000000,0.000000,0.000000,0.000000,0.000000,0.000000,0.000000,1,100.000000,,,,,,,,,,,,,,,,,,,,,,
1973,74250,74255,1,Transformer,Closed,Closed,NO,74250,Fixed,NO,74250,NO ,0.000000,0.000100,1.010000,0.990000,Middle,100.000000,345.000000,13.800000,0.000495,0.027163,0.000000,0.000000,0.000000,0.000000,1.000000,1.000000,1.100000,0.900000,0.006250,1.000000,0.000000,0,0.000000,YES,Default,451.780415,0.000000,0.000000,0.000000,0.000000,0.000000,0.000000,0.000000,0.000000,0.000000,0.000000,0.000000,0.000000,0.000000,0.000000,1,100.000000,,,,,,,,,,,,,,,,,,,,,,
1974,74250,74256,1,Transformer,Closed,Closed,NO,74250,Fixed,NO,74250,NO ,0.000000,0.000100,1.010000,0.990000,Middle,100.000000,345.000000,13.800000,0.000464,0.028792,0.000000,0.000000,0.000000,0.000000,1.000000,1.000000,1.100000,0.900000,0.006250,1.000000,0.000000,0,0.000000,YES,Default,451.195574,0.000000,0.000000,0.000000,0.000000,0.000000,0.000000,0.000000,0.000000,0.000000,0.000000,0.000000,0.000000,0.000000,0.000000,1,100.000000,,,,,,,,,,,,,,,,,,,,,,
1975,74258,74257,1,Transformer,Closed,Closed,NO,74258,LTC,YES,74258,NO ,0.000000,0.000100,1.076000,1.026000,Middle,100.000000,138.000000,345.000000,0.000475,0.034829,0.000000,0.000000,0.000000,0.000000,1.000000,1.000000,1.100000,0.900000,0.006250,1.075000,0.000000,0,0.000000,YES,Default,380.767083,0.000000,0.000000,0.000000,0.000000,0.000000,0.000000,0.000000,0.000000,0.000000,0.000000,0.000000,0.000000,0.000000,0.000000,1,100.000000,,,,,,,,,,,,,,,,,,,,,,
1976,74257,74260,1,Transformer,Closed,Closed,NO,74257,Fixed,NO,74257,NO ,0.000000,0.000100,1.010000,0.990000,Middle,100.000000,345.000000,13.800000,0.001104,0.061723,0.000000,0.000000,0.000000,0.000000,1.000000,1.000000,1.100000,0.900000,0.006250,1.000000,0.000000,0,0.000000,YES,Default,230.101228,0.000000,0.000000,0.000000,0.000000,0.000000,0.000000,0.000000,0.000000,0.000000,0.000000,0.000000,0.000000,0.000000,0.000000,1,100.000000,,,,,,,,,,,,,,,,,,,,,,
1977,74258,74259,1,Transformer,Closed,Closed,NO,74258,Fixed,NO,74258,NO ,0.000000,0.000100,1.010000,0.990000,Middle,100.000000,138.000000,22.000000,0.004471,0.159293,0.000000,0.000000,0.000000,0.000000,1.000000,1.000000,1.100000,0.900000,0.006250,1.043750,0.000000,0,0.000000,YES,Default,77.184200,0.000000,0.000000,0.000000,0.000000,0.000000,0.000000,0.000000,0.000000,0.000000,0.000000,0.000000,0.000000,0.000000,0.000000,1,100.000000,,,,,,,,,,,,,,,,,,,,,,
1978,74262,74263,1,Transformer,Closed,Closed,NO,74262,Fixed,NO,74262,NO ,0.000000,0.000100,1.010000,0.990000,Middle,100.000000,138.000000,18.000000,0.002757,0.072640,0.000000,0.000000,0.000000,0.000000,1.000000,1.000000,1.100000,0.900000,0.006250,1.000000,0.000000,0,0.000000,YES,Default,109.489548,0.000000,0.000000,0.000000,0.000000,0.000000,0.000000,0.000000,0.000000,0.000000,0.000000,0.000000,0.000000,0.000000,0.000000,1,100.000000,,,,,,,,,,,,,,,,,,,,,,
1979,74264,74265,1,Transformer,Closed,Closed,NO,74264,Fixed,NO,74264,NO ,0.000000,0.000100,1.010000,0.990000,Middle,100.000000,138.000000,18.000000,0.024323,0.790719,0.000000,0.000000,0.000000,0.000000,1.000000,1.000000,1.100000,0.900000,0.006250,1.000000,0.000000,0,0.000000,YES,Default,16.509999,0.000000,0.000000,0.000000,0.000000,0.000000,0.000000,0.000000,0.000000,0.000000,0.000000,0.000000,0.000000,0.000000,0.000000,1,100.000000,,,,,,,,,,,,,,,,,,,,,,
1980,74264,74266,1,Transformer,Closed,Closed,NO,74264,Fixed,NO,74264,NO ,0.000000,0.000100,1.010000,0.990000,Middle,100.000000,138.000000,13.800000,0.004654,0.160605,0.000000,0.000000,0.000000,0.000000,1.000000,1.000000,1.100000,0.900000,0.006250,1.000000,0.000000,0,0.000000,YES,Default,59.868574,0.000000,0.000000,0.000000,0.000000,0.000000,0.000000,0.000000,0.000000,0.000000,0.000000,0.000000,0.000000,0.000000,0.000000,1,100.000000,,,,,,,,,,,,,,,,,,,,,,
1981,74272,74276,1,Transformer,Closed,Closed,NO,74272,Fixed,NO,74272,NO ,0.000000,0.000100,1.010000,0.990000,Middle,100.000000,345.000000,13.800000,0.000761,0.038751,0.000000,0.000000,0.000000,0.000000,1.000000,1.000000,1.100000,0.900000,0.006250,1.000000,0.000000,0,0.000000,YES,Default,463.083076,0.000000,0.000000,0.000000,0.000000,0.000000,0.000000,0.000000,0.000000,0.000000,0.000000,0.000000,0.000000,0.000000,0.000000,1,100.000000,,,,,,,,,,,,,,,,,,,,,,
1982,74272,74277,1,Transformer,Closed,Closed,NO,74272,Fixed,NO,74272,NO ,0.000000,0.000100,1.010000,0.990000,Middle,100.000000,345.000000,13.800000,0.000274,0.021268,0.000000,0.000000,0.000000,0.000000,1.000000,1.000000,1.100000,0.900000,0.006250,1.000000,0.000000,0,0.000000,YES,Default,462.780476,0.000000,0.000000,0.000000,0.000000,0.000000,0.000000,0.000000,0.000000,0.000000,0.000000,0.000000,0.000000,0.000000,0.000000,1,100.000000,,,,,,,,,,,,,,,,,,,,,,
1983,74272,74278,1,Transformer,Closed,Closed,NO,74272,Fixed,NO,74272,NO ,0.000000,0.000100,1.010000,0.990000,Middle,100.000000,345.000000,13.800000,0.000517,0.034667,0.000000,0.000000,0.000000,0.000000,1.000000,1.000000,1.100000,0.900000,0.006250,1.000000,0.000000,0,0.000000,YES,Default,461.177588,0.000000,0.000000,0.000000,0.000000,0.000000,0.000000,0.000000,0.000000,0.000000,0.000000,0.000000,0.000000,0.000000,0.000000,1,100.000000,,,,,,,,,,,,,,,,,,,,,,
1984,74279,74280,1,Transformer,Closed,Closed,NO,74279,Fixed,NO,74279,NO ,0.000000,0.000100,1.010000,0.990000,Middle,100.000000,138.000000,18.000000,0.003834,0.103195,0.000000,0.000000,0.000000,0.000000,1.000000,1.000000,1.100000,0.900000,0.006250,1.056250,0.000000,0,0.000000,YES,Default,155.610001,0.000000,0.000000,0.000000,0.000000,0.000000,0.000000,0.000000,0.000000,0.000000,0.000000,0.000000,0.000000,0.000000,0.000000,1,100.000000,,,,,,,,,,,,,,,,,,,,,,
1985,74281,74282,1,Transformer,Closed,Closed,NO,74281,Fixed,NO,74281,NO ,0.000000,0.000100,1.010000,0.990000,Middle,100.000000,138.000000,13.800000,0.009031,0.310547,0.000000,0.000000,0.000000,0.000000,1.000000,1.000000,1.100000,0.900000,0.006250,1.000000,0.000000,0,0.000000,YES,Default,43.383434,0.000000,0.000000,0.000000,0.000000,0.000000,0.000000,0.000000,0.000000,0.000000,0.000000,0.000000,0.000000,0.000000,0.000000,1,100.000000,,,,,,,,,,,,,,,,,,,,,,
1986,74281,74283,1,Transformer,Closed,Closed,NO,74281,Fixed,NO,74281,NO ,0.000000,0.000100,1.010000,0.990000,Middle,100.000000,138.000000,13.800000,0.006970,0.210387,0.000000,0.000000,0.000000,0.000000,1.000000,1.000000,1.100000,0.900000,0.006250,1.000000,0.000000,0,0.000000,YES,Default,43.333420,0.000000,0.000000,0.000000,0.000000,0.000000,0.000000,0.000000,0.000000,0.000000,0.000000,0.000000,0.000000,0.000000,0.000000,1,100.000000,,,,,,,,,,,,,,,,,,,,,,
1987,74287,74291,1,Transformer,Closed,Closed,NO,74287,Fixed,NO,74287,NO ,0.000000,0.000100,1.010000,0.990000,Middle,100.000000,138.000000,20.000000,0.017569,0.530748,0.000000,0.000000,0.000000,0.000000,1.000000,1.000000,1.100000,0.900000,0.006250,1.000000,0.000000,0,0.000000,YES,Default,17.550001,0.000000,0.000000,0.000000,0.000000,0.000000,0.000000,0.000000,0.000000,0.000000,0.000000,0.000000,0.000000,0.000000,0.000000,1,100.000000,,,,,,,,,,,,,,,,,,,,,,
1988,74287,74292,1,Transformer,Closed,Closed,NO,74287,Fixed,NO,74287,NO ,0.000000,0.000100,1.010000,0.990000,Middle,100.000000,138.000000,13.800000,0.021531,0.675089,0.000000,0.000000,0.000000,0.000000,1.000000,1.000000,1.100000,0.900000,0.006250,1.000000,0.000000,0,0.000000,YES,Default,15.600000,0.000000,0.000000,0.000000,0.000000,0.000000,0.000000,0.000000,0.000000,0.000000,0.000000,0.000000,0.000000,0.000000,0.000000,1,100.000000,,,,,,,,,,,,,,,,,,,,,,
1989,74296,74295,1,Transformer,Closed,Closed,NO,74296,LTC,YES,74296,NO ,0.000000,0.000100,1.075000,1.025000,Middle,100.000000,138.000000,345.000000,0.000287,0.017837,0.000000,0.000000,0.000000,0.000000,1.000000,1.000000,1.100000,0.900000,0.006250,1.050000,0.000000,0,0.000000,YES,Default,315.627503,0.000000,0.000000,0.000000,0.000000,0.000000,0.000000,0.000000,0.000000,0.000000,0.000000,0.000000,0.000000,0.000000,0.000000,1,100.000000,,,,,,,,,,,,,,,,,,,,,,
1990,74297,74298,1,Transformer,Closed,Closed,NO,74297,Fixed,NO,74297,NO ,0.000000,0.000100,1.010000,0.990000,Middle,100.000000,138.000000,13.800000,0.005065,0.168197,0.000000,0.000000,0.000000,0.000000,1.000000,1.000000,1.100000,0.900000,0.006250,1.018750,0.000000,0,0.000000,YES,Default,75.592160,0.000000,0.000000,0.000000,0.000000,0.000000,0.000000,0.000000,0.000000,0.000000,0.000000,0.000000,0.000000,0.000000,0.000000,1,100.000000,,,,,,,,,,,,,,,,,,,,,,
1991,74300,74301,1,Transformer,Closed,Closed,NO,74300,Fixed,NO,74300,NO ,0.000000,0.000100,1.010000,0.990000,Middle,100.000000,138.000000,13.800000,0.016374,0.486663,0.000000,0.000000,0.000000,0.000000,1.000000,1.000000,1.100000,0.900000,0.006250,1.043750,0.000000,0,0.000000,YES,Default,18.200000,0.000000,0.000000,0.000000,0.000000,0.000000,0.000000,0.000000,0.000000,0.000000,0.000000,0.000000,0.000000,0.000000,0.000000,1,100.000000,,,,,,,,,,,,,,,,,,,,,,
1992,74300,74302,1,Transformer,Closed,Closed,NO,74300,Fixed,NO,74300,NO ,0.000000,0.000100,1.010000,0.990000,Middle,100.000000,138.000000,13.200000,0.002214,0.077993,0.000000,0.000000,0.000000,0.000000,1.000000,1.000000,1.100000,0.900000,0.006250,1.025000,0.000000,0,0.000000,YES,Default,64.355713,0.000000,0.000000,0.000000,0.000000,0.000000,0.000000,0.000000,0.000000,0.000000,0.000000,0.000000,0.000000,0.000000,0.000000,1,100.000000,,,,,,,,,,,,,,,,,,,,,,
1993,74304,74305,1,Transformer,Closed,Closed,NO,74304,Fixed,NO,74304,NO ,0.000000,0.000100,1.010000,0.990000,Middle,100.000000,138.000000,13.800000,0.005065,0.172932,0.000000,0.000000,0.000000,0.000000,1.000000,1.000000,1.100000,0.900000,0.006250,1.037500,0.000000,0,0.000000,YES,Default,66.071230,0.000000,0.000000,0.000000,0.000000,0.000000,0.000000,0.000000,0.000000,0.000000,0.000000,0.000000,0.000000,0.000000,0.000000,1,100.000000,,,,,,,,,,,,,,,,,,,,,,
1994,74309,74308,1,Transformer,Closed,Closed,NO,74309,LTC,YES,74309,NO ,0.000000,0.000100,1.070000,1.020000,Middle,100.000000,138.000000,345.000000,0.000527,0.021146,0.000000,0.000000,0.000000,0.000000,1.000000,1.000000,1.100000,0.900000,0.006250,1.062500,0.000000,0,0.000000,YES,Default,392.866826,0.000000,0.000000,0.000000,0.000000,0.000000,0.000000,0.000000,0.000000,0.000000,0.000000,0.000000,0.000000,0.000000,0.000000,1,100.000000,,,,,,,,,,,,,,,,,,,,,,
1995,74308,74310,1,Transformer,Closed,Closed,NO,74308,Fixed,NO,74308,NO ,0.000000,0.000100,1.010000,0.990000,Middle,100.000000,345.000000,13.800000,0.000649,0.041036,0.000000,0.000000,0.000000,0.000000,1.000000,1.000000,1.100000,0.900000,0.006250,1.012500,0.000000,0,0.000000,YES,Default,457.721233,0.000000,0.000000,0.000000,0.000000,0.000000,0.000000,0.000000,0.000000,0.000000,0.000000,0.000000,0.000000,0.000000,0.000000,1,100.000000,,,,,,,,,,,,,,,,,,,,,,
1996,74312,74311,1,Transformer,Closed,Closed,NO,74312,Fixed,NO,74312,NO ,0.000000,0.000100,1.010000,0.990000,Middle,100.000000,138.000000,345.000000,0.000348,0.023101,0.000000,0.000000,0.000000,0.000000,1.000000,1.000000,1.100000,0.900000,0.006250,1.000000,0.000000,0,0.000000,YES,Default,406.307840,0.000000,0.000000,0.000000,0.000000,0.000000,0.000000,0.000000,0.000000,0.000000,0.000000,0.000000,0.000000,0.000000,0.000000,1,100.000000,,,,,,,,,,,,,,,,,,,,,,
1997,74312,74316,1,Transformer,Closed,Closed,NO,74312,Fixed,NO,74312,NO ,0.000000,0.000100,1.010000,0.990000,Middle,100.000000,138.000000,13.800000,0.005372,0.180146,0.000000,0.000000,0.000000,0.000000,1.000000,1.000000,1.100000,0.900000,0.006250,1.000000,0.000000,0,0.000000,YES,Default,65.335441,0.000000,0.000000,0.000000,0.000000,0.000000,0.000000,0.000000,0.000000,0.000000,0.000000,0.000000,0.000000,0.000000,0.000000,1,100.000000,,,,,,,,,,,,,,,,,,,,,,
1998,74318,74317,1,Transformer,Closed,Closed,NO,74318,Fixed,NO,74318,NO ,0.000000,0.000100,1.010000,0.990000,Middle,100.000000,161.000000,345.000000,0.000692,0.035513,0.000000,0.000000,0.000000,0.000000,1.000000,1.000000,1.100000,0.900000,0.006250,1.000000,0.000000,0,0.000000,YES,Default,275.051141,0.000000,0.000000,0.000000,0.000000,0.000000,0.000000,0.000000,0.000000,0.000000,0.000000,0.000000,0.000000,0.000000,0.000000,1,100.000000,,,,,,,,,,,,,,,,,,,,,,
1999,74319,74318,1,Transformer,Closed,Closed,NO,74319,Fixed,NO,74319,NO ,0.000000,0.000100,1.010000,0.990000,Middle,100.000000,138.000000,161.000000,0.002788,0.088801,0.000000,0.000000,0.000000,0.000000,1.000000,1.000000,1.100000,0.900000,0.006250,1.000000,0.000000,0,0.000000,YES,Default,81.147110,0.000000,0.000000,0.000000,0.000000,0.000000,0.000000,0.000000,0.000000,0.000000,0.000000,0.000000,0.000000,0.000000,0.000000,1,100.000000,,,,,,,,,,,,,,,,,,,,,,
2000,74321,74322,1,Transformer,Closed,Closed,NO,74321,Fixed,NO,74321,NO ,0.000000,0.000100,1.010000,0.990000,Middle,100.000000,138.000000,13.800000,0.003339,0.101996,0.000000,0.000000,0.000000,0.000000,1.000000,1.000000,1.100000,0.900000,0.006250,1.000000,0.000000,0,0.000000,YES,Default,93.803781,0.000000,0.000000,0.000000,0.000000,0.000000,0.000000,0.000000,0.000000,0.000000,0.000000,0.000000,0.000000,0.000000,0.000000,1,100.000000,,,,,,,,,,,,,,,,,,,,,,
2001,74324,74323,1,Transformer,Closed,Closed,NO,74324,Fixed,NO,74324,NO ,0.000000,0.000100,1.010000,0.990000,Middle,100.000000,138.000000,345.000000,0.000304,0.024670,0.000000,0.000000,0.000000,0.000000,1.000000,1.000000,1.100000,0.900000,0.006250,1.000000,0.000000,0,0.000000,YES,Default,238.617420,0.000000,0.000000,0.000000,0.000000,0.000000,0.000000,0.000000,0.000000,0.000000,0.000000,0.000000,0.000000,0.000000,0.000000,1,100.000000,,,,,,,,,,,,,,,,,,,,,,
2002,74327,74326,1,Transformer,Closed,Closed,NO,74327,Fixed,NO,74327,NO ,0.000000,0.000100,1.010000,0.990000,Middle,100.000000,138.000000,345.000000,0.000717,0.031889,0.000000,0.000000,0.000000,0.000000,1.000000,1.000000,1.100000,0.900000,0.006250,1.012500,0.000000,0,0.000000,YES,Default,461.620140,0.000000,0.000000,0.000000,0.000000,0.000000,0.000000,0.000000,0.000000,0.000000,0.000000,0.000000,0.000000,0.000000,0.000000,1,100.000000,,,,,,,,,,,,,,,,,,,,,,
2003,74326,74328,1,Transformer,Closed,Closed,NO,74326,Fixed,NO,74326,NO ,0.000000,0.000100,1.010000,0.990000,Middle,100.000000,345.000000,13.800000,0.000345,0.027075,0.000000,0.000000,0.000000,0.000000,1.000000,1.000000,1.100000,0.900000,0.006250,1.000000,0.000000,0,0.000000,YES,Default,502.712631,0.000000,0.000000,0.000000,0.000000,0.000000,0.000000,0.000000,0.000000,0.000000,0.000000,0.000000,0.000000,0.000000,0.000000,1,100.000000,,,,,,,,,,,,,,,,,,,,,,
2004,74326,74329,1,Transformer,Closed,Closed,NO,74326,Fixed,NO,74326,NO ,0.000000,0.000100,1.010000,0.990000,Middle,100.000000,345.000000,13.800000,0.000414,0.026165,0.000000,0.000000,0.000000,0.000000,1.000000,1.000000,1.100000,0.900000,0.006250,1.000000,0.000000,0,0.000000,YES,Default,502.594805,0.000000,0.000000,0.000000,0.000000,0.000000,0.000000,0.000000,0.000000,0.000000,0.000000,0.000000,0.000000,0.000000,0.000000,1,100.000000,,,,,,,,,,,,,,,,,,,,,,
2005,74331,74332,1,Transformer,Closed,Closed,NO,74331,Fixed,NO,74331,NO ,0.000000,0.000100,1.010000,0.990000,Middle,100.000000,138.000000,18.000000,0.013158,0.396474,0.000000,0.000000,0.000000,0.000000,1.000000,1.000000,1.100000,0.900000,0.006250,1.043750,0.000000,0,0.000000,YES,Default,26.019326,0.000000,0.000000,0.000000,0.000000,0.000000,0.000000,0.000000,0.000000,0.000000,0.000000,0.000000,0.000000,0.000000,0.000000,1,100.000000,,,,,,,,,,,,,,,,,,,,,,
2006,74331,74333,1,Transformer,Closed,Closed,NO,74331,Fixed,NO,74331,NO ,0.000000,0.000100,1.010000,0.990000,Middle,100.000000,138.000000,22.000000,0.021693,0.600090,0.000000,0.000000,0.000000,0.000000,1.000000,1.000000,1.100000,0.900000,0.006250,1.037500,0.000000,0,0.000000,YES,Default,21.450000,0.000000,0.000000,0.000000,0.000000,0.000000,0.000000,0.000000,0.000000,0.000000,0.000000,0.000000,0.000000,0.000000,0.000000,1,100.000000,,,,,,,,,,,,,,,,,,,,,,
2007,77052,77051,1,Transformer,Closed,Closed,NO,77052,Fixed,NO,77052,NO ,0.000000,0.000100,1.010000,0.990000,Middle,100.000000,138.000000,345.000000,0.000634,0.033657,0.000000,0.000000,0.000000,0.000000,1.000000,1.000000,1.100000,0.900000,0.006250,1.000000,0.000000,0,0.000000,YES,Default,493.714905,0.000000,0.000000,0.000000,0.000000,0.000000,0.000000,0.000000,0.000000,0.000000,0.000000,0.000000,0.000000,0.000000,0.000000,1,100.000000,,,,,,,,,,,,,,,,,,,,,,
2008,77134,77133,1,Transformer,Closed,Closed,NO,77134,LTC,YES,77134,NO ,0.000000,0.000100,1.069000,1.019000,Middle,100.000000,138.000000,345.000000,0.000512,0.027607,0.000000,0.000000,0.000000,0.000000,1.000000,1.000000,1.100000,0.900000,0.006250,1.075000,0.000000,0,0.000000,YES,Default,476.737547,0.000000,0.000000,0.000000,0.000000,0.000000,0.000000,0.000000,0.000000,0.000000,0.000000,0.000000,0.000000,0.000000,0.000000,1,100.000000,,,,,,,,,,,,,,,,,,,,,,
2009,77186,77185,1,Transformer,Closed,Closed,NO,77186,LTC,YES,77186,NO ,0.000000,0.000100,1.064000,1.014000,Middle,100.000000,138.000000,345.000000,0.000486,0.033516,0.000000,0.000000,0.000000,0.000000,1.000000,1.000000,1.100000,0.900000,0.006250,0.975000,0.000000,0,0.000000,YES,Default,426.666117,0.000000,0.000000,0.000000,0.000000,0.000000,0.000000,0.000000,0.000000,0.000000,0.000000,0.000000,0.000000,0.000000,0.000000,1,100.000000,,,,,,,,,,,,,,,,,,,,,,
2010,77185,77187,1,Transformer,Closed,Closed,NO,77185,Fixed,NO,77185,NO ,0.000000,0.000100,1.010000,0.990000,Middle,100.000000,345.000000,24.000000,0.000468,0.032343,0.000000,0.000000,0.000000,0.000000,1.000000,1.000000,1.100000,0.900000,0.006250,1.043750,0.000000,0,0.000000,YES,Default,431.366920,0.000000,0.000000,0.000000,0.000000,0.000000,0.000000,0.000000,0.000000,0.000000,0.000000,0.000000,0.000000,0.000000,0.000000,1,100.000000,,,,,,,,,,,,,,,,,,,,,,
2011,77185,77188,1,Transformer,Closed,Closed,NO,77185,Fixed,NO,77185,NO ,0.000000,0.000100,1.010000,0.990000,Middle,100.000000,345.000000,13.200000,0.000409,0.028811,0.000000,0.000000,0.000000,0.000000,1.000000,1.000000,1.100000,0.900000,0.006250,1.043750,0.000000,0,0.000000,YES,Default,425.283194,0.000000,0.000000,0.000000,0.000000,0.000000,0.000000,0.000000,0.000000,0.000000,0.000000,0.000000,0.000000,0.000000,0.000000,1,100.000000,,,,,,,,,,,,,,,,,,,,,,
2012,77185,77189,1,Transformer,Closed,Closed,NO,77185,Fixed,NO,77185,NO ,0.000000,0.000100,1.010000,0.990000,Middle,100.000000,345.000000,13.800000,0.000597,0.033801,0.000000,0.000000,0.000000,0.000000,1.000000,1.000000,1.100000,0.900000,0.006250,1.043750,0.000000,0,0.000000,YES,Default,423.515654,0.000000,0.000000,0.000000,0.000000,0.000000,0.000000,0.000000,0.000000,0.000000,0.000000,0.000000,0.000000,0.000000,0.000000,1,100.000000,,,,,,,,,,,,,,,,,,,,,,
2013,77185,77190,1,Transformer,Closed,Closed,NO,77185,Fixed,NO,77185,NO ,0.000000,0.000100,1.010000,0.990000,Middle,100.000000,345.000000,20.000000,0.000474,0.029025,0.000000,0.000000,0.000000,0.000000,1.000000,1.000000,1.100000,0.900000,0.006250,1.043750,0.000000,0,0.000000,YES,Default,423.106337,0.000000,0.000000,0.000000,0.000000,0.000000,0.000000,0.000000,0.000000,0.000000,0.000000,0.000000,0.000000,0.000000,0.000000,1,100.000000,,,,,,,,,,,,,,,,,,,,,,
2014,77185,77191,1,Transformer,Closed,Closed,NO,77185,Fixed,NO,77185,NO ,0.000000,0.000100,1.010000,0.990000,Middle,100.000000,345.000000,13.800000,0.000572,0.027078,0.000000,0.000000,0.000000,0.000000,1.000000,1.000000,1.100000,0.900000,0.006250,1.043750,0.000000,0,0.000000,YES,Default,422.708607,0.000000,0.000000,0.000000,0.000000,0.000000,0.000000,0.000000,0.000000,0.000000,0.000000,0.000000,0.000000,0.000000,0.000000,1,100.000000,,,,,,,,,,,,,,,,,,,,,,
2015,77194,77193,1,Transformer,Closed,Closed,NO,77194,LTC,YES,77194,NO ,0.000000,0.000100,1.074000,1.024000,Middle,100.000000,138.000000,345.000000,0.000363,0.024193,0.000000,0.000000,0.000000,0.000000,1.000000,1.000000,1.100000,0.900000,0.006250,1.006250,0.000000,0,0.000000,YES,Default,447.903728,0.000000,0.000000,0.000000,0.000000,0.000000,0.000000,0.000000,0.000000,0.000000,0.000000,0.000000,0.000000,0.000000,0.000000,1,100.000000,,,,,,,,,,,,,,,,,,,,,,
2016,77193,77195,1,Transformer,Closed,Closed,NO,77193,Fixed,NO,77193,NO ,0.000000,0.000100,1.010000,0.990000,Middle,100.000000,345.000000,13.800000,0.000363,0.019386,0.000000,0.000000,0.000000,0.000000,1.000000,1.000000,1.100000,0.900000,0.006250,1.000000,0.000000,0,0.000000,YES,Default,386.792254,0.000000,0.000000,0.000000,0.000000,0.000000,0.000000,0.000000,0.000000,0.000000,0.000000,0.000000,0.000000,0.000000,0.000000,1,100.000000,,,,,,,,,,,,,,,,,,,,,,
2017,77193,77196,1,Transformer,Closed,Closed,NO,77193,Fixed,NO,77193,NO ,0.000000,0.000100,1.010000,0.990000,Middle,100.000000,345.000000,18.000000,0.000551,0.029839,0.000000,0.000000,0.000000,0.000000,1.000000,1.000000,1.100000,0.900000,0.006250,1.000000,0.000000,0,0.000000,YES,Default,386.610055,0.000000,0.000000,0.000000,0.000000,0.000000,0.000000,0.000000,0.000000,0.000000,0.000000,0.000000,0.000000,0.000000,0.000000,1,100.000000,,,,,,,,,,,,,,,,,,,,,,
2018,77193,77197,1,Transformer,Closed,Closed,NO,77193,Fixed,NO,77193,NO ,0.000000,0.000100,1.010000,0.990000,Middle,100.000000,345.000000,13.800000,0.000786,0.035157,0.000000,0.000000,0.000000,0.000000,1.000000,1.000000,1.100000,0.900000,0.006250,1.000000,0.000000,0,0.000000,YES,Default,386.315417,0.000000,0.000000,0.000000,0.000000,0.000000,0.000000,0.000000,0.000000,0.000000,0.000000,0.000000,0.000000,0.000000,0.000000,1,100.000000,,,,,,,,,,,,,,,,,,,,,,
2019,77198,77199,1,Transformer,Closed,Closed,NO,77198,Fixed,NO,77198,NO ,0.000000,0.000100,1.010000,0.990000,Middle,100.000000,138.000000,13.800000,0.008098,0.206059,0.000000,0.000000,0.000000,0.000000,1.000000,1.000000,1.100000,0.900000,0.006250,1.000000,0.000000,0,0.000000,YES,Default,80.584979,0.000000,0.000000,0.000000,0.000000,0.000000,0.000000,0.000000,0.000000,0.000000,0.000000,0.000000,0.000000,0.000000,0.000000,1,100.000000,,,,,,,,,,,,,,,,,,,,,,
2020,77203,77202,1,Transformer,Closed,Closed,NO,77203,LTC,YES,77203,NO ,0.000000,0.000100,1.076000,1.026000,Middle,100.000000,138.000000,345.000000,0.000684,0.033461,0.000000,0.000000,0.000000,0.000000,1.000000,1.000000,1.100000,0.900000,0.006250,1.012500,0.000000,0,0.000000,YES,Default,286.093950,0.000000,0.000000,0.000000,0.000000,0.000000,0.000000,0.000000,0.000000,0.000000,0.000000,0.000000,0.000000,0.000000,0.000000,1,100.000000,,,,,,,,,,,,,,,,,,,,,,
2021,77202,77204,1,Transformer,Closed,Closed,NO,77202,Fixed,NO,77202,NO ,0.000000,0.000100,1.010000,0.990000,Middle,100.000000,345.000000,18.000000,0.000217,0.014423,0.000000,0.000000,0.000000,0.000000,1.000000,1.000000,1.100000,0.900000,0.006250,1.000000,0.000000,0,0.000000,YES,Default,436.071968,0.000000,0.000000,0.000000,0.000000,0.000000,0.000000,0.000000,0.000000,0.000000,0.000000,0.000000,0.000000,0.000000,0.000000,1,100.000000,,,,,,,,,,,,,,,,,,,,,,
2022,77206,77207,1,Transformer,Closed,Closed,NO,77206,Fixed,NO,77206,NO ,0.000000,0.000100,1.010000,0.990000,Middle,100.000000,138.000000,13.800000,0.011820,0.371640,0.000000,0.000000,0.000000,0.000000,1.000000,1.000000,1.100000,0.900000,0.006250,0.987500,0.000000,0,0.000000,YES,Default,32.178408,0.000000,0.000000,0.000000,0.000000,0.000000,0.000000,0.000000,0.000000,0.000000,0.000000,0.000000,0.000000,0.000000,0.000000,1,100.000000,,,,,,,,,,,,,,,,,,,,,,
2023,77209,77213,1,Transformer,Closed,Closed,NO,77209,Fixed,NO,77209,NO ,0.000000,0.000100,1.010000,0.990000,Middle,100.000000,345.000000,13.800000,0.000169,0.013693,0.000000,0.000000,0.000000,0.000000,1.000000,1.000000,1.100000,0.900000,0.006250,1.031250,0.000000,0,0.000000,YES,Default,506.742430,0.000000,0.000000,0.000000,0.000000,0.000000,0.000000,0.000000,0.000000,0.000000,0.000000,0.000000,0.000000,0.000000,0.000000,1,100.000000,,,,,,,,,,,,,,,,,,,,,,
2024,77215,77214,1,Transformer,Closed,Closed,NO,77215,Fixed,NO,77215,NO ,0.000000,0.000100,1.010000,0.990000,Middle,100.000000,138.000000,345.000000,0.000401,0.023471,0.000000,0.000000,0.000000,0.000000,1.000000,1.000000,1.100000,0.900000,0.006250,1.000000,0.000000,0,0.000000,YES,Default,562.427855,0.000000,0.000000,0.000000,0.000000,0.000000,0.000000,0.000000,0.000000,0.000000,0.000000,0.000000,0.000000,0.000000,0.000000,1,100.000000,,,,,,,,,,,,,,,,,,,,,,
2025,77214,77216,1,Transformer,Closed,Closed,NO,77214,Fixed,NO,77214,NO ,0.000000,0.000100,1.010000,0.990000,Middle,100.000000,345.000000,13.800000,0.000835,0.040126,0.000000,0.000000,0.000000,0.000000,1.000000,1.000000,1.100000,0.900000,0.006250,1.000000,0.000000,0,0.000000,YES,Default,375.929427,0.000000,0.000000,0.000000,0.000000,0.000000,0.000000,0.000000,0.000000,0.000000,0.000000,0.000000,0.000000,0.000000,0.000000,1,100.000000,,,,,,,,,,,,,,,,,,,,,,
2026,77214,77217,1,Transformer,Closed,Closed,NO,77214,Fixed,NO,77214,NO ,0.000000,0.000100,1.010000,0.990000,Middle,100.000000,345.000000,13.800000,0.000444,0.028722,0.000000,0.000000,0.000000,0.000000,1.000000,1.000000,1.100000,0.900000,0.006250,0.993750,0.000000,0,0.000000,YES,Default,374.667144,0.000000,0.000000,0.000000,0.000000,0.000000,0.000000,0.000000,0.000000,0.000000,0.000000,0.000000,0.000000,0.000000,0.000000,1,100.000000,,,,,,,,,,,,,,,,,,,,,,
2027,77214,77218,1,Transformer,Closed,Closed,NO,77214,Fixed,NO,77214,NO ,0.000000,0.000100,1.010000,0.990000,Middle,100.000000,345.000000,18.000000,0.000620,0.036735,0.000000,0.000000,0.000000,0.000000,1.000000,1.000000,1.100000,0.900000,0.006250,0.993750,0.000000,0,0.000000,YES,Default,373.592305,0.000000,0.000000,0.000000,0.000000,0.000000,0.000000,0.000000,0.000000,0.000000,0.000000,0.000000,0.000000,0.000000,0.000000,1,100.000000,,,,,,,,,,,,,,,,,,,,,,
2028,77214,77219,1,Transformer,Closed,Closed,NO,77214,Fixed,NO,77214,NO ,0.000000,0.000100,1.010000,0.990000,Middle,100.000000,345.000000,13.800000,0.000732,0.029119,0.000000,0.000000,0.000000,0.000000,1.000000,1.000000,1.100000,0.900000,0.006250,0.993750,0.000000,0,0.000000,YES,Default,373.393202,0.000000,0.000000,0.000000,0.000000,0.000000,0.000000,0.000000,0.000000,0.000000,0.000000,0.000000,0.000000,0.000000,0.000000,1,100.000000,,,,,,,,,,,,,,,,,,,,,,
2029,77222,77221,1,Transformer,Closed,Closed,NO,77222,LTC,YES,77222,NO ,0.000000,0.000100,1.065000,1.015000,Middle,100.000000,138.000000,345.000000,0.000518,0.031099,0.000000,0.000000,0.000000,0.000000,1.000000,1.000000,1.100000,0.900000,0.006250,1.012500,0.000000,0,0.000000,YES,Default,439.988565,0.000000,0.000000,0.000000,0.000000,0.000000,0.000000,0.000000,0.000000,0.000000,0.000000,0.000000,0.000000,0.000000,0.000000,1,100.000000,,,,,,,,,,,,,,,,,,,,,,
2030,77221,77223,1,Transformer,Closed,Closed,NO,77221,Fixed,NO,77221,NO ,0.000000,0.000100,1.010000,0.990000,Middle,100.000000,345.000000,13.800000,0.000483,0.030520,0.000000,0.000000,0.000000,0.000000,1.000000,1.000000,1.100000,0.900000,0.006250,1.000000,0.000000,0,0.000000,YES,Default,439.301729,0.000000,0.000000,0.000000,0.000000,0.000000,0.000000,0.000000,0.000000,0.000000,0.000000,0.000000,0.000000,0.000000,0.000000,1,100.000000,,,,,,,,,,,,,,,,,,,,,,
2031,77221,77224,1,Transformer,Closed,Closed,NO,77221,Fixed,NO,77221,NO ,0.000000,0.000100,1.010000,0.990000,Middle,100.000000,345.000000,13.800000,0.000413,0.026706,0.000000,0.000000,0.000000,0.000000,1.000000,1.000000,1.100000,0.900000,0.006250,1.000000,0.000000,0,0.000000,YES,Default,437.487650,0.000000,0.000000,0.000000,0.000000,0.000000,0.000000,0.000000,0.000000,0.000000,0.000000,0.000000,0.000000,0.000000,0.000000,1,100.000000,,,,,,,,,,,,,,,,,,,,,,
2032,77221,77225,1,Transformer,Closed,Closed,NO,77221,Fixed,NO,77221,NO ,0.000000,0.000100,1.010000,0.990000,Middle,100.000000,345.000000,18.000000,0.000649,0.035787,0.000000,0.000000,0.000000,0.000000,1.000000,1.000000,1.100000,0.900000,0.006250,1.000000,0.000000,0,0.000000,YES,Default,436.696959,0.000000,0.000000,0.000000,0.000000,0.000000,0.000000,0.000000,0.000000,0.000000,0.000000,0.000000,0.000000,0.000000,0.000000,1,100.000000,,,,,,,,,,,,,,,,,,,,,,
2033,77221,77226,1,Transformer,Closed,Closed,NO,77221,Fixed,NO,77221,NO ,0.000000,0.000100,1.010000,0.990000,Middle,100.000000,345.000000,13.800000,0.000476,0.036551,0.000000,0.000000,0.000000,0.000000,1.000000,1.000000,1.100000,0.900000,0.006250,1.000000,0.000000,0,0.000000,YES,Default,436.530972,0.000000,0.000000,0.000000,0.000000,0.000000,0.000000,0.000000,0.000000,0.000000,0.000000,0.000000,0.000000,0.000000,0.000000,1,100.000000,,,,,,,,,,,,,,,,,,,,,,
2034,77229,77228,1,Transformer,Closed,Closed,NO,77229,Fixed,NO,77229,NO ,0.000000,0.000100,1.010000,0.990000,Middle,100.000000,138.000000,345.000000,0.000588,0.043486,0.000000,0.000000,0.000000,0.000000,1.000000,1.000000,1.100000,0.900000,0.006250,1.000000,0.000000,0,0.000000,YES,Default,403.959560,0.000000,0.000000,0.000000,0.000000,0.000000,0.000000,0.000000,0.000000,0.000000,0.000000,0.000000,0.000000,0.000000,0.000000,1,100.000000,,,,,,,,,,,,,,,,,,,,,,
2035,77232,77236,1,Transformer,Closed,Closed,NO,77232,Fixed,NO,77232,NO ,0.000000,0.000100,1.010000,0.990000,Middle,100.000000,345.000000,18.000000,0.000541,0.032773,0.000000,0.000000,0.000000,0.000000,1.000000,1.000000,1.100000,0.900000,0.006250,1.025000,0.000000,0,0.000000,YES,Default,393.262935,0.000000,0.000000,0.000000,0.000000,0.000000,0.000000,0.000000,0.000000,0.000000,0.000000,0.000000,0.000000,0.000000,0.000000,1,100.000000,,,,,,,,,,,,,,,,,,,,,,
2036,77232,77237,1,Transformer,Closed,Closed,NO,77232,Fixed,NO,77232,NO ,0.000000,0.000100,1.010000,0.990000,Middle,100.000000,345.000000,22.000000,0.000560,0.036667,0.000000,0.000000,0.000000,0.000000,1.000000,1.000000,1.100000,0.900000,0.006250,1.025000,0.000000,0,0.000000,YES,Default,393.047571,0.000000,0.000000,0.000000,0.000000,0.000000,0.000000,0.000000,0.000000,0.000000,0.000000,0.000000,0.000000,0.000000,0.000000,1,100.000000,,,,,,,,,,,,,,,,,,,,,,
2037,77232,77238,1,Transformer,Closed,Closed,NO,77232,Fixed,NO,77232,NO ,0.000000,0.000100,1.010000,0.990000,Middle,100.000000,345.000000,13.800000,0.000724,0.042178,0.000000,0.000000,0.000000,0.000000,1.000000,1.000000,1.100000,0.900000,0.006250,1.025000,0.000000,0,0.000000,YES,Default,392.697167,0.000000,0.000000,0.000000,0.000000,0.000000,0.000000,0.000000,0.000000,0.000000,0.000000,0.000000,0.000000,0.000000,0.000000,1,100.000000,,,,,,,,,,,,,,,,,,,,,,
2038,77239,77243,1,Transformer,Closed,Closed,NO,77239,Fixed,NO,77239,NO ,0.000000,0.000100,1.010000,0.990000,Middle,100.000000,345.000000,13.800000,0.000506,0.037338,0.000000,0.000000,0.000000,0.000000,1.000000,1.000000,0.440000,0.360000,0.002500,0.417500,0.000000,0,0.000000,YES,Default,396.263123,0.000000,0.000000,0.000000,0.000000,0.000000,0.000000,0.000000,0.000000,0.000000,0.000000,0.000000,0.000000,0.000000,0.000000,1,100.000000,,,,,,,,,,,,,,,,,,,,,,
2039,77239,77244,1,Transformer,Closed,Closed,NO,77239,Fixed,NO,77239,NO ,0.000000,0.000100,1.010000,0.990000,Middle,100.000000,345.000000,18.000000,0.000374,0.023462,0.000000,0.000000,0.000000,0.000000,1.000000,1.000000,0.440000,0.360000,0.002500,0.417500,0.000000,0,0.000000,YES,Default,395.942092,0.000000,0.000000,0.000000,0.000000,0.000000,0.000000,0.000000,0.000000,0.000000,0.000000,0.000000,0.000000,0.000000,0.000000,1,100.000000,,,,,,,,,,,,,,,,,,,,,,
2040,77239,77245,1,Transformer,Closed,Closed,NO,77239,Fixed,NO,77239,NO ,0.000000,0.000100,1.010000,0.990000,Middle,100.000000,345.000000,13.800000,0.000713,0.037766,0.000000,0.000000,0.000000,0.000000,1.000000,1.000000,0.440000,0.360000,0.002500,0.417500,0.000000,0,0.000000,YES,Default,318.435097,0.000000,0.000000,0.000000,0.000000,0.000000,0.000000,0.000000,0.000000,0.000000,0.000000,0.000000,0.000000,0.000000,0.000000,1,100.000000,,,,,,,,,,,,,,,,,,,,,,
2041,77247,77248,1,Transformer,Closed,Closed,NO,77247,Fixed,NO,77247,NO ,0.000000,0.000100,1.010000,0.990000,Middle,100.000000,138.000000,13.200000,0.004460,0.121233,0.000000,0.000000,0.000000,0.000000,1.000000,1.000000,1.100000,0.900000,0.006250,1.000000,0.000000,0,0.000000,YES,Default,103.929949,0.000000,0.000000,0.000000,0.000000,0.000000,0.000000,0.000000,0.000000,0.000000,0.000000,0.000000,0.000000,0.000000,0.000000,1,100.000000,,,,,,,,,,,,,,,,,,,,,,
2042,77249,77250,1,Transformer,Closed,Closed,NO,77249,Fixed,NO,77249,NO ,0.000000,0.000100,1.010000,0.990000,Middle,100.000000,138.000000,13.800000,0.034001,1.220747,0.000000,0.000000,0.000000,0.000000,1.000000,1.000000,1.100000,0.900000,0.006250,1.012500,0.000000,0,0.000000,YES,Default,13.000000,0.000000,0.000000,0.000000,0.000000,0.000000,0.000000,0.000000,0.000000,0.000000,0.000000,0.000000,0.000000,0.000000,0.000000,1,100.000000,,,,,,,,,,,,,,,,,,,,,,
2043,77249,77251,1,Transformer,Closed,Closed,NO,77249,Fixed,NO,77249,NO ,0.000000,0.000100,1.010000,0.990000,Middle,100.000000,138.000000,13.800000,0.026768,0.910915,0.000000,0.000000,0.000000,0.000000,1.000000,1.000000,1.100000,0.900000,0.006250,1.018750,0.000000,0,0.000000,YES,Default,13.000000,0.000000,0.000000,0.000000,0.000000,0.000000,0.000000,0.000000,0.000000,0.000000,0.000000,0.000000,0.000000,0.000000,0.000000,1,100.000000,,,,,,,,,,,,,,,,,,,,,,
2044,77253,77252,1,Transformer,Closed,Closed,NO,77253,Fixed,NO,77253,NO ,0.000000,0.000100,1.010000,0.990000,Middle,100.000000,138.000000,345.000000,0.000340,0.015060,0.000000,0.000000,0.000000,0.000000,1.000000,1.000000,1.100000,0.900000,0.006250,1.000000,0.000000,0,0.000000,YES,Default,408.498192,0.000000,0.000000,0.000000,0.000000,0.000000,0.000000,0.000000,0.000000,0.000000,0.000000,0.000000,0.000000,0.000000,0.000000,1,100.000000,,,,,,,,,,,,,,,,,,,,,,
2045,77254,77258,1,Transformer,Closed,Closed,NO,77254,Fixed,NO,77254,NO ,0.000000,0.000100,1.010000,0.990000,Middle,100.000000,345.000000,13.800000,0.000173,0.010892,0.000000,0.000000,0.000000,0.000000,1.000000,1.000000,1.100000,0.900000,0.006250,1.025000,0.000000,0,0.000000,YES,Default,738.399982,0.000000,0.000000,0.000000,0.000000,0.000000,0.000000,0.000000,0.000000,0.000000,0.000000,0.000000,0.000000,0.000000,0.000000,1,100.000000,,,,,,,,,,,,,,,,,,,,,,
2046,77254,77259,1,Transformer,Closed,Closed,NO,77254,Fixed,NO,77254,NO ,0.000000,0.000100,1.010000,0.990000,Middle,100.000000,345.000000,18.000000,0.000291,0.016655,0.000000,0.000000,0.000000,0.000000,1.000000,1.000000,1.100000,0.900000,0.006250,1.025000,0.000000,0,0.000000,YES,Default,738.399982,0.000000,0.000000,0.000000,0.000000,0.000000,0.000000,0.000000,0.000000,0.000000,0.000000,0.000000,0.000000,0.000000,0.000000,1,100.000000,,,,,,,,,,,,,,,,,,,,,,
2047,77254,77260,1,Transformer,Closed,Closed,NO,77254,Fixed,NO,77254,NO ,0.000000,0.000100,1.010000,0.990000,Middle,100.000000,345.000000,13.800000,0.000275,0.018838,0.000000,0.000000,0.000000,0.000000,1.000000,1.000000,1.100000,0.900000,0.006250,1.025000,0.000000,0,0.000000,YES,Default,738.399982,0.000000,0.000000,0.000000,0.000000,0.000000,0.000000,0.000000,0.000000,0.000000,0.000000,0.000000,0.000000,0.000000,0.000000,1,100.000000,,,,,,,,,,,,,,,,,,,,,,
2048,77254,77261,1,Transformer,Closed,Closed,NO,77254,Fixed,NO,77254,NO ,0.000000,0.000100,1.010000,0.990000,Middle,100.000000,345.000000,13.800000,0.000190,0.012668,0.000000,0.000000,0.000000,0.000000,1.000000,1.000000,1.100000,0.900000,0.006250,1.025000,0.000000,0,0.000000,YES,Default,738.399982,0.000000,0.000000,0.000000,0.000000,0.000000,0.000000,0.000000,0.000000,0.000000,0.000000,0.000000,0.000000,0.000000,0.000000,1,100.000000,,,,,,,,,,,,,,,,,,,,,,
2049,77254,77262,1,Transformer,Closed,Closed,NO,77254,Phase,NO,0,NO ,0.000000,0.000100,1250.000000,1150.000000,Middle,100.000000,345.000000,345.000000,0.000282,0.001022,0.000000,0.000000,0.000000,0.000000,1.000000,1.000000,40.000000,-40.000000,2.000000,1.000000,-26.000000,1,0.000000,YES,Default,0.000000,0.000000,0.000000,0.000000,0.000000,0.000000,0.000000,0.000000,0.000000,0.000000,0.000000,0.000000,0.000000,0.000000,0.000000,1,100.000000,,,,,,,,,,,,,,,,,,,,,,
2050,77254,77262, 2,Transformer,Closed,Closed,NO,77254,Phase,NO,0,NO ,0.000000,0.000100,700.000000,500.000000,Middle,100.000000,345.000000,345.000000,0.000282,0.001022,0.000000,0.000000,0.000000,0.000000,1.000000,1.000000,30.000000,-30.000000,2.000000,1.000000,-26.000000,1,0.000000,YES,Default,0.000000,0.000000,0.000000,0.000000,0.000000,0.000000,0.000000,0.000000,0.000000,0.000000,0.000000,0.000000,0.000000,0.000000,0.000000,1,100.000000,,,,,,,,,,,,,,,,,,,,,,
2051,77269,77268,1,Transformer,Closed,Closed,NO,77269,Fixed,NO,77269,NO ,0.000000,0.000100,1.010000,0.990000,Middle,100.000000,138.000000,345.000000,0.000342,0.023657,0.000000,0.000000,0.000000,0.000000,1.000000,1.000000,1.100000,0.900000,0.006250,0.987500,0.000000,0,0.000000,YES,Default,339.012361,0.000000,0.000000,0.000000,0.000000,0.000000,0.000000,0.000000,0.000000,0.000000,0.000000,0.000000,0.000000,0.000000,0.000000,1,100.000000,,,,,,,,,,,,,,,,,,,,,,
2052,77273,77272,1,Transformer,Closed,Closed,NO,77273,LTC,YES,77273,NO ,0.000000,0.000100,1.072000,1.022000,Middle,100.000000,138.000000,345.000000,0.000301,0.018051,0.000000,0.000000,0.000000,0.000000,1.000000,1.000000,1.100000,0.900000,0.006250,1.031250,0.000000,0,0.000000,YES,Default,364.403892,0.000000,0.000000,0.000000,0.000000,0.000000,0.000000,0.000000,0.000000,0.000000,0.000000,0.000000,0.000000,0.000000,0.000000,1,100.000000,,,,,,,,,,,,,,,,,,,,,,
2053,77272,77274,1,Transformer,Closed,Closed,NO,77272,Fixed,NO,77272,NO ,0.000000,0.000100,1.010000,0.990000,Middle,100.000000,345.000000,13.800000,0.000608,0.033698,0.000000,0.000000,0.000000,0.000000,1.000000,1.000000,1.100000,0.900000,0.006250,1.000000,0.000000,0,0.000000,YES,Default,435.215425,0.000000,0.000000,0.000000,0.000000,0.000000,0.000000,0.000000,0.000000,0.000000,0.000000,0.000000,0.000000,0.000000,0.000000,1,100.000000,,,,,,,,,,,,,,,,,,,,,,
2054,77272,77275,1,Transformer,Closed,Closed,NO,77272,Fixed,NO,77272,NO ,0.000000,0.000100,1.010000,0.990000,Middle,100.000000,345.000000,13.800000,0.000283,0.017002,0.000000,0.000000,0.000000,0.000000,1.000000,1.000000,1.100000,0.900000,0.006250,1.000000,0.000000,0,0.000000,YES,Default,435.050058,0.000000,0.000000,0.000000,0.000000,0.000000,0.000000,0.000000,0.000000,0.000000,0.000000,0.000000,0.000000,0.000000,0.000000,1,100.000000,,,,,,,,,,,,,,,,,,,,,,
2055,77272,77276,1,Transformer,Closed,Closed,NO,77272,Fixed,NO,77272,NO ,0.000000,0.000100,1.010000,0.990000,Middle,100.000000,345.000000,13.800000,0.000582,0.039513,0.000000,0.000000,0.000000,0.000000,1.000000,1.000000,1.100000,0.900000,0.006250,1.000000,0.000000,0,0.000000,YES,Default,434.952545,0.000000,0.000000,0.000000,0.000000,0.000000,0.000000,0.000000,0.000000,0.000000,0.000000,0.000000,0.000000,0.000000,0.000000,1,100.000000,,,,,,,,,,,,,,,,,,,,,,
2056,77272,77277,1,Transformer,Closed,Closed,NO,77272,Fixed,NO,77272,NO ,0.000000,0.000100,1.010000,0.990000,Middle,100.000000,345.000000,13.800000,0.000410,0.026410,0.000000,0.000000,0.000000,0.000000,1.000000,1.000000,1.100000,0.900000,0.006250,1.000000,0.000000,0,0.000000,YES,Default,434.500885,0.000000,0.000000,0.000000,0.000000,0.000000,0.000000,0.000000,0.000000,0.000000,0.000000,0.000000,0.000000,0.000000,0.000000,1,100.000000,,,,,,,,,,,,,,,,,,,,,,
2057,77272,77278,1,Transformer,Closed,Closed,NO,77272,Fixed,NO,77272,NO ,0.000000,0.000100,1.010000,0.990000,Middle,100.000000,345.000000,13.800000,0.000418,0.030967,0.000000,0.000000,0.000000,0.000000,1.000000,1.000000,1.100000,0.900000,0.006250,1.000000,0.000000,0,0.000000,YES,Default,434.253263,0.000000,0.000000,0.000000,0.000000,0.000000,0.000000,0.000000,0.000000,0.000000,0.000000,0.000000,0.000000,0.000000,0.000000,1,100.000000,,,,,,,,,,,,,,,,,,,,,,
2058,77279,77280,1,Transformer,Closed,Closed,NO,77279,Fixed,NO,77279,NO ,0.000000,0.000100,1.010000,0.990000,Middle,100.000000,138.000000,13.800000,0.001881,0.063729,0.000000,0.000000,0.000000,0.000000,1.000000,1.000000,1.100000,0.900000,0.006250,1.062500,0.000000,0,0.000000,YES,Default,134.549999,0.000000,0.000000,0.000000,0.000000,0.000000,0.000000,0.000000,0.000000,0.000000,0.000000,0.000000,0.000000,0.000000,0.000000,1,100.000000,,,,,,,,,,,,,,,,,,,,,,
2059,77282,77286,1,Transformer,Closed,Closed,NO,77282,Fixed,NO,77282,NO ,0.000000,0.000100,1.010000,0.990000,Middle,100.000000,345.000000,13.200000,0.000505,0.029653,0.000000,0.000000,0.000000,0.000000,1.000000,1.000000,1.100000,0.900000,0.006250,0.993750,0.000000,0,0.000000,YES,Default,450.472927,0.000000,0.000000,0.000000,0.000000,0.000000,0.000000,0.000000,0.000000,0.000000,0.000000,0.000000,0.000000,0.000000,0.000000,1,100.000000,,,,,,,,,,,,,,,,,,,,,,
2060,77288,77287,1,Transformer,Closed,Closed,NO,77288,Fixed,NO,77288,NO ,0.000000,0.000100,1.010000,0.990000,Middle,100.000000,138.000000,345.000000,0.000592,0.037436,0.000000,0.000000,0.000000,0.000000,1.000000,1.000000,1.100000,0.900000,0.006250,1.000000,0.000000,0,0.000000,YES,Default,279.815197,0.000000,0.000000,0.000000,0.000000,0.000000,0.000000,0.000000,0.000000,0.000000,0.000000,0.000000,0.000000,0.000000,0.000000,1,100.000000,,,,,,,,,,,,,,,,,,,,,,
2061,77287,77289,1,Transformer,Closed,Closed,NO,77287,Fixed,NO,77287,NO ,0.000000,0.000100,1.010000,0.990000,Middle,100.000000,345.000000,18.000000,0.000442,0.024052,0.000000,0.000000,0.000000,0.000000,1.000000,1.000000,1.100000,0.900000,0.006250,1.006250,0.000000,0,0.000000,YES,Default,516.954470,0.000000,0.000000,0.000000,0.000000,0.000000,0.000000,0.000000,0.000000,0.000000,0.000000,0.000000,0.000000,0.000000,0.000000,1,100.000000,,,,,,,,,,,,,,,,,,,,,,
2062,80007,80006,1,Transformer,Closed,Closed,NO,80007,LTC,YES,80007,NO ,0.000000,0.000100,1.071000,1.021000,Middle,100.000000,115.000000,230.000000,0.001326,0.051921,0.000000,0.000000,0.000000,0.000000,1.000000,1.000000,1.100000,0.900000,0.006250,1.100000,0.000000,0,0.000000,YES,Default,261.095023,0.000000,0.000000,0.000000,0.000000,0.000000,0.000000,0.000000,0.000000,0.000000,0.000000,0.000000,0.000000,0.000000,0.000000,1,100.000000,,,,,,,,,,,,,,,,,,,,,,
2063,80007,80006,2,Transformer,Closed,Closed,NO,80007,LTC,YES,80007,NO ,0.000000,0.000100,1.071000,1.021000,Middle,100.000000,115.000000,230.000000,0.001326,0.051921,0.000000,0.000000,0.000000,0.000000,1.000000,1.000000,1.100000,0.900000,0.006250,1.100000,0.000000,0,0.000000,YES,Default,261.095023,0.000000,0.000000,0.000000,0.000000,0.000000,0.000000,0.000000,0.000000,0.000000,0.000000,0.000000,0.000000,0.000000,0.000000,1,100.000000,,,,,,,,,,,,,,,,,,,,,,
2064,80007,80006,3,Transformer,Closed,Closed,NO,80007,Fixed,NO,80007,NO ,0.000000,0.000100,1.010000,0.990000,Middle,100.000000,115.000000,230.000000,0.001326,0.051921,0.000000,0.000000,0.000000,0.000000,1.000000,1.000000,1.100000,0.900000,0.006250,1.025000,0.000000,0,0.000000,YES,Default,261.095023,0.000000,0.000000,0.000000,0.000000,0.000000,0.000000,0.000000,0.000000,0.000000,0.000000,0.000000,0.000000,0.000000,0.000000,1,100.000000,,,,,,,,,,,,,,,,,,,,,,
2065,80046,80045,1,Transformer,Closed,Closed,NO,80046,LTC,YES,80046,NO ,0.000000,0.000100,1.069000,1.019000,Middle,100.000000,115.000000,230.000000,0.001674,0.049819,0.000000,0.000000,0.000000,0.000000,1.000000,1.000000,1.100000,0.900000,0.006250,1.068750,0.000000,0,0.000000,YES,Default,255.537176,0.000000,0.000000,0.000000,0.000000,0.000000,0.000000,0.000000,0.000000,0.000000,0.000000,0.000000,0.000000,0.000000,0.000000,1,100.000000,,,,,,,,,,,,,,,,,,,,,,
2066,80046,80045,2,Transformer,Closed,Closed,NO,80046,LTC,YES,80046,NO ,0.000000,0.000100,1.069000,1.019000,Middle,100.000000,115.000000,230.000000,0.001674,0.049819,0.000000,0.000000,0.000000,0.000000,1.000000,1.000000,1.100000,0.900000,0.006250,1.068750,0.000000,0,0.000000,YES,Default,255.537176,0.000000,0.000000,0.000000,0.000000,0.000000,0.000000,0.000000,0.000000,0.000000,0.000000,0.000000,0.000000,0.000000,0.000000,1,100.000000,,,,,,,,,,,,,,,,,,,,,,
2067,80046,80045,3,Transformer,Closed,Closed,NO,80046,LTC,YES,80046,NO ,0.000000,0.000100,1.069000,1.019000,Middle,100.000000,115.000000,230.000000,0.001674,0.049819,0.000000,0.000000,0.000000,0.000000,1.000000,1.000000,1.100000,0.900000,0.006250,1.068750,0.000000,0,0.000000,YES,Default,255.537176,0.000000,0.000000,0.000000,0.000000,0.000000,0.000000,0.000000,0.000000,0.000000,0.000000,0.000000,0.000000,0.000000,0.000000,1,100.000000,,,,,,,,,,,,,,,,,,,,,,
2068,80049,80048,1,Transformer,Closed,Closed,NO,80049,Fixed,NO,80049,NO ,0.000000,0.000100,1.010000,0.990000,Middle,100.000000,230.000000,500.000000,0.000181,0.012786,0.000000,0.000000,0.000000,0.000000,1.000000,1.000000,1.100000,0.900000,0.006250,1.025000,0.000000,0,0.000000,YES,Default,1028.673363,0.000000,0.000000,0.000000,0.000000,0.000000,0.000000,0.000000,0.000000,0.000000,0.000000,0.000000,0.000000,0.000000,0.000000,1,100.000000,,,,,,,,,,,,,,,,,,,,,,
2069,80069,80068,1,Transformer,Closed,Closed,NO,80069,Fixed,NO,80069,NO ,0.000000,0.000100,1.010000,0.990000,Middle,100.000000,115.000000,230.000000,0.001458,0.069997,0.000000,0.000000,0.000000,0.000000,1.000000,1.000000,1.100000,0.900000,0.006250,1.000000,0.000000,0,0.000000,YES,Default,177.754688,0.000000,0.000000,0.000000,0.000000,0.000000,0.000000,0.000000,0.000000,0.000000,0.000000,0.000000,0.000000,0.000000,0.000000,1,100.000000,,,,,,,,,,,,,,,,,,,,,,
2070,80087,80086,1,Transformer,Closed,Closed,NO,80087,Fixed,NO,80087,NO ,0.000000,0.000100,1.010000,0.990000,Middle,100.000000,230.000000,500.000000,0.000247,0.017975,0.000000,0.000000,0.000000,0.000000,1.000000,1.000000,1.100000,0.900000,0.006250,1.000000,0.000000,0,0.000000,YES,Default,995.945835,0.000000,0.000000,0.000000,0.000000,0.000000,0.000000,0.000000,0.000000,0.000000,0.000000,0.000000,0.000000,0.000000,0.000000,1,100.000000,,,,,,,,,,,,,,,,,,,,,,
2071,80086,80091,1,Transformer,Closed,Closed,NO,80086,Fixed,NO,80086,NO ,0.000000,0.000100,1.010000,0.990000,Middle,100.000000,500.000000,22.000000,0.000221,0.017436,0.000000,0.000000,0.000000,0.000000,1.000000,1.000000,1.100000,0.900000,0.006250,1.000000,0.000000,0,0.000000,YES,Default,740.696192,0.000000,0.000000,0.000000,0.000000,0.000000,0.000000,0.000000,0.000000,0.000000,0.000000,0.000000,0.000000,0.000000,0.000000,1,100.000000,,,,,,,,,,,,,,,,,,,,,,
2072,80086,80092,1,Transformer,Closed,Closed,NO,80086,Fixed,NO,80086,NO ,0.000000,0.000100,1.010000,0.990000,Middle,100.000000,500.000000,13.800000,0.000171,0.010813,0.000000,0.000000,0.000000,0.000000,1.000000,1.000000,1.100000,0.900000,0.006250,1.000000,0.000000,0,0.000000,YES,Default,739.741373,0.000000,0.000000,0.000000,0.000000,0.000000,0.000000,0.000000,0.000000,0.000000,0.000000,0.000000,0.000000,0.000000,0.000000,1,100.000000,,,,,,,,,,,,,,,,,,,,,,
2073,80086,80093,1,Transformer,Closed,Closed,NO,80086,Fixed,NO,80086,NO ,0.000000,0.000100,1.010000,0.990000,Middle,100.000000,500.000000,13.800000,0.000146,0.009467,0.000000,0.000000,0.000000,0.000000,1.000000,1.000000,1.100000,0.900000,0.006250,1.000000,0.000000,0,0.000000,YES,Default,738.999081,0.000000,0.000000,0.000000,0.000000,0.000000,0.000000,0.000000,0.000000,0.000000,0.000000,0.000000,0.000000,0.000000,0.000000,1,100.000000,,,,,,,,,,,,,,,,,,,,,,
2074,80086,80094,1,Transformer,Closed,Closed,NO,80086,Fixed,NO,80086,NO ,0.000000,0.000100,1.010000,0.990000,Middle,100.000000,500.000000,13.800000,0.000271,0.015312,0.000000,0.000000,0.000000,0.000000,1.000000,1.000000,1.100000,0.900000,0.006250,1.000000,0.000000,0,0.000000,YES,Default,736.697006,0.000000,0.000000,0.000000,0.000000,0.000000,0.000000,0.000000,0.000000,0.000000,0.000000,0.000000,0.000000,0.000000,0.000000,1,100.000000,,,,,,,,,,,,,,,,,,,,,,
2075,80086,80095,1,Transformer,Closed,Closed,NO,80086,Fixed,NO,80086,NO ,0.000000,0.000100,1.010000,0.990000,Middle,100.000000,500.000000,13.800000,0.000205,0.014872,0.000000,0.000000,0.000000,0.000000,1.000000,1.000000,1.100000,0.900000,0.006250,1.000000,0.000000,0,0.000000,YES,Default,731.629992,0.000000,0.000000,0.000000,0.000000,0.000000,0.000000,0.000000,0.000000,0.000000,0.000000,0.000000,0.000000,0.000000,0.000000,1,100.000000,,,,,,,,,,,,,,,,,,,,,,
2076,80086,80096,1,Transformer,Closed,Closed,NO,80086,Fixed,NO,80086,NO ,0.000000,0.000100,1.010000,0.990000,Middle,100.000000,500.000000,24.000000,0.000170,0.013038,0.000000,0.000000,0.000000,0.000000,1.000000,1.000000,1.100000,0.900000,0.006250,1.000000,0.000000,0,0.000000,YES,Default,726.090670,0.000000,0.000000,0.000000,0.000000,0.000000,0.000000,0.000000,0.000000,0.000000,0.000000,0.000000,0.000000,0.000000,0.000000,1,100.000000,,,,,,,,,,,,,,,,,,,,,,
2077,80086,80097,1,Transformer,Closed,Closed,NO,80086,Fixed,NO,80086,NO ,0.000000,0.000100,1.010000,0.990000,Middle,100.000000,500.000000,13.800000,0.000255,0.019839,0.000000,0.000000,0.000000,0.000000,1.000000,1.000000,1.100000,0.900000,0.006250,1.000000,0.000000,0,0.000000,YES,Default,665.033865,0.000000,0.000000,0.000000,0.000000,0.000000,0.000000,0.000000,0.000000,0.000000,0.000000,0.000000,0.000000,0.000000,0.000000,1,100.000000,,,,,,,,,,,,,,,,,,,,,,
2078,80086,80098,1,Transformer,Closed,Closed,NO,80086,Fixed,NO,80086,NO ,0.000000,0.000100,1.010000,0.990000,Middle,100.000000,500.000000,13.800000,0.000209,0.015252,0.000000,0.000000,0.000000,0.000000,1.000000,1.000000,1.100000,0.900000,0.006250,1.000000,0.000000,0,0.000000,YES,Default,664.838696,0.000000,0.000000,0.000000,0.000000,0.000000,0.000000,0.000000,0.000000,0.000000,0.000000,0.000000,0.000000,0.000000,0.000000,1,100.000000,,,,,,,,,,,,,,,,,,,,,,
2079,80086,80099,1,Transformer,Closed,Closed,NO,80086,Fixed,NO,80086,NO ,0.000000,0.000100,1.010000,0.990000,Middle,100.000000,500.000000,13.800000,0.000368,0.026912,0.000000,0.000000,0.000000,0.000000,1.000000,1.000000,1.100000,0.900000,0.006250,1.000000,0.000000,0,0.000000,YES,Default,660.894489,0.000000,0.000000,0.000000,0.000000,0.000000,0.000000,0.000000,0.000000,0.000000,0.000000,0.000000,0.000000,0.000000,0.000000,1,100.000000,,,,,,,,,,,,,,,,,,,,,,
